01	佉	moedict-reviewed
015E6_`l	曲學詖行	moedict-reviewed
015EK30_	曲學阿世	moedict-reviewed
018ian	曲辮子	moedict-reviewed
01?0oaK_	趨之若鶩	moedict-reviewed
01?{	屈枉	moedict-reviewed
01^f	曲拗	moedict-reviewed
01iM	蛆蟲	moedict-reviewed
01kR	趨舍	moedict-reviewed
01kR5_S_	趨舍異路	moedict-reviewed
01kRNO{g	趨舍指湊	moedict-reviewed
01lnRU^:	曲裡拐彎	moedict-reviewed
01rA	曲薄	moedict-reviewed
01t}	蛐蛐兒	moedict-reviewed
030T	說帖	moedict-reviewed
036J|m	說閒話兒	moedict-reviewed
03F0L_Em	說一不二	moedict-reviewed
03Wk|{	說相聲	moedict-reviewed
03qn4t	說起來	moedict-reviewed
03tq	說和	moedict-reviewed
03{nDk	說不上	moedict-reviewed
03{nDkEE	說不上來	moedict-reviewed
03{nEE	說不來	moedict-reviewed
03{nL`n_	說不下去	moedict-reviewed
03{nLj	說不盡	moedict-reviewed
03{nWl	說不定	moedict-reviewed
03{nfa	說不過	moedict-reviewed
03{nfan_	說不過去	moedict-reviewed
03{nl0	說不出	moedict-reviewed
03{nnq	說不得	moedict-reviewed
03{np=	說不清	moedict-reviewed
082@0_4L	超級市場	moedict-reviewed
08sIL_jK	超然不群	moedict-reviewed
08w@	抄扎	moedict-reviewed
0=G@1o	裝糊塗	moedict-reviewed
0=Ikan	裝樣子	moedict-reviewed
0=yo	莊家	moedict-reviewed
0=yo	莊稼	moedict-reviewed
0=yo:_	莊稼地	moedict-reviewed
0=yo{h	莊稼漢	moedict-reviewed
0=yo|J	莊稼人	moedict-reviewed
0=|;an	裝孫子	moedict-reviewed
0>N:Jb:_	通天徹地	moedict-reviewed
0>\X	通宿	moedict-reviewed
0>a0|_5_	通都大邑	moedict-reviewed
0C1U	得采	moedict-reviewed
0C2f4LNX	得未嘗有	moedict-reviewed
0C4LCRci	得償所願	moedict-reviewed
0C5_?0R@	得意之餘	moedict-reviewed
0C5_}^4CUl	德意志革命	moedict-reviewed
0C6J	得閒	moedict-reviewed
0C78	得標	moedict-reviewed
0C7kIXp?117kIX	得放手時須放手	moedict-reviewed
0C=_	得利	moedict-reviewed
0CA_	得濟	moedict-reviewed
0CA_	得計	moedict-reviewed
0CEEL_5_	得來不易	moedict-reviewed
0CEbiI	德黑蘭	moedict-reviewed
0CFM	得名	moedict-reviewed
0CLj	得勁	moedict-reviewed
0CMl?0A0	得勝之師	moedict-reviewed
0CMl?0d=	得勝之兵	moedict-reviewed
0CMlBX	得勝口	moedict-reviewed
0CMl^H}F	得勝頭回	moedict-reviewed
0CMl}F_G	得勝回朝	moedict-reviewed
0C`l	得幸	moedict-reviewed
0Cn:[1N<	德川家康	moedict-reviewed
0CrA4MeY	德薄能鮮	moedict-reviewed
0CrAQEm0	德薄才疏	moedict-reviewed
0Crl	得空	moedict-reviewed
0CuA>`Db	德佛亞克	moedict-reviewed
0Cvf	得票	moedict-reviewed
0Cvfi_	得票率	moedict-reviewed
0C|J	得人	moedict-reviewed
0C|J_;	得人心	moedict-reviewed
0C~l	得用	moedict-reviewed
0J11G@an	連鬚鬍子	moedict-reviewed
0J2a	聯播	moedict-reviewed
0J5_	聯誼	moedict-reviewed
0J5_=f	聯誼會	moedict-reviewed
0JD2	廉頗	moedict-reviewed
0J[VySL_CiF0rq	連鬼也不見一個	moedict-reviewed
0J_d	連載	moedict-reviewed
0JaJ	連卷	moedict-reviewed
0Jm{^H	蓮蓬頭	moedict-reviewed
0Jo_L_Ri	連續不斷	moedict-reviewed
0Jp1ff	蓮花落	moedict-reviewed
0JwlG:TJ	連中三元	moedict-reviewed
0JzIL_Ri	連綿不斷	moedict-reviewed
0J|O	聯屬	moedict-reviewed
0M	懞	moedict-reviewed
0M	罞	moedict-reviewed
0M>]	懞懂	moedict-reviewed
0MD]	蒙哄	moedict-reviewed
0MK^	蒙古兒	moedict-reviewed
0MXeL_p=	濛昧不清	moedict-reviewed
0MaM	蒙籠	moedict-reviewed
0MaMph6_	蒙籠暗碧	moedict-reviewed
0Mn?	懞直	moedict-reviewed
0MtO=_>`	蒙古利亞	moedict-reviewed
0Q	活兒	moedict-reviewed
0T2i3>zO	鐵扇公主	moedict-reviewed
0T5{	鐵匠	moedict-reviewed
0TALRO	鐵娘子	moedict-reviewed
0TDd0UWk	鐵血宰相	moedict-reviewed
0TDdzO5_	鐵血主義	moedict-reviewed
0T]K8LL7	鐵雲藏龜	moedict-reviewed
0TbiRx	鐵算盤	moedict-reviewed
0UR@	宰予	moedict-reviewed
0URO	崽子	moedict-reviewed
0UWkP_]O:W]=NJ	宰相肚裡好撐船	moedict-reviewed
0W6C?0wK	飽和脂肪	moedict-reviewed
0W6C?0wKs:	飽和脂肪酸	moedict-reviewed
0W6C_`6CK_	飽和化合物	moedict-reviewed
0W6CkMYc	飽和溶液	moedict-reviewed
0W:o	保住	moedict-reviewed
0WL_3@	保不齊	moedict-reviewed
0WL_Wl	保不定	moedict-reviewed
0WL_Z_	保不住	moedict-reviewed
0WMi	寶玩	moedict-reviewed
0WQP	飽嗝兒	moedict-reviewed
0WRl	寶應	moedict-reviewed
0WRlEi	寶應縣	moedict-reviewed
0WV:4a	保鮮膜	moedict-reviewed
0Woi	寶卷	moedict-reviewed
0Wq=Ei	寶興縣	moedict-reviewed
0Wt7L_7W	寶刀不老	moedict-reviewed
0W|JL_?0:b|JR0	飽人不知餓人飢	moedict-reviewed
0ZE@Mw	軟骨頭	moedict-reviewed
0ZL_h=I<	軟不叮噹	moedict-reviewed
0ZQMmlK_	蠕形動物	moedict-reviewed
0ZRlL_@0	軟硬不吃	moedict-reviewed
0Ze]Bq	軟耳朵	moedict-reviewed
0Zt7an	軟刀子	moedict-reviewed
0ZtOSl	軟骨病	moedict-reviewed
0[6t	滾開	moedict-reviewed
0[bO4t	滾起來	moedict-reviewed
0[l0No	滾出去	moedict-reviewed
0[n1xhM@	滾瓜爛熟	moedict-reviewed
0\	俇	moedict-reviewed
0\g5F0:i	網開一面	moedict-reviewed
0\nkOd	網狀脈	moedict-reviewed
0_	僿	moedict-reviewed
0_	徥	moedict-reviewed
0_	忕	moedict-reviewed
0_	栻	moedict-reviewed
0_0C3@CR	適得其所	moedict-reviewed
0_0_hI|f	世事難料	moedict-reviewed
0_2a	試播	moedict-reviewed
0_3E0_Rl	視覺適應	moedict-reviewed
0_4L	市場	moedict-reviewed
0_4L	試場	moedict-reviewed
0_4Lyfx@	市場調查	moedict-reviewed
0_6NL_Ci	視而不見	moedict-reviewed
0_:_iM_`	市地重劃	moedict-reviewed
0_L_0_	是不是	moedict-reviewed
0_L_EmJ`	市不二價	moedict-reviewed
0_L_Sl=_	勢不並立	moedict-reviewed
0_L_dRX[	勢不可當	moedict-reviewed
0_N_p=e]	拭目傾耳	moedict-reviewed
0_QE];aO	恃才矜己	moedict-reviewed
0__n	試試	moedict-reviewed
0__nzh	試試看	moedict-reviewed
0_anB8	柿子椒	moedict-reviewed
0_j6L_?;	是非不分	moedict-reviewed
0_l0L_5_	事出不意	moedict-reviewed
0_l0L_Nb	事出不測	moedict-reviewed
0_lnWY	勢利眼	moedict-reviewed
0_oi	釋卷	moedict-reviewed
0_rF2fB@	視為畏途	moedict-reviewed
0_rF?0Z_	視微知著	moedict-reviewed
0_rF}UuY	事危累卵	moedict-reviewed
0_rgk04CQk	事後諸葛亮	moedict-reviewed
0_|_`0	士大夫	moedict-reviewed
0_|i	適悶	moedict-reviewed
0`	剌	moedict-reviewed
0`4a	蠟膜	moedict-reviewed
0`<N	蠟頭兒	moedict-reviewed
0`FmUk	辣瓣兒醬	moedict-reviewed
0`K@Wk	蠟燭相	moedict-reviewed
0`an	辣子	moedict-reviewed
0`qq	落了	moedict-reviewed
0`{o	落下	moedict-reviewed
0`{o	蠟芯兒	moedict-reviewed
0i	襢	moedict-reviewed
0i	轏	moedict-reviewed
0i4L	戰場	moedict-reviewed
0i;:Em	站乾岸兒	moedict-reviewed
0i<@L_Db	戰無不克	moedict-reviewed
0i<@L_Ml	戰無不勝	moedict-reviewed
0iL_Z_	站不住	moedict-reviewed
0iLjyIdn	占盡便宜	moedict-reviewed
0i\[	站崗	moedict-reviewed
0ix7e>	佔高枝兒	moedict-reviewed
0ixqRGW=L_A1PO	占著茅坑不拉屎	moedict-reviewed
0iyIdn	占便宜	moedict-reviewed
0i{nZ_QW	站不住腳	moedict-reviewed
11	揟	moedict-reviewed
11;\F0~7	虛晃一招	moedict-reviewed
11@@a0R@	吁咈都俞	moedict-reviewed
11L_0_	須不是	moedict-reviewed
11an	鬚子	moedict-reviewed
11dfan	虛套子	moedict-reviewed
11o=F04L	虛驚一場	moedict-reviewed
11sIN@aO	鬚髯如戟	moedict-reviewed
11u?	盱眙	moedict-reviewed
11v4	于嗟	moedict-reviewed
11v4	吁嗟	moedict-reviewed
18	萷	moedict-reviewed
18t7an	燒刀子	moedict-reviewed
18~s	燒賣	moedict-reviewed
1;	鞙	moedict-reviewed
1;Db	鐫刻	moedict-reviewed
1;Ve	捐背	moedict-reviewed
1=6o	窗戶	moedict-reviewed
1=6oNO	窗戶紙	moedict-reviewed
1=:i	創面	moedict-reviewed
1=FMaO^l	窗明几淨	moedict-reviewed
1=m_nlL;	創鉅痛深	moedict-reviewed
1A	漂兒	moedict-reviewed
1K	唫	moedict-reviewed
1K6Ccfgc	銀河倒瀉	moedict-reviewed
1KYc	淫液	moedict-reviewed
1K~KQdwY	銀行貸款	moedict-reviewed
1K~K[OC_C0];	銀行體系資金	moedict-reviewed
1U	寀	moedict-reviewed
1U0J?P	採蓮曲	moedict-reviewed
1U4C	采葛	moedict-reviewed
1U?EOw	綵牌樓	moedict-reviewed
1UNJL_]B	采椽不斲	moedict-reviewed
1UObC2ln	彩色玻璃	moedict-reviewed
1US_	采綠	moedict-reviewed
1U]K5_6i	彩雲易散	moedict-reviewed
1UiIOlna	采蘭贈芍	moedict-reviewed
1Ul5	採摘	moedict-reviewed
1Vlg	黑豆	moedict-reviewed
1WCEan	跑檯子	moedict-reviewed
1WKPMw	跑碼頭	moedict-reviewed
1WL_yf	跑不掉	moedict-reviewed
1WNPnq	跑堂兒的	moedict-reviewed
1WP_	跑肚	moedict-reviewed
1WTJ4L	跑圓場	moedict-reviewed
1Z	篹	moedict-reviewed
1]ha	醒豁	moedict-reviewed
1^	底兒	moedict-reviewed
1_6dL;zJ	日月參辰	moedict-reviewed
1_L_=AaO	日不暇給	moedict-reviewed
1_^H	日頭	moedict-reviewed
1g	噍	moedict-reviewed
1g2f	校尉	moedict-reviewed
1g4L	教場	moedict-reviewed
1g4L	較場	moedict-reviewed
1g5E	教學	moedict-reviewed
1g5_	教益	moedict-reviewed
1g8L	窖藏	moedict-reviewed
1g:WL_1gpa	叫好不叫座	moedict-reviewed
1g=f	教誨	moedict-reviewed
1gLP	教法	moedict-reviewed
1gT3rq	叫哥哥	moedict-reviewed
1gZ_	較著	moedict-reviewed
1gZz	教訓	moedict-reviewed
1g]e	噍類	moedict-reviewed
1gan	叫子	moedict-reviewed
1guOL_OD	叫苦不迭	moedict-reviewed
1gw@	較真兒	moedict-reviewed
1gyo	較勁兒	moedict-reviewed
1hH]vHNJ	繆種流傳	moedict-reviewed
1i	丳	moedict-reviewed
1i	嚵	moedict-reviewed
1n	注兒	moedict-reviewed
23TO	作死	moedict-reviewed
23fz	作坊	moedict-reviewed
29	袧	moedict-reviewed
29CiO_WB	句踐復國	moedict-reviewed
29vK	句芒	moedict-reviewed
2:CMw@[d	安營紮寨	moedict-reviewed
2:RK?P	安魂曲	moedict-reviewed
2:aJC2ln	安全玻璃	moedict-reviewed
2:hIC:Od	安南山脈	moedict-reviewed
2:sz	安上	moedict-reviewed
2:w@	安扎	moedict-reviewed
2;\e	圈內	moedict-reviewed
2;xd|J	圈外人	moedict-reviewed
2=yf	雙調	moedict-reviewed
2@	喦	moedict-reviewed
2@	毄	moedict-reviewed
2@	茍	moedict-reviewed
2@4a	籍沒	moedict-reviewed
2@8i8k	極便當	moedict-reviewed
2@:bif2i	嫉惡好善	moedict-reviewed
2@:bif2i	疾惡好善	moedict-reviewed
2@A:	吉占	moedict-reviewed
2@EA4p	吉娃娃	moedict-reviewed
2@L;wIR0	極深研幾	moedict-reviewed
2@L_dRQd	急不可待	moedict-reviewed
2@L_dRSd	急不可耐	moedict-reviewed
2@[OQMrF	集體行為	moedict-reviewed
2@]O:1E0ql6CWB	吉里巴斯共和國	moedict-reviewed
2@c:}ian	極端分子	moedict-reviewed
2@g:	極冠	moedict-reviewed
2@ho	急煞	moedict-reviewed
2@pn:1:1	急急巴巴	moedict-reviewed
2@pnvKvK	急急忙忙	moedict-reviewed
2@|J?0wh	急人之難	moedict-reviewed
2P	噢	moedict-reviewed
2P	圄	moedict-reviewed
2P0_4Ls?	與世長辭	moedict-reviewed
2Pg:	羽冠	moedict-reviewed
2PnkOd	羽狀脈	moedict-reviewed
2P{;?P_`	雨村曲話	moedict-reviewed
2Wsz	卯上	moedict-reviewed
2_1`	自個兒	moedict-reviewed
2_=MF04C	自成一格	moedict-reviewed
2_=MF0[1	自成一家	moedict-reviewed
2_=_El^=	自力更生	moedict-reviewed
2_>Wk@Tx	自找麻煩	moedict-reviewed
2_Ei	自見	moedict-reviewed
2_L_QdwI	自不待言	moedict-reviewed
2_L_Qk=_	自不量力	moedict-reviewed
2_PM{la_	恣情縱欲	moedict-reviewed
2_P_?P	自度曲	moedict-reviewed
2_if	自好	moedict-reviewed
2_l@	自伐	moedict-reviewed
2_nH2__d	自繇自在	moedict-reviewed
2_nHo=A_	自由經濟	moedict-reviewed
2_rA	自白	moedict-reviewed
2_rAm0	自白書	moedict-reviewed
2_sIv4wl	自然接種	moedict-reviewed
2_tA	字模	moedict-reviewed
2_{]	字眼兒	moedict-reviewed
2_}QEY1]	自我反省	moedict-reviewed
2_}i	自分	moedict-reviewed
2`A1@0	喀拉蚩	moedict-reviewed
2`L_e]	喀布爾	moedict-reviewed
2`L_e]6C	喀布爾河	moedict-reviewed
2`OdaM	喀麥隆	moedict-reviewed
2`PPq;OKC:	喀喇崑崙山	moedict-reviewed
2`p?4Ce]	喀什噶爾	moedict-reviewed
2`p?XOe]	喀什米爾	moedict-reviewed
2a	㓦	moedict-reviewed
2a	播	moedict-reviewed
2a6dA0m_	播越失據	moedict-reviewed
2a6i	播散	moedict-reviewed
2a7k	播放	moedict-reviewed
2a8k	播蕩	moedict-reviewed
2a=1	播發	moedict-reviewed
2aQ;	播音	moedict-reviewed
2aQ;TJ	播音員	moedict-reviewed
2aRl	播映	moedict-reviewed
2a_f	播報	moedict-reviewed
2a_fTJ	播報員	moedict-reviewed
2al0	播出	moedict-reviewed
2al03Kcf	播出頻道	moedict-reviewed
2atq	薄荷	moedict-reviewed
2atq6W	薄荷腦	moedict-reviewed
2atqnH	薄荷油	moedict-reviewed
2atqo=	薄荷精	moedict-reviewed
2a}l	播送	moedict-reviewed
2e?@2eIk	怪模怪樣	moedict-reviewed
2eL_nq	怪不得	moedict-reviewed
2eWO	怪癖	moedict-reviewed
2f4a	濊貊	moedict-reviewed
2fMW3>ph	未了公案	moedict-reviewed
2fMWQ;	未了因	moedict-reviewed
2fYc	胃液	moedict-reviewed
2fa=	味噌	moedict-reviewed
2fm@F0Ci	未達一間	moedict-reviewed
2fr;<1Zo	未婚媽媽	moedict-reviewed
2fr\K_R0	畏影惡跡	moedict-reviewed
2f{Jlq	為什麼	moedict-reviewed
2f{Jlq	為甚麼	moedict-reviewed
2f{l	衛從	moedict-reviewed
2gUO:1	翹尾巴	moedict-reviewed
2gfn	俏皮	moedict-reviewed
2gfn_`	俏皮話	moedict-reviewed
2i2f	禪位	moedict-reviewed
2i2iK_:b	善善惡惡	moedict-reviewed
2iEi	單縣	moedict-reviewed
2i`l	善行	moedict-reviewed
2ian	扇子	moedict-reviewed
2ix_;:M9	善罷干休	moedict-reviewed
2t	呔	moedict-reviewed
33J<TJ	搓湯圓	moedict-reviewed
33O|	搓弄	moedict-reviewed
33k@Uk	搓麻將	moedict-reviewed
33ol	撮弄	moedict-reviewed
38]o	蹧蹋	moedict-reviewed
39	瞘	moedict-reviewed
392_{]	摳字眼兒	moedict-reviewed
39Ow	摳摟	moedict-reviewed
39\w	摳搜	moedict-reviewed
3:>E	斑白	moedict-reviewed
3:L_|_	扳不倒兒	moedict-reviewed
3:We	般配	moedict-reviewed
3:^H	班頭	moedict-reviewed
3:an	扳子	moedict-reviewed
3:qIPPZo	班禪喇嘛	moedict-reviewed
3:rAS_}?	斑駁陸離	moedict-reviewed
3;	懁	moedict-reviewed
3;6C	宣和	moedict-reviewed
3;Yc	軒掖	moedict-reviewed
3;oi	宣卷	moedict-reviewed
3>33	公撮	moedict-reviewed
3>3@L_Ve	攻其不備	moedict-reviewed
3>4L	工場	moedict-reviewed
3>6801Ve	弓腰曲背	moedict-reviewed
3>9P	紅女	moedict-reviewed
3><@L_Db	攻無不克	moedict-reviewed
3>=M>d:_	攻城略地	moedict-reviewed
3>Cv_`	公道話	moedict-reviewed
3>KZkOFk	宮本武藏	moedict-reviewed
3>L_11=1	弓不虛發	moedict-reviewed
3>L_Rl{H	供不應求	moedict-reviewed
3>MW	公了	moedict-reviewed
3>MlL_01	龔勝不屈	moedict-reviewed
3>Q|	公公	moedict-reviewed
3>Q|sAbp	公公婆婆	moedict-reviewed
3>ROq@	公子哥兒	moedict-reviewed
3>RlU<	供應商	moedict-reviewed
3>U<{l6C01	工商綜合區	moedict-reviewed
3>Vi	宮觀	moedict-reviewed
3>Yc	宮掖	moedict-reviewed
3>Yco=A_	工業經濟	moedict-reviewed
3>\i	公轉	moedict-reviewed
3>_MBLWk	功同良相	moedict-reviewed
3>au_`	恭維話	moedict-reviewed
3>cR	公合	moedict-reviewed
3>g50_4L	公開市場	moedict-reviewed
3>g54L6C	公開場合	moedict-reviewed
3>jR	工尺	moedict-reviewed
3>jRmO	工尺譜	moedict-reviewed
3>na	公勺	moedict-reviewed
3>ql4LCR	公共場所	moedict-reviewed
3>w4:i	公切面	moedict-reviewed
3>wlF:a_	公眾參與	moedict-reviewed
3>x7L_d[	功高不賞	moedict-reviewed
3>yo	公家	moedict-reviewed
3>~n	功夫	moedict-reviewed
3@	肵	moedict-reviewed
3@BbL_|M	其樂不窮	moedict-reviewed
3@MP_`	齊打夥兒	moedict-reviewed
3@OO|_]_	奇恥大辱	moedict-reviewed
3@d=	騎兵	moedict-reviewed
3@d=DJ	騎兵團	moedict-reviewed
3@m_F0yK	齊聚一堂	moedict-reviewed
3@p?	耆碩	moedict-reviewed
3@x7F0]B	棋高一著	moedict-reviewed
3@{lN@]K	其從如雲	moedict-reviewed
3E0`	嚼蠟	moedict-reviewed
3E3E	角角	moedict-reviewed
3E4W	絕倒	moedict-reviewed
3E7f\_2_	絕對數字	moedict-reviewed
3EA_	角妓	moedict-reviewed
3EF0TO0i	決一死戰	moedict-reviewed
3EKP	角馬	moedict-reviewed
3EL_h<_M	絕不相同	moedict-reviewed
3EMW	決了	moedict-reviewed
3EOb	角色	moedict-reviewed
3EOb:>B@	角色衝突	moedict-reviewed
3Ean	蹶子	moedict-reviewed
3Enq	覺得	moedict-reviewed
3G	厜	moedict-reviewed
3G	圌	moedict-reviewed
3G?pmJ	垂花門	moedict-reviewed
3GVe	捶背	moedict-reviewed
3G^H	垂頭	moedict-reviewed
3Gan	捶子	moedict-reviewed
3K<@=_R7?0:_	貧無立錐之地	moedict-reviewed
3KeVrA<C	貧嘴薄舌	moedict-reviewed
3R	綞	moedict-reviewed
3R6t	躲開	moedict-reviewed
3RBq8L8L	躲躲藏藏	moedict-reviewed
3Ran	垛子	moedict-reviewed
3R{nMW	躲不了	moedict-reviewed
3Z	篹	moedict-reviewed
3_3_L_M9	刺刺不休	moedict-reviewed
3_G9	刺溜	moedict-reviewed
3_L;	刺參	moedict-reviewed
3_L;	廁身	moedict-reviewed
3_L;3@T:	廁身其間	moedict-reviewed
3a	哱	moedict-reviewed
3a	胉	moedict-reviewed
3a9u	破費	moedict-reviewed
3a:_	破的	moedict-reviewed
3aC0RGE0	朴資茅斯	moedict-reviewed
3aC0RGE0kGG5	朴資茅斯條約	moedict-reviewed
3aMm	破爛兒	moedict-reviewed
3a^liM6C	破鏡重合	moedict-reviewed
3axhL_<:	破爛不堪	moedict-reviewed
3e	噲	moedict-reviewed
3e	廥	moedict-reviewed
3e	旝	moedict-reviewed
3eA_5E	會計學	moedict-reviewed
3eA_LP	會計法	moedict-reviewed
3eHq	快活	moedict-reviewed
3e^H	塊頭	moedict-reviewed
3egz	快當	moedict-reviewed
3erA	檜柏	moedict-reviewed
3g;_	孝弟	moedict-reviewed
3g`l	孝行	moedict-reviewed
3gyo	孝家	moedict-reviewed
3k4CsON1Dbkj|J	盎格魯撒克遜人	moedict-reviewed
43	髿	moedict-reviewed
43s:	羧酸	moedict-reviewed
484L	操場	moedict-reviewed
48oOl@U3	操斧伐柯	moedict-reviewed
49	呴	moedict-reviewed
4:Aj[Z68	潘鬢沈腰	moedict-reviewed
4>W|	空鐘	moedict-reviewed
4>\i	空轉	moedict-reviewed
4>_;VBap	空心蘿蔔	moedict-reviewed
4>m0	空疏	moedict-reviewed
4@	腊	moedict-reviewed
4@@Z	席卷	moedict-reviewed
4@um	媳婦兒	moedict-reviewed
4C4CL_]_	格格不入	moedict-reviewed
4C:i	革面	moedict-reviewed
4CEExUu[	葛萊美獎	moedict-reviewed
4CT_w\_;	革故鼎新	moedict-reviewed
4C];	葛巾	moedict-reviewed
4CtA	膈膜	moedict-reviewed
4Cz{	格正	moedict-reviewed
4C}?	蛤蜊	moedict-reviewed
4K2P	閩語	moedict-reviewed
4K5_WkVe	民意向背	moedict-reviewed
4K6C~IQ=	民和年豐	moedict-reviewed
4KO@6dB_	民族樂器	moedict-reviewed
4KO@O_q=ljml	民族復興運動	moedict-reviewed
4KO@Q;6d	民族音樂	moedict-reviewed
4KQ@?P5_	民俗曲藝	moedict-reviewed
4KYFA@`0	民賊獨夫	moedict-reviewed
4KeGT3?P	民謠歌曲	moedict-reviewed
4Kf<	閩江	moedict-reviewed
4KhI	閩南	moedict-reviewed
4KhI2P	閩南語	moedict-reviewed
4KhI_`	閩南話	moedict-reviewed
4KvU_`	閩北話	moedict-reviewed
4K~lR0c[	民用機場	moedict-reviewed
4L3_	場次	moedict-reviewed
4L6C	場合	moedict-reviewed
4L:L	倘佯	moedict-reviewed
4L:_	場地	moedict-reviewed
4L:bL_2;	長惡不悛	moedict-reviewed
4L:i	場面	moedict-reviewed
4L;:?P	長干曲	moedict-reviewed
4L>MC_1_	長繩繫日	moedict-reviewed
4L>MC_~\	長繩繫景	moedict-reviewed
4LCR	場所	moedict-reviewed
4LC_4a	腸繫膜	moedict-reviewed
4LJ:}UA@	長篇累牘	moedict-reviewed
4LT38kf0	長歌當哭	moedict-reviewed
4LVeL_gc	常備不懈	moedict-reviewed
4LYc	腸液	moedict-reviewed
4L\e	場內	moedict-reviewed
4L^=L_TO	長生不死	moedict-reviewed
4L^l^H	長鏡頭	moedict-reviewed
4LnlL_N@rYnl	長痛不如短痛	moedict-reviewed
4Lrz	嘗嘗	moedict-reviewed
4LtO	腸骨	moedict-reviewed
4LxdB85_	場外交易	moedict-reviewed
4L~\	場景	moedict-reviewed
4M03L_4Myh	能說不能幹	moedict-reviewed
4MiRrFA0	能者為師	moedict-reviewed
4MrF	能為	moedict-reviewed
4Rgz	妥當	moedict-reviewed
4Rgz|J	妥當人	moedict-reviewed
4W1g	倒嚼	moedict-reviewed
4W3:	倒班	moedict-reviewed
4W3M	倒騰	moedict-reviewed
4W;_	倒替	moedict-reviewed
4WBY	倒板	moedict-reviewed
4WCE	倒臺	moedict-reviewed
4WIP	倒把	moedict-reviewed
4WIX	倒手	moedict-reviewed
4WJD	倒爺	moedict-reviewed
4WJ`	倒價	moedict-reviewed
4WOd	倒賣	moedict-reviewed
4WX<	倒倉	moedict-reviewed
4WlI\_	導函數	moedict-reviewed
4Wqf	倒灶	moedict-reviewed
4Wqq6CUG[3an	倒了核桃車子	moedict-reviewed
4Wqq:1VeanIF	倒了八輩子楣	moedict-reviewed
4WqqJ`	倒了架	moedict-reviewed
4WqqJ`an	倒了架子	moedict-reviewed
4Wuh	倒蛋	moedict-reviewed
4WwT6:f<	倒海翻江	moedict-reviewed
4ZL_N@	遠不如	moedict-reviewed
4ZcV:h{nMWLj9R	遠水救不了近火	moedict-reviewed
4ZcVL_6TLjdR	遠水不解近渴	moedict-reviewed
4^	臉兒	moedict-reviewed
4_	怬	moedict-reviewed
4_1g	賜教	moedict-reviewed
4_7i	賜宴	moedict-reviewed
4_@@	賜福	moedict-reviewed
4_FM	賜名	moedict-reviewed
4_IM:18k	四停八當	moedict-reviewed
4_L_Wk	四不像	moedict-reviewed
4_O_	賜復	moedict-reviewed
4_TO	賜死	moedict-reviewed
4_`l	賜姓	moedict-reviewed
4_gf	賜告	moedict-reviewed
4_o_	賜卹	moedict-reviewed
4_rg	俟候	moedict-reviewed
4_rqT:o?	四個堅持	moedict-reviewed
4_wTF0[1	四海一家	moedict-reviewed
4_z?	嗣適	moedict-reviewed
4_{KvhnO	四郎探母	moedict-reviewed
4a	袜	moedict-reviewed
4a4aMW	末末了	moedict-reviewed
4a:_	驀地	moedict-reviewed
4a:i	抹面	moedict-reviewed
4aC]	膜孔	moedict-reviewed
4aCv	磨叨	moedict-reviewed
4aJD	莫邪	moedict-reviewed
4aL_0_	莫不是	moedict-reviewed
4aL_g5	磨不開	moedict-reviewed
4aL_pa^=	默不作聲	moedict-reviewed
4aL`	沒下	moedict-reviewed
4aOOL__k	沒齒不忘	moedict-reviewed
4aQd<@p14>:C?0	莫待無花空折枝	moedict-reviewed
4aSOrF;j	莫此為甚	moedict-reviewed
4aSd6C	沒奈何	moedict-reviewed
4aUi]O	沒亂裡	moedict-reviewed
4a`l	末行	moedict-reviewed
4aan	末子	moedict-reviewed
4acV	沒水	moedict-reviewed
4alg~n	磨豆腐	moedict-reviewed
4aln	茉莉	moedict-reviewed
4aoi	墨卷	moedict-reviewed
4aqq	沒了	moedict-reviewed
4arg	沒後	moedict-reviewed
4atf	沒藥	moedict-reviewed
4a~K	末行	moedict-reviewed
4e8TSl	壞血病	moedict-reviewed
4e}iRO	壞分子	moedict-reviewed
4i	篸	moedict-reviewed
4k	玤	moedict-reviewed
4kO_0_	蚌埠市	moedict-reviewed
4kan:i	棒子麵	moedict-reviewed
4krq{]	傍個影兒	moedict-reviewed
4k{Hc[	棒球場	moedict-reviewed
4p	味兒	moedict-reviewed
5:	屘	moedict-reviewed
5>aM	烘籠	moedict-reviewed
5E3g1ga_	學校教育	moedict-reviewed
5E6NL_7i	學而不厭	moedict-reviewed
5EO_kO~0	學富五車	moedict-reviewed
5Ean	褶子	moedict-reviewed
5EdYQEm0	學淺才疏	moedict-reviewed
5Em0QEdY	學疏才淺	moedict-reviewed
5J	赶	moedict-reviewed
5J5J	乾乾	moedict-reviewed
5J6C	乾和	moedict-reviewed
5JB@	乾圖	moedict-reviewed
5JI7rgO]	前推後擁	moedict-reviewed
5JKM	乾陵	moedict-reviewed
5JLE	乾宅	moedict-reviewed
5JMw	前頭	moedict-reviewed
5JRi	乾斷	moedict-reviewed
5JTJ	乾元	moedict-reviewed
5JWk	乾象	moedict-reviewed
5JZ3rgO]	前遮後擁	moedict-reviewed
5J]ian	錢串子	moedict-reviewed
5JdM	乾紅	moedict-reviewed
5Jf]	錢板兒	moedict-reviewed
5Jg0rgRl	前呼後應	moedict-reviewed
5Jp=3>	乾清宮	moedict-reviewed
5Jq;F0n?	乾坤一擲	moedict-reviewed
5Jq;_dqf	乾坤再造	moedict-reviewed
5Jqf	乾造	moedict-reviewed
5JrgJ`	前後腳兒	moedict-reviewed
5Jtf	乾曜	moedict-reviewed
5Juh	乾旦	moedict-reviewed
5JwIL_m@rg2P	前言不答後語	moedict-reviewed
5J~0?0Ci	前車之鑑	moedict-reviewed
5J~0?0Ci	前車之鑒	moedict-reviewed
5M@l	稜縫	moedict-reviewed
5Man	稜子	moedict-reviewed
5O	角兒	moedict-reviewed
5Qx]	抓子兒	moedict-reviewed
5W3>Cv	討公道	moedict-reviewed
5WJ`IJJ`	討價還價	moedict-reviewed
5Wrq?;SW	討個分曉	moedict-reviewed
5WyIdn	討便宜	moedict-reviewed
5_	坄	moedict-reviewed
5_	泆	moedict-reviewed
5_	詄	moedict-reviewed
5_	謚	moedict-reviewed
5_	鳦	moedict-reviewed
5_0C}^DY	意得志滿	moedict-reviewed
5_4LQMrF	異常行為	moedict-reviewed
5_5_}_}_	泄泄沓沓	moedict-reviewed
5_9\QEm0	意廣才疏	moedict-reviewed
5_;o	益處	moedict-reviewed
5_<hvgQM	衣繡晝行	moedict-reviewed
5_DY}^0C	意滿志得	moedict-reviewed
5_O1I<~K	藝壓當行	moedict-reviewed
5_\_T3?P	藝術歌曲	moedict-reviewed
5_^;	懿親	moedict-reviewed
5_`l	懿行	moedict-reviewed
5_`l	義行	moedict-reviewed
5_`ldRQ=	義行可風	moedict-reviewed
5_a_L_}i	悒鬱不忿	moedict-reviewed
5_ba	臆度	moedict-reviewed
5_cn	意思	moedict-reviewed
5_cn5_cn	意思意思	moedict-reviewed
5_lZYcnH	衣錦夜游	moedict-reviewed
5_lZvgnH	衣錦晝游	moedict-reviewed
5_th4L~7	懿範長昭	moedict-reviewed
5_w[L_cf	意想不到	moedict-reviewed
5_}_	泄沓	moedict-reviewed
5iMw	孱頭	moedict-reviewed
5j]_tOgV	恨入骨髓	moedict-reviewed
5j{nnq	恨不得	moedict-reviewed
5kT3	胖哥	moedict-reviewed
5k^HR@	胖頭魚	moedict-reviewed
5ka0a0	胖嘟嘟	moedict-reviewed
5kg0g0	胖乎乎	moedict-reviewed
5kl;l;	胖墩墩	moedict-reviewed
5k|_wT	胖大海	moedict-reviewed
68	芺	moedict-reviewed
680M	要盟	moedict-reviewed
682@	要擊	moedict-reviewed
68JYan	腰桿子	moedict-reviewed
68R7	腰椎	moedict-reviewed
68an	腰子	moedict-reviewed
68f]	腰板兒	moedict-reviewed
68kOEb6h	吆五喝六	moedict-reviewed
68oT	要買	moedict-reviewed
68qn	妖氣	moedict-reviewed
68tq	么喝	moedict-reviewed
68tq	吆喝	moedict-reviewed
68}?	要離	moedict-reviewed
6:	犿	moedict-reviewed
6:3>	翻供	moedict-reviewed
6:IXrF]K	翻手為雲	moedict-reviewed
6:_YL_<j|J	翻臉不認人	moedict-reviewed
6C4L	禾場	moedict-reviewed
6C5>	和哄	moedict-reviewed
6C6C1_	和合日	moedict-reviewed
6C6CEmV:	和合二仙	moedict-reviewed
6C6CJ<	和合湯	moedict-reviewed
6C6Cb=	和合僧	moedict-reviewed
6C6NL__M	和而不同	moedict-reviewed
6C7i	河沿	moedict-reviewed
6C9K	和林	moedict-reviewed
6C:WN@l0	和好如初	moedict-reviewed
6C=>	合從	moedict-reviewed
6C=M6dB_	合成樂器	moedict-reviewed
6C?v	荷包	moedict-reviewed
6CC_	劾繫	moedict-reviewed
6CDkMPVY	和尚打傘	moedict-reviewed
6CDv	核桃	moedict-reviewed
6CEM3>paDJ	和平工作團	moedict-reviewed
6CEMkGG5	和平條約	moedict-reviewed
6CG9	合溜	moedict-reviewed
6CJb?0O_	涸轍之鮒	moedict-reviewed
6CKMrFk\	合零為整	moedict-reviewed
6CL;	和珅	moedict-reviewed
6CL_l0B@	河不出圖	moedict-reviewed
6CMl	和勝	moedict-reviewed
6CN|	合同	moedict-reviewed
6CN|GK2_	合同文字	moedict-reviewed
6CQ;	和音	moedict-reviewed
6CRO	貉子	moedict-reviewed
6CT3	和歌	moedict-reviewed
6CWY	閤眼	moedict-reviewed
6C[1	閤家	moedict-reviewed
6C[1i:	閤家歡	moedict-reviewed
6C\i	合傳	moedict-reviewed
6C^=5E	和聲學	moedict-reviewed
6C_M	和同	moedict-reviewed
6Can	盒子	moedict-reviewed
6Cans\	合子餅	moedict-reviewed
6CcVL_th~\cV	河水不犯井水	moedict-reviewed
6CffwT;:	河落海乾	moedict-reviewed
6ChIAfan	河南墜子	moedict-reviewed
6ChIE<an	河南梆子	moedict-reviewed
6CkM	貉絨	moedict-reviewed
6CmY	和婉	moedict-reviewed
6Cpa`M4L	合作農場	moedict-reviewed
6Cqhp1g:	合瓣花冠	moedict-reviewed
6Ctqqnqn	和和氣氣	moedict-reviewed
6CvUE<an	河北梆子	moedict-reviewed
6Cy<_MzJ	和光同塵	moedict-reviewed
6C{nEE	合不來	moedict-reviewed
6C}IEi	和闐縣	moedict-reviewed
6C}Ia_	和闐玉	moedict-reviewed
6C}M	和熊	moedict-reviewed
6C~^	何啻	moedict-reviewed
6J	蚿	moedict-reviewed
6J6C	咸和	moedict-reviewed
6J8N	閒盤兒	moedict-reviewed
6J:WcfK_	嫌好道惡	moedict-reviewed
6JL_11=1	弦不虛發	moedict-reviewed
6JM@	嫻熟	moedict-reviewed
6JMPLN	閒打牙兒	moedict-reviewed
6J`d18lg~n	鹹菜燒豆腐	moedict-reviewed
6Jn>	閒篇兒	moedict-reviewed
6Jzn	嫌惡	moedict-reviewed
6L2i	攘善	moedict-reviewed
6L4L	攘場	moedict-reviewed
6L6_	攘臂	moedict-reviewed
6L:L	攘羊	moedict-reviewed
6L<h	攘袖	moedict-reviewed
6Lan	瓤子	moedict-reviewed
6Lxd2:\e	攘外安內	moedict-reviewed
6N4@um	兒媳婦兒	moedict-reviewed
6N9Pc=}M\i	兒女英雄傳	moedict-reviewed
6N_`lj	兒化韻	moedict-reviewed
6QAN	耍猴兒	moedict-reviewed
6QE@Mw	耍骨頭	moedict-reviewed
6QIXdn	耍手藝	moedict-reviewed
6Qan	耍子	moedict-reviewed
6QeVw?an	耍嘴皮子	moedict-reviewed
6Qw?qn	耍脾氣	moedict-reviewed
6RS_	裸露	moedict-reviewed
6T6C	解和	moedict-reviewed
6TEs	姐姐	moedict-reviewed
6TKMC_KM	解鈴繫鈴	moedict-reviewed
6TKMHE0_C_KM|J	解鈴還是繫鈴人	moedict-reviewed
6TT0lI\_	解析函數	moedict-reviewed
6T\_	解數	moedict-reviewed
6Twh	解難	moedict-reviewed
6W1t	腦袋	moedict-reviewed
6W1tn1an	腦袋瓜子	moedict-reviewed
6W:>Dd	腦充血	moedict-reviewed
6WYc	腦液	moedict-reviewed
6W`P	腦瓢兒	moedict-reviewed
6Wo:Ob	腦栓塞	moedict-reviewed
6WtA	腦膜	moedict-reviewed
6[:_	準的	moedict-reviewed
6[D^	準譜兒	moedict-reviewed
6_	揊	moedict-reviewed
6_	綼	moedict-reviewed
6_	髲	moedict-reviewed
6_2@	比及	moedict-reviewed
6_89	比周	moedict-reviewed
6_<hq=DJ	畢宿星團	moedict-reviewed
6_=_	薜荔	moedict-reviewed
6_Kb	比舍	moedict-reviewed
6_L_Ci:i	避不見面	moedict-reviewed
6_N_Obi=	閉目塞聽	moedict-reviewed
6_RO	婢子	moedict-reviewed
6_S<	臂章	moedict-reviewed
6_T:6N=_	比肩而立	moedict-reviewed
6_Z_	臂助	moedict-reviewed
6_^:	臂彎	moedict-reviewed
6_an	篦子	moedict-reviewed
6_ea	碧落	moedict-reviewed
6_k@	萆麻	moedict-reviewed
6_mJqf~0	閉門造車	moedict-reviewed
6_oi9W	閉卷考	moedict-reviewed
6_sI	賁然	moedict-reviewed
6_sO	秘魯	moedict-reviewed
6_sz	閉上	moedict-reviewed
6d	躍	moedict-reviewed
6d3>AL0{	月宮娘娘	moedict-reviewed
6d;fg:	月桂冠	moedict-reviewed
6d<N	月頭兒	moedict-reviewed
6d?0	月氏	moedict-reviewed
6d?P	粵曲	moedict-reviewed
6dan	月子	moedict-reviewed
6danSl	月子病	moedict-reviewed
6deaL;8M	月落參橫	moedict-reviewed
6di_	樂律	moedict-reviewed
6doOA02@	樂府詩集	moedict-reviewed
6doO{@S_	樂府雜錄	moedict-reviewed
6drA	月孛	moedict-reviewed
6dsx	月錢	moedict-reviewed
6dtf1_	月曜日	moedict-reviewed
6dyf	越調	moedict-reviewed
6h0>4_7_	六通四辟	moedict-reviewed
6h3?	遛彎兒	moedict-reviewed
6hKP	遛馬	moedict-reviewed
6hOd	六脈	moedict-reviewed
6h^;L_<j	六親不認	moedict-reviewed
6hew	溜溜	moedict-reviewed
6hp?H]?P	六十種曲	moedict-reviewed
6i8:an	散攤子	moedict-reviewed
6iO_	三復	moedict-reviewed
6iO_>EL7	三復白圭	moedict-reviewed
6iO_E0wI	三復斯言	moedict-reviewed
6i|i	散悶	moedict-reviewed
78:_K_	標的物	moedict-reviewed
78_Ml@5_	標同伐異	moedict-reviewed
7:A_	單騎	moedict-reviewed
7:BXWk^=	單口相聲	moedict-reviewed
7:Eb	擔荷	moedict-reviewed
7:L;	丹參	moedict-reviewed
7:L_0_	擔不是	moedict-reviewed
7:`o	單個兒	moedict-reviewed
7:an	單子	moedict-reviewed
7R	餜	moedict-reviewed
7R1=	裹創	moedict-reviewed
7RXD	裹挾	moedict-reviewed
7R`v	裹腳	moedict-reviewed
7Ran_>	果子乾兒	moedict-reviewed
7Rantf	果子藥	moedict-reviewed
7Ruo	果料兒	moedict-reviewed
7W3>Q|	老公公	moedict-reviewed
7W5EK9	老學究	moedict-reviewed
7W6CDknk9>	老和尚撞鐘	moedict-reviewed
7W9s	老爺	moedict-reviewed
7W:1Vean	老八輩子	moedict-reviewed
7W:1f]	老八板兒	moedict-reviewed
7W:_fz	老地方	moedict-reviewed
7W<1Zo	老嬤嬤	moedict-reviewed
7W<N	老頭兒	moedict-reviewed
7W=p	老鴰	moedict-reviewed
7W=pn2]Ol0@l[L	老鴰窩裡出鳳凰	moedict-reviewed
7W>J4o	老頑固	moedict-reviewed
7WA0~n	老師傅	moedict-reviewed
7WB8?|	老交情	moedict-reviewed
7WBkky	老丈人	moedict-reviewed
7WE@Mw	老骨頭	moedict-reviewed
7WF0oflO	老醫少卜	moedict-reviewed
7WFv	姥姥	moedict-reviewed
7WFv	老老	moedict-reviewed
7WG@1o	老糊塗	moedict-reviewed
7WG@ln	老狐狸	moedict-reviewed
7WJD9s	老爺爺	moedict-reviewed
7WJD[3	老爺車	moedict-reviewed
7WL7Mo	老規矩	moedict-reviewed
7WN>in	老兄弟	moedict-reviewed
7WPA^H	老滑頭	moedict-reviewed
7WRGan	老毛子	moedict-reviewed
7WRd2t	老太太	moedict-reviewed
7WT3\o	老疙瘩	moedict-reviewed
7WV:|{	老先生	moedict-reviewed
7WWk	老相	moedict-reviewed
7WZOan	老底子	moedict-reviewed
7W]e=>8M	老淚縱橫	moedict-reviewed
7W_n:1B8	老實巴交	moedict-reviewed
7W_n_`	老實話	moedict-reviewed
7Wbp	老婆	moedict-reviewed
7Wf<6o	老江湖	moedict-reviewed
7WkR	老舍	moedict-reviewed
7Wkyyo	老人家	moedict-reviewed
7Wl>	老醃兒	moedict-reviewed
7Wl@an	老法子	moedict-reviewed
7Wlg~n	老豆腐	moedict-reviewed
7WnHan	老油子	moedict-reviewed
7Wof<@S0	老少無欺	moedict-reviewed
7WofF0_M	老少一同	moedict-reviewed
7WofWe	老少配	moedict-reviewed
7Wq@\y	老哥兒們	moedict-reviewed
7WsAbp	老婆婆	moedict-reviewed
7WsT3t	老奶奶	moedict-reviewed
7WuA9s	老佛爺	moedict-reviewed
7Wv4fz	老街坊	moedict-reviewed
7Wyf	老調	moedict-reviewed
7WzO4o	老主顧	moedict-reviewed
7W~=rn	老東西	moedict-reviewed
7W~Kyo	老行家	moedict-reviewed
7W~L]w	老朋友	moedict-reviewed
7_4o	屁股	moedict-reviewed
7_:_	僻地	moedict-reviewed
7_:bL@Xi	辟惡除患	moedict-reviewed
7_<_	辟匿	moedict-reviewed
7_D@	辟纑	moedict-reviewed
7_Em	辟咡	moedict-reviewed
7_rF	辟違	moedict-reviewed
7_sI	辟然	moedict-reviewed
7_tO	辟穀	moedict-reviewed
7_tO3E=_	辟穀絕粒	moedict-reviewed
7`D]	詐哄	moedict-reviewed
7`T:L_2@	詐奸不及	moedict-reviewed
7`an	柵子	moedict-reviewed
7f:iL_Ci|J	對面不見人	moedict-reviewed
7fLl	對稱	moedict-reviewed
7fan	兌子	moedict-reviewed
7fqqo]	對了檻兒	moedict-reviewed
7fsz	對上	moedict-reviewed
7f{nZ_	對不住	moedict-reviewed
7f{nbO	對不起	moedict-reviewed
7f~n	對付	moedict-reviewed
7i	猒	moedict-reviewed
7i2t	硯臺	moedict-reviewed
7iB_	咽氣	moedict-reviewed
7iObG@	堰塞湖	moedict-reviewed
7iR0cf	晏幾道	moedict-reviewed
7iTx	厭煩	moedict-reviewed
7iaO	燕几	moedict-reviewed
7ian	燕子	moedict-reviewed
7iqn	厭氣	moedict-reviewed
7irA	厭薄	moedict-reviewed
7i~K	雁行	moedict-reviewed
7k6i	放散	moedict-reviewed
7k7iQw	放焰口	moedict-reviewed
7k8kPO{l	放蕩弛縱	moedict-reviewed
7kF0mTEmp?rq_;	放一百二十個心	moedict-reviewed
7kQk	放量	moedict-reviewed
7k_;L_L`	放心不下	moedict-reviewed
7kuhL_R0	放誕不羈	moedict-reviewed
88	嘌	moedict-reviewed
88	彯	moedict-reviewed
8888	漂漂	moedict-reviewed
88@@	飄拂	moedict-reviewed
88g0L_Wl	飄忽不定	moedict-reviewed
89	啁	moedict-reviewed
89	翢	moedict-reviewed
894a3gRl	週末效應	moedict-reviewed
896NL_6_	周而不比	moedict-reviewed
898i	周遍	moedict-reviewed
89>``0	周亞夫	moedict-reviewed
89aO	周給	moedict-reviewed
89of	周召	moedict-reviewed
89ofql6C	周召共和	moedict-reviewed
89z{	周正	moedict-reviewed
89{KT_?P	周郎顧曲	moedict-reviewed
89~_	周內	moedict-reviewed
8:4W	癱倒	moedict-reviewed
8:=f	貪賄	moedict-reviewed
8:QEifOb	貪財好色	moedict-reviewed
8:^=K_TO	貪生惡死	moedict-reviewed
8:^=kR5_	貪生舍義	moedict-reviewed
8:^H	探頭	moedict-reviewed
8:^H8:6W	探頭探腦	moedict-reviewed
8:s2qGL_xh	貪多嚼不爛	moedict-reviewed
8:yIdn	貪便宜	moedict-reviewed
8GQ=4W	隨風倒	moedict-reviewed
8GQ=4Wba	隨風倒舵	moedict-reviewed
8G~K:h0_	隨行就市	moedict-reviewed
8L3R	藏躲	moedict-reviewed
8LB_Qdp?	藏器待時	moedict-reviewed
8LJ;1M	藏針縫	moedict-reviewed
8LQM<_r\	藏形匿影	moedict-reviewed
8LT:	藏奸	moedict-reviewed
8L`l	藏幸	moedict-reviewed
8LaM]avO	藏龍臥虎	moedict-reviewed
8Lj4	藏掖	moedict-reviewed
8Lk@	藏貓兒	moedict-reviewed
8Lm0vf	藏書票	moedict-reviewed
8Lpg~_\0	藏垢納汙	moedict-reviewed
8M4C4a	橫膈膜	moedict-reviewed
8M:X:i	橫剖面	moedict-reviewed
8M<8v?an\_<8WY	橫挑鼻子豎挑眼	moedict-reviewed
8MMPv?fP	橫打鼻梁兒	moedict-reviewed
8MQM	橫行	moedict-reviewed
8MQMN:L`	橫行天下	moedict-reviewed
8MQMx_cf	橫行霸道	moedict-reviewed
8Q	昨兒	moedict-reviewed
8TG@N|	血衚衕	moedict-reviewed
8TK0RO	血滴子	moedict-reviewed
8TL;	血參	moedict-reviewed
8TOd	血脈	moedict-reviewed
8TYckKIJ	血液循環	moedict-reviewed
8TwI	血癌	moedict-reviewed
8WMw	搞頭	moedict-reviewed
8Wan	稿子	moedict-reviewed
8W{n:W	搞不好	moedict-reviewed
8W{n>]	搞不懂	moedict-reviewed
8X0C	偶得	moedict-reviewed
8XDd	嘔血	moedict-reviewed
8XlI\_	偶函數	moedict-reviewed
8^	姐兒	moedict-reviewed
8^	幾兒	moedict-reviewed
8^rq	幾兒個	moedict-reviewed
8_	冖	moedict-reviewed
8_2@\_	冪級數	moedict-reviewed
8_L_mgQ=	密不透風	moedict-reviewed
8_cVBbR0	泌水樂飢	moedict-reviewed
8_lnkGnH	蜜裡調油	moedict-reviewed
8_}O	泌乳	moedict-reviewed
8`0_	差事	moedict-reviewed
8`1^	差點兒	moedict-reviewed
8`?P	岔曲	moedict-reviewed
8`F01^	差一點兒	moedict-reviewed
8`L_}?	差不離	moedict-reviewed
8`Lj	差勁	moedict-reviewed
8`{ns2	差不多	moedict-reviewed
8eL_H0k@	拽布披麻	moedict-reviewed
8f8LR@8_	退藏於密	moedict-reviewed
8i	釆	moedict-reviewed
8i:_g5p1	遍地開花	moedict-reviewed
8i=_	遍歷	moedict-reviewed
8iL_l0p1Ik	變不出花樣	moedict-reviewed
8iMW	便了	moedict-reviewed
8iNO	變徵	moedict-reviewed
8iNO?0Q;	變徵之音	moedict-reviewed
8iNO?0^=	變徵之聲	moedict-reviewed
8iZ>	變法兒	moedict-reviewed
8i\0	辯誣	moedict-reviewed
8i^=GXYc	變生肘腋	moedict-reviewed
8iu?	便宜	moedict-reviewed
8iwh	辯難	moedict-reviewed
8i{f	便溺	moedict-reviewed
8k6i	蕩散	moedict-reviewed
8k8k	當當	moedict-reviewed
8k=M	當成	moedict-reviewed
8kJ;jP	當真假	moedict-reviewed
8kN:	當天	moedict-reviewed
8kQYp=[1	蕩產傾家	moedict-reviewed
8k[1RO	當家子	moedict-reviewed
8kgz?9?9	蕩蕩悠悠	moedict-reviewed
8kpa	當作	moedict-reviewed
8kpa	當做	moedict-reviewed
8kvfan	當票子	moedict-reviewed
91	錒	moedict-reviewed
9168	啊喲	moedict-reviewed
91<C}?	阿闍梨	moedict-reviewed
91L_m@VO	阿布達比	moedict-reviewed
91O_	阿父	moedict-reviewed
91\o	阿達	moedict-reviewed
91]OC:C:Od	阿里山山脈	moedict-reviewed
91e]2@=_>`	阿爾及利亞	moedict-reviewed
91e]:1|?>`	阿爾巴尼亞	moedict-reviewed
91e]g6E0C:Od	阿爾卑斯山脈	moedict-reviewed
91iIlR	阿蘭若	moedict-reviewed
91qm	阿物兒	moedict-reviewed
99Yc	抽咽	moedict-reviewed
99\o	抽搭	moedict-reviewed
99d\an	抽冷子	moedict-reviewed
99jn	抽屜	moedict-reviewed
99o{	抽豐	moedict-reviewed
9:an	囡仔	moedict-reviewed
9>	潀	moedict-reviewed
9>01	衷曲	moedict-reviewed
9>4L	終場	moedict-reviewed
9>:L2@	中洋脊	moedict-reviewed
9>?P	終曲	moedict-reviewed
9>@l	中縫	moedict-reviewed
9>J;L_R@	忠貞不渝	moedict-reviewed
9>L9_c	中秋帖	moedict-reviewed
9>LP0i\=	中法戰爭	moedict-reviewed
9>PAGK_`O_q=VD	中華文化復興節	moedict-reviewed
9>S_E<an	中路梆子	moedict-reviewed
9>Z<C:Od	中央山脈	moedict-reviewed
9>`l	中行	moedict-reviewed
9>a0	中都	moedict-reviewed
9>an	盅子	moedict-reviewed
9>nH	鍾繇	moedict-reviewed
9>w\wY}^	鐘鼎款識	moedict-reviewed
9K	綝	moedict-reviewed
9K4L	林場	moedict-reviewed
9K6_	鱗比	moedict-reviewed
9K:1Yc	淋巴液	moedict-reviewed
9KBXCE:_	林口臺地	moedict-reviewed
9KTOL_Cd	臨死不怯	moedict-reviewed
9Kf<:CK@	臨江折軸	moedict-reviewed
9Kik	磷礦	moedict-reviewed
9KrFL_Ui	臨危不亂	moedict-reviewed
9KrFL_m_	臨危不懼	moedict-reviewed
9Ku7	林濤	moedict-reviewed
9P3E	女角	moedict-reviewed
9PAN	女孩兒	moedict-reviewed
9PzOQW	女主角	moedict-reviewed
9P|_L_wlvH	女大不中留	moedict-reviewed
9R189R|f	火燒火燎	moedict-reviewed
9R3ean	火筷子	moedict-reviewed
9R4L	火場	moedict-reviewed
9R:Can	火摺子	moedict-reviewed
9RV=cVwl	火耕水種	moedict-reviewed
9RV=vHwl	火耕流種	moedict-reviewed
9R_n	伙食	moedict-reviewed
9RaM	火籠	moedict-reviewed
9Rn:F0kGU_an	夥穿一條褲子	moedict-reviewed
9RrN	火蟲兒	moedict-reviewed
9RxYL_	火浣布	moedict-reviewed
9RxYL_C:	火浣布衫	moedict-reviewed
9W4L	考場	moedict-reviewed
9\2aC_?]	廣播系統	moedict-reviewed
9\4L	廣場	moedict-reviewed
9\L`	廣廈	moedict-reviewed
9`	啑	moedict-reviewed
9`	翜	moedict-reviewed
9`Dd	唼血	moedict-reviewed
9`Dd	歃血	moedict-reviewed
9`DdrF0M	歃血為盟	moedict-reviewed
9`NXec0_	煞有介事	moedict-reviewed
9`w@	唼喋	moedict-reviewed
9e	膪	moedict-reviewed
9ic[	片場	moedict-reviewed
9ijPL_[K	片甲不存	moedict-reviewed
9ijPL_}F	片甲不回	moedict-reviewed
9j3e	枕塊	moedict-reviewed
9j6_F0g0	振臂一呼	moedict-reviewed
9jA@	酖毒	moedict-reviewed
9jN:`ow[	震天價響	moedict-reviewed
9jT34LFY	枕戈嘗膽	moedict-reviewed
9jT3mZjP	枕戈寢甲	moedict-reviewed
9jp?\_vH	枕石漱流	moedict-reviewed
9jqz	陣仗	moedict-reviewed
:12_HEIFF0}]	八字還沒一撇兒	moedict-reviewed
:1:1	吧吧	moedict-reviewed
:1;:anMPL_^G	八竿子打不著	moedict-reviewed
:1=XRO	八斗子	moedict-reviewed
:1=fDd	八會穴	moedict-reviewed
:1>1	吧嗒	moedict-reviewed
:1CE	吧檯	moedict-reviewed
:1Es	巴結	moedict-reviewed
:1H<g0Rl	八方呼應	moedict-reviewed
:1T0=_>`	巴西利亞	moedict-reviewed
:1U:]OS_]K6C6d	八千里路雲和月	moedict-reviewed
:1Vean	八輩子	moedict-reviewed
:1XoEsEs	巴巴結結	moedict-reviewed
:1[1Uk	八家將	moedict-reviewed
:1_o	扒拉	moedict-reviewed
:1ade]	巴塞爾	moedict-reviewed
:1an	巴子	moedict-reviewed
:1e]:_tA	巴爾的摩	moedict-reviewed
:1e]yhC:Od	巴爾幹山脈	moedict-reviewed
:1l@=_>`	巴伐利亞	moedict-reviewed
:1pn	吧唧	moedict-reviewed
:1qz	巴掌	moedict-reviewed
:1wI2`PPC:	巴顏喀喇山	moedict-reviewed
:1z|	扒頭兒	moedict-reviewed
:1{nnq	巴不得	moedict-reviewed
:1|_G@N|	八大胡同	moedict-reviewed
:94L	收場	moedict-reviewed
:<ROL_>i:h:b	君子不念舊惡	moedict-reviewed
:<_c	軍帖	moedict-reviewed
:<gc	軍械	moedict-reviewed
:<~lR0c[	軍用機場	moedict-reviewed
:>	憃	moedict-reviewed
:>	翀	moedict-reviewed
:>4L:i	充場面	moedict-reviewed
:>4MYx	充能幹	moedict-reviewed
:>Qk	衝量	moedict-reviewed
:>^l	衝勁	moedict-reviewed
:>g:	衝冠	moedict-reviewed
:>g:LPR_	衝冠髮怒	moedict-reviewed
:>}i:hYc	充分就業	moedict-reviewed
:C	馲	moedict-reviewed
:C01C:Od	褶曲山脈	moedict-reviewed
:C8k	折當	moedict-reviewed
:CCirF0_	折箭為誓	moedict-reviewed
:CMw	折頭	moedict-reviewed
:C]_	折辱	moedict-reviewed
:Can	折子	moedict-reviewed
:Can	褶子	moedict-reviewed
:CanC_	折子戲	moedict-reviewed
:Cho	折殺	moedict-reviewed
:L	痒	moedict-reviewed
:L0_C_\_	楊氏係數	moedict-reviewed
:L4L	揚場	moedict-reviewed
:L4L	洋場	moedict-reviewed
:L89p=?P	揚州清曲	moedict-reviewed
:LEA4p	洋娃娃	moedict-reviewed
:LRGl0_d:LL;sz	羊毛出在羊身上	moedict-reviewed
:LYc6n	楊葉竄兒	moedict-reviewed
:Lygea_dAXeVln	羊肉落在狗嘴裡	moedict-reviewed
:L|m	洋畫兒	moedict-reviewed
:P	慺	moedict-reviewed
:P8k	縷當	moedict-reviewed
:W03qT03	好說歹說	moedict-reviewed
:W5_cn	好意思	moedict-reviewed
:WC_HE_drg^H	好戲還在後頭	moedict-reviewed
:WD8rn	好消息	moedict-reviewed
:WF0]V	好一會	moedict-reviewed
:WMWT3	好了歌	moedict-reviewed
:WTOL_N@:bYB	好死不如惡活	moedict-reviewed
:WZo	好麼	moedict-reviewed
:W^=dn	好生意	moedict-reviewed
:Wmonq	好樣兒的	moedict-reviewed
:W{hL_y_l0L;K0	好漢不怕出身低	moedict-reviewed
:W~\L_4L	好景不長	moedict-reviewed
:X0_	剖視	moedict-reviewed
:X:iB@	剖面圖	moedict-reviewed
:X;:=_FY	剖肝瀝膽	moedict-reviewed
:X;:B_Dd	剖肝泣血	moedict-reviewed
:X=X:C8M	掊斗折衡	moedict-reviewed
:X?;	剖分	moedict-reviewed
:XKD	剖別	moedict-reviewed
:XO_8Lk0	剖腹藏珠	moedict-reviewed
:XO_IX\_	剖腹手術	moedict-reviewed
:XO_^=QY	剖腹生產	moedict-reviewed
:[|{	撙省	moedict-reviewed
:\	懭	moedict-reviewed
:_	蝃	moedict-reviewed
:_	遰	moedict-reviewed
:_4@~n	弟媳婦	moedict-reviewed
:_=_	的歷	moedict-reviewed
:_=_|J6C	地利人和	moedict-reviewed
:_D@	的盧	moedict-reviewed
:_H<C_?P	地方戲曲	moedict-reviewed
:_Od	地脈	moedict-reviewed
:_a0	帝都	moedict-reviewed
:_ecl0^l	遞解出境	moedict-reviewed
:_in	弟弟	moedict-reviewed
:_l|	弟兄	moedict-reviewed
:_sz	地上	moedict-reviewed
:_zB	帝俄	moedict-reviewed
:b	戹	moedict-reviewed
:b	砈	moedict-reviewed
:b8u:bWY	惡眉惡眼	moedict-reviewed
:b:_	惡地	moedict-reviewed
:b=_3G^P	厄利垂亞	moedict-reviewed
:bF0:bp?	惡衣惡食	moedict-reviewed
:bF0yUp?	惡衣菲食	moedict-reviewed
:bF;F;	惡哏哏	moedict-reviewed
:bGW_dcf	餓莩載道	moedict-reviewed
:b`l	惡行	moedict-reviewed
:bcHoOVe	扼喉撫背	moedict-reviewed
:bp?	惡食	moedict-reviewed
:bsIA03g	啞然失笑	moedict-reviewed
:btO	顎骨	moedict-reviewed
:bwh	厄難	moedict-reviewed
:eqO?0R;	率土之濱	moedict-reviewed
:eqO_M_l	率土同慶	moedict-reviewed
:hA_];	救濟金	moedict-reviewed
:hQd	就逮	moedict-reviewed
:hRl	救應	moedict-reviewed
:hYc0_4L	就業市場	moedict-reviewed
:hiw	舅舅	moedict-reviewed
:htq	就和	moedict-reviewed
:i8:an	麵攤子	moedict-reviewed
:iL_uTkM	面不改容	moedict-reviewed
:iM@	面熟	moedict-reviewed
:iN@g:a_	面如冠玉	moedict-reviewed
:iN@zj8T	面如噀血	moedict-reviewed
:iN_F0_;	面目一新	moedict-reviewed
:iT3\o	麵疙瘩	moedict-reviewed
:i^=L_M@	面生不熟	moedict-reviewed
:ia_Ve]V	面譽背毀	moedict-reviewed
:ian	麵子	moedict-reviewed
:ianDk	面子上	moedict-reviewed
:ianDknq_`	面子上的話	moedict-reviewed
:ianDknq|J	面子上的人	moedict-reviewed
:ianYN	面子情兒	moedict-reviewed
:ian_`	面子話	moedict-reviewed
:iantf	麵子藥	moedict-reviewed
:icI	面般	moedict-reviewed
:ih]	麵碼兒	moedict-reviewed
:iqi	瞑眩	moedict-reviewed
:irA68V:	面薄腰纖	moedict-reviewed
:i}i	面分	moedict-reviewed
:j	嚫	moedict-reviewed
;1	㕷	moedict-reviewed
;1	啪	moedict-reviewed
;1>1	啪嗒	moedict-reviewed
;1_o	啪啦	moedict-reviewed
;1{o	趴下	moedict-reviewed
;8Db	彫刻	moedict-reviewed
;8DbUk	雕刻匠	moedict-reviewed
;8Db[1	雕刻家	moedict-reviewed
;8Dbt7	雕刻刀	moedict-reviewed
;8_;7i>W	鵰心雁爪	moedict-reviewed
;8iM\iDb	雕蟲篆刻	moedict-reviewed
;:4a	乾沒	moedict-reviewed
;:6C	乾和	moedict-reviewed
;:G5	乾噦	moedict-reviewed
;:Qk	乾量	moedict-reviewed
;:VO>`	甘比亞	moedict-reviewed
;:Xe8u	乾妹妹	moedict-reviewed
;:Xo	乾巴	moedict-reviewed
;:Yc	乾咽	moedict-reviewed
;:ZG	乾號	moedict-reviewed
;:^l=_Eq	乾淨俐落	moedict-reviewed
;:_>nq	乾乾兒的	moedict-reviewed
;:ff	乾落	moedict-reviewed
;:qn	肝氣	moedict-reviewed
;;4_	恩賜	moedict-reviewed
;;C7SlA_	恩威並濟	moedict-reviewed
;A	今兒	moedict-reviewed
;AL_an	夾布子	moedict-reviewed
;Arq	今兒個	moedict-reviewed
;AxqRVXo	夾著尾巴	moedict-reviewed
;XCb	某個	moedict-reviewed
;_4_=>8M	涕泗縱橫	moedict-reviewed
;_8y	替換	moedict-reviewed
;_T:=1@@	擿奸發伏	moedict-reviewed
;_]y	嚏噴	moedict-reviewed
;_an	屜子	moedict-reviewed
;_n?CRB@	擿埴索塗	moedict-reviewed
;f	禬	moedict-reviewed
;f	鞼	moedict-reviewed
;fL;an	櫃身子	moedict-reviewed
;fR0	會稽	moedict-reviewed
;fR@	鱖魚	moedict-reviewed
;fec	貴价	moedict-reviewed
;fg:	桂冠	moedict-reviewed
;fg:A0|J	桂冠詩人	moedict-reviewed
;jFkwI	腎臟癌	moedict-reviewed
;j`l	慎行	moedict-reviewed
;k0C11FM	浪得虛名	moedict-reviewed
;k8k5Jq;	浪蕩乾坤	moedict-reviewed
;kRO}F^H];L_Xi	浪子回頭金不換	moedict-reviewed
;kUG	浪濤	moedict-reviewed
<1Zo	媽媽	moedict-reviewed
<1Zo	嬤嬤	moedict-reviewed
<1Zo1g0_	媽媽教室	moedict-reviewed
<8L0	挑剔	moedict-reviewed
<8RW	佻巧	moedict-reviewed
<8rA	佻薄	moedict-reviewed
<8wluh	挑重擔	moedict-reviewed
<9{l	騶從	moedict-reviewed
<:7i	勘驗	moedict-reviewed
<:<:	看看	moedict-reviewed
<:Db	刊刻	moedict-reviewed
<:IX\e4C	看守內閣	moedict-reviewed
<:OdAL	看麥娘	moedict-reviewed
<:[1AX	看家狗	moedict-reviewed
<:[1C_	看家戲	moedict-reviewed
<:p=	看青	moedict-reviewed
<:wKan	看房子	moedict-reviewed
<;Y<	奔喪	moedict-reviewed
<;mJ	賁門	moedict-reviewed
<<aM	熏籠	moedict-reviewed
<<nHL__MB_	薰蕕不同器	moedict-reviewed
<<xN	燻魚兒	moedict-reviewed
<?	官兒	moedict-reviewed
<@0\L_=_	無往不利	moedict-reviewed
<@3>L_xgS_	無功不受祿	moedict-reviewed
<@:bL_pa	無惡不作	moedict-reviewed
<@A@L_Bk`0	無毒不丈夫	moedict-reviewed
<@CRL__d	無所不在	moedict-reviewed
<@CRL_}^	無所不至	moedict-reviewed
<@CRL_~l3@2@	無所不用其極	moedict-reviewed
<@CRparF	無所作為	moedict-reviewed
<@C]L_]_	無孔不入	moedict-reviewed
<@EiSW\_	無限小數	moedict-reviewed
<@H<	無妨	moedict-reviewed
<@J;L_`ZEi	無針不引線	moedict-reviewed
<@L`w_0M	吳下阿蒙	moedict-reviewed
<@MW<@M9	無了無休	moedict-reviewed
<@T:L_W7	無堅不摧	moedict-reviewed
<@T<p?	吳昌碩	moedict-reviewed
<@[_L__d	無處不在	moedict-reviewed
<@\=L_Nj	無徵不信	moedict-reviewed
<@]B	無著	moedict-reviewed
<@^HX<2|	無頭蒼蠅	moedict-reviewed
<@_`L_gI	無話不談	moedict-reviewed
<@`l	無行	moedict-reviewed
<@aOR7mlK_	無脊椎動物	moedict-reviewed
<@dR<@L_dR	無可無不可	moedict-reviewed
<@dRWOz?	無可匹敵	moedict-reviewed
<@g:F0L;p=	無官一身輕	moedict-reviewed
<@rFL_}^	無微不至	moedict-reviewed
<@z?<@4a	無適無莫	moedict-reviewed
<@|M2@\_	無窮級數	moedict-reviewed
<@}Fha	無回豁	moedict-reviewed
<@}U	蕪累	moedict-reviewed
<CKZ	折本	moedict-reviewed
<CLl	折秤	moedict-reviewed
<CNj	蛇信	moedict-reviewed
<C}?	闍黎	moedict-reviewed
<N	頭兒	moedict-reviewed
<X	不	moedict-reviewed
<[:<:CUk	損軍折將	moedict-reviewed
<[Mw	榫頭	moedict-reviewed
<[Uk:Cd=	損將折兵	moedict-reviewed
<[d=:CUk	損兵折將	moedict-reviewed
<[|JL_=_aO	損人不利己	moedict-reviewed
<_	昵	moedict-reviewed
<_an	泥子	moedict-reviewed
<_an	膩子	moedict-reviewed
<_r\8LQM	匿影藏形	moedict-reviewed
<_tO	泥古	moedict-reviewed
<_tOL__`	泥古不化	moedict-reviewed
<fT5	匱缺	moedict-reviewed
<f{h	愧汗	moedict-reviewed
<hLw	秀逗	moedict-reviewed
<hl03:~K	秀出班行	moedict-reviewed
<hp1YZMw	繡花枕頭	moedict-reviewed
<i0_q=}iKl	電視興奮症	moedict-reviewed
<i4L	電場	moedict-reviewed
<iRO1K~K	電子銀行	moedict-reviewed
<iROQ;6d	電子音樂	moedict-reviewed
<ia0	奠都	moedict-reviewed
<ian	店子	moedict-reviewed
<jL;	妊娠	moedict-reviewed
<jL;GK	妊娠紋	moedict-reviewed
<j_n	認識	moedict-reviewed
<j_n^j	認識論	moedict-reviewed
<j`l_krF	任性妄為	moedict-reviewed
<jnq	認得	moedict-reviewed
=1;_	發擿	moedict-reviewed
=1Dl	發怔	moedict-reviewed
=1Dl	發楞	moedict-reviewed
=1Gl	發橫	moedict-reviewed
=1T:;_@@	發奸擿伏	moedict-reviewed
=1Ve	發背	moedict-reviewed
=1Y<	發喪	moedict-reviewed
=1[]	發窘	moedict-reviewed
=1`Z;_@@	發隱擿伏	moedict-reviewed
=1ec	發解	moedict-reviewed
=1mTan	發擺子	moedict-reviewed
=1w?qn	發脾氣	moedict-reviewed
=:an	蚶子	moedict-reviewed
=;an	噴子	moedict-reviewed
=;rA	噴薄	moedict-reviewed
=;rAa_l0	噴薄欲出	moedict-reviewed
=>	嵷	moedict-reviewed
=>1gQ;6d	宗教音樂	moedict-reviewed
=>2`:1	宗喀巴	moedict-reviewed
=>8MmT6C	縱橫捭闔	moedict-reviewed
=>:X:i	縱剖面	moedict-reviewed
=>C2	縱波	moedict-reviewed
=>L;	縱深	moedict-reviewed
=>ViEi	縱貫線	moedict-reviewed
=>Z@	棕櫚	moedict-reviewed
=>tO	縱谷	moedict-reviewed
=>w4:i	縱切面	moedict-reviewed
=?	空兒	moedict-reviewed
=@	轐	moedict-reviewed
=@	醭	moedict-reviewed
=A	㭘	moedict-reviewed
=A	赮	moedict-reviewed
=AR@V_Ei	瑕瑜互見	moedict-reviewed
=AtO	俠骨	moedict-reviewed
=E	堐	moedict-reviewed
=E1_an	捱日子	moedict-reviewed
=M3@L_Ve	乘其不備	moedict-reviewed
=MEA	成窩兒	moedict-reviewed
=MF0~\rA	懲一警百	moedict-reviewed
=MI<L_bO	承當不起	moedict-reviewed
=MMd_dSOF0>P	成敗在此一舉	moedict-reviewed
=MMlK@2a	乘勝逐北	moedict-reviewed
=MRl	承應	moedict-reviewed
=M`o	成個兒	moedict-reviewed
=Man	呈子	moedict-reviewed
=Man	橙子	moedict-reviewed
=Man	程子	moedict-reviewed
=Ml@	成方兒	moedict-reviewed
=Mum	成副兒	moedict-reviewed
=M|JL_Ve	乘人不備	moedict-reviewed
=XL@	斗儲	moedict-reviewed
=XOw	抖摟	moedict-reviewed
=XTx	抖翻	moedict-reviewed
=Xan	斗子	moedict-reviewed
=X|_nqdIMw	斗大的饅頭	moedict-reviewed
=_	唳	moedict-reviewed
=_1{	力量	moedict-reviewed
=_4L	立場	moedict-reviewed
=_5EL_oi	力學不倦	moedict-reviewed
=_5_R0	酈食其	moedict-reviewed
=_?v	栗苞	moedict-reviewed
=_BXVDaO	利口捷給	moedict-reviewed
=_C:	麗山	moedict-reviewed
=_Dd	瀝血	moedict-reviewed
=_Eq	俐落	moedict-reviewed
=_Eq	利落	moedict-reviewed
=_L7Mo	立規矩	moedict-reviewed
=_L_2_^=	力不自勝	moedict-reviewed
=_L__MU3	力不同科	moedict-reviewed
=_L_mMci	力不從願	moedict-reviewed
=_O@?0:_	立足之地	moedict-reviewed
=_POiMWY	歷史重演	moedict-reviewed
=_R@L_Md?0:_	立於不敗之地	moedict-reviewed
=_[_	力畜	moedict-reviewed
=_\_	歷數	moedict-reviewed
=__o	栗喇	moedict-reviewed
=_an	利子	moedict-reviewed
=_ff	瀝澇	moedict-reviewed
=_pa	栗鑿	moedict-reviewed
=_qn	力氣	moedict-reviewed
=_qnYB	力氣活	moedict-reviewed
=_sx	力錢	moedict-reviewed
=`	鎝	moedict-reviewed
=`h=|?>`4W	薩丁尼亞島	moedict-reviewed
=d6NL_=d	謔而不虐	moedict-reviewed
=f	瘣	moedict-reviewed
=f	頮	moedict-reviewed
=f1K	誨淫	moedict-reviewed
=f1K=fcf	誨淫誨盜	moedict-reviewed
=f4L	會場	moedict-reviewed
=f6NL_Ye	惠而不費	moedict-reviewed
=f:bL_2;	諱惡不悛	moedict-reviewed
=fFfF0yK	薈萃一堂	moedict-reviewed
=fRO	會子	moedict-reviewed
=fS_3>QM	賄賂公行	moedict-reviewed
=f_;F03g	會心一笑	moedict-reviewed
=f`l	穢行	moedict-reviewed
=fcf	誨盜	moedict-reviewed
=fe0L_?0w;L9	蟪蛄不知春秋	moedict-reviewed
=fnq	會得	moedict-reviewed
=i	舚	moedict-reviewed
=k0iT3?P	抗戰歌曲	moedict-reviewed
=l	堋	moedict-reviewed
=l@0	榜笞	moedict-reviewed
=l|J	榜人	moedict-reviewed
=l}_	蹦躂	moedict-reviewed
=m	敻	moedict-reviewed
=p	過兒	moedict-reviewed
>1	嗒	moedict-reviewed
>13:an	搭班子	moedict-reviewed
>1=[	答允	moedict-reviewed
>1J`an	搭架子	moedict-reviewed
>1L0an	搭梯子	moedict-reviewed
>1Ve	搭背	moedict-reviewed
>1_o	搭拉	moedict-reviewed
>1_o	耷拉	moedict-reviewed
>1g<	答腔	moedict-reviewed
>1ln	答理	moedict-reviewed
>1yf	搭調	moedict-reviewed
>;nqJ{	悶得慌	moedict-reviewed
>>>>kMkM	從從容容	moedict-reviewed
>>G@an	蔥鬍子	moedict-reviewed
>>MW	聰了	moedict-reviewed
>>kML_3a	從容不迫	moedict-reviewed
>?J;	花兒針	moedict-reviewed
>@	醭	moedict-reviewed
>@Yc	僕射	moedict-reviewed
>@_n	樸實	moedict-reviewed
>@an	脯子	moedict-reviewed
>C	岝	moedict-reviewed
>C	簀	moedict-reviewed
>CL_	則不	moedict-reviewed
>Cg0	咋呼	moedict-reviewed
>E0`;:an	白蠟杆子	moedict-reviewed
>E>|	白淨	moedict-reviewed
>E?i	白蘞	moedict-reviewed
>E?pp1	白花花	moedict-reviewed
>EL_D0r4	白不呲咧	moedict-reviewed
>EMWMW	白了了	moedict-reviewed
>EVBap	白蘿蔔	moedict-reviewed
>E\0ik	白鎢礦	moedict-reviewed
>E]KVi	白雲觀	moedict-reviewed
>EdT?P	白雪曲	moedict-reviewed
>Elx	白天	moedict-reviewed
>EzB	白俄	moedict-reviewed
>E|s>|>|	白白淨淨	moedict-reviewed
>JVDJ:	完結篇	moedict-reviewed
>J[m	玩意兒	moedict-reviewed
>J[m	玩藝兒	moedict-reviewed
>JeY	頑癬	moedict-reviewed
>Jnq\i	玩得轉	moedict-reviewed
>J{n\i	玩不轉	moedict-reviewed
>K	慬	moedict-reviewed
>K2@MW	秦吉了	moedict-reviewed
>KObL_kG	琴瑟不調	moedict-reviewed
>KT:;_@@	擒奸摘伏	moedict-reviewed
>KofnH	秦少游	moedict-reviewed
>KtO}?	禽滑釐	moedict-reviewed
>K{l	擒縱	moedict-reviewed
>P	柜	moedict-reviewed
>P0_<@WO	舉世無匹	moedict-reviewed
>P3@L_Wl	舉棋不定	moedict-reviewed
>P3ER0	咀嚼肌	moedict-reviewed
>P>PBLBL	踽踽涼涼	moedict-reviewed
>PL_^=>P	舉不勝舉	moedict-reviewed
>PTJ	枸櫞	moedict-reviewed
>PTJs:	枸櫞酸	moedict-reviewed
>W8`an	找岔子	moedict-reviewed
>W:ian	找面子	moedict-reviewed
>W@j	爪印	moedict-reviewed
>WBban	找樂子	moedict-reviewed
>WFN	找碴兒	moedict-reviewed
>WMw	找頭	moedict-reviewed
>WZz	找尋	moedict-reviewed
>We14W	爪哇島	moedict-reviewed
>Wk@Tx	找麻煩	moedict-reviewed
>WuJ	爪痕	moedict-reviewed
>Wx>	爪尖兒	moedict-reviewed
>W{n	找補	moedict-reviewed
>]~K	懂行	moedict-reviewed
>`0C]O>`wT	亞得里亞海	moedict-reviewed
>`5_	亞裔	moedict-reviewed
>`89	亞洲	moedict-reviewed
>`89g5=11K~K	亞洲開發銀行	moedict-reviewed
>`=_C:|_:_WB	亞歷山大帝國	moedict-reviewed
>`=_C:|_|_:_	亞歷山大大帝	moedict-reviewed
>`=_Y<~_89	亞利桑那州	moedict-reviewed
>`@biI|_	亞特蘭大	moedict-reviewed
>`C_>`89	亞細亞洲	moedict-reviewed
>`D8s:	亞硝酸	moedict-reviewed
>`D8s:wI	亞硝酸鹽	moedict-reviewed
>`I<	亞當	moedict-reviewed
>`I<E08_	亞當斯密	moedict-reviewed
>`KP|;6C	亞馬孫河	moedict-reviewed
>`LbQd	亞熱帶	moedict-reviewed
>`O_	亞父	moedict-reviewed
>`ObMdsI	亞塞拜然	moedict-reviewed
>`ObPL	亞瑟王	moedict-reviewed
>`Rd:_01	亞太地區	moedict-reviewed
>`Rdo=6C=f	亞太經合會	moedict-reviewed
>`SY	軋染	moedict-reviewed
>`\_:_WB	亞述帝國	moedict-reviewed
>`]OE0s20C	亞里斯多德	moedict-reviewed
>`cfR0	軋道機	moedict-reviewed
>`h=	亞丁	moedict-reviewed
>`h=^:	亞丁灣	moedict-reviewed
>`k@	亞麻	moedict-reviewed
>`lj	亞運	moedict-reviewed
>`rAA1LY	亞伯拉罕	moedict-reviewed
>`rGN_	亞喬木	moedict-reviewed
>`vHs:	亞硫酸	moedict-reviewed
>`xU=_[1	亞美利加	moedict-reviewed
>`xU|?>`	亞美尼亞	moedict-reviewed
>`}^	軋製	moedict-reviewed
>`~=	亞東	moedict-reviewed
>d<@L;U<	略無參商	moedict-reviewed
>dCiF03:	略見一斑	moedict-reviewed
>dLjPM5_	略盡情誼	moedict-reviewed
>dMlF0hH	略勝一籌	moedict-reviewed
>dzjF0hH	略遜一籌	moedict-reviewed
>i>iL__k	念念不忘	moedict-reviewed
>iCv	念叨	moedict-reviewed
>iMw	念頭	moedict-reviewed
>i]|	念誦	moedict-reviewed
>l	踫	moedict-reviewed
>lF0v?anN7	碰一鼻子灰	moedict-reviewed
>lljqn	碰運氣	moedict-reviewed
?0	疧	moedict-reviewed
?00_	祇是	moedict-reviewed
?00_o=A_	知識經濟	moedict-reviewed
?02_L_{?	隻字不提	moedict-reviewed
?0?0	吱吱	moedict-reviewed
?0I1	枝杈	moedict-reviewed
?0JYL_Lj	知感不盡	moedict-reviewed
?0OKL_EY	隻輪不反	moedict-reviewed
?0Od	支脈	moedict-reviewed
?0R03@{J	知幾其神	moedict-reviewed
?0Zo	芝麻	moedict-reviewed
?0ZoG@	芝麻糊	moedict-reviewed
?0ZoSW0_	芝麻小事	moedict-reviewed
?0ZoUk	芝麻醬	moedict-reviewed
?0Zog:	芝麻官	moedict-reviewed
?0Zoi_lg	芝麻綠豆	moedict-reviewed
?0ZonH	芝麻油	moedict-reviewed
?0_n	支使	moedict-reviewed
?0an	梔子	moedict-reviewed
?0anp1	梔子花	moedict-reviewed
?0wKvH	脂肪瘤	moedict-reviewed
?0zn3@s?	支吾其詞	moedict-reviewed
?0}INj4L	織田信長	moedict-reviewed
?1	鉈	moedict-reviewed
?1_n	塌實	moedict-reviewed
?1_o	趿拉	moedict-reviewed
?1_of]	趿拉板兒	moedict-reviewed
?9	优	moedict-reviewed
?9	滺	moedict-reviewed
?;8_C_?]	分泌系統	moedict-reviewed
?;AMO_>C	分層負責	moedict-reviewed
?;H0	紛披	moedict-reviewed
?;~KL_>E	分行布白	moedict-reviewed
?>7{nH	松香油	moedict-reviewed
?>N|	鬆通	moedict-reviewed
?>RO	松子	moedict-reviewed
?>YcnO7:	松葉牡丹	moedict-reviewed
?>bt	鬆快	moedict-reviewed
?>rA	松柏	moedict-reviewed
?>rA4Lp=	松柏長青	moedict-reviewed
?>rArg;8	松柏後凋	moedict-reviewed
?>zj	松蕈	moedict-reviewed
?@	獏	moedict-reviewed
?@Ik	模樣	moedict-reviewed
?E	箄	moedict-reviewed
?E6_	排比	moedict-reviewed
?E<N	排頭兒	moedict-reviewed
?E^H	排頭	moedict-reviewed
?Ean?P	牌子曲	moedict-reviewed
?Eff	排澇	moedict-reviewed
?Efz	牌坊	moedict-reviewed
?Erz	排場	moedict-reviewed
?Ewh6T?;	排難解紛	moedict-reviewed
?P4@~n	娶媳婦	moedict-reviewed
?P9>zg^P	曲終奏雅	moedict-reviewed
?PP_	曲度	moedict-reviewed
?P_`	曲話	moedict-reviewed
?Px7Eb}P	曲高和寡	moedict-reviewed
?]?]	統統	moedict-reviewed
?]`Han	捅婁子	moedict-reviewed
?iCREYRl	鏈鎖反應	moedict-reviewed
?i[1an	練家子	moedict-reviewed
?i^=?P	練聲曲	moedict-reviewed
?i^=K_TO	戀生惡死	moedict-reviewed
@0	杘	moedict-reviewed
@0	胵	moedict-reviewed
@0	鴟	moedict-reviewed
@00M	鴟甍	moedict-reviewed
@0>>@0biL_@0f<	吃蔥吃蒜不吃薑	moedict-reviewed
@0D8	鴟梟	moedict-reviewed
@0G9	哧溜	moedict-reviewed
@0Lj8ky<	吃盡當光	moedict-reviewed
@0Ve	笞背	moedict-reviewed
@0XOL_?0XOJ`	吃米不知米價	moedict-reviewed
@0]`_o	吃掛絡兒	moedict-reviewed
@0_n	吃食	moedict-reviewed
@0an	痴子	moedict-reviewed
@0b[	痴長	moedict-reviewed
@0g:cn	吃官司	moedict-reviewed
@0lg~n	吃豆腐	moedict-reviewed
@0nqD8	吃得消	moedict-reviewed
@0nqEE	吃得來	moedict-reviewed
@0nqg5	吃得開	moedict-reviewed
@0qqLlTB	吃了秤砣	moedict-reviewed
@0vZ	鴟吻	moedict-reviewed
@0{n@@	吃不服	moedict-reviewed
@0{nD8	吃不消	moedict-reviewed
@0{nDk	吃不上	moedict-reviewed
@0{nEE	吃不來	moedict-reviewed
@0{nL`	吃不下	moedict-reviewed
@0{nMW	吃不了	moedict-reviewed
@0{nZ_	吃不住	moedict-reviewed
@0{ng5	吃不開	moedict-reviewed
@0{nnq	吃不得	moedict-reviewed
@0|JL_qOE@Mw	吃人不吐骨頭	moedict-reviewed
@>23	傭作	moedict-reviewed
@>6C	雍和	moedict-reviewed
@>6C3>	雍和宮	moedict-reviewed
@>H]	臃腫	moedict-reviewed
@>aO	傭給	moedict-reviewed
@@	垺	moedict-reviewed
@@	榑	moedict-reviewed
@@	泭	moedict-reviewed
@@	箙	moedict-reviewed
@@	罦	moedict-reviewed
@@	胕	moedict-reviewed
@@11	拂鬚	moedict-reviewed
@@8k	拂盪	moedict-reviewed
@@@P	拂煦	moedict-reviewed
@@Xw	扶手	moedict-reviewed
@@Yc	扶掖	moedict-reviewed
@@[1thIb	浮家泛宅	moedict-reviewed
@@]y	福分	moedict-reviewed
@@^=	伏勝	moedict-reviewed
@@_n	服侍	moedict-reviewed
@@a_	怫鬱	moedict-reviewed
@@an	浮子	moedict-reviewed
@@ea	拂落	moedict-reviewed
@@m5	夫差	moedict-reviewed
@@ml	拂動	moedict-reviewed
@@rFWlp=	扶危定傾	moedict-reviewed
@@s?	鳧茈	moedict-reviewed
@@w?mGCW	浮皮潦草	moedict-reviewed
@P	呴	moedict-reviewed
@P	糈	moedict-reviewed
@WDb	少刻	moedict-reviewed
@W{nMW	少不了	moedict-reviewed
@W{nnq	少不得	moedict-reviewed
@Zan	捲子	moedict-reviewed
@ZjPiMEE	捲甲重來	moedict-reviewed
@\f<6o	闖江湖	moedict-reviewed
@\nx	闖鍊	moedict-reviewed
@jCi	廕監	moedict-reviewed
@jKP	飲馬	moedict-reviewed
@jP_|?T0>`	印度尼西亞	moedict-reviewed
@jaO	隱几	moedict-reviewed
@jan5J	印子錢	moedict-reviewed
@jf]	印板兒	moedict-reviewed
@l>W	鳳爪	moedict-reviewed
@lA:	鳳占	moedict-reviewed
@lan	縫子	moedict-reviewed
@lg:	鳳冠	moedict-reviewed
A08M8iyS	屍橫遍野	moedict-reviewed
A0;;L__k_f	施恩不望報	moedict-reviewed
A0>1>1	溼答答	moedict-reviewed
A0L;]y	失身分	moedict-reviewed
A0an	獅子	moedict-reviewed
A0an=f	獅子會	moedict-reviewed
A0anAX	獅子狗	moedict-reviewed
A0an^H	獅子頭	moedict-reviewed
A0anpa	獅子座	moedict-reviewed
A0anrAQ_	獅子搏兔	moedict-reviewed
A0an|_g5BX	獅子大開口	moedict-reviewed
A0qn	溼氣	moedict-reviewed
A0s??P2Ps?=f0_	詩詞曲語辭匯釋	moedict-reviewed
A0~0aMEi	尸居龍見	moedict-reviewed
A0~7	失著	moedict-reviewed
A0~n	師父	moedict-reviewed
A14Lan	拉場子	moedict-reviewed
A16t	拉開	moedict-reviewed
A1JYan	拉桿子	moedict-reviewed
A1M7R|	拉虧空	moedict-reviewed
A1P|	拉攏	moedict-reviewed
A1Xo	拉巴	moedict-reviewed
A1Xo	拉拔	moedict-reviewed
A1^=dn	拉生意	moedict-reviewed
A1oT~s	拉買賣	moedict-reviewed
A:6_	佔畢	moedict-reviewed
A:7i	占驗	moedict-reviewed
A:?l	占夢	moedict-reviewed
A:@l	占鳳	moedict-reviewed
A:Db	占課	moedict-reviewed
A:Kb	占射	moedict-reviewed
A:L;	占身	moedict-reviewed
A:Md	占拜	moedict-reviewed
A:Q=POeI	占風使帆	moedict-reviewed
A:Ri	占斷	moedict-reviewed
A:]`	占卦	moedict-reviewed
A:^;	占親	moedict-reviewed
A:lO	占卜	moedict-reviewed
A:rg	占候	moedict-reviewed
A:|J	占人	moedict-reviewed
A@0iOG^H	獨占鼇頭	moedict-reviewed
A@2iMl4L	獨擅勝場	moedict-reviewed
A@?P	獨曲	moedict-reviewed
A@L_kRIX	讀不捨手	moedict-reviewed
A@Yc	毒液	moedict-reviewed
A@\_F04C	獨樹一格	moedict-reviewed
A@`04KYF	獨夫民賊	moedict-reviewed
A@m03aMioi	讀書破萬卷	moedict-reviewed
A@m_F04C	獨具一格	moedict-reviewed
A@okF04C	獨創一格	moedict-reviewed
A@x_F0H<	獨霸一方	moedict-reviewed
AL0{	娘娘	moedict-reviewed
AL0{g<	娘娘腔	moedict-reviewed
AL7Wan	娘老子	moedict-reviewed
ALyo	娘家	moedict-reviewed
AL}nan	娘母子	moedict-reviewed
AMEiODl0	層見疊出	moedict-reviewed
AMl0ODEi	層出疊見	moedict-reviewed
AN	猴兒	moedict-reviewed
AR@>0C4L	佐饔得嘗	moedict-reviewed
ARIXL_t2}gIX	左手不托右手	moedict-reviewed
ARh[an	左嗓子	moedict-reviewed
AR{nfa	左不過	moedict-reviewed
AXYF	狗賊	moedict-reviewed
AXeVlnHENXWk~@	狗嘴裡還有象牙	moedict-reviewed
AY	匼	moedict-reviewed
AY\y	俺們	moedict-reviewed
AZL_YcYe	犬不夜吠	moedict-reviewed
A]	儱	moedict-reviewed
A]an	攏子	moedict-reviewed
A]wl	隴種	moedict-reviewed
A_	徛	moedict-reviewed
A_	鬾	moedict-reviewed
A_0\L_:h	既往不咎	moedict-reviewed
A_0\L_:h	既往不究	moedict-reviewed
A_0_?0QE	濟世之才	moedict-reviewed
A_3E[KPL	繼絕存亡	moedict-reviewed
A_:b	濟惡	moedict-reviewed
A_BL	計量	moedict-reviewed
A_Ml?0m_	濟勝之具	moedict-reviewed
A__`o=A_	計畫經濟	moedict-reviewed
A_`_5E3g	寄宿學校	moedict-reviewed
A_`j@@rF	濟困扶危	moedict-reviewed
A_nq	記得	moedict-reviewed
A_s?	濟慈	moedict-reviewed
A_|J	濟人	moedict-reviewed
Ab	眲	moedict-reviewed
AbOb	訥澀	moedict-reviewed
Af	錣	moedict-reviewed
B1>N	旮旯兒	moedict-reviewed
B1?0	嘎吱	moedict-reviewed
B1Xo	嘎巴	moedict-reviewed
B8	噍	moedict-reviewed
B85_kO	交誼舞	moedict-reviewed
B8EEtO:_	膠萊谷地	moedict-reviewed
B8K_	交惡	moedict-reviewed
B8Mw	澆頭	moedict-reviewed
B8V_	焦穫	moedict-reviewed
B8aM0C]K2P	蛟龍得雲雨	moedict-reviewed
B8an	交子	moedict-reviewed
B8eG	僬僥	moedict-reviewed
B8mGiM	蟭蟟蟲	moedict-reviewed
B8{l	嬌縱	moedict-reviewed
B:	裧	moedict-reviewed
B:ha	摻和	moedict-reviewed
B:ha	攙和	moedict-reviewed
B@	悇	moedict-reviewed
B@:_	塗地	moedict-reviewed
B@:_	突地	moedict-reviewed
B@L_I<~0	徒步當車	moedict-reviewed
B@|?T0>`	突尼西亞	moedict-reviewed
B@|MVOEi	圖窮匕見	moedict-reviewed
BL	俍	moedict-reviewed
BL<j3>	梁任公	moedict-reviewed
BLan	梁子	moedict-reviewed
BLba	量度	moedict-reviewed
BLec	良价	moedict-reviewed
BLoO1K	梁父吟	moedict-reviewed
BLx@	涼茶	moedict-reviewed
BW1^	早點兒	moedict-reviewed
BWA:K_tf	早占勿藥	moedict-reviewed
BWsz	早上	moedict-reviewed
BX=f6Np?L_}^	口惠而實不至	moedict-reviewed
BXDd2f;:	口血未乾	moedict-reviewed
BXQE8iaO	口才辨給	moedict-reviewed
BXl0L_zj	口出不遜	moedict-reviewed
BYDkWlh=	板上釘釘	moedict-reviewed
BZyf	選調	moedict-reviewed
B]4a	鞏膜	moedict-reviewed
B]IX23F0	拱手作揖	moedict-reviewed
B_	犵	moedict-reviewed
B_0_F<rA	氣勢磅礴	moedict-reviewed
B_1{	氣量	moedict-reviewed
B_7WO@	仡佬族	moedict-reviewed
B_@|	氣性	moedict-reviewed
B_DY}^0C	氣滿志得	moedict-reviewed
B_Dd	氣血	moedict-reviewed
B_Dd	泣血	moedict-reviewed
B_FM6dB_	氣鳴樂器	moedict-reviewed
B_Ik	棄養	moedict-reviewed
B_L_EM	氣不平	moedict-reviewed
B_L_fa	氣不過	moedict-reviewed
B_L_}i	氣不忿	moedict-reviewed
B_M9M9	氣咻咻	moedict-reviewed
B_Ob	氣塞	moedict-reviewed
B_Od	氣脈	moedict-reviewed
B_RO	跂訾	moedict-reviewed
B_WkF0_;	氣象一新	moedict-reviewed
B_X[	犵黨	moedict-reviewed
B_[3o0Hj	汽車租賃	moedict-reviewed
B__k	跂望	moedict-reviewed
B_p7an	氣包子	moedict-reviewed
B_pa	跂坐	moedict-reviewed
B_}s	氣派	moedict-reviewed
Bb0C	樂得	moedict-reviewed
Bb4a	肋膜	moedict-reviewed
Bb4awI	肋膜炎	moedict-reviewed
Bb6C	樂和	moedict-reviewed
Bb;k	樂浪	moedict-reviewed
BbL_dR2@	樂不可極	moedict-reviewed
BbOb4L	垃圾場	moedict-reviewed
BbOb?;]e	垃圾分類	moedict-reviewed
BbOb}F:9	垃圾回收	moedict-reviewed
Bd^HBd6W	倔頭倔腦	moedict-reviewed
BjR0nOFM	牝雞牡鳴	moedict-reviewed
BjnO	牝牡	moedict-reviewed
BjnO}?[L	牝牡驪黃	moedict-reviewed
Bkan	障子	moedict-reviewed
C04p	滋味兒	moedict-reviewed
C0C0L_oi	孜孜不倦	moedict-reviewed
C0KZ0_4L	資本市場	moedict-reviewed
C0T:	仔肩	moedict-reviewed
C0W7	齊衰	moedict-reviewed
C0|f{O]O	資料處理	moedict-reviewed
C1]O	咖哩	moedict-reviewed
C1_o	哈喇	moedict-reviewed
C2	嚗	moedict-reviewed
C20_|?>`	波士尼亞	moedict-reviewed
C22PmG]K	撥雨撩雲	moedict-reviewed
C2C2	趵趵	moedict-reviewed
C2DdiR	剝削者	moedict-reviewed
C2NFVBkO?P	波雷羅舞曲	moedict-reviewed
C2T0XO>`	波希米亞	moedict-reviewed
C2]KmG2P	撥雲撩雨	moedict-reviewed
C2]O|?T0>`	波里尼西亞	moedict-reviewed
C2]O|?T0>`|J	波里尼西亞人	moedict-reviewed
C2ap	餑餑	moedict-reviewed
C2e]RPkO?P	波爾卡舞曲	moedict-reviewed
C2e]s2	波爾多	moedict-reviewed
C2iIkO?P	波蘭舞曲	moedict-reviewed
C2ln	玻璃	moedict-reviewed
C2ln1=	玻璃窗	moedict-reviewed
C2ln@@;8	玻璃浮雕	moedict-reviewed
C2lnE0	玻璃絲	moedict-reviewed
C2lnE0T`	玻璃絲襪	moedict-reviewed
C2lnL_	玻璃布	moedict-reviewed
C2lnM<	玻璃鋼	moedict-reviewed
C2lnNO	玻璃紙	moedict-reviewed
C2lnNZ	玻璃粉	moedict-reviewed
C2lnV:rF	玻璃纖維	moedict-reviewed
C2ln[O	玻璃體	moedict-reviewed
C2lnm:	玻璃磚	moedict-reviewed
C2lnrFN_	玻璃帷幕	moedict-reviewed
C7	溦	moedict-reviewed
C7	蜲	moedict-reviewed
C7NjDW:_	威信掃地	moedict-reviewed
C7XO	萎靡	moedict-reviewed
C7XOL_9j	萎靡不振	moedict-reviewed
C7e]kj	威爾遜	moedict-reviewed
C7kOL_01	威武不屈	moedict-reviewed
C8	蹺	moedict-reviewed
C8[1	蹺家	moedict-reviewed
C:	彡	moedict-reviewed
C:	膻	moedict-reviewed
C:	襂	moedict-reviewed
C:N=9>Rl	山崩鐘應	moedict-reviewed
C:Od	山脈	moedict-reviewed
C:T0E<an	山西梆子	moedict-reviewed
C:Tv	山藥	moedict-reviewed
C:Tvuh	山藥蛋	moedict-reviewed
C:UG	山濤	moedict-reviewed
C:aO	山脊	moedict-reviewed
C:e1	山凹	moedict-reviewed
C:ha	煽惑	moedict-reviewed
C:iMcVO_	山重水複	moedict-reviewed
C:nOM@<o	山姆叔叔	moedict-reviewed
C:~=E<an	山東梆子	moedict-reviewed
C?	齣兒	moedict-reviewed
CE1gan	抬轎子	moedict-reviewed
CELl	抬秤	moedict-reviewed
CM<N	迎頭兒	moedict-reviewed
CMC_	縈繫	moedict-reviewed
CMU:}UMi	盈千累萬	moedict-reviewed
CMU:}UmT	盈千累百	moedict-reviewed
CMan	蠅子	moedict-reviewed
CMz<	盈眶	moedict-reviewed
CR	惢	moedict-reviewed
CRMw	鎖頭	moedict-reviewed
CRVB>`E00C	瑣羅亞斯德	moedict-reviewed
CRan	索子	moedict-reviewed
CRtO	鎖骨	moedict-reviewed
CW2_<N	草字頭兒	moedict-reviewed
CW:e:9d=	草率收兵	moedict-reviewed
CW<ian	草墊子	moedict-reviewed
CW<ian	草甸子	moedict-reviewed
CWCE3:an	草臺班子	moedict-reviewed
CWDYKM2P	草滿囹圄	moedict-reviewed
CWYc2@	草葉集	moedict-reviewed
CWb[c=j6	草長鶯飛	moedict-reviewed
C]L]	倥傯	moedict-reviewed
C]L_}iRO	恐怖分子	moedict-reviewed
C_	匸	moedict-reviewed
C_	妎	moedict-reviewed
C_	扢	moedict-reviewed
C_	潝	moedict-reviewed
C_	籺	moedict-reviewed
C_	緆	moedict-reviewed
C_0_	繫世	moedict-reviewed
C_68	繫腰	moedict-reviewed
C_6NL_p?	繫而不食	moedict-reviewed
C_7R	繫裹	moedict-reviewed
C_:_	隙地	moedict-reviewed
C_>W	繫爪	moedict-reviewed
C_?P	細曲	moedict-reviewed
C_?i	繫戀	moedict-reviewed
C_@@	繫縛	moedict-reviewed
C_K9	細究	moedict-reviewed
C_KM6TKM	繫鈴解鈴	moedict-reviewed
C_L_kMLP	細不容髮	moedict-reviewed
C_NJ0=	繫船樁	moedict-reviewed
C_NO	繫趾	moedict-reviewed
C_Q=lOr\	繫風捕影	moedict-reviewed
C_Q=lOr\	繫風捕景	moedict-reviewed
C_TJan	戲園子	moedict-reviewed
C_Ul	繫命	moedict-reviewed
C_Z_	繫住	moedict-reviewed
C_Zv	細挑	moedict-reviewed
C__fan	戲報子	moedict-reviewed
C_`l	細行	moedict-reviewed
C_a_	繫獄	moedict-reviewed
C_ol	戲弄	moedict-reviewed
C_qG	細嚼	moedict-reviewed
C_qGsh7i	細嚼慢嚥	moedict-reviewed
C_~\	繫頸	moedict-reviewed
Cb2_rF0i	各自為戰	moedict-reviewed
CbCb	個個	moedict-reviewed
CbQv	虼蚤	moedict-reviewed
Cd6o	確乎	moedict-reviewed
Cd9j	怯陣	moedict-reviewed
CdCd	怯怯	moedict-reviewed
CdKl	怯症	moedict-reviewed
CdL_	卻不	moedict-reviewed
CdL`	闕下	moedict-reviewed
Cd^=	怯生	moedict-reviewed
Cd^=CdB_	怯聲怯氣	moedict-reviewed
Cdpa	確鑿	moedict-reviewed
Cdqf	鵲噪	moedict-reviewed
Cf8i	蛻變	moedict-reviewed
CfWYq=?>	睡眼惺忪	moedict-reviewed
Cf{n~7	睡不著	moedict-reviewed
Ci2eL_2e	見怪不怪	moedict-reviewed
Ci4Cif	間隔號	moedict-reviewed
Ci6_	間壁	moedict-reviewed
Ci8L@j	鑑藏印	moedict-reviewed
Ci@l:hq:	見縫就鑽	moedict-reviewed
CiC_	閒隙	moedict-reviewed
CiCi	濺濺	moedict-reviewed
CiE@Mw	賤骨頭	moedict-reviewed
CiIPan	箭靶子	moedict-reviewed
CiKD	間別	moedict-reviewed
CiKZ	監本	moedict-reviewed
CiL;]O	間深裡	moedict-reviewed
CiL_11=1	箭不虛發	moedict-reviewed
CiMw	薦頭	moedict-reviewed
CiMw<i	薦頭店	moedict-reviewed
CiOb	間色	moedict-reviewed
CiQ=POeI	見風使帆	moedict-reviewed
CiR0	見幾	moedict-reviewed
CiR06Npa	見幾而作	moedict-reviewed
CiTOL_:h	見死不救	moedict-reviewed
Ci^=	監生	moedict-reviewed
Cian	腱子	moedict-reviewed
Cicf	間道	moedict-reviewed
Cil0	間出	moedict-reviewed
CirA	建白	moedict-reviewed
Civ4I7]O	間接推理	moedict-reviewed
Civ4Klm_	間接證據	moedict-reviewed
Civ4o=7i	間接經驗	moedict-reviewed
CivY[_	建管處	moedict-reviewed
Ck?P	唱曲	moedict-reviewed
CkA@QWC_	唱獨角戲	moedict-reviewed
D0~@ogeV	雌牙露嘴	moedict-reviewed
D1=_S_>`	哈利路亞	moedict-reviewed
D1=`Dbql6CWB	哈薩克共和國	moedict-reviewed
D1_o	哈喇	moedict-reviewed
D1_o	哈拉	moedict-reviewed
D1p@an	哈喇子	moedict-reviewed
D2O_	頗覆	moedict-reviewed
D2_o	潑辣	moedict-reviewed
D2l0FYan	潑出膽子	moedict-reviewed
D8	嘵	moedict-reviewed
D8	揱	moedict-reviewed
D8	猇	moedict-reviewed
D88|	消停	moedict-reviewed
D8<C	消折	moedict-reviewed
D8C23e	消波塊	moedict-reviewed
D8IM	猇亭	moedict-reviewed
D8Uk	梟將	moedict-reviewed
D8_`Yc	消化液	moedict-reviewed
D8eG2_0C	逍遙自得	moedict-reviewed
D8hH6T|i	消愁解悶	moedict-reviewed
D8m0	蕭疏	moedict-reviewed
D8xg	削瘦	moedict-reviewed
D9	乣	moedict-reviewed
D9:ian	丟面子	moedict-reviewed
D;7_4o	跟屁股	moedict-reviewed
D;L_Dk	跟不上	moedict-reviewed
D;Mw	跟頭	moedict-reviewed
D;MwiM	跟頭蟲	moedict-reviewed
D;an	根子	moedict-reviewed
DJik	團礦	moedict-reviewed
DJjN	團龍兒	moedict-reviewed
DJ~K	團行	moedict-reviewed
DW8|	掃聽	moedict-reviewed
DWSv	嫂嫂	moedict-reviewed
DW\_	掃數	moedict-reviewed
DW`0ky	嫂夫人	moedict-reviewed
DY:Wrq	滿好個	moedict-reviewed
DYBXRl=M	滿口應承	moedict-reviewed
DYL__d6o	滿不在乎	moedict-reviewed
DYeI	滿帆	moedict-reviewed
D]	嗊	moedict-reviewed
D]`i	哄賺	moedict-reviewed
D]ol	哄弄	moedict-reviewed
Db	錁	moedict-reviewed
Db3>	刻工	moedict-reviewed
Db;j	恪慎	moedict-reviewed
Db@j	刻印	moedict-reviewed
DbDb	刻刻	moedict-reviewed
DbE05Jan	克絲鉗子	moedict-reviewed
DbIX	恪守	moedict-reviewed
DbO@0_m_	刻足適屨	moedict-reviewed
DbP_	刻度	moedict-reviewed
DbZ_	刻著	moedict-reviewed
Db]OXO>`0i\=	克里米亞戰爭	moedict-reviewed
Db_`	刻劃	moedict-reviewed
Db_`	刻畫	moedict-reviewed
Dban	錁子	moedict-reviewed
Dboi	課卷	moedict-reviewed
Dbp?	刻石	moedict-reviewed
Dbqn_`	客氣話	moedict-reviewed
DbuJ	刻痕	moedict-reviewed
Dbz;	恪遵	moedict-reviewed
Dd	吷	moedict-reviewed
Dd	烕	moedict-reviewed
Dd0TN@|?	削鐵如泥	moedict-reviewed
Dd6_	削壁	moedict-reviewed
Dd=M	削成	moedict-reviewed
DdBX=;|J	血口噴人	moedict-reviewed
DdB_	血氣	moedict-reviewed
DdB_?0O]	血氣之勇	moedict-reviewed
DdB_H<M<	血氣方剛	moedict-reviewed
DdKZ	血本	moedict-reviewed
DdKZ<@L7	血本無歸	moedict-reviewed
DdL@	削除	moedict-reviewed
DdLP	削髮	moedict-reviewed
DdLPH0C0	削髮披緇	moedict-reviewed
DdLPrFb=	削髮為僧	moedict-reviewed
DdNO0_m_	削趾適屨	moedict-reviewed
DdO@0_:P	削足適履	moedict-reviewed
DdR@	血餘	moedict-reviewed
DdcY	削減	moedict-reviewed
Ddn?	削職	moedict-reviewed
Ddoa	削弱	moedict-reviewed
DdrA	血泊	moedict-reviewed
DdvH88{O	血流漂杵	moedict-reviewed
DdvH=M6C	血流成河	moedict-reviewed
DdvHN@Z_	血流如注	moedict-reviewed
Ddy<?0p5	血光之災	moedict-reviewed
Dd{H	削球	moedict-reviewed
Df2fdRX[	銳未可當	moedict-reviewed
DfL_dRX[	銳不可當	moedict-reviewed
Dfpa	枘鑿	moedict-reviewed
Di	傔	moedict-reviewed
Di	縴	moedict-reviewed
Di9P}?RK	倩女離魂	moedict-reviewed
DiV_	縴戶	moedict-reviewed
Di`0	縴夫	moedict-reviewed
DiwI	嵌巖	moedict-reviewed
Dk4L	上場	moedict-reviewed
Dk4t	上來	moedict-reviewed
DkBLL_Kl	上梁不正	moedict-reviewed
DkBLL_KlL`BL:6	上梁不正下梁歪	moedict-reviewed
DkL_0CCEcI	上不得臺盤	moedict-reviewed
DkL_MWCE:i	上不了臺面	moedict-reviewed
DkMl	上乘	moedict-reviewed
DkN:]_:_	上天入地	moedict-reviewed
DkNo	上去	moedict-reviewed
DkX[E<an	上黨梆子	moedict-reviewed
Dk]y	上分	moedict-reviewed
Dka0	上都	moedict-reviewed
Dkgx	上邊	moedict-reviewed
Dkix	上面	moedict-reviewed
DkqqGf<o	上了歲數	moedict-reviewed
DkxY	上浣	moedict-reviewed
Dk|M6_eaL`[LaJ	上窮碧落下黃泉	moedict-reviewed
Dk}^	上知	moedict-reviewed
Dk~Ipn	上年紀	moedict-reviewed
Dl<Np=	愣頭兒青	moedict-reviewed
DlDl	怔怔	moedict-reviewed
DlYP	愣神兒	moedict-reviewed
DlanWY	楞子眼	moedict-reviewed
E0	螄	moedict-reviewed
E0	釃	moedict-reviewed
E0=_3g2f	司隸校尉	moedict-reviewed
E0L_l02f	思不出位	moedict-reviewed
E0_;8LT:	私心藏奸	moedict-reviewed
E0ea=1Dbql6CWB	斯洛伐克共和國	moedict-reviewed
E2L_^G^H6W	摸不著頭腦	moedict-reviewed
E2Rq	摸索	moedict-reviewed
E2^G	摸著	moedict-reviewed
E:	䐶	moedict-reviewed
E:	篸	moedict-reviewed
E<ang<	梆子腔	moedict-reviewed
E<rqc[an	幫個場子	moedict-reviewed
E@3o	骨碌	moedict-reviewed
E@MwJ`an	骨頭架子	moedict-reviewed
E@S_3o	骨碌碌	moedict-reviewed
E@lnE@S_	骨裡骨碌	moedict-reviewed
EA4p	娃娃	moedict-reviewed
EA4p0=	娃娃裝	moedict-reviewed
EA4pR@	娃娃魚	moedict-reviewed
EA4p[3	娃娃車	moedict-reviewed
EA4p^=	娃娃生	moedict-reviewed
EE	倈	moedict-reviewed
EE	猍	moedict-reviewed
EE4t	來來	moedict-reviewed
EE?0L_5_	來之不易	moedict-reviewed
EEMw	來頭	moedict-reviewed
EEMwL_SW	來頭不小	moedict-reviewed
EEiRL_2i	來者不善	moedict-reviewed
EEiRL_m_	來者不拒	moedict-reviewed
EM	洴	moedict-reviewed
EM	鵧	moedict-reviewed
EM11a_Q=	馮虛御風	moedict-reviewed
EM7R_Y	蘋果臉	moedict-reviewed
EM7Rs:	蘋果酸	moedict-reviewed
EM:<D8Yep=Wk	平均消費傾向	moedict-reviewed
EM:_F0^=NF	平地一聲雷	moedict-reviewed
EM:i;8Db	平面雕刻	moedict-reviewed
EM:ian	平面子	moedict-reviewed
EMEM8k8k	平平當當	moedict-reviewed
EMO__c	平復帖	moedict-reviewed
EMQMOd	平行脈	moedict-reviewed
EMQMYcOd	平行葉脈	moedict-reviewed
EMS_	平陸	moedict-reviewed
EMT0	平溪	moedict-reviewed
EM^0	平鋪	moedict-reviewed
EM^=L_paM7_;0_	平生不做虧心事	moedict-reviewed
EMmOO@	平埔族	moedict-reviewed
EMoi	評卷	moedict-reviewed
EN	姪兒	moedict-reviewed
EW0_	夭逝	moedict-reviewed
EW3E	咬嚼	moedict-reviewed
EW6CL_Kl	咬合不正	moedict-reviewed
EW:C	夭折	moedict-reviewed
EWGKqG2_	咬文嚼字	moedict-reviewed
EWe]Bq	咬耳朵	moedict-reviewed
EYAZJP	反犬旁兒	moedict-reviewed
EYO_L_F0	反覆不一	moedict-reviewed
EYO_L_Wl	反覆不定	moedict-reviewed
EYYF	反賊	moedict-reviewed
EYf<	反將	moedict-reviewed
EYfc	反切	moedict-reviewed
EYp=D8Cf	反傾銷稅	moedict-reviewed
EYtP	反文兒	moedict-reviewed
Eb	嗃	moedict-reviewed
EbEb	嚇嚇	moedict-reviewed
EbF:	喝參	moedict-reviewed
EbNO	喝止	moedict-reviewed
Ebcf1U	喝倒采	moedict-reviewed
Eb~^	喝斥	moedict-reviewed
EfSW3>Ve\_	最小公倍數	moedict-reviewed
Efy=?05_L__dZX	醉翁之意不在酒	moedict-reviewed
Ef|_3>G5\_	最大公約數	moedict-reviewed
Ei2;	線圈	moedict-reviewed
Ei4L	現場	moedict-reviewed
Ei5J	見錢	moedict-reviewed
Ei<N	線頭兒	moedict-reviewed
Eif]	線板兒	moedict-reviewed
Eiha0_4L	現貨市場	moedict-reviewed
El;j	更甚	moedict-reviewed
ElDkF0AM`H	更上一層樓	moedict-reviewed
ElMlF0hH	更勝一籌	moedict-reviewed
El^=	更生	moedict-reviewed
El^=0WV_	更生保護	moedict-reviewed
EmALan	二娘子	moedict-reviewed
EmDlan	二愣子	moedict-reviewed
EmJYan	二桿子	moedict-reviewed
EmJYanw?qn	二桿子脾氣	moedict-reviewed
EmU:uh	二千石	moedict-reviewed
Em\0ln	二屋裡	moedict-reviewed
Em\i	二傳	moedict-reviewed
Emhatf	二和藥	moedict-reviewed
EmmJL_l0	二門不出	moedict-reviewed
Emp?:1<h	二十八宿	moedict-reviewed
EmvHan	二流子	moedict-reviewed
Emw2^H	二鍋頭	moedict-reviewed
EmznWY	二五眼	moedict-reviewed
En	圈兒	moedict-reviewed
F0	殹	moedict-reviewed
F001	一曲	moedict-reviewed
F00C	一得	moedict-reviewed
F00C?0Ci	一得之見	moedict-reviewed
F00CF0_;	一德一心	moedict-reviewed
F00J	一連	moedict-reviewed
F00J]i	一連串	moedict-reviewed
F00WWY@@	一飽眼福	moedict-reviewed
F00\MPLj	一網打盡	moedict-reviewed
F00\PML;	一往情深	moedict-reviewed
F00\n?5J	一往直前	moedict-reviewed
F011g0	噫吁戲	moedict-reviewed
F01^	一點兒	moedict-reviewed
F01gx7L`	一較高下	moedict-reviewed
F01i	一剗	moedict-reviewed
F02=	一雙	moedict-reviewed
F02P3a:_	一語破的	moedict-reviewed
F02P=M:j	一語成讖	moedict-reviewed
F02P=ML9	一雨成秋	moedict-reviewed
F02PL_=1	一語不發	moedict-reviewed
F02Pcf3a	一語道破	moedict-reviewed
F02Pwl:_	一語中的	moedict-reviewed
F02_L_0_	一字不識	moedict-reviewed
F02_L_{?	一字不提	moedict-reviewed
F038	一遭	moedict-reviewed
F03:	一班	moedict-reviewed
F03:	一般	moedict-reviewed
F03:6NwI	一般而言	moedict-reviewed
F03:Ci0_	一般見識	moedict-reviewed
F03:`l	一般性	moedict-reviewed
F03@	一齊	moedict-reviewed
F03E	一絕	moedict-reviewed
F03E	一角	moedict-reviewed
F03ED0}M	一決雌雄	moedict-reviewed
F03EL_9j	一蹶不振	moedict-reviewed
F03EMlO_	一決勝負	moedict-reviewed
F03GanoT~s	一錘子買賣	moedict-reviewed
F03KF03g	一顰一笑	moedict-reviewed
F03KN@cO	一貧如洗	moedict-reviewed
F03Rp1	一朵花	moedict-reviewed
F04@?0:_	一席之地	moedict-reviewed
F04@Dk[K	一息尚存	moedict-reviewed
F04@_`	一席話	moedict-reviewed
F04EF0RU	一瘸一拐	moedict-reviewed
F04L4>	一場空	moedict-reviewed
F04LF0rY	一長一短	moedict-reviewed
F04Lw;?l	一場春夢	moedict-reviewed
F04a	一抹	moedict-reviewed
F05>6N6i	一哄而散	moedict-reviewed
F05>6NDk	一哄而上	moedict-reviewed
F05JL_n?	一錢不值	moedict-reviewed
F06:	一番	moedict-reviewed
F06C	一和	moedict-reviewed
F06[	一准	moedict-reviewed
F06[	一準	moedict-reviewed
F06h:6XD	一溜歪斜	moedict-reviewed
F06hH:	一溜煙	moedict-reviewed
F07f	一對	moedict-reviewed
F08`~_	一剎那	moedict-reviewed
F09Kqh4Q	一鱗半爪	moedict-reviewed
F09R	一伙	moedict-reviewed
F09R	一夥	moedict-reviewed
F09R	一火	moedict-reviewed
F0:1b[	一巴掌	moedict-reviewed
F0:>`lan	一沖性子	moedict-reviewed
F0:P	一縷	moedict-reviewed
F0;:	一干	moedict-reviewed
F0;:Em^l	一乾二淨	moedict-reviewed
F0;:an	一竿子	moedict-reviewed
F0;\	一晃	moedict-reviewed
F0;\WY	一晃眼	moedict-reviewed
F0<@0_[_	一無是處	moedict-reviewed
F0<@BkK_	一無長物	moedict-reviewed
F0<@CR0C	一無所得	moedict-reviewed
F0<@CR4L	一無所長	moedict-reviewed
F0<@CR?0	一無所知	moedict-reviewed
F0<@CRNX	一無所有	moedict-reviewed
F0<@CRha	一無所獲	moedict-reviewed
F0<@dR?P	一無可取	moedict-reviewed
F0=1	一發	moedict-reviewed
F0=1L_dR:9_n	一發不可收拾	moedict-reviewed
F0=M	一成	moedict-reviewed
F0=M	一程	moedict-reviewed
F0=ML_8i	一成不變	moedict-reviewed
F0=Man	一程子	moedict-reviewed
F0>?	一忽兒	moedict-reviewed
F0>C	一則	moedict-reviewed
F0>P	一舉	moedict-reviewed
F0>P=M>K	一舉成擒	moedict-reviewed
F0>P=MFM	一舉成名	moedict-reviewed
F0>PF0ml	一舉一動	moedict-reviewed
F0>P\_0C	一舉數得	moedict-reviewed
F0>Pq[0C	一舉兩得	moedict-reviewed
F0?0A@<h	一枝獨秀	moedict-reviewed
F0?0p1	一枝花	moedict-reviewed
F0?0qh6T	一知半解	moedict-reviewed
F0?0w;	一枝春	moedict-reviewed
F0?1G@B@	一塌糊塗	moedict-reviewed
F0?;	一分	moedict-reviewed
F0?P	一曲	moedict-reviewed
F0?P:Lg:	一曲陽關	moedict-reviewed
F0?PU:];	一曲千金	moedict-reviewed
F0?]	一統	moedict-reviewed
F0?]N:L`	一統天下	moedict-reviewed
F0A0O@=MU:tO5j	一失足成千古恨	moedict-reviewed
F0AM	一層	moedict-reviewed
F0BW	一早	moedict-reviewed
F0BX	一口	moedict-reviewed
F0BX@0rq5kan	一口吃個胖子	moedict-reviewed
F0BXB_	一口氣	moedict-reviewed
F0BXEWWl	一口咬定	moedict-reviewed
F0BXgm	一口價兒	moedict-reviewed
F0BXth	一口飯	moedict-reviewed
F0BYF0WY	一板一眼	moedict-reviewed
F0B_	一氣	moedict-reviewed
F0B_?0L`	一氣之下	moedict-reviewed
F0B_V3=M	一氣呵成	moedict-reviewed
F0C2	一波	moedict-reviewed
F0C2G::C	一波三折	moedict-reviewed
F0C7	依偎	moedict-reviewed
F0CWF0N_	一草一木	moedict-reviewed
F0C]?0Ci	一孔之見	moedict-reviewed
F0C^	衣補兒	moedict-reviewed
F0Ci	一間	moedict-reviewed
F0DJ	一團	moedict-reviewed
F0DJ38	一團糟	moedict-reviewed
F0DJ6CB_	一團和氣	moedict-reviewed
F0DW	一掃	moedict-reviewed
F0DW6N4>	一掃而空	moedict-reviewed
F0DW6Ny<	一掃而光	moedict-reviewed
F0E0	一絲	moedict-reviewed
F0E0F0ZG	一絲一毫	moedict-reviewed
F0E0L_]`	一絲不掛	moedict-reviewed
F0E<	一幫	moedict-reviewed
F0E@3o	一骨碌	moedict-reviewed
F0EE	一來	moedict-reviewed
F0EEF00\	一來一往	moedict-reviewed
F0EY4LRd	一反常態	moedict-reviewed
F0FM	一名	moedict-reviewed
F0FMo=|J	一鳴驚人	moedict-reviewed
F0FW	一表	moedict-reviewed
F0FW|JQE	一表人才	moedict-reviewed
F0G@?05_	一狐之腋	moedict-reviewed
F0GK	一文	moedict-reviewed
F0GKL_FM	一文不名	moedict-reviewed
F0GKL_n?	一文不值	moedict-reviewed
F0H0	一批	moedict-reviewed
F0H7	一堆	moedict-reviewed
F0H<	一方	moedict-reviewed
F0H<:i	一方面	moedict-reviewed
F0I:	一邊	moedict-reviewed
F0IP	一把	moedict-reviewed
F0IPIX	一把手	moedict-reviewed
F0IPt1	一把抓	moedict-reviewed
F0IXZ3N:	一手遮天	moedict-reviewed
F0IXp7qh	一手包辦	moedict-reviewed
F0IX{?i@	一手提拔	moedict-reviewed
F0IY	一覽	moedict-reviewed
F0IY<@R@	一覽無餘	moedict-reviewed
F0IY<@u?	一覽無遺	moedict-reviewed
F0IYFW	一覽表	moedict-reviewed
F0IYan	一攬子	moedict-reviewed
F0Ik_`G@3o	依樣畫葫蘆	moedict-reviewed
F0J:	一偏	moedict-reviewed
F0J;Ci8T	一針見血	moedict-reviewed
F0KPI<V:	一馬當先	moedict-reviewed
F0KXMW?0	一走了之	moedict-reviewed
F0KZ	一本	moedict-reviewed
F0KZKlo=	一本正經	moedict-reviewed
F0KZMi=_	一本萬利	moedict-reviewed
F0KZl09>	一本初衷	moedict-reviewed
F0L9?06C	一丘之貉	moedict-reviewed
F0L;	一身	moedict-reviewed
F0L;0_FY	一身是膽	moedict-reviewed
F0L;q[5_	一身兩役	moedict-reviewed
F0LPQG}^	依法炮製	moedict-reviewed
F0LPU::<	一髮千鈞	moedict-reviewed
F0L]	一總	moedict-reviewed
F0L_	一步	moedict-reviewed
F0L_	一部	moedict-reviewed
F0L_6_[O	衣不蔽體	moedict-reviewed
F0L_>J1U	衣不完采	moedict-reviewed
F0L_F0rqQWmo	一步一個腳印兒	moedict-reviewed
F0L_T:1U	衣不兼采	moedict-reviewed
F0L_wl1U	衣不重采	moedict-reviewed
F0MW	一了	moedict-reviewed
F0MW_;ci	一了心願	moedict-reviewed
F0MWmTI<	一了百當	moedict-reviewed
F0MWmTMW	一了百了	moedict-reviewed
F0N76N:h	一揮而就	moedict-reviewed
F0N:	一天	moedict-reviewed
F0N:cfmY	一天到晚	moedict-reviewed
F0N@	一如	moedict-reviewed
F0N@A_0\	一如既往	moedict-reviewed
F0NO4>GK	一紙空文	moedict-reviewed
F0OK	一輪	moedict-reviewed
F0O]6NDk	一擁而上	moedict-reviewed
F0Odh<=M	一脈相承	moedict-reviewed
F0Odh<NJ	一脈相傳	moedict-reviewed
F0PY4LQE	一展長才	moedict-reviewed
F0PYL;IX	一展身手	moedict-reviewed
F0QM	一行	moedict-reviewed
F0QM|J	一行人	moedict-reviewed
F0QW	一腳	moedict-reviewed
F0QW	一角	moedict-reviewed
F0QY{?	一闡提	moedict-reviewed
F0R=aMmJ	一登龍門	moedict-reviewed
F0R@	一隅	moedict-reviewed
F0RG	一毛	moedict-reviewed
F0RG5J	一毛錢	moedict-reviewed
F0RGL_i@	一毛不拔	moedict-reviewed
F0RVP_f<	一葦渡江	moedict-reviewed
F0RY	一閃	moedict-reviewed
F0S0s2`0}^	一妻多夫制	moedict-reviewed
F0S<F0PO	一張一弛	moedict-reviewed
F0SW33	一小撮	moedict-reviewed
F0S_gjQ=	一路順風	moedict-reviewed
F0T:	一間	moedict-reviewed
F0TJ	一元	moedict-reviewed
F0TJH<=M0_	一元方程式	moedict-reviewed
F0TJO_PO	一元復始	moedict-reviewed
F0TJ^j	一元論	moedict-reviewed
F0TJ_`	一元化	moedict-reviewed
F0TQ	一抹	moedict-reviewed
F0U:KMF0Yc	一千零一夜	moedict-reviewed
F0UOVi?0	一以貫之	moedict-reviewed
F0VD	一節	moedict-reviewed
F0VO	一筆	moedict-reviewed
F0VO29D8	一筆勾銷	moedict-reviewed
F0VOTQJ1	一筆抹煞	moedict-reviewed
F0WGO]5_	一勞永逸	moedict-reviewed
F0WPWY	一眨眼	moedict-reviewed
F0WY	一眼	moedict-reviewed
F0Xl	一聽	moedict-reviewed
F0Xo	一輩兒	moedict-reviewed
F0[1	一家	moedict-reviewed
F0[1?0zO	一家之主	moedict-reviewed
F0[1an	一家子	moedict-reviewed
F0[1|J	一家人	moedict-reviewed
F0[1|_SW	一家大小	moedict-reviewed
F0[Lq[<C	一簧兩舌	moedict-reviewed
F0[O	一體	moedict-reviewed
F0[Oq[:i	一體兩面	moedict-reviewed
F0\=4LrY	一爭長短	moedict-reviewed
F0\X	一宿	moedict-reviewed
F0\Y	一點	moedict-reviewed
F0\YF0K0	一點一滴	moedict-reviewed
F0\YcVF0rq`f	一點水一個泡	moedict-reviewed
F0\_rAha	一樹百穫	moedict-reviewed
F0]B	一著	moedict-reviewed
F0]V	一會	moedict-reviewed
F0^;H<>C	一親芳澤	moedict-reviewed
F0^=F00_	一生一世	moedict-reviewed
F0^=L_w[	一聲不響	moedict-reviewed
F0^=ZlL`	一聲令下	moedict-reviewed
F0^=xg~lL_Lj	一生受用不盡	moedict-reviewed
F0^H	一頭	moedict-reviewed
F0^H:P8k	依頭縷當	moedict-reviewed
F0^HK_cV	一頭霧水	moedict-reviewed
F0^HLb	一頭熱	moedict-reviewed
F0^P	咿啞	moedict-reviewed
F0_52@6C	一拍即合	moedict-reviewed
F0_;	一心	moedict-reviewed
F0_;Em~l	一心二用	moedict-reviewed
F0_;F05_	一心一意	moedict-reviewed
F0_;e]N_	一新耳目	moedict-reviewed
F0_GN:ROF0_GzJ	一朝天子一朝臣	moedict-reviewed
F0_M	一同	moedict-reviewed
F0__6N0C	一蹴而得	moedict-reviewed
F0_`	一會兒	moedict-reviewed
F0_janMPTO	一棍子打死	moedict-reviewed
F0`0	一夫	moedict-reviewed
F0`0F0S0}^	一夫一妻制	moedict-reviewed
F0`Z6NLj	一飲而盡	moedict-reviewed
F0`ZF0]B	一飲一啄	moedict-reviewed
F0`_	一宿	moedict-reviewed
F0`l	一行	moedict-reviewed
F0aJ	一拳	moedict-reviewed
F0aO	一己	moedict-reviewed
F0aO?0Ci	一己之見	moedict-reviewed
F0aO?0E0	一己之私	moedict-reviewed
F0a\	一等	moedict-reviewed
F0a\F0	一等一	moedict-reviewed
F0bO	一起	moedict-reviewed
F0bZ	一品	moedict-reviewed
F0bZw2	一品鍋	moedict-reviewed
F0c:	一端	moedict-reviewed
F0c=	一應	moedict-reviewed
F0c=m_aJ	一應俱全	moedict-reviewed
F0cIVYJ1	一盤散沙	moedict-reviewed
F0cf	一道	moedict-reviewed
F0cm	一溜兒	moedict-reviewed
F0d=F0O@	一兵一卒	moedict-reviewed
F0eIQ=gj	一帆風順	moedict-reviewed
F0e`	一水兒	moedict-reviewed
F0g0mTRl	一呼百應	moedict-reviewed
F0g0mTda	一呼百諾	moedict-reviewed
F0g:H]	衣冠塚	moedict-reviewed
F0g:qhn?	一官半職	moedict-reviewed
F0g<	一腔	moedict-reviewed
F0g<LbDd	一腔熱血	moedict-reviewed
F0gINO	一彈指	moedict-reviewed
F0gcL_N@F0gc	一蟹不如一蟹	moedict-reviewed
F0h<PMci	一廂情願	moedict-reviewed
F0h<PMci	一相情願	moedict-reviewed
F0h=L_0_	一丁不識	moedict-reviewed
F0h=\Y	一丁點	moedict-reviewed
F0hH	一籌	moedict-reviewed
F0hH4aPY	一籌莫展	moedict-reviewed
F0i[_`K_	一氧化物	moedict-reviewed
F0i[_`vh	一氧化碳	moedict-reviewed
F0i[_`vhwlA@	一氧化碳中毒	moedict-reviewed
F0i_	一律	moedict-reviewed
F0j6:>N:	一飛沖天	moedict-reviewed
F0jK	一群	moedict-reviewed
F0jPRO	一甲子	moedict-reviewed
F0jk	一晃	moedict-reviewed
F0kGI:	一條鞭	moedict-reviewed
F0kGaM	一條龍	moedict-reviewed
F0l4	一瞥	moedict-reviewed
F0lOq=Wk	醫卜星相	moedict-reviewed
F0mJ	一門	moedict-reviewed
F0mJ9>ac	一門忠烈	moedict-reviewed
F0n2Q=	一窩蜂	moedict-reviewed
F0n2Q=	一窩風	moedict-reviewed
F0n?	一直	moedict-reviewed
F0n?U:];	一擲千金	moedict-reviewed
F0nOG:?;:_	一畝三分地	moedict-reviewed
F0n_L_O_EY	一去不復返	moedict-reviewed
F0o=	一經	moedict-reviewed
F0p=Em>E	一清二白	moedict-reviewed
F0p=Em{O	一清二楚	moedict-reviewed
F0p=N@cV	一清如水	moedict-reviewed
F0p=m:ph	一清專案	moedict-reviewed
F0p?	一時	moedict-reviewed
F0p??0BZ	一時之選	moedict-reviewed
F0p??0T:	一時之間	moedict-reviewed
F0p?EmLW	一石二鳥	moedict-reviewed
F0p?F0Db	一時一刻	moedict-reviewed
F0p?G@B@	一時糊塗	moedict-reviewed
F0p?T:	一時間	moedict-reviewed
F0p?q[LW	一石兩鳥	moedict-reviewed
F0p?qhDb	一時半刻	moedict-reviewed
F0pO	一睹	moedict-reviewed
F0qOrF3e	一吐為快	moedict-reviewed
F0rqL_SW_;	一個不小心	moedict-reviewed
F0rq^Hq[rq|_	一個頭兩個大	moedict-reviewed
F0rq_;{]	一個心眼兒	moedict-reviewed
F0rqmo	一個樣兒	moedict-reviewed
F0rqv?C]l0B_	一個鼻孔出氣	moedict-reviewed
F0rqw2]O@0thnq	一個鍋裡吃飯的	moedict-reviewed
F0rqx]	一個子兒	moedict-reviewed
F0rqyo	一個勁兒	moedict-reviewed
F0sz	衣裳	moedict-reviewed
F0t7	一刀	moedict-reviewed
F0t7q[Ri	一刀兩斷	moedict-reviewed
F0t7w4	一刀切	moedict-reviewed
F0tAF0Ik	一模一樣	moedict-reviewed
F0tO	一股	moedict-reviewed
F0tOpaB_	一鼓作氣	moedict-reviewed
F0tOyo	一股勁兒	moedict-reviewed
F0tO~_	一古腦兒	moedict-reviewed
F0tO~_	一股腦兒	moedict-reviewed
F0uK	一旁	moedict-reviewed
F0v?C]l0B_	一鼻孔出氣	moedict-reviewed
F0v?anN7	一鼻子灰	moedict-reviewed
F0vH	一流	moedict-reviewed
F0wI	一言	moedict-reviewed
F0wIA_l0	一言既出	moedict-reviewed
F0wIF0QM	一言一行	moedict-reviewed
F0wIHkE<	一言喪邦	moedict-reviewed
F0wIL_6C	一言不合	moedict-reviewed
F0wIL_=1	一言不發	moedict-reviewed
F0wIZXw\	一言九鼎	moedict-reviewed
F0wIhILj	一言難盡	moedict-reviewed
F0wIq=E<	一言興邦	moedict-reviewed
F0wIqh2P	一言半語	moedict-reviewed
F0wIrFWl	一言為定	moedict-reviewed
F0wIwl:_	一言中的	moedict-reviewed
F0wIyK	一言堂	moedict-reviewed
F0wK	一房	moedict-reviewed
F0w\	一頂	moedict-reviewed
F0x4	一些	moedict-reviewed
F0x4x4	一些些	moedict-reviewed
F0yK	一堂	moedict-reviewed
F0yo	醫家	moedict-reviewed
F0zJL_SY	一塵不染	moedict-reviewed
F0{J1g	一神教	moedict-reviewed
F0{S	一撇	moedict-reviewed
F0{m	一塊兒	moedict-reviewed
F0{nSW_;	一不小心	moedict-reviewed
F0|FUOO@	一夔已足	moedict-reviewed
F0|J	一人	moedict-reviewed
F0|MEm>E	一窮二白	moedict-reviewed
F0|YWY	一轉眼	moedict-reviewed
F0|__`	一大會兒	moedict-reviewed
F0}F	一回	moedict-reviewed
F0}F0_	一回事	moedict-reviewed
F0}F^=q[}FiH	一回生兩回熟	moedict-reviewed
F0}iRO	一分子	moedict-reviewed
F0~7	一朝	moedict-reviewed
F0~7	一著	moedict-reviewed
F0~7F0C_	一朝一夕	moedict-reviewed
F0~I4_A_	一年四季	moedict-reviewed
F0~Icf^H	一年到頭	moedict-reviewed
F0~Iqh0U	一年半載	moedict-reviewed
F0~K	一行	moedict-reviewed
F0~n	衣服	moedict-reviewed
F9dw	妞妞	moedict-reviewed
F:1g	參校	moedict-reviewed
F:4C	參革	moedict-reviewed
F:4L	參場	moedict-reviewed
F:J`	參假	moedict-reviewed
F:Q=`_S_	餐風宿露	moedict-reviewed
F:a_	參與	moedict-reviewed
F:ba	參度	moedict-reviewed
F:yK	參堂	moedict-reviewed
F:{l	參綜	moedict-reviewed
F<	汸	moedict-reviewed
F<rA	磅礴	moedict-reviewed
FJ_M	孌童	moedict-reviewed
FM3E	名角	moedict-reviewed
FM8k	明當	moedict-reviewed
FM;\;\	明晃晃	moedict-reviewed
FM=_4L	名利場	moedict-reviewed
FML_Cio=\i	名不見經傳	moedict-reviewed
FML_I<p?	名不當實	moedict-reviewed
FML_O_p?	名不副實	moedict-reviewed
FMVj	名聞	moedict-reviewed
FMWk	名相	moedict-reviewed
FM[_	明處	moedict-reviewed
FM_c	名帖	moedict-reviewed
FMa0	名都	moedict-reviewed
FMa_DW:_	名譽掃地	moedict-reviewed
FMci	名媛	moedict-reviewed
FMqfF0p?	名噪一時	moedict-reviewed
FMzJwI`lS_	名臣言行錄	moedict-reviewed
FM|JL_paph0_	明人不做暗事	moedict-reviewed
FM|s	明白	moedict-reviewed
FM|s|J	明白人	moedict-reviewed
FN	成兒	moedict-reviewed
FN	碴兒	moedict-reviewed
FW:i3>~n	表面工夫	moedict-reviewed
FW:isz	表面上	moedict-reviewed
FWRO	表姊	moedict-reviewed
FWVe	表背	moedict-reviewed
FW]Oh<A_	表裡相濟	moedict-reviewed
FW]Oh<Rl	表裡相應	moedict-reviewed
FWan	婊子	moedict-reviewed
FWan	表子	moedict-reviewed
FWnkL_N@]Onk	表壯不如裡壯	moedict-reviewed
FY	黕	moedict-reviewed
F`	了兒	moedict-reviewed
FkhI=>tO	藏南縱谷	moedict-reviewed
Fko=	藏經	moedict-reviewed
Fm	蹦兒	moedict-reviewed
G0BLrFT<	逼良為娼	moedict-reviewed
G5cp	約莫	moedict-reviewed
G911	溜鬚	moedict-reviewed
G911_5KP	溜鬚拍馬	moedict-reviewed
G9G9\i	溜溜轉	moedict-reviewed
G9PABY	溜滑板	moedict-reviewed
G9TJ	溜圓	moedict-reviewed
G9cG	溜槽	moedict-reviewed
G9d=DJ	溜冰團	moedict-reviewed
G9ewL9L9	溜溜秋秋	moedict-reviewed
G9if	溜號	moedict-reviewed
G9m>	溜邊兒	moedict-reviewed
G:	参	moedict-reviewed
G:2fF0[O	三位一體	moedict-reviewed
G:4L	三場	moedict-reviewed
G:6dL_?0yg2f	三月不知肉味	moedict-reviewed
G:7_	三辟	moedict-reviewed
G::C3>rFBLF0	三折肱為良醫	moedict-reviewed
G:F:L_A_	三餐不繼	moedict-reviewed
G:Fk	三藏	moedict-reviewed
G:L_?0	三不知	moedict-reviewed
G:S0RO	三七仔	moedict-reviewed
G:Z@|_`0	三閭大夫	moedict-reviewed
G:`l	三行	moedict-reviewed
G:fa3@mJ6NL_]_	三過其門而不入	moedict-reviewed
G:g66CMi0_	三杯和萬事	moedict-reviewed
G:iMmJ	三重門	moedict-reviewed
G:i_UOT0	三氯乙烯	moedict-reviewed
G:jjL_xh?0<C	三寸不爛之舌	moedict-reviewed
G:m_L_}?KZ~K	三句不離本行	moedict-reviewed
G:rqv?anvY	三個鼻子管	moedict-reviewed
G:~K	三行	moedict-reviewed
G@3o	胡嚕	moedict-reviewed
G@3o	葫蘆	moedict-reviewed
G@:i	鵠面	moedict-reviewed
G@:iK9QM	鵠面鳩形	moedict-reviewed
G@:iLWQM	鵠面鳥形	moedict-reviewed
G@?E	和牌	moedict-reviewed
G@A1ajjR	胡拉混扯	moedict-reviewed
G@A_	胡騎	moedict-reviewed
G@Ep	糊刷	moedict-reviewed
G@G:1]	胡三省	moedict-reviewed
G@LP	鵠髮	moedict-reviewed
G@Mj	胡唚	moedict-reviewed
G@N:G@:_	胡天胡地	moedict-reviewed
G@N|	衚衕	moedict-reviewed
G@UG5J~O?P	胡桃鉗組曲	moedict-reviewed
G@VBap	胡蘿蔔	moedict-reviewed
G@VBap:h18ZX	胡蘿蔔就燒酒	moedict-reviewed
G@VBap`_	胡蘿蔔素	moedict-reviewed
G@_k	鵠望	moedict-reviewed
G@aj	胡混	moedict-reviewed
G@an	胡子	moedict-reviewed
G@an3>=M	鬍子工程	moedict-reviewed
G@an91u?	鬍子阿姨	moedict-reviewed
G@e04o	胡姑姑	moedict-reviewed
G@ln	狐狸	moedict-reviewed
G@lnAX	狐狸狗	moedict-reviewed
G@lnG@B@	糊裡糊塗	moedict-reviewed
G@lnG@B@	糊里糊塗	moedict-reviewed
G@lnG@B@	胡裡胡塗	moedict-reviewed
G@lnRVXo	狐狸尾巴	moedict-reviewed
G@lno=	狐狸精	moedict-reviewed
G@nl	胡同	moedict-reviewed
G@sO	胡擄	moedict-reviewed
GKE0L_ml	紋絲不動	moedict-reviewed
GKF0s2	聞一多	moedict-reviewed
GKL_7f{?	文不對題	moedict-reviewed
GKL_Lj5_	文不盡意	moedict-reviewed
GKL_[1\Y	文不加點	moedict-reviewed
GKQ=L_ml	文風不動	moedict-reviewed
GKQ=L_ml	紋風不動	moedict-reviewed
GK\=FM	文徵明	moedict-reviewed
GKm0{O]O	文書處理	moedict-reviewed
GKq=6C6C	文星和合	moedict-reviewed
GL	彊	moedict-reviewed
GL4Wwl|JI7	牆倒眾人推	moedict-reviewed
GL^HKPDk	牆頭馬上	moedict-reviewed
GL^l	強勁	moedict-reviewed
GLyhoa?0	強幹弱枝	moedict-reviewed
GW	篻	moedict-reviewed
GW	顠	moedict-reviewed
GWL_	漂布	moedict-reviewed
GWSY	漂染	moedict-reviewed
GWcO	漂洗	moedict-reviewed
GY4@	袒裼	moedict-reviewed
GYVj	袒免	moedict-reviewed
GYog	坦露	moedict-reviewed
Gf	繐	moedict-reviewed
Gf6dL_aG|J	歲月不饒人	moedict-reviewed
Gf:i3kVe	睟面盎背	moedict-reviewed
Gf<o	歲數	moedict-reviewed
GfBk	繐帳	moedict-reviewed
GfL_}Q2P	歲不我與	moedict-reviewed
GfrF	繐帷	moedict-reviewed
Gl2_	橫恣	moedict-reviewed
Gl5_	橫議	moedict-reviewed
Gl_`	橫話	moedict-reviewed
GlvH	橫流	moedict-reviewed
Gp	座兒	moedict-reviewed
H0:_`oEE	劈地價來	moedict-reviewed
H0=10_4L	批發市場	moedict-reviewed
H0@@	披拂	moedict-reviewed
H0IY	披覽	moedict-reviewed
H0J;1UiI	披榛採蘭	moedict-reviewed
H0J;QMYc	披針形葉	moedict-reviewed
H0LP:LZL	被髮佯狂	moedict-reviewed
H0LP:LZL	被髮陽狂	moedict-reviewed
H0LPAR<j	披髮左衽	moedict-reviewed
H0LPB@:i	披髮塗面	moedict-reviewed
H0LP]_C:	披髮入山	moedict-reviewed
H0LP]_C:	被髮入山	moedict-reviewed
H0LPc=g:	披髮纓冠	moedict-reviewed
H0LPc=g:	被髮纓冠	moedict-reviewed
H0LPpg:i	披髮垢面	moedict-reviewed
H0T:n?Df	披堅執銳	moedict-reviewed
H0\0	披屋	moedict-reviewed
H0];	披巾	moedict-reviewed
H0]K	披雲	moedict-reviewed
H0]KK_pOp=N:	披雲霧睹青天	moedict-reviewed
H0]O;1A1	劈里啪啦	moedict-reviewed
H0^H4_6CCkDJ	披頭四合唱團	moedict-reviewed
H0ex	披散	moedict-reviewed
H0k@Qd3g	披麻戴孝	moedict-reviewed
H0oi	披卷	moedict-reviewed
H0q=Qd6d	披星帶月	moedict-reviewed
H0xq:Lw?nq{K	披著羊皮的狼	moedict-reviewed
H1	觰	moedict-reviewed
H1	譇	moedict-reviewed
H16o	扎乎	moedict-reviewed
H1H1	喳喳	moedict-reviewed
H1]P	扎撒	moedict-reviewed
H1_\an	扎猛子	moedict-reviewed
H1_n	扎實	moedict-reviewed
H1e]Bq	扎耳朵	moedict-reviewed
H1ho	扎煞	moedict-reviewed
H1l@an	扎筏子	moedict-reviewed
H1n2an	扎窩子	moedict-reviewed
H7ba	堆垛	moedict-reviewed
H:7:	燕丹	moedict-reviewed
H:<<9R|f	煙熏火燎	moedict-reviewed
H:?0	閼氏	moedict-reviewed
H:CE	燕臺	moedict-reviewed
H:H:F04@	奄奄一息	moedict-reviewed
H:RdRO7:	燕太子丹	moedict-reviewed
H:T3QM	燕歌行	moedict-reviewed
H:Vi	淹灌	moedict-reviewed
H:\c	淹滅	moedict-reviewed
H:]Kp?6h89	燕雲十六州	moedict-reviewed
H:]KqlIk	煙雲供養	moedict-reviewed
H:aMK_CR	煙籠霧鎖	moedict-reviewed
H:an	煙子	moedict-reviewed
H:g`	菸嘴兒	moedict-reviewed
H:j6q=6i	煙飛星散	moedict-reviewed
H:rA	淹博	moedict-reviewed
H:sIF03g	嫣然一笑	moedict-reviewed
H:vH	淹留	moedict-reviewed
H:~7K@CE	燕昭築臺	moedict-reviewed
H:~7PL	燕昭王	moedict-reviewed
H<aO	方几	moedict-reviewed
H<an	坊子	moedict-reviewed
H<an	枋子	moedict-reviewed
H<z<	方框	moedict-reviewed
H<z<B@	方框圖	moedict-reviewed
HEMWnq	還了得	moedict-reviewed
HEanPL	孩子王	moedict-reviewed
HF	坏	moedict-reviewed
HF	阫	moedict-reviewed
HFL_0_	賠不是	moedict-reviewed
HFL_0_	陪不是	moedict-reviewed
HFSW}y	賠小心	moedict-reviewed
HFSW}y	陪小心	moedict-reviewed
HFfz	陪房	moedict-reviewed
HFi[Yc	培養液	moedict-reviewed
HFrqL_0_	賠個不是	moedict-reviewed
HLFW	降表	moedict-reviewed
HLgj	降順	moedict-reviewed
HX:_	醜地	moedict-reviewed
HXO1Mw	醜丫頭	moedict-reviewed
HX^=4Z2a	醜聲遠播	moedict-reviewed
HX`l	醜行	moedict-reviewed
H]	尰	moedict-reviewed
H]k@	種麻	moedict-reviewed
Hjh<N@	藺相如	moedict-reviewed
HkaJ]_WB	喪權辱國	moedict-reviewed
I12a	插播	moedict-reviewed
I1F0QW	插一腳	moedict-reviewed
I1\_	差數	moedict-reviewed
I789R@S_	推舟於陸	moedict-reviewed
I:?P	編曲	moedict-reviewed
I:@@L_M9	邊幅不修	moedict-reviewed
I:adA0	邊塞詩	moedict-reviewed
I:kP	邊卡	moedict-reviewed
I<	噹	moedict-reviewed
I<4L	當場	moedict-reviewed
I<4L?0IX	當場隻手	moedict-reviewed
I<4LEiHX	當場獻醜	moedict-reviewed
I<4Ll01U	當場出彩	moedict-reviewed
I<:i1Kan7f:i5J	當面銀子對面錢	moedict-reviewed
I<?P6C	當曲河	moedict-reviewed
I<Ci	當間	moedict-reviewed
I<H<qO:_	當坊土地	moedict-reviewed
I<I<NJ	噹噹船	moedict-reviewed
I<K@	當軸	moedict-reviewed
I<L<ea:_	噹啷落地	moedict-reviewed
I<L_fa	當不過	moedict-reviewed
I<L_nq	當不得	moedict-reviewed
I<RiL_Ri	當斷不斷	moedict-reviewed
I<WY[_	當眼處	moedict-reviewed
I<[16CDk	當家和尚	moedict-reviewed
I<_G0UWk	當朝宰相	moedict-reviewed
I<iRH0XO	當者披靡	moedict-reviewed
I<m5nq	當差的	moedict-reviewed
I<p?0CZl	當時得令	moedict-reviewed
I<|JL_Ek	當仁不讓	moedict-reviewed
I<~K	當行	moedict-reviewed
I<~K[1	當行家	moedict-reviewed
I<~Kl0Ob	當行出色	moedict-reviewed
IF3>~n	沒工夫	moedict-reviewed
IF5_cn	沒意思	moedict-reviewed
IF6C{]	沒合眼兒	moedict-reviewed
IF6Wan	沒腦子	moedict-reviewed
IF6[Mw	沒準頭	moedict-reviewed
IFCi_n	沒見識	moedict-reviewed
IFE@Mw	沒骨頭	moedict-reviewed
IFKZ_n	沒本事	moedict-reviewed
IFKl>|	沒正經	moedict-reviewed
IFL7Mo	沒規矩	moedict-reviewed
IFM9IFsf	沒羞沒臊	moedict-reviewed
IFMW3@	沒了期	moedict-reviewed
IFMW8k	沒了當	moedict-reviewed
IFMWea	沒了落	moedict-reviewed
IFNO?{	沒指望	moedict-reviewed
IFNX5_cn	沒有意思	moedict-reviewed
IFNXL_mgQ=nqGL	沒有不透風的牆	moedict-reviewed
IFNXc`	沒有準兒	moedict-reviewed
IFU<1{	沒商量	moedict-reviewed
IF[_l0ha	沒處出豁	moedict-reviewed
IF]Bea	沒著落	moedict-reviewed
IF^HX<2|	沒頭蒼蠅	moedict-reviewed
IFan	糜子	moedict-reviewed
IFc`	沒準兒	moedict-reviewed
IFg:rn	沒關係	moedict-reviewed
IFju	玫瑰	moedict-reviewed
IFjudM	玫瑰紅	moedict-reviewed
IFjup1	玫瑰花	moedict-reviewed
IFky	媒人	moedict-reviewed
IFl0ha	沒出豁	moedict-reviewed
IFl0rn	沒出息	moedict-reviewed
IFl@an	沒法子	moedict-reviewed
IFmTL_[_	沒擺佈處	moedict-reviewed
IFnq]O	沒地里	moedict-reviewed
IFqf?p	沒造化	moedict-reviewed
IFqf?pnqH]an	沒造化的種子	moedict-reviewed
IFqqzOdn	沒了主意	moedict-reviewed
IFrq0_[_	沒個是處	moedict-reviewed
IFrq:WVD7R	沒個好結果	moedict-reviewed
IFrqCi_n	沒個見識	moedict-reviewed
IFrqg5B8	沒個開交	moedict-reviewed
IFrql0ha	沒個出豁	moedict-reviewed
IFrqq6[1>E1_nq	沒個黑家白日的	moedict-reviewed
IFtOqn	沒骨氣	moedict-reviewed
IFw?qn	沒脾氣	moedict-reviewed
IFzOdn	沒主意	moedict-reviewed
IF{Jlq	沒什麼	moedict-reviewed
IF{Jlq	沒甚麼	moedict-reviewed
IF}^qn	沒志氣	moedict-reviewed
IJ	垸	moedict-reviewed
IJ4_	環伺	moedict-reviewed
IJTJEYRl	還原反應	moedict-reviewed
IJa0	還都	moedict-reviewed
IJpfPPXo	環繞喇叭	moedict-reviewed
IMIM8k8k	停停當當	moedict-reviewed
IM[34L	停車場	moedict-reviewed
IManT:	亭子間	moedict-reviewed
IPL_cf	把不到	moedict-reviewed
IPMi	把玩	moedict-reviewed
IPOd	把脈	moedict-reviewed
IPXo	把把	moedict-reviewed
IPXx	把攬	moedict-reviewed
IP^H	把頭	moedict-reviewed
IP_n	把勢	moedict-reviewed
IP_n	把式	moedict-reviewed
IPo?L_Wl	把持不定	moedict-reviewed
IPo?L_Z_	把持不住	moedict-reviewed
IPoi	把卷	moedict-reviewed
IX01F0NO	首屈一指	moedict-reviewed
IX23	手作	moedict-reviewed
IX>W	手爪	moedict-reviewed
IXKlL_}F	守正不回	moedict-reviewed
IXL_0_oi	手不釋卷	moedict-reviewed
IXL_vZ	手不穩	moedict-reviewed
IXV=	守更	moedict-reviewed
IXVDL_}F	守節不回	moedict-reviewed
IXZO{o	手底下	moedict-reviewed
IXb[s2{hKl	手掌多汗症	moedict-reviewed
IXb[}^	首長制	moedict-reviewed
IXy]	手彩兒	moedict-reviewed
IY	罱	moedict-reviewed
IYMl	攬勝	moedict-reviewed
IYVY	懶散	moedict-reviewed
IY^H	攬頭	moedict-reviewed
I]]_L_o=	寵辱不驚	moedict-reviewed
I]]_oao=	寵辱若驚	moedict-reviewed
Ib	嗻	moedict-reviewed
Ib	跖	moedict-reviewed
Ib=Man	這程子	moedict-reviewed
IbMw	這頭	moedict-reviewed
IbVean	這輩子	moedict-reviewed
Ib_`	這會兒	moedict-reviewed
Ibcx	這咱	moedict-reviewed
Ibfo	這陣兒	moedict-reviewed
Iblq1^	這麼點兒	moedict-reviewed
IblqIk	這麼樣	moedict-reviewed
Iblqx4	這麼些	moedict-reviewed
Iblqxq	這麼著	moedict-reviewed
Ibm@	這當兒	moedict-reviewed
IbrqX[BX	這個擋口	moedict-reviewed
Ibrqm@	這個當兒	moedict-reviewed
Ibrq~_rq	這個那個	moedict-reviewed
Ik7W}l9>	養老送終	moedict-reviewed
IkIkL_Bb	怏怏不樂	moedict-reviewed
Ik^=}lTO	養生送死	moedict-reviewed
IksT	漾奶	moedict-reviewed
Im	縫兒	moedict-reviewed
Ip	穗兒	moedict-reviewed
J1	唦	moedict-reviewed
J1	逤	moedict-reviewed
J10_VO>`	莎士比亞	moedict-reviewed
J1IXCi	殺手鐧	moedict-reviewed
J1L;	沙參	moedict-reviewed
J1Q=~\	煞風景	moedict-reviewed
J1RV	煞尾	moedict-reviewed
J1Z_	煞住	moedict-reviewed
J1\0:_w_A1rA	沙烏地阿拉伯	moedict-reviewed
J1`lan	煞性子	moedict-reviewed
J1|JL_Ci8T	殺人不見血	moedict-reviewed
J1|JL_fa^H\Y:_	殺人不過頭點地	moedict-reviewed
J6	搋	moedict-reviewed
J6:i	搋麵	moedict-reviewed
J:D2	偏頗	moedict-reviewed
J:Uk	偏將	moedict-reviewed
J:h<g:C_\_	偏相關係數	moedict-reviewed
J:oi	篇卷	moedict-reviewed
J;	唇	moedict-reviewed
J;	湞	moedict-reviewed
J;	葴	moedict-reviewed
J;Cb	真個	moedict-reviewed
J;MN	針鼻兒	moedict-reviewed
J;Mw	針頭	moedict-reviewed
J;VD?Efz	貞節牌坊	moedict-reviewed
J;Vi	貞觀	moedict-reviewed
J;Vi?0}^	貞觀之治	moedict-reviewed
J;ZX	針灸	moedict-reviewed
J;];L_y_9R?i	真金不怕火煉	moedict-reviewed
J;an	榛子	moedict-reviewed
J;x>	針尖兒	moedict-reviewed
J;|JL_ogWk	真人不露相	moedict-reviewed
J<RKcV	蹚渾水	moedict-reviewed
J<sAan	湯婆子	moedict-reviewed
JD	擨	moedict-reviewed
JD	歋	moedict-reviewed
JD	爺	moedict-reviewed
JD9s	爺爺	moedict-reviewed
JDAL	爺孃	moedict-reviewed
JDKP	爺們兒	moedict-reviewed
JDannH	椰子油	moedict-reviewed
JDtO	斜谷	moedict-reviewed
JF9u5k5k	肥肥胖胖	moedict-reviewed
JFcVL_eaxd|J}I	肥水不落外人田	moedict-reviewed
JFcVL_faKD|J}I	肥水不過別人田	moedict-reviewed
JFp?	肥碩	moedict-reviewed
JF}i	肥分	moedict-reviewed
JMYc	凝咽	moedict-reviewed
JMp4	寧帖	moedict-reviewed
JMrq	寧個	moedict-reviewed
JP	盆兒	moedict-reviewed
JY	撖	moedict-reviewed
JY;kMw	趕浪頭	moedict-reviewed
JY?|	敢情	moedict-reviewed
JYL_Dk	趕不上	moedict-reviewed
JYON	趕明兒	moedict-reviewed
JYR0L_Lj	感激不盡	moedict-reviewed
JYan	稈子	moedict-reviewed
JYc[an	趕場子	moedict-reviewed
JYnqDk	趕得上	moedict-reviewed
JYvT	感慨	moedict-reviewed
JYvTMiU:	感慨萬千	moedict-reviewed
J`	角兒	moedict-reviewed
J`K@UG	夾竹桃	moedict-reviewed
J`L_Z_	架不住	moedict-reviewed
J`R@	甲魚	moedict-reviewed
J`_n	架式	moedict-reviewed
J`p=:hM@	駕輕就熟	moedict-reviewed
J`sx	價錢	moedict-reviewed
J`|{	夾生	moedict-reviewed
J`|{th	夾生飯	moedict-reviewed
JbR0	轍跡	moedict-reviewed
K0ZXL_A:	滴酒不沾	moedict-reviewed
K0cVL_og	滴水不漏	moedict-reviewed
K0ln>1A1	滴里搭拉	moedict-reviewed
K0lna0d0	滴里嘟嚕	moedict-reviewed
K0x?L_9j	低迷不振	moedict-reviewed
K32f	阿魏	moedict-reviewed
K33@CRif	阿其所好	moedict-reviewed
K35_01mM	阿意曲從	moedict-reviewed
K3:1Y<	阿巴桑	moedict-reviewed
K3B8	阿膠	moedict-reviewed
K3R@1MCM	阿諛逢迎	moedict-reviewed
K3X[	阿黨	moedict-reviewed
K3x?TBo=	阿彌陀經	moedict-reviewed
K6\o	摔打	moedict-reviewed
K9	摎	moedict-reviewed
K94C	糾葛	moedict-reviewed
K98ian	揪辮子	moedict-reviewed
K;	綝	moedict-reviewed
K@	瘃	moedict-reviewed
K@gIMdUk	築壇拜將	moedict-reviewed
KD	蛂	moedict-reviewed
KD	襒	moedict-reviewed
KD<@BkK_	別無長物	moedict-reviewed
KDU3r5	別頦腮	moedict-reviewed
KDUk	別將	moedict-reviewed
KD\_F0}^	別樹一幟	moedict-reviewed
KDm_F04C	別具一格	moedict-reviewed
KDyf	別調	moedict-reviewed
KM0Tik	菱鐵礦	moedict-reviewed
KM2@	凌藉	moedict-reviewed
KM6C	零和	moedict-reviewed
KMC_\_	零係數	moedict-reviewed
KM]_	凌辱	moedict-reviewed
KM`v	菱角	moedict-reviewed
KMe=	伶俜	moedict-reviewed
KMgz	鈴鐺	moedict-reviewed
KMxUik	菱鎂礦	moedict-reviewed
KMxg0_4L	零售市場	moedict-reviewed
KP6o	馬虎	moedict-reviewed
KP=_0J?lS_	瑪麗蓮夢露	moedict-reviewed
KP=_>`	瑪利亞	moedict-reviewed
KP=_>`	馬利亞	moedict-reviewed
KP>1an	馬褡子	moedict-reviewed
KPEE>`	馬來亞	moedict-reviewed
KPMw	碼頭	moedict-reviewed
KPRdxgwh?P	馬太受難曲	moedict-reviewed
KPUOTZtOMw	螞蟻啃骨頭	moedict-reviewed
KPZog0g0	馬馬虎虎	moedict-reviewed
KPadLjQM?P	馬賽進行曲	moedict-reviewed
KPj6J;	嗎啡針	moedict-reviewed
KPoi	馬圈	moedict-reviewed
KPqaRPkO?P	馬厝卡舞曲	moedict-reviewed
KP{?t7gG]Ow4`d	馬蹄刀瓢裡切菜	moedict-reviewed
KWC20_j6	挑撥是非	moedict-reviewed
KWC2}?Ci	挑撥離間	moedict-reviewed
KWFM	挑明	moedict-reviewed
KWG:n24_	挑三窩四	moedict-reviewed
KWR=C29R	挑燈撥火	moedict-reviewed
KWR=Yc0i	挑燈夜戰	moedict-reviewed
KWlg	挑鬥	moedict-reviewed
KWol	挑弄	moedict-reviewed
KWp1	挑花	moedict-reviewed
KX4p	走味兒	moedict-reviewed
KXYP	走神兒	moedict-reviewed
KX\o	走道兒	moedict-reviewed
KXfa4L	走過場	moedict-reviewed
KXhIokvU	走南闖北	moedict-reviewed
KXogD8rn	走漏消息	moedict-reviewed
KXqq|_WP	走了大褶兒	moedict-reviewed
KX{ng5	走不開	moedict-reviewed
KY	凵	moedict-reviewed
KYn1w4`d	砍瓜切菜	moedict-reviewed
KZ4acf}^	本末倒置	moedict-reviewed
KZKZ}i}i	本本分分	moedict-reviewed
KZObI<~K	本色當行	moedict-reviewed
K^s?	鼓兒詞	moedict-reviewed
K_6J	惡嫌	moedict-reviewed
K_:b	惡惡	moedict-reviewed
K_:bmMrY	惡惡從短	moedict-reviewed
K_Efv[ZX	惡醉強酒	moedict-reviewed
K_ROSBk0	惡紫奪朱	moedict-reviewed
K_UO2iSW6NL_rF	勿以善小而不為	moedict-reviewed
K_UO:bSW6NrF?0	勿以惡小而為之	moedict-reviewed
K_]OQk	物理量	moedict-reviewed
K_^H	務頭	moedict-reviewed
K_an	痦子	moedict-reviewed
K_n?HXKl	惡直醜正	moedict-reviewed
K_qn	霧氣	moedict-reviewed
Kb	摵	moedict-reviewed
Kb3>ifaM	葉公好龍	moedict-reviewed
Kb=f3EOb	社會角色	moedict-reviewed
Kb=fQMrF	社會行為	moedict-reviewed
Kb=fyfx@	社會調查	moedict-reviewed
KbEi	歙縣	moedict-reviewed
KbEi	葉縣	moedict-reviewed
Kb^H	社頭	moedict-reviewed
Kl2f?0?P	鄭衛之曲	moedict-reviewed
Kl4a	正末	moedict-reviewed
Kl8kwK2fQMrF	正當防衛行為	moedict-reviewed
Kl>|:1mT	正經八百	moedict-reviewed
KlUl	掙命	moedict-reviewed
KlYU	掙揣	moedict-reviewed
Kl\i	正傳	moedict-reviewed
Kl^HALan	正頭娘子	moedict-reviewed
Klfc	正切	moedict-reviewed
Klpi0_4L	證券市場	moedict-reviewed
L0pn	梯己	moedict-reviewed
L0p{	踢蹬	moedict-reviewed
L0}_kO	踢躂舞	moedict-reviewed
L1cp	咂摸	moedict-reviewed
L71]	歸省	moedict-reviewed
L76Nan	龜兒子	moedict-reviewed
L78L	歸藏	moedict-reviewed
L7>`~_	圭亞那	moedict-reviewed
L7]B	歸著	moedict-reviewed
L90=yo	秋莊稼	moedict-reviewed
L94L	秋場	moedict-reviewed
L9:9~=8L	秋收冬藏	moedict-reviewed
L9ZGL_th	秋毫不犯	moedict-reviewed
L9nO7:	秋牡丹	moedict-reviewed
L9s?	龜茲	moedict-reviewed
L;	棽	moedict-reviewed
L;1{	身量	moedict-reviewed
L;43@l	伸縮縫	moedict-reviewed
L;8LL_og	深藏不露	moedict-reviewed
L;IXL_CikONO	伸手不見五指	moedict-reviewed
L;IXL_MP3g:i|J	伸手不打笑面人	moedict-reviewed
L;J<	參湯	moedict-reviewed
L;K_nl2@	深惡痛嫉	moedict-reviewed
L;L_Wd	申不害	moedict-reviewed
L;tES_jP	身懷六甲	moedict-reviewed
L;zJ	參辰	moedict-reviewed
L;zJ1_6d	參辰日月	moedict-reviewed
L;zJ2WNX	參辰卯酉	moedict-reviewed
L<I<	啷噹	moedict-reviewed
L@:_	鋤地	moedict-reviewed
L@Mw	鋤頭	moedict-reviewed
L@VeyhL_	儲備幹部	moedict-reviewed
L@lj	儲運	moedict-reviewed
LE1_an	擇日子	moedict-reviewed
LE3_	擇刺	moedict-reviewed
LE4@	擇席	moedict-reviewed
LE`d	擇菜	moedict-reviewed
LE{ng5	擇不開	moedict-reviewed
LN\y	爺兒們	moedict-reviewed
LNq[	爺兒倆	moedict-reviewed
LP	砝	moedict-reviewed
LP?P	法曲	moedict-reviewed
LPDk:>g:	髮上衝冠	moedict-reviewed
LPDkNOg:	髮上指冠	moedict-reviewed
LPKP	砝碼	moedict-reviewed
LPWB	法國	moedict-reviewed
LPWk=>	法相宗	moedict-reviewed
LP_c	法帖	moedict-reviewed
LPrY_;4L	髮短心長	moedict-reviewed
LP|OL7>`~_	法屬圭亞那	moedict-reviewed
LW:iG@QM	鳥面鵠形	moedict-reviewed
LWLWUBUB	嫋嫋娜娜	moedict-reviewed
LWUB	嫋娜	moedict-reviewed
LWVB5_rG?>	蔦蘿施喬松	moedict-reviewed
LY	厂	moedict-reviewed
LYh[an	喊嗓子	moedict-reviewed
L]3E	總角	moedict-reviewed
L]3E?0B8	總角之交	moedict-reviewed
L^	款兒	moedict-reviewed
L_	不	moedict-reviewed
L_03J`	不說價	moedict-reviewed
L_0C2i9>	不得善終	moedict-reviewed
L_0C5_	不得意	moedict-reviewed
L_0C6J	不得閒	moedict-reviewed
L_0CCEcI	不得臺盤	moedict-reviewed
L_0CLj	不得勁	moedict-reviewed
L_0C}^	不得志	moedict-reviewed
L_0W	不保	moedict-reviewed
L_0\SO^=	不枉此生	moedict-reviewed
L_0_	不世	moedict-reviewed
L_0_	不事	moedict-reviewed
L_0_	不是	moedict-reviewed
L_0_	不識	moedict-reviewed
L_0_	不適	moedict-reviewed
L_0_0_	不是事	moedict-reviewed
L_0_6J	不識閒	moedict-reviewed
L_0_:WqT	不識好歹	moedict-reviewed
L_0_>Jnq	不是玩的	moedict-reviewed
L_0_?03>	不世之功	moedict-reviewed
L_0_?0<@	不識之無	moedict-reviewed
L_0_C02f	不是滋味	moedict-reviewed
L_0_CEMo	不識抬舉	moedict-reviewed
L_0_D@C:J;:iN_	不識廬山真面目	moedict-reviewed
L_0_F0h=	不識一丁	moedict-reviewed
L_0_IFNX	不是沒有	moedict-reviewed
L_0_KD|J	不是別人	moedict-reviewed
L_0_L_	不是不	moedict-reviewed
L_0_RdC:	不識泰山	moedict-reviewed
L_0_Wk	不識相	moedict-reviewed
L_0_^=QY	不事生產	moedict-reviewed
L_0_^@:i	不識局面	moedict-reviewed
L_0_`o	不是個兒	moedict-reviewed
L_0_bNnq	不是玩兒的	moedict-reviewed
L_0_l0	不世出	moedict-reviewed
L_0_p?8i	不識時變	moedict-reviewed
L_0_p?K_	不識時務	moedict-reviewed
L_0_x7K0	不識高低	moedict-reviewed
L_0_|J	不是人	moedict-reviewed
L_0_|_[O	不識大體	moedict-reviewed
L_0i6NMl	不戰而勝	moedict-reviewed
L_11=1	不虛發	moedict-reviewed
L_1U	不彩	moedict-reviewed
L_1U	不採	moedict-reviewed
L_1]	不醒	moedict-reviewed
L_1_	不日	moedict-reviewed
L_1g	不叫	moedict-reviewed
L_1g6Nk0	不教而誅	moedict-reviewed
L_2:	不諳	moedict-reviewed
L_2:3@0_	不安其室	moedict-reviewed
L_2:}i	不安分	moedict-reviewed
L_2@	不吉	moedict-reviewed
L_2@	不極	moedict-reviewed
L_2P	不語	moedict-reviewed
L_2_3E	不自覺	moedict-reviewed
L_2_Qk	不自量	moedict-reviewed
L_2_Qk=_	不自量力	moedict-reviewed
L_2_];	不自禁	moedict-reviewed
L_2__d	不自在	moedict-reviewed
L_2_sI	不自然	moedict-reviewed
L_2`6C	布喀河	moedict-reviewed
L_2f	不為	moedict-reviewed
L_2f	不謂	moedict-reviewed
L_2fGLa_	不畏強禦	moedict-reviewed
L_2fXO:C68	不為米折腰	moedict-reviewed
L_2fkO=XXO:C68	不為五斗米折腰	moedict-reviewed
L_2i	不善	moedict-reviewed
L_2i	不擅	moedict-reviewed
L_3;	不宣	moedict-reviewed
L_3>	不恭	moedict-reviewed
L_3@6NsI	不期而然	moedict-reviewed
L_3@aJ	不齊全	moedict-reviewed
L_3@sI6NsI	不期然而然	moedict-reviewed
L_3E	不決	moedict-reviewed
L_3e	不快	moedict-reviewed
L_3g	不孝	moedict-reviewed
L_3g	不肖	moedict-reviewed
L_3gRO	不孝子	moedict-reviewed
L_3gRO	不肖子	moedict-reviewed
L_3gRO|;	不肖子孫	moedict-reviewed
L_4>	不空	moedict-reviewed
L_4M2_}^	不能自制	moedict-reviewed
L_4M4iF0s?	不能贊一辭	moedict-reviewed
L_4MLj|O	不能盡數	moedict-reviewed
L_4M^=|O	不能勝數	moedict-reviewed
L_4Ml0BX	不能出口	moedict-reviewed
L_4Z	不遠	moedict-reviewed
L_4ZMi]O	不遠萬里	moedict-reviewed
L_4_	不似	moedict-reviewed
L_5E<@\_	不學亡術	moedict-reviewed
L_5_	不亦	moedict-reviewed
L_5_	不意	moedict-reviewed
L_5_	不易	moedict-reviewed
L_5_	不義	moedict-reviewed
L_5_6Nj6	不翼而飛	moedict-reviewed
L_5_?0QE	不義之財	moedict-reviewed
L_5_?0^j	不易之論	moedict-reviewed
L_5_Bbg0	不亦樂乎	moedict-reviewed
L_5j	不恨	moedict-reviewed
L_6C0_	不合式	moedict-reviewed
L_6C4C	不合格	moedict-reviewed
L_6CVB2@	不合邏輯	moedict-reviewed
L_6CVD	不合節	moedict-reviewed
L_6Cbi	不合算	moedict-reviewed
L_6Cpaljml	不合作運動	moedict-reviewed
L_6J	不嫌	moedict-reviewed
L_6T?0TJ	不解之緣	moedict-reviewed
L_6[	不準	moedict-reviewed
L_6[6:@j	不准翻印	moedict-reviewed
L_6_	不必	moedict-reviewed
L_6_	不避	moedict-reviewed
L_6d	不悅	moedict-reviewed
L_6i	佈散	moedict-reviewed
L_7Wtf	不老藥	moedict-reviewed
L_7f	不對	moedict-reviewed
L_7fLj	不對勁	moedict-reviewed
L_7f^H	不對頭	moedict-reviewed
L_7i	不厭	moedict-reviewed
L_7i3@HL	不厭其詳	moedict-reviewed
L_7i3@eI	不厭其煩	moedict-reviewed
L_7k?>	不放鬆	moedict-reviewed
L_7k_;	不放心	moedict-reviewed
L_7k_dWY]O	不放在眼裡	moedict-reviewed
L_89C:	不周山	moedict-reviewed
L_89Q=	不周風	moedict-reviewed
L_89cf	不周到	moedict-reviewed
L_89wI	不周延	moedict-reviewed
L_8f	不退	moedict-reviewed
L_8i	不便	moedict-reviewed
L_8i	不變	moedict-reviewed
L_8iJ`4C	不變價格	moedict-reviewed
L_8iM@Od	不辨菽麥	moedict-reviewed
L_8iu?	不便宜	moedict-reviewed
L_8k	不當	moedict-reviewed
L_8k\_	不當數	moedict-reviewed
L_8kvZ8i	不當穩便	moedict-reviewed
L_9>	不中	moedict-reviewed
L_9>	不忠	moedict-reviewed
L_9>R@wY	不中於款	moedict-reviewed
L_9>~l	不中用	moedict-reviewed
L_9KQd\_	布林代數	moedict-reviewed
L_9j	不振	moedict-reviewed
L_:<IXtf	不龜手藥	moedict-reviewed
L_:<tf	不龜藥	moedict-reviewed
L_:CL_qg	不折不扣	moedict-reviewed
L_:L	不揚	moedict-reviewed
L_:W5_cn	不好意思	moedict-reviewed
L_:Wqq	不好了	moedict-reviewed
L_:Wzh	不好看	moedict-reviewed
L_:_	不第	moedict-reviewed
L_:b6NwI	不惡而嚴	moedict-reviewed
L_:h	不就	moedict-reviewed
L_:h	不究	moedict-reviewed
L_:hA_0\	不咎既往	moedict-reviewed
L_;:	不干	moedict-reviewed
L_;:1`	不尷尬	moedict-reviewed
L_;:L_1`	不尷不尬	moedict-reviewed
L_;:`lnH	不乾性油	moedict-reviewed
L_;:aO0_L_S<BX	不干己事不張口	moedict-reviewed
L_;:rg|J	不甘後人	moedict-reviewed
L_;j	不慎	moedict-reviewed
L_;j	不甚	moedict-reviewed
L_;j6C5_	不甚合意	moedict-reviewed
L_;jMWMW	不甚了了	moedict-reviewed
L_<:?0^j	不刊之論	moedict-reviewed
L_<:F02@	不堪一擊	moedict-reviewed
L_<f	不匱	moedict-reviewed
L_<f	不愧	moedict-reviewed
L_<fL_pa	不愧不怍	moedict-reviewed
L_<hM<	不鏽鋼	moedict-reviewed
L_<hM<BY	不鏽鋼板	moedict-reviewed
L_<j	不認	moedict-reviewed
L_<jBk	不認帳	moedict-reviewed
L_<jnq	不認得	moedict-reviewed
L_<j|J	不認人	moedict-reviewed
L_=1_;	不發心	moedict-reviewed
L_=MGK	不成文	moedict-reviewed
L_=MQE	不成才	moedict-reviewed
L_=MVO=_	不成比例	moedict-reviewed
L_=M_`	不成話	moedict-reviewed
L_=_	不利	moedict-reviewed
L_=_	不力	moedict-reviewed
L_=_	不立	moedict-reviewed
L_=f	不會	moedict-reviewed
L_=f	不諱	moedict-reviewed
L_=f03_`	不會說話	moedict-reviewed
L_=fwI	不諱言	moedict-reviewed
L_=kL_g6	不亢不卑	moedict-reviewed
L_>JaJYc	不完全葉	moedict-reviewed
L_>i:h:b	不念舊惡	moedict-reviewed
L_?06CT_	不知何故	moedict-reviewed
L_?0CR9>	不知所終	moedict-reviewed
L_?0CRUO	不知所以	moedict-reviewed
L_?0CRwI	不知所言	moedict-reviewed
L_?0F0rq^H6W	不知一個頭腦	moedict-reviewed
L_?0FM	不知名	moedict-reviewed
L_?0L;dY	不知深淺	moedict-reviewed
L_?0L_	不織布	moedict-reviewed
L_?0Lj8f	不知進退	moedict-reviewed
L_?0N:x7:_rg	不知天高地厚	moedict-reviewed
L_?0O@	不知足	moedict-reviewed
L_?0]Znq	不知怎的	moedict-reviewed
L_?0h=>]	不知丁董	moedict-reviewed
L_?0iRL_Ef	不知者不罪	moedict-reviewed
L_?;MlO_	不分勝負	moedict-reviewed
L_?;x7L`	不分高下	moedict-reviewed
L_?P	不取	moedict-reviewed
L_@0H:9Rp?	不吃煙火食	moedict-reviewed
L_@0M7	不吃虧	moedict-reviewed
L_@@cVqO	不服水土	moedict-reviewed
L_@b	不特	moedict-reviewed
L_A1KPmO0CA16C	布拉馬普得拉河	moedict-reviewed
L_A:	不沾	moedict-reviewed
L_AX	不苟	moedict-reviewed
L_A_	不濟	moedict-reviewed
L_A_	不計	moedict-reviewed
L_A_0CA0	不計得失	moedict-reviewed
L_A_0_	不濟事	moedict-reviewed
L_A_1g	不計較	moedict-reviewed
L_A_3@\_	不計其數	moedict-reviewed
L_Af	不墜	moedict-reviewed
L_B8L_qf	不驕不躁	moedict-reviewed
L_BL0_Rl	不良適應	moedict-reviewed
L_BLQE	不良才	moedict-reviewed
L_BWL_mY	不早不晚	moedict-reviewed
L_B_	不器	moedict-reviewed
L_B_	不棄	moedict-reviewed
L_Bb	不樂	moedict-reviewed
L_Bbg:	不樂觀	moedict-reviewed
L_C6	不乖	moedict-reviewed
L_C_89	不繫舟	moedict-reviewed
L_Cd	不確	moedict-reviewed
L_CdWlT_5_	不確定故意	moedict-reviewed
L_Ci	不見	moedict-reviewed
L_Ci0_:i	不見世面	moedict-reviewed
L_Ci:i	不見面	moedict-reviewed
L_Ci=>r\	不見蹤影	moedict-reviewed
L_CiL_6i	不見不散	moedict-reviewed
L_CiN:1_	不見天日	moedict-reviewed
L_Cig:QEL_yf]e	不見棺材不掉淚	moedict-reviewed
L_Cinq	不見得	moedict-reviewed
L_Cio=\i	不見經傳	moedict-reviewed
L_Ck	不暢	moedict-reviewed
L_D8aO1_	不消幾日	moedict-reviewed
L_DYO@	不滿足	moedict-reviewed
L_Db	不克	moedict-reviewed
L_DbB_	不客氣	moedict-reviewed
L_Dk	不上	moedict-reviewed
L_DkCEcI	不上臺盤	moedict-reviewed
L_DkL_L`	不上不下	moedict-reviewed
L_Dk_;	不上心	moedict-reviewed
L_E0	不思	moedict-reviewed
L_E2^H	不摸頭	moedict-reviewed
L_EMa\	不平等	moedict-reviewed
L_EMeI	不平凡	moedict-reviewed
L_EY	不反	moedict-reviewed
L_EY	不返	moedict-reviewed
L_Ei	不限	moedict-reviewed
L_Ek	不讓	moedict-reviewed
L_Ek11IF	不讓鬚眉	moedict-reviewed
L_Em	不二	moedict-reviewed
L_Em	不貳	moedict-reviewed
L_EmJ`	不二價	moedict-reviewed
L_EmLPmJ	不二法門	moedict-reviewed
L_Emfa	不貳過	moedict-reviewed
L_F0F0	不一一	moedict-reviewed
L_F0}^	不一致	moedict-reviewed
L_FM:h]O	不明就裡	moedict-reviewed
L_FMF05J	不名一錢	moedict-reviewed
L_FMF0GK	不名一文	moedict-reviewed
L_FW	不表	moedict-reviewed
L_FYan	布撣子	moedict-reviewed
L_G56N6C	不約而合	moedict-reviewed
L_G:L_4_	不三不四	moedict-reviewed
L_GKL_Vj	不聞不問	moedict-reviewed
L_GL	不強	moedict-reviewed
L_Gf	不遂	moedict-reviewed
L_H<8i	不方便	moedict-reviewed
L_Hj	不吝	moedict-reviewed
L_Hj4_1g	不吝賜教	moedict-reviewed
L_Hjk0a_	不吝珠玉	moedict-reviewed
L_I1ZGLP	不差毫髮	moedict-reviewed
L_I1ZG}?	不差毫釐	moedict-reviewed
L_I<	不當	moedict-reviewed
L_I<L_7f	不當不對	moedict-reviewed
L_I<L_Kl	不當不正	moedict-reviewed
L_I<[1	不當家	moedict-reviewed
L_I<[1p1A1	不當家花拉	moedict-reviewed
L_I<[1p1p1	不當家化化	moedict-reviewed
L_I<[1p1p1	不當家花花	moedict-reviewed
L_I<cf	不當道	moedict-reviewed
L_I<g:	不當官	moedict-reviewed
L_I<|J	不當人	moedict-reviewed
L_I<|JRO	不當人子	moedict-reviewed
L_IJ	不還	moedict-reviewed
L_IM8k	不停當	moedict-reviewed
L_IP|Jzh_dWY]O	不把人看在眼裡	moedict-reviewed
L_JY6dNFo?F0L_	不敢越雷池一步	moedict-reviewed
L_JYl0B_	不敢出氣	moedict-reviewed
L_JYl0^=	不敢出聲	moedict-reviewed
L_JYrg|J	不敢後人	moedict-reviewed
L_J`xdl0	不假外出	moedict-reviewed
L_K6	不衰	moedict-reviewed
L_K_	不悟	moedict-reviewed
L_K_KlYc	不務正業	moedict-reviewed
L_Kl	不正	moedict-reviewed
L_Kl>|	不正經	moedict-reviewed
L_L7	不歸	moedict-reviewed
L_L7S_	不歸路	moedict-reviewed
L_L;	不深	moedict-reviewed
L_L`	不下	moedict-reviewed
L_Ld0_	不礙事	moedict-reviewed
L_Lj	不盡	moedict-reviewed
L_LjN_	不盡木	moedict-reviewed
L_Lj_;	不盡心	moedict-reviewed
L_Ljcf]O	不盡道理	moedict-reviewed
L_LjsI	不盡然	moedict-reviewed
L_Lj|JPM	不近人情	moedict-reviewed
L_Lj~I	不盡年	moedict-reviewed
L_Lln?	不稱職	moedict-reviewed
L_M7	不虧	moedict-reviewed
L_M9	不脩	moedict-reviewed
L_M9I:@@	不脩邊幅	moedict-reviewed
L_M9SWVD	不修小節	moedict-reviewed
L_M@	不熟	moedict-reviewed
L_MPL_=Mh<0_	不打不成相識	moedict-reviewed
L_MW6T	不了解	moedict-reviewed
L_MW?0^@	不了之局	moedict-reviewed
L_MW{h	不了漢	moedict-reviewed
L_Md?0:_	不敗之地	moedict-reviewed
L_Mw	埠頭	moedict-reviewed
L_N@5_	不如意	moedict-reviewed
L_NFe]	布累爾	moedict-reviewed
L_NJ	不傳	moedict-reviewed
L_N_	不睦	moedict-reviewed
L_Nb	不測	moedict-reviewed
L_NbQ=]K	不測風雲	moedict-reviewed
L_Nj	不信	moedict-reviewed
L_Nj<j^Hvf	不信任投票	moedict-reviewed
L_Nj<jph	不信任案	moedict-reviewed
L_O@2fxd|Jcf	不足為外人道	moedict-reviewed
L_O@?0Kl	不足之症	moedict-reviewed
L_O@UO	不足以	moedict-reviewed
L_O@rF2e	不足為怪	moedict-reviewed
L_O@rFi_	不足為慮	moedict-reviewed
L_O@rFm_	不足為據	moedict-reviewed
L_O@}FbJ	不足回旋	moedict-reviewed
L_OKL_]e	不倫不類	moedict-reviewed
L_O_	不復	moedict-reviewed
L_O_	不負	moedict-reviewed
L_O_CRt2	不負所托	moedict-reviewed
L_O_wl_k	不負眾望	moedict-reviewed
L_PAbi	不划算	moedict-reviewed
L_PM?00]	不情之請	moedict-reviewed
L_PML_ci	不情不願	moedict-reviewed
L_PY	不展	moedict-reviewed
L_Q;	不因	moedict-reviewed
L_Q;L_:L	不陰不陽	moedict-reviewed
L_Q=L_]d	不豐不殺	moedict-reviewed
L_QMR@Ob	不形於色	moedict-reviewed
L_Qd	不待	moedict-reviewed
L_Qd	不逮	moedict-reviewed
L_Qd6CDk	布袋和尚	moedict-reviewed
L_QdlO@baJ	不逮捕特權	moedict-reviewed
L_Qk	不亮	moedict-reviewed
L_Qk=_	不量力	moedict-reviewed
L_R=|_^P?0yK	不登大雅之堂	moedict-reviewed
L_RV	不韙	moedict-reviewed
L_Ri	不斷	moedict-reviewed
L_Ri<iC_?]	不斷電系統	moedict-reviewed
L_Rl	不應	moedict-reviewed
L_SWnq	不曉得	moedict-reviewed
L_SYV:zJ	不染纖塵	moedict-reviewed
L_S_	不露	moedict-reviewed
L_Sd	不奈	moedict-reviewed
L_Sd	不耐	moedict-reviewed
L_SdeI	不奈煩	moedict-reviewed
L_SdeI	不耐煩	moedict-reviewed
L_T0LY	不稀罕	moedict-reviewed
L_TOL_YB	不死不活	moedict-reviewed
L_TOtf	不死藥	moedict-reviewed
L_TZ;:M9	不肯干休	moedict-reviewed
L_T_	不顧	moedict-reviewed
L_T_5Jrg	不顧前後	moedict-reviewed
L_T_F0fc	不顧一切	moedict-reviewed
L_Td	不賴	moedict-reviewed
L_U<w?2f	不傷脾胃	moedict-reviewed
L_UOrF5_	不以為意	moedict-reviewed
L_UO|JYewI	不以人廢言	moedict-reviewed
L_Ui	不亂	moedict-reviewed
L_VD	不竭	moedict-reviewed
L_VD=fLjBX	不結匯進口	moedict-reviewed
L_VG	不撓	moedict-reviewed
L_Ve	不備	moedict-reviewed
L_Vi	不慣	moedict-reviewed
L_Vj	不問	moedict-reviewed
L_WG	不勞	moedict-reviewed
L_WG	不牢	moedict-reviewed
L_WPWY	不眨眼	moedict-reviewed
L_Wd	不害	moedict-reviewed
L_We	不配	moedict-reviewed
L_Wk	不像	moedict-reviewed
L_WkIk	不像樣	moedict-reviewed
L_Wk_`	不像話	moedict-reviewed
L_Wl	不定	moedict-reviewed
L_WlQk	不定量	moedict-reviewed
L_WlVis?	不定冠詞	moedict-reviewed
L_XD8k	不諧當	moedict-reviewed
L_Xi	不患	moedict-reviewed
L_Xi}P6NXiL_:<	不患寡而患不均	moedict-reviewed
L_YUafXe	不揣冒昧	moedict-reviewed
L_Yc=M	不夜城	moedict-reviewed
L_Ye	不費	moedict-reviewed
L_Ye=_	不費力	moedict-reviewed
L_YeS7N7?0=_	不費吹灰之力	moedict-reviewed
L_Yl	不佞	moedict-reviewed
L_ZO=kzO5_	不抵抗主義	moedict-reviewed
L_Z_	不住	moedict-reviewed
L_[H	不謀	moedict-reviewed
L_[H6N_M	不謀而同	moedict-reviewed
L_[K	不存	moedict-reviewed
L_[L	不遑	moedict-reviewed
L_\_	布署	moedict-reviewed
L_\c	不滅	moedict-reviewed
L_]BI:A_	不著邊際	moedict-reviewed
L_]BuJR0	不著痕跡	moedict-reviewed
L_]Byf	不著調	moedict-reviewed
L_]K	不勻	moedict-reviewed
L_]O=f	不理會	moedict-reviewed
L_]V	不悔	moedict-reviewed
L_]ZlqIk	不怎麼樣	moedict-reviewed
L_]_	不入	moedict-reviewed
L_]_	不辱	moedict-reviewed
L_]_POUl	不辱使命	moedict-reviewed
L_]_p?u?	不入時宜	moedict-reviewed
L_]_vH	不入流	moedict-reviewed
L_]d	不殺	moedict-reviewed
L_^=?0Rd	不勝之態	moedict-reviewed
L_^=F0	不勝衣	moedict-reviewed
L_^=JY<f	不勝感喟	moedict-reviewed
L_^=L_\c	不生不滅	moedict-reviewed
L_^=T011	不勝唏噓	moedict-reviewed
L_^=w;	不勝春	moedict-reviewed
L_^H	布頭	moedict-reviewed
L_^j	不論	moedict-reviewed
L_^l6NKX	不脛而走	moedict-reviewed
L__M1_6d	不同日月	moedict-reviewed
L__M5_	不同意	moedict-reviewed
L__d	不再	moedict-reviewed
L__d	不在	moedict-reviewed
L__d5_	不在意	moedict-reviewed
L__d@W\_	不在少數	moedict-reviewed
L__d_`L`	不在話下	moedict-reviewed
L__dg0	不在乎	moedict-reviewed
L__dqq	不在了	moedict-reviewed
L__kKZ	不忘本	moedict-reviewed
L__n	不是	moedict-reviewed
L_`ZcfaJ	不飲盜泉	moedict-reviewed
L_`_?0Db	不速之客	moedict-reviewed
L_`_A_0\	不溯既往	moedict-reviewed
L_`l	不幸	moedict-reviewed
L_`l?0`l	不幸之幸	moedict-reviewed
L_aG	不饒	moedict-reviewed
L_aO	不給	moedict-reviewed
L_a_	不遇	moedict-reviewed
L_bi	不算	moedict-reviewed
L_bi\_	不算數	moedict-reviewed
L_bi{Jlq	不算什麼	moedict-reviewed
L_c:	不端	moedict-reviewed
L_c=	不應	moedict-reviewed
L_cO	不喜	moedict-reviewed
L_cY	不減	moedict-reviewed
L_cf	不到	moedict-reviewed
L_cf	不道	moedict-reviewed
L_cf0C	不道德	moedict-reviewed
L_cf[1	不到家	moedict-reviewed
L_cf[L6C_;L_TO	不到黃河心不死	moedict-reviewed
L_cf\0f<L_Lj^H	不到烏江不盡頭	moedict-reviewed
L_ci	不怨	moedict-reviewed
L_ci	不願	moedict-reviewed
L_ci5_	不願意	moedict-reviewed
L_dI\O03	不瞞你說	moedict-reviewed
L_dR0C	不可得	moedict-reviewed
L_dR=km_	不可抗拒	moedict-reviewed
L_dR?0	不可知	moedict-reviewed
L_dRB_2@	不可企及	moedict-reviewed
L_dREiBL	不可限量	moedict-reviewed
L_dRI<	不可當	moedict-reviewed
L_dRIF>P	不可枚舉	moedict-reviewed
L_dRR@6d	不可踰越	moedict-reviewed
L_dRWke]	不可向邇	moedict-reviewed
L_dRX[	不可當	moedict-reviewed
L_dR]O6T	不可理解	moedict-reviewed
L_dR^=A_	不可勝紀	moedict-reviewed
L_dR^=A_	不可勝計	moedict-reviewed
L_dR^=A_	不可勝記	moedict-reviewed
L_dR^=TJ	不可勝原	moedict-reviewed
L_dR^=m0	不可勝書	moedict-reviewed
L_dR^=wI	不可勝言	moedict-reviewed
L_dR_M~I6N2P	不可同年而語	moedict-reviewed
L_dRhf	不可靠	moedict-reviewed
L_dRwI	不可言	moedict-reviewed
L_eI	布帆	moedict-reviewed
L_eI<@Ik	布帆無恙	moedict-reviewed
L_e]rG>`	布爾喬亞	moedict-reviewed
L_ea	不落	moedict-reviewed
L_ea4>	不落空	moedict-reviewed
L_eaQ@df	不落俗套	moedict-reviewed
L_eaU3:h	不落窠臼	moedict-reviewed
L_ea|Jrg	不落人後	moedict-reviewed
L_ec	不借	moedict-reviewed
L_ec5_	不介意	moedict-reviewed
L_fa	不過	moedict-reviewed
L_fa0_	不過是	moedict-reviewed
L_fa5_	不過意	moedict-reviewed
L_faN@SO	不過如此	moedict-reviewed
L_faVj	不過問	moedict-reviewed
L_fae]e]	不過爾爾	moedict-reviewed
L_fcp?A_	不切實際	moedict-reviewed
L_g5	不開	moedict-reviewed
L_g5WY	不開眼	moedict-reviewed
L_g6L_=k	不卑不亢	moedict-reviewed
L_g:_;	不關心	moedict-reviewed
L_g>	布衫兒	moedict-reviewed
L_gc	不屑	moedict-reviewed
L_gc	不懈	moedict-reviewed
L_gcF0T_	不屑一顧	moedict-reviewed
L_gf6NKD	不告而別	moedict-reviewed
L_gj	不順	moedict-reviewed
L_gjIX	不順手	moedict-reviewed
L_gjWY	不順眼	moedict-reviewed
L_h<0_	不相識	moedict-reviewed
L_h<Ll	不相稱	moedict-reviewed
L_h<g:	不相關	moedict-reviewed
L_ha	不惑	moedict-reviewed
L_ha	不獲	moedict-reviewed
L_i=POXi	不聽使喚	moedict-reviewed
L_i=_`	不聽話	moedict-reviewed
L_j6H:\i	步飛煙傳	moedict-reviewed
L_jP	不假	moedict-reviewed
L_kM5_	不容易	moedict-reviewed
L_kR	不捨	moedict-reviewed
L_kRnq	不捨得	moedict-reviewed
L_kRvgYc	不捨晝夜	moedict-reviewed
L_kRvgYc	不舍晝夜	moedict-reviewed
L_k\	不整	moedict-reviewed
L_k\6C	不整合	moedict-reviewed
L_l0QE	不出材	moedict-reviewed
L_l@	不罰	moedict-reviewed
L_lI6N=_	不寒而栗	moedict-reviewed
L_lI6o	不含糊	moedict-reviewed
L_lOdR?0	不卜可知	moedict-reviewed
L_lZ	不緊	moedict-reviewed
L_l\	不逞	moedict-reviewed
L_l\?0B@	不逞之徒	moedict-reviewed
L_lj	不孕	moedict-reviewed
L_ljKl	不孕症	moedict-reviewed
L_m0~n	不舒服	moedict-reviewed
L_m:	不專	moedict-reviewed
L_m@	不達	moedict-reviewed
L_mG	不聊	moedict-reviewed
L_m_	不具	moedict-reviewed
L_m_FM	不具名	moedict-reviewed
L_ma	不輟	moedict-reviewed
L_mgFMcV1U_`	不透明水彩畫	moedict-reviewed
L_mlFMPL	不動明王	moedict-reviewed
L_mlQY	不動產	moedict-reviewed
L_ml\[	不凍港	moedict-reviewed
L_ml^=Ob	不動聲色	moedict-reviewed
L_mlz;	不動尊	moedict-reviewed
L_n?	不直	moedict-reviewed
L_n?5J	不值錢	moedict-reviewed
L_n?F0GK	不值一文	moedict-reviewed
L_n?F0[Z	不值一哂	moedict-reviewed
L_n?I<	不值當	moedict-reviewed
L_n?nq	不值得	moedict-reviewed
L_nH|J	不由人	moedict-reviewed
L_n_	不去	moedict-reviewed
L_nlL_i[	不痛不癢	moedict-reviewed
L_o=?0gI	不經之談	moedict-reviewed
L_o_	不恤	moedict-reviewed
L_oa	不弱	moedict-reviewed
L_oa	不若	moedict-reviewed
L_og^=Ob	不露聲色	moedict-reviewed
L_oi	不倦	moedict-reviewed
L_p?	不食	moedict-reviewed
L_p?89`_	不食周粟	moedict-reviewed
L_p??011	不時之須	moedict-reviewed
L_p??;	不十分	moedict-reviewed
L_p?H:9R	不食煙火	moedict-reviewed
L_pa	不作	moedict-reviewed
L_pa6[	不作準	moedict-reviewed
L_pa\_	不作數	moedict-reviewed
L_pa^=	不作聲	moedict-reviewed
L_pa^=	不做聲	moedict-reviewed
L_parF	不作為	moedict-reviewed
L_paxU	不作美	moedict-reviewed
L_pg	不夠	moedict-reviewed
L_pg4C	不夠格	moedict-reviewed
L_ph?E]Ol0?E	不按牌理出牌	moedict-reviewed
L_qOL_3e	不吐不快	moedict-reviewed
L_qa	不錯	moedict-reviewed
L_qf	不造	moedict-reviewed
L_qlN::_	不共天地	moedict-reviewed
L_qlQdN:	不共戴天	moedict-reviewed
L_rF	不為	moedict-reviewed
L_rFUO;j	不為已甚	moedict-reviewed
L_rF`Mp?	不違農時	moedict-reviewed
L_rFfa	不為過	moedict-reviewed
L_s2L_@W	不多不少	moedict-reviewed
L_s2aO1_	不多幾日	moedict-reviewed
L_s2p?	不多時	moedict-reviewed
L_sOObe]	布魯塞爾	moedict-reviewed
L_shL_?0	不蔓不枝	moedict-reviewed
L_tO	不穀	moedict-reviewed
L_tf	不要	moedict-reviewed
L_tf6Na_	不藥而癒	moedict-reviewed
L_tf_Y	不要臉	moedict-reviewed
L_tflZ	不要緊	moedict-reviewed
L_th	不犯	moedict-reviewed
L_u?	不疑	moedict-reviewed
L_u?L_=f	不夷不惠	moedict-reviewed
L_uh	不但	moedict-reviewed
L_uh	不憚	moedict-reviewed
L_uhGLa_	不憚強禦	moedict-reviewed
L_v4	不接	moedict-reviewed
L_v4_n	不結實	moedict-reviewed
L_vH	不流	moedict-reviewed
L_vH{J	不留神	moedict-reviewed
L_vY6J0_	不管閒事	moedict-reviewed
L_vYL_T_	不管不顧	moedict-reviewed
L_w@	布招兒	moedict-reviewed
L_wIAo	不言語	moedict-reviewed
L_wK	不防	moedict-reviewed
L_wf	不妙	moedict-reviewed
L_wl	不中	moedict-reviewed
L_wl	不重	moedict-reviewed
L_wl5_	不中意	moedict-reviewed
L_wli=	不中聽	moedict-reviewed
L_x7`l	不高興	moedict-reviewed
L_xU	不美	moedict-reviewed
L_xd	不外	moedict-reviewed
L_xdg0	不外乎	moedict-reviewed
L_xg	不受	moedict-reviewed
L_xg]O	不受理	moedict-reviewed
L_yIdn	不便宜	moedict-reviewed
L_y_	不怕	moedict-reviewed
L_yf	不弔	moedict-reviewed
L_yh	不幹	moedict-reviewed
L_zJ?0_;	不臣之心	moedict-reviewed
L_zOT_4L	不主故常	moedict-reviewed
L_zh];:izhuA:i	不看金面看佛面	moedict-reviewed
L_zj	不遜	moedict-reviewed
L_{?	不題	moedict-reviewed
L_{@	不雜	moedict-reviewed
L_{H|J	不求人	moedict-reviewed
L_{l	部從	moedict-reviewed
L_|JL_5_	不仁不義	moedict-reviewed
L_|O	不屬	moedict-reviewed
L_|_	不大	moedict-reviewed
L_|_6Cp?	不大合時	moedict-reviewed
L_|_L_SW	不大不小	moedict-reviewed
L_|_o=1U	不大精采	moedict-reviewed
L_|_}?	不大離	moedict-reviewed
L_|f	不料	moedict-reviewed
L_}?	不離	moedict-reviewed
L_}^	不智	moedict-reviewed
L_}^	不治	moedict-reviewed
L_}^	不置	moedict-reviewed
L_}^	不致	moedict-reviewed
L_}^?0Kl	不治之症	moedict-reviewed
L_}^L_{H	不忮不求	moedict-reviewed
L_}^R@	不至於	moedict-reviewed
L_}^R@	不致於	moedict-reviewed
L_}^dR<X	不置可否	moedict-reviewed
L_}i	不忿	moedict-reviewed
L_}lB_	不送氣	moedict-reviewed
L_~0F04C	不拘一格	moedict-reviewed
L_~7	不招	moedict-reviewed
L_~72@	不著急	moedict-reviewed
L_~^	不啻	moedict-reviewed
L_~l	不用	moedict-reviewed
L_~l03	不用說	moedict-reviewed
L_~lDbB_	不用客氣	moedict-reviewed
L_~l_;	不用心	moedict-reviewed
L_~lhH	不用愁	moedict-reviewed
L_~lzh	不用看	moedict-reviewed
L`	諕	moedict-reviewed
L`1_	暇日	moedict-reviewed
L`3>~n	下功夫	moedict-reviewed
L`3>~n	下工夫	moedict-reviewed
L`4L	下場	moedict-reviewed
L`4LmJ	下場門	moedict-reviewed
L`6o	嚇唬	moedict-reviewed
L`7i	下咽	moedict-reviewed
L`;o	下處	moedict-reviewed
L`L_EECE	下不來臺	moedict-reviewed
L`L_n_	下不去	moedict-reviewed
L`Ml	下乘	moedict-reviewed
L`No	下去	moedict-reviewed
L`Pq	下作	moedict-reviewed
L`Xo	下巴	moedict-reviewed
L`XoU3	下巴頦	moedict-reviewed
L`cHl;	夏侯惇	moedict-reviewed
L`f]	下板兒	moedict-reviewed
L`iML_dR2Pd=	夏蟲不可語冰	moedict-reviewed
L`iM~7xj	夏蟲朝菌	moedict-reviewed
L`nq	下得	moedict-reviewed
L`qhVean	下半輩子	moedict-reviewed
L`rz	下場	moedict-reviewed
L`xY	下浣	moedict-reviewed
Lb0`0`	熱剌剌	moedict-reviewed
Lb4W3gRl	熱島效應	moedict-reviewed
LbEv	熱鬧	moedict-reviewed
LbEv5>5>	熱鬧哄哄	moedict-reviewed
LbQdB_qi	熱帶氣旋	moedict-reviewed
Lb]eCMz<	熱淚盈眶	moedict-reviewed
Lb^l\J	熱痙攣	moedict-reviewed
Lb{O]O	熱處理	moedict-reviewed
Lb~_>`	熱那亞	moedict-reviewed
Ld:ian	愛面子	moedict-reviewed
LdL_0_IX	愛不釋手	moedict-reviewed
LdL_\Z0_	愛不忍釋	moedict-reviewed
LdQEif0_	愛才好士	moedict-reviewed
LdUk	愛將	moedict-reviewed
Ld[]	隘窘	moedict-reviewed
Ldan	艾子	moedict-reviewed
Lj4L	進場	moedict-reviewed
Lj8fwl>M	進退中繩	moedict-reviewed
LjF0L_	進一步	moedict-reviewed
LjNjm0L_N@<@m0	盡信書不如無書	moedict-reviewed
LjO_T5N@	盡付闕如	moedict-reviewed
LjR0	近畿	moedict-reviewed
Ljan	禁子	moedict-reviewed
Lji:6N6i	盡歡而散	moedict-reviewed
Ll5J	稱錢	moedict-reviewed
Ll5_	稱意	moedict-reviewed
LlEM=XDY	秤平斗滿	moedict-reviewed
LlTB	秤砣	moedict-reviewed
LlUX	秤紐	moedict-reviewed
LlZG	秤毫	moedict-reviewed
Ll[OQEF0	稱體裁衣	moedict-reviewed
Ll_;	稱心	moedict-reviewed
Ll_;N@5_	稱心如意	moedict-reviewed
LlcIan	秤盤子	moedict-reviewed
Llci	稱願	moedict-reviewed
Lm	那兒	moedict-reviewed
M1s@	擦黑兒	moedict-reviewed
M7Mw	盔頭	moedict-reviewed
M7_fF03:	窺豹一斑	moedict-reviewed
M7an	盔子	moedict-reviewed
M7nq	虧得	moedict-reviewed
M7rl	虧空	moedict-reviewed
M7{nLj	虧不盡	moedict-reviewed
M7}U	虧累	moedict-reviewed
M91]	修省	moedict-reviewed
M96C	修和	moedict-reviewed
M9M9	咻咻	moedict-reviewed
M9lZUO4_	修謹以俟	moedict-reviewed
M:5J4Wq;	顛乾倒坤	moedict-reviewed
M:=p	掂過兒	moedict-reviewed
M:FJ4W@l	顛鸞倒鳳	moedict-reviewed
M:^0L_3a	顛撲不破	moedict-reviewed
M<	釭	moedict-reviewed
M<A_YePO	綱紀廢弛	moedict-reviewed
M<jHh<A_	剛柔相濟	moedict-reviewed
M<og	肛瘻	moedict-reviewed
M@0_	熟視	moedict-reviewed
M@0_<@pO	熟視無睹	moedict-reviewed
M@2P	熟語	moedict-reviewed
M@2_	熟字	moedict-reviewed
M@6:	熟番	moedict-reviewed
M@8k	贖當	moedict-reviewed
M@:_	熟地	moedict-reviewed
M@:i|J	熟面人	moedict-reviewed
M@<o	叔叔	moedict-reviewed
M@?i	熟練	moedict-reviewed
M@Db	熟客	moedict-reviewed
M@Es	秫秸	moedict-reviewed
M@IX	熟手	moedict-reviewed
M@T0	熟悉	moedict-reviewed
M@\Z	熟稔	moedict-reviewed
M@_`	熟化	moedict-reviewed
M@`d	熟菜	moedict-reviewed
M@an	叔子	moedict-reviewed
M@ci	淑媛	moedict-reviewed
M@ea	熟絡	moedict-reviewed
M@hG	熟苗	moedict-reviewed
M@i_	熟慮	moedict-reviewed
M@mJM@S_	熟門熟路	moedict-reviewed
M@p?	朱提	moedict-reviewed
M@p?x7	熟石膏	moedict-reviewed
M@qO	熟土	moedict-reviewed
M@tf	熟藥	moedict-reviewed
M@x@	熟茶	moedict-reviewed
M@{<	熟荒	moedict-reviewed
M@|J	熟人	moedict-reviewed
M@~I	熟年	moedict-reviewed
MEG@	茈胡	moedict-reviewed
MEHq	柴火	moedict-reviewed
ME{KObS_	豺狼塞路	moedict-reviewed
MKm_	囤聚	moedict-reviewed
MN	鼻兒	moedict-reviewed
MP2@6d	打擊樂	moedict-reviewed
MP2^	打挺兒	moedict-reviewed
MP7_4o	打屁股	moedict-reviewed
MP9?	打通兒	moedict-reviewed
MP;:G5	打乾噦	moedict-reviewed
MP;_]y	打嚏噴	moedict-reviewed
MPAXL_zhzO|J:i	打狗不看主人面	moedict-reviewed
MPD1bo	打哈哈	moedict-reviewed
MPD1sx	打哈欠	moedict-reviewed
MPGLf]6:DkL`	打牆板兒翻上下	moedict-reviewed
MPG^	打短兒	moedict-reviewed
MPIP_n	打把勢	moedict-reviewed
MPIP_n	打把式	moedict-reviewed
MPKP6oWY	打馬虎眼	moedict-reviewed
MPY`	打盹兒	moedict-reviewed
MPZOan	打底子	moedict-reviewed
MP[o	打發	moedict-reviewed
MP\oJ1J1	打打殺殺	moedict-reviewed
MP\oefef	打打鬧鬧	moedict-reviewed
MPe]n1an	打耳刮子	moedict-reviewed
MPha5>	打和哄	moedict-reviewed
MPkx	打點	moedict-reviewed
MPmTan	打擺子	moedict-reviewed
MPqqF0rq|iNF	打了一個悶雷	moedict-reviewed
MPqqrqY`	打了個盹兒	moedict-reviewed
MPqqrqeap1vHcV	打了個落花流水	moedict-reviewed
MPqqrqy>	打了個千兒	moedict-reviewed
MPrq5JA0	打個前失	moedict-reviewed
MPrqVjif	打個問號	moedict-reviewed
MPrqmf:i	打個照面	moedict-reviewed
MPrqmf=f	打個照會	moedict-reviewed
MPrqp1	打個花	moedict-reviewed
MPrqy>	打個千兒	moedict-reviewed
MP|i_j	打悶棍	moedict-reviewed
MW0_IJ	了事環	moedict-reviewed
MW2P	了語	moedict-reviewed
MW3E	了決	moedict-reviewed
MW6_	了畢	moedict-reviewed
MW8kL_0C	了當不得	moedict-reviewed
MW:9	了收	moedict-reviewed
MW<@U:]`	了無牽掛	moedict-reviewed
MWB_	了訖	moedict-reviewed
MWBk	了帳	moedict-reviewed
MWBk	了賬	moedict-reviewed
MWIX	了手	moedict-reviewed
MWJW	了鳥	moedict-reviewed
MWL;m@Ul	了身達命	moedict-reviewed
MWLP	燎髮	moedict-reviewed
MWN@NOb[	了如指掌	moedict-reviewed
MW^@	了局	moedict-reviewed
MW_`	了話	moedict-reviewed
MWac	了劣	moedict-reviewed
MWea	了落	moedict-reviewed
MWnq	了得	moedict-reviewed
MWnqMW	了得了	moedict-reviewed
MWp=	了清	moedict-reviewed
MWsIL_ha	了然不惑	moedict-reviewed
MW{n=M	了不成	moedict-reviewed
MW{nbO	了不起	moedict-reviewed
MW{nnq	了不得	moedict-reviewed
MW~_	了納	moedict-reviewed
MX	嗾	moedict-reviewed
MXPO	嗾使	moedict-reviewed
M_:i	暴面	moedict-reviewed
M_:i	鋪面	moedict-reviewed
M_>E	暴白	moedict-reviewed
M_A0R@0_	暴屍於市	moedict-reviewed
M_H:	暴醃	moedict-reviewed
M_QM	暴行	moedict-reviewed
M_S_	曝露	moedict-reviewed
Mb	崱	moedict-reviewed
Md:<:CUk	敗軍折將	moedict-reviewed
Md:<?0Uk	敗軍之將	moedict-reviewed
MdIPan	拜把子	moedict-reviewed
MdKPMw	拜碼頭	moedict-reviewed
MdRO}F^H];L_Xi	敗子回頭金不換	moedict-reviewed
Mdd=:CUk	敗兵折將	moedict-reviewed
Md|s	拜拜	moedict-reviewed
Mi0UU:L9	萬載千秋	moedict-reviewed
Mi2f	玩味	moedict-reviewed
Mi4Mtf_n	萬能鑰匙	moedict-reviewed
Mi<@F0A0	萬無一失	moedict-reviewed
MiGfJD	萬歲爺	moedict-reviewed
MiK_Hk}^	玩物喪志	moedict-reviewed
MiLP	玩法	moedict-reviewed
MiL_2@F0	萬不及一	moedict-reviewed
MiL_A0F0	萬不失一	moedict-reviewed
MiL_dRA0	萬不可失	moedict-reviewed
MiR0	萬幾	moedict-reviewed
MiTOF0^=	萬死一生	moedict-reviewed
MiVDL_O_	萬劫不復	moedict-reviewed
MiWBrAIY=f	萬國博覽會	moedict-reviewed
MiXo	萬把	moedict-reviewed
Mi];L_Xi	萬金不換	moedict-reviewed
Mian	腕子	moedict-reviewed
Mid[	玩賞	moedict-reviewed
Miif	玩好	moedict-reviewed
MitOL_\c	萬古不滅	moedict-reviewed
Miuh	萬石	moedict-reviewed
MiwlF0_;	萬眾一心	moedict-reviewed
Mi|JHk0C	玩人喪德	moedict-reviewed
Mj	唚	moedict-reviewed
Ml2@F0p?	盛極一時	moedict-reviewed
MlK6kM]_	盛衰榮辱	moedict-reviewed
MlVO0C0W	聖彼得堡	moedict-reviewed
Ml\i	盛饌	moedict-reviewed
Mlec	盛价	moedict-reviewed
Mlo=6J\i	聖經賢傳	moedict-reviewed
MlwI6_6i	盛筵必散	moedict-reviewed
Ml{o	剩下	moedict-reviewed
Ml~=	盛冬	moedict-reviewed
N0lnA1A1	哩哩啦啦	moedict-reviewed
N0lnv2v2	哩哩囉囉	moedict-reviewed
N1IXCi	撒手鐧	moedict-reviewed
N7?0L_n_	揮之不去	moedict-reviewed
N7L_G9D9	灰不溜丟	moedict-reviewed
N7XD?P	詼諧曲	moedict-reviewed
N7yf	徽調	moedict-reviewed
N:3>L_paxU	天公不作美	moedict-reviewed
N:7WJD	天老爺	moedict-reviewed
N::|Ud	天靈蓋	moedict-reviewed
N:CbF0H<	天各一方	moedict-reviewed
N:DblI	天可汗	moedict-reviewed
N:L`F0[1	天下一家	moedict-reviewed
N:NXL_NbQ=]K	天有不測風雲	moedict-reviewed
N:PL7Wan	天王老子	moedict-reviewed
N:R0L_dRgcog	天機不可洩漏	moedict-reviewed
N:Uk	天將	moedict-reviewed
N:ZO{o	天底下	moedict-reviewed
N:_;6C6C	天心和合	moedict-reviewed
N:a0	天都	moedict-reviewed
N:g:4_@@	天官賜福	moedict-reviewed
N:{l?0QE	天縱之才	moedict-reviewed
N:{n	添補	moedict-reviewed
N:|JJYRl	天人感應	moedict-reviewed
N:|M	天穹	moedict-reviewed
N:~@6C[_<@H<CW	天涯何處無芳草	moedict-reviewed
N<A_S_	康濟錄	moedict-reviewed
N=4L:i	繃場面	moedict-reviewed
N=4W	崩倒	moedict-reviewed
N>	哅	moedict-reviewed
N>2@	胸脊	moedict-reviewed
N>4a	胸膜	moedict-reviewed
N>4awI	胸膜炎	moedict-reviewed
N>9>NX\_	胸中有數	moedict-reviewed
N>:_	凶地	moedict-reviewed
N@	侞	moedict-reviewed
N@	嬬	moedict-reviewed
N@	挐	moedict-reviewed
N@	蒘	moedict-reviewed
N@:PrAd=	如履薄冰	moedict-reviewed
N@L_^=F0	如不勝衣	moedict-reviewed
N@baH:K_	如墮煙霧	moedict-reviewed
N@l0F0BX	如出一口	moedict-reviewed
N@vK_dVe	如芒在背	moedict-reviewed
NF	蔂	moedict-reviewed
NFMPL_ml	雷打不動	moedict-reviewed
NFgc	累紲	moedict-reviewed
NFpu	累墜	moedict-reviewed
NFpu	累贅	moedict-reviewed
NF{JLjQM?P	雷神進行曲	moedict-reviewed
NJeI	船帆	moedict-reviewed
NO	枳	moedict-reviewed
NO5C	枳殼	moedict-reviewed
NO<j5JL_<j|J	只認錢不認人	moedict-reviewed
NOL_Z_	止不住	moedict-reviewed
NOl5	指摘	moedict-reviewed
NOp7L_Z_9R	紙包不住火	moedict-reviewed
NOwlF0C:L_wl|J	只重衣衫不重人	moedict-reviewed
NOyo	指甲	moedict-reviewed
NOyocY	指甲剪	moedict-reviewed
NOyonH	指甲油	moedict-reviewed
NO{J	只甚	moedict-reviewed
NP	鎝	moedict-reviewed
NP2@Dbql6CWB	塔吉克共和國	moedict-reviewed
NX	卣	moedict-reviewed
NX	懮	moedict-reviewed
NX	蚴	moedict-reviewed
NX1^	有點兒	moedict-reviewed
NX1_an	有日子	moedict-reviewed
NX5_cn	有意思	moedict-reviewed
NX?;Jz	有分寸	moedict-reviewed
NXCRparF	有所作為	moedict-reviewed
NXD^	有譜兒	moedict-reviewed
NXDdNXyg	有血有肉	moedict-reviewed
NXF0IX	有一手	moedict-reviewed
NXFM<@p?	有名亡實	moedict-reviewed
NXIF}n	有眉目	moedict-reviewed
NXWYL_0_RdC:	有眼不識泰山	moedict-reviewed
NX]BEq	有著落	moedict-reviewed
NX^HNX_Y	有頭有臉	moedict-reviewed
NX^m	有面兒	moedict-reviewed
NXbO~q	有起色	moedict-reviewed
NXc`	有準兒	moedict-reviewed
NXfa?0<@L_2@	有過之無不及	moedict-reviewed
NXhGMw	有苗頭	moedict-reviewed
NXkGL_Vj	有條不紊	moedict-reviewed
NXl0rn	有出息	moedict-reviewed
NXp?Rw	有時候	moedict-reviewed
NXpgI<	有勾當	moedict-reviewed
NXq[L`an	有兩下子	moedict-reviewed
NXrq3n	有個數兒	moedict-reviewed
NXrq7_~l	有個屁用	moedict-reviewed
NXrq:WqT	有個好歹	moedict-reviewed
NXsT8i0_AL	有奶便是娘	moedict-reviewed
NXu[iw	有講究	moedict-reviewed
NXv?anNXWY	有鼻子有眼	moedict-reviewed
NXzhMw	有看頭	moedict-reviewed
NX}i	有分	moedict-reviewed
NZ4aR=4L	粉墨登場	moedict-reviewed
NZhN	粉團兒	moedict-reviewed
NZhN4_nq	粉團兒似的	moedict-reviewed
N_23	木作	moedict-reviewed
N_2P~7]K	暮雨朝雲	moedict-reviewed
N_4L	牧場	moedict-reviewed
N_5_	睦誼	moedict-reviewed
N_KW_;~7	目挑心招	moedict-reviewed
N_L_0_h=	目不識丁	moedict-reviewed
N_L_CiVD	目不見睫	moedict-reviewed
N_L_M7TJ	目不窺園	moedict-reviewed
N_L_\Z0_	目不忍視	moedict-reviewed
N_L_\ZpO	目不忍睹	moedict-reviewed
N_Mw	木頭	moedict-reviewed
N_U3	木刻	moedict-reviewed
N_\XL_;8	木朽不雕	moedict-reviewed
N_an	木子	moedict-reviewed
N_vY6dB_	木管樂器	moedict-reviewed
Nb	筴	moedict-reviewed
Nb	簎	moedict-reviewed
Nbba	測度	moedict-reviewed
NdL_0_	派不是	moedict-reviewed
Nj	囟	moedict-reviewed
Nj	蕈	moedict-reviewed
NjIX~IEE	信手拈來	moedict-reviewed
Njan	信子	moedict-reviewed
O18k	押當	moedict-reviewed
O18y	丫鬟	moedict-reviewed
O19i	雅片	moedict-reviewed
O1Ll	壓秤	moedict-reviewed
O1S_f<	鴨綠江	moedict-reviewed
O1ec	押解	moedict-reviewed
O1oi	壓卷	moedict-reviewed
O1q@	壓根兒	moedict-reviewed
O1u|	丫巴兒	moedict-reviewed
O1{nZ_	壓不住	moedict-reviewed
O:qOyU	蔫土匪	moedict-reviewed
O;	篸	moedict-reviewed
O=	泙	moedict-reviewed
O=	淜	moedict-reviewed
O@	嗾	moedict-reviewed
O@L_l0mJ	足不出門	moedict-reviewed
O@MWp?|J	足了十人	moedict-reviewed
OD	墆	moedict-reviewed
OD	嵽	moedict-reviewed
ODDd	喋血	moedict-reviewed
OG^H	鼇頭	moedict-reviewed
OGan	鏊子	moedict-reviewed
OG{nZ_	熬不住	moedict-reviewed
OG{nfa	熬不過	moedict-reviewed
OKCk?P	輪唱曲	moedict-reviewed
OKQE	掄材	moedict-reviewed
OKVeh<	崙背鄉	moedict-reviewed
OKbJ?P	輪旋曲	moedict-reviewed
ON	名兒	moedict-reviewed
ON	明兒	moedict-reviewed
ON	謎兒	moedict-reviewed
OOMw	尺頭	moedict-reviewed
OOha	尺蠖	moedict-reviewed
OOhazB	尺蠖蛾	moedict-reviewed
OP0C	那得	moedict-reviewed
OP]OK64WOP]Oj@	哪裡摔倒哪裡爬	moedict-reviewed
OPmJan	哪門子	moedict-reviewed
OPrqifanL_~8nH	那個耗子不偷油	moedict-reviewed
OPrqk@L_@0q=	那個貓兒不吃腥	moedict-reviewed
O]=_	擁立	moedict-reviewed
O]L_S_~l	永不錄用	moedict-reviewed
O]L_tA\c	永不磨滅	moedict-reviewed
O]NX	擁有	moedict-reviewed
O]Ob	擁塞	moedict-reviewed
O]Qd	擁戴	moedict-reviewed
O]V_	擁護	moedict-reviewed
O]_f	擁抱	moedict-reviewed
O]aO	擁擠	moedict-reviewed
O]d=	擁兵	moedict-reviewed
O]iRL_m_	勇者不懼	moedict-reviewed
O]vhyf	詠嘆調	moedict-reviewed
O]}^L__k	永誌不忘	moedict-reviewed
O_2t	富態	moedict-reviewed
O_4a	腹膜	moedict-reviewed
O_4awI	腹膜炎	moedict-reviewed
O_6CQks?	複合量詞	moedict-reviewed
O_6d	傅說	moedict-reviewed
O_6dBYK@	傅說版築	moedict-reviewed
O_:<J1Uk	覆軍殺將	moedict-reviewed
O_?P	副曲	moedict-reviewed
O_?P	赴曲	moedict-reviewed
O_Ao	富餘	moedict-reviewed
O_Cv|Jyo	婦道人家	moedict-reviewed
O_Dd	複穴	moedict-reviewed
O_Ml}^qg	負乘致寇	moedict-reviewed
O_\_	副署	moedict-reviewed
O__d	覆載	moedict-reviewed
O_af	覆冒	moedict-reviewed
O_cf3@Jb	復蹈其轍	moedict-reviewed
O_cf5JJb	復蹈前轍	moedict-reviewed
O_e0rAT0	婦姑勃谿	moedict-reviewed
O_hHL_qlQdN:	父仇不共戴天	moedict-reviewed
O_wl	複種	moedict-reviewed
O_{l2P	複綜語	moedict-reviewed
O_}U	負累	moedict-reviewed
Ob4@e]	塞席爾	moedict-reviewed
ObDk	塞尚	moedict-reviewed
ObM1Q;	塞擦音	moedict-reviewed
ObQ;	塞音	moedict-reviewed
Ob\e[1e]	塞內加爾	moedict-reviewed
Obb[	色長	moedict-reviewed
Obe]	塞耳	moedict-reviewed
Obe]cf9>	塞耳盜鐘	moedict-reviewed
Obe]rF>`	塞爾維亞	moedict-reviewed
Obsq	嗇刻	moedict-reviewed
Obt:	塞淵	moedict-reviewed
Od2_Iv	賣字號	moedict-reviewed
Od4@	脈息	moedict-reviewed
Od4L	賣場	moedict-reviewed
Od:>	脈衝	moedict-reviewed
Od:>0_	脈衝式	moedict-reviewed
Od:><is?4L	脈衝電磁場	moedict-reviewed
Od:>q=	脈衝星	moedict-reviewed
Od=_qn	賣力氣	moedict-reviewed
OdCban	麥個子	moedict-reviewed
OdKZ_n	賣本事	moedict-reviewed
OdL_}^yg	脈不制肉	moedict-reviewed
OdWk	脈象	moedict-reviewed
OdYZ	脈診	moedict-reviewed
Od]O	脈理	moedict-reviewed
Odea	脈絡	moedict-reviewed
OdeatA	脈絡膜	moedict-reviewed
OdmJ	脈門	moedict-reviewed
Odml	脈動	moedict-reviewed
OdnHALancVm0^H	賣油娘子水梳頭	moedict-reviewed
Odph	脈案	moedict-reviewed
Odqq6Nan~79Po_	賣了兒子招女婿	moedict-reviewed
OdrA	脈搏	moedict-reviewed
Odrq3a0i	賣個破綻	moedict-reviewed
OdvY	脈管	moedict-reviewed
Odx@	麥茬	moedict-reviewed
Om	扣兒	moedict-reviewed
P3ap	嘚啵	moedict-reviewed
P=0_	矇事	moedict-reviewed
P=6_	矇蔽	moedict-reviewed
P=9i	矇騙	moedict-reviewed
P=Z_	矇住	moedict-reviewed
P=^G	矇著	moedict-reviewed
P=^H\iWk	矇頭轉向	moedict-reviewed
P=aj	矇混	moedict-reviewed
P=n{Qk	矇矇亮	moedict-reviewed
PAYc	滑液	moedict-reviewed
PA_o	劃拉	moedict-reviewed
PAe]C0	華爾滋	moedict-reviewed
PAe]C0kO?P	華爾滋舞曲	moedict-reviewed
PAew	滑溜	moedict-reviewed
PAsI	劃然	moedict-reviewed
PL2P]=	王禹偁	moedict-reviewed
PL9s	王爺	moedict-reviewed
PLXo	王八	moedict-reviewed
PLXouh	王八蛋	moedict-reviewed
PLXox7an	王八羔子	moedict-reviewed
PLkM	王戎	moedict-reviewed
PLnOAL0{	王母娘娘	moedict-reviewed
PM	檠	moedict-reviewed
PM5_	情誼	moedict-reviewed
PMEig0s?	情見乎辭	moedict-reviewed
PML_2_];	情不自禁	moedict-reviewed
PML_2_^=	情不自勝	moedict-reviewed
PM]y	情分	moedict-reviewed
PMaO	請給	moedict-reviewed
PMix	情面	moedict-reviewed
PMj60CUO	情非得已	moedict-reviewed
PO	縰	moedict-reviewed
POL_11=1	矢不虛發	moedict-reviewed
POLj	弛禁	moedict-reviewed
POU3{K	屎蚵蜋	moedict-reviewed
POlJan	屎盆子	moedict-reviewed
POnq	使得	moedict-reviewed
POqhan	使絆子	moedict-reviewed
POw?qn	使脾氣	moedict-reviewed
PO{nnq	使不得	moedict-reviewed
PO|fL_2@	始料不及	moedict-reviewed
PPXo	喇叭	moedict-reviewed
PPXo?]	喇叭筒	moedict-reviewed
PPXoIX	喇叭手	moedict-reviewed
PPXoU_	喇叭褲	moedict-reviewed
PPXoiM	喇叭蟲	moedict-reviewed
PPXop1	喇叭花	moedict-reviewed
PY2a	展播	moedict-reviewed
PYS_	展露	moedict-reviewed
PYoi	展卷	moedict-reviewed
PY{n	搌布	moedict-reviewed
P_1;{?Dd	杜鵑啼血	moedict-reviewed
P_4L4Cea]OI:	肚腸閣落裡邊	moedict-reviewed
P_?P	度曲	moedict-reviewed
P_J`{;	度假村	moedict-reviewed
P_Qk	度量	moedict-reviewed
P_Qk8M	度量衡	moedict-reviewed
P_R0	肚飢	moedict-reviewed
P_]B:XBLZ_	蠹啄剖梁柱	moedict-reviewed
P_]O	肚裡	moedict-reviewed
P_]OF0OK	肚裡一輪	moedict-reviewed
P_]OFM|s	肚裡明白	moedict-reviewed
P_]OhHL@	肚裡躊躇	moedict-reviewed
P_]OkKE0	肚裡尋思	moedict-reviewed
P_]Onq}FiM	肚裡的蛔蟲	moedict-reviewed
P_^H	渡頭	moedict-reviewed
P_an3M	肚子疼	moedict-reviewed
P_mJL_l0	杜門不出	moedict-reviewed
P_w?]O	肚皮裡	moedict-reviewed
Pl5Man	蹭稜子	moedict-reviewed
Pm	後兒	moedict-reviewed
Q1	㕷	moedict-reviewed
Q1	啪	moedict-reviewed
Q;	垔	moedict-reviewed
Q;	欭	moedict-reviewed
Q;29ln6:NJ	陰溝裡翻船	moedict-reviewed
Q;4a	湮沒	moedict-reviewed
Q;4a<@GK	湮沒無聞	moedict-reviewed
Q;6d0i	音樂站	moedict-reviewed
Q;6d6C	音樂盒	moedict-reviewed
Q;6dCE	音樂臺	moedict-reviewed
Q;7Rg:rn	因果關係	moedict-reviewed
Q;C:Verg	陰山背後	moedict-reviewed
Q;PML_Wl	陰晴不定	moedict-reviewed
Q;RKL_6i	陰魂不散	moedict-reviewed
Q;\0~^7`	喑惡叱吒	moedict-reviewed
Q;\c	湮滅	moedict-reviewed
Q;a_	湮鬱	moedict-reviewed
Q=2PL_mg	風雨不透	moedict-reviewed
Q=3>Mlac	豐功盛烈	moedict-reviewed
Q=4a	風磨	moedict-reviewed
Q=6L	豐穰	moedict-reviewed
Q=78L_eI	丰標不凡	moedict-reviewed
Q=?PDb2P	豐取刻與	moedict-reviewed
Q=@o	風俗	moedict-reviewed
Q=Dd	風穴	moedict-reviewed
Q=G@an	風胡子	moedict-reviewed
Q=KPuHL_h<;:	風馬牛不相干	moedict-reviewed
Q=LbJYaf	風熱感冒	moedict-reviewed
Q=M@	豐熟	moedict-reviewed
Q=Mw	鋒頭	moedict-reviewed
Q=O]6N}^	蜂擁而至	moedict-reviewed
Q=QMF0p?	風行一時	moedict-reviewed
Q=XOF0p?	風靡一時	moedict-reviewed
Q=]KL_Nb	風雲不測	moedict-reviewed
Q=]d	豐殺	moedict-reviewed
Q=a0	酆都	moedict-reviewed
Q=b[	瘋長	moedict-reviewed
Q=if	豐鎬	moedict-reviewed
Q=o{M:M:	瘋瘋癲癲	moedict-reviewed
Q=q=]K\=	風興雲蒸	moedict-reviewed
Q=ru	風水	moedict-reviewed
Q=ruV:|{	風水先生	moedict-reviewed
Q=vK6_S_	鋒芒畢露	moedict-reviewed
Q=yU?01U	葑菲之采	moedict-reviewed
Q=yf	風調	moedict-reviewed
QE9\wKL;	才廣妨身	moedict-reviewed
QE<h|JC7	才秀人微	moedict-reviewed
QEL@:1=X	才儲八斗	moedict-reviewed
QEci	才媛	moedict-reviewed
QEm00CrA	才疏德薄	moedict-reviewed
QEm05_9\	才疏意廣	moedict-reviewed
QEm0A_]B	才疏計拙	moedict-reviewed
QEm0}^|_	才疏志大	moedict-reviewed
QEm0}^|_	材疏志大	moedict-reviewed
QEo{<i	裁縫店	moedict-reviewed
QEp=0CrA	才輕德薄	moedict-reviewed
QEx7`lVD	才高行潔	moedict-reviewed
QEx7`lrg	才高行厚	moedict-reviewed
QE}i	才分	moedict-reviewed
QG3gC:0=	咆哮山莊	moedict-reviewed
QG4C	炮格	moedict-reviewed
QG?i	炮煉	moedict-reviewed
QGC_	匏繫	moedict-reviewed
QGea	炮烙	moedict-reviewed
QM	娙	moedict-reviewed
QM4Z2_e]	行遠自邇	moedict-reviewed
QM7_	刑辟	moedict-reviewed
QM:LEi	滎陽縣	moedict-reviewed
QMKl:hA_	行政救濟	moedict-reviewed
QML_AX6C	行不苟合	moedict-reviewed
QML_T_wI	行不顧言	moedict-reviewed
QMS_hI	行路難	moedict-reviewed
QMoi	行卷	moedict-reviewed
QMrF5_\_	行為藝術	moedict-reviewed
QMrF5_\_iR	行為藝術者	moedict-reviewed
QMrFtA0_	行為模式	moedict-reviewed
QMrqH<8i	行個方便	moedict-reviewed
QM{nnq	行不得	moedict-reviewed
QP	嗝兒	moedict-reviewed
QP	閤兒	moedict-reviewed
QW	剿	moedict-reviewed
QW	湫	moedict-reviewed
QW2[	攪混	moedict-reviewed
QW4a	角膜	moedict-reviewed
QW4au?n?\_	角膜移植術	moedict-reviewed
QW4awI	角膜炎	moedict-reviewed
QW:W	姣好	moedict-reviewed
QWJ1	剿殺	moedict-reviewed
QWL_A::_	腳不沾地	moedict-reviewed
QWMian	腳腕子	moedict-reviewed
QWZOf]	腳底板兒	moedict-reviewed
QWZO{o	腳底下	moedict-reviewed
QWha	攪和	moedict-reviewed
QWxU	姣美	moedict-reviewed
QW~K	腳行	moedict-reviewed
Q^	主兒	moedict-reviewed
Q_bOG@ea	兔起鶻落	moedict-reviewed
Q_cp	吐沫	moedict-reviewed
Qd	軑	moedict-reviewed
Qd8k	駘蕩	moedict-reviewed
QdC_	逮繫	moedict-reviewed
QdHEan	帶孩子	moedict-reviewed
Qd\_aO6C5E	代數幾何學	moedict-reviewed
Qd]OL_]O	待理不理	moedict-reviewed
Qdafan	戴帽子	moedict-reviewed
Qdan	帶子	moedict-reviewed
Qdi_afan	戴綠帽子	moedict-reviewed
Qdrq:W	帶個好	moedict-reviewed
Qd}U	帶累	moedict-reviewed
Qd~n	大夫	moedict-reviewed
Qk8i	量變	moedict-reviewed
QkQES_~l	量材錄用	moedict-reviewed
Qkhzhz	亮堂堂	moedict-reviewed
Qkl0}^]_	量出制入	moedict-reviewed
Qk{T	量窄	moedict-reviewed
Qk|_	量大	moedict-reviewed
R0	刉	moedict-reviewed
R0	稘	moedict-reviewed
R0	襀	moedict-reviewed
R00C}U3>	積德累功	moedict-reviewed
R00_	幾事	moedict-reviewed
R04L	機場	moedict-reviewed
R04o	唧咕	moedict-reviewed
R04o	嘰咕	moedict-reviewed
R0:|	機伶	moedict-reviewed
R0:|	機靈	moedict-reviewed
R0:|	激靈	moedict-reviewed
R0A0uH{l	雞尸牛從	moedict-reviewed
R0Ci	幾諫	moedict-reviewed
R0Ei	奇羨	moedict-reviewed
R0Kb	幾社	moedict-reviewed
R0L@	積儲	moedict-reviewed
R0L_h<4M	積不相能	moedict-reviewed
R0Qd	幾殆	moedict-reviewed
R0T0	幾希	moedict-reviewed
R0Xo	雞巴	moedict-reviewed
R0YF	積賊	moedict-reviewed
R0[j	幾頓	moedict-reviewed
R0\e>`	幾內亞	moedict-reviewed
R0\e>`^:	幾內亞灣	moedict-reviewed
R0];}Ua_	積金累玉	moedict-reviewed
R0gc	機械	moedict-reviewed
R0gc3>Yc	機械工業	moedict-reviewed
R0gc3gi_	機械效率	moedict-reviewed
R0gc4M	機械能	moedict-reviewed
R0gcIX	機械手	moedict-reviewed
R0gc^j	機械論	moedict-reviewed
R0gc_`	機械化	moedict-reviewed
R0gc_`L_7f	機械化部隊	moedict-reviewed
R0gcnH	機械油	moedict-reviewed
R0iM0CA0	雞蟲得失	moedict-reviewed
R0iR5_rFp?	飢者易為食	moedict-reviewed
R0lne0d0	嘰哩咕嚕	moedict-reviewed
R0oaL_9j	積弱不振	moedict-reviewed
R0pnB1B1	嘰嘰嘎嘎	moedict-reviewed
R0pnH1H1	唧唧喳喳	moedict-reviewed
R0pnH1H1	嘰嘰喳喳	moedict-reviewed
R0pne0e0	唧唧咕咕	moedict-reviewed
R0pne0e0	嘰嘰咕咕	moedict-reviewed
R0uhln<8E@Mw	雞蛋裡挑骨頭	moedict-reviewed
R0w?T3\o	雞皮疙瘩	moedict-reviewed
R0{?N_	奇蹄目	moedict-reviewed
R0}^4a:_	齎志沒地	moedict-reviewed
R0~I	期年	moedict-reviewed
R7an	錐子	moedict-reviewed
R;	玢	moedict-reviewed
R;C_LP|?>`89	賓夕法尼亞州	moedict-reviewed
R;wI	玢岩	moedict-reviewed
R=4L	登場	moedict-reviewed
R=CEMdUk	登臺拜將	moedict-reviewed
R=Nj	燈芯	moedict-reviewed
R=S_4L	登陸場	moedict-reviewed
R=S_6d{H	登陸月球	moedict-reviewed
R=gIMdUk	登壇拜將	moedict-reviewed
R=x7F0g0	登高一呼	moedict-reviewed
R@	毹	moedict-reviewed
R@0M	愚氓	moedict-reviewed
R@0_<@A_	於事無濟	moedict-reviewed
R@N_ajk0	魚目混珠	moedict-reviewed
R@O]dRtO	餘勇可賈	moedict-reviewed
R@^H	魚頭	moedict-reviewed
R@_;L_2:	於心不安	moedict-reviewed
R@_;L_\Z	於心不忍	moedict-reviewed
R@aMaj{@	魚龍混雜	moedict-reviewed
R@o?	餘貾	moedict-reviewed
R@oO	漁父	moedict-reviewed
R@pO	魚肚	moedict-reviewed
R@r5	于思	moedict-reviewed
R@~0	余車	moedict-reviewed
RDAs	咧咧	moedict-reviewed
RG=_an	毛栗子	moedict-reviewed
RGAv2P	毛毛雨	moedict-reviewed
RGAviM	毛毛蟲	moedict-reviewed
RGC2ln	毛玻璃	moedict-reviewed
RGLPcf\_	毛髮倒豎	moedict-reviewed
RGan	毛子	moedict-reviewed
RGcn	茅廁	moedict-reviewed
RGcn]Onqp?Mw	茅廁裡的石頭	moedict-reviewed
RGh6	毛坯	moedict-reviewed
RK;z	餛飩	moedict-reviewed
RKL_O_[O	魂不附體	moedict-reviewed
RKsIF0[O	渾然一體	moedict-reviewed
RKsIL_3E	渾然不覺	moedict-reviewed
RKsIL_?0	渾然不知	moedict-reviewed
RO3>\e4a5_2fKl	子宮內膜異位症	moedict-reviewed
RO3>\e4awI	子宮內膜癌	moedict-reviewed
ROBk	姊丈	moedict-reviewed
ROQw	子口	moedict-reviewed
ROXe	姊妹	moedict-reviewed
ROXe0_	姊妹市	moedict-reviewed
RO`0	姊夫	moedict-reviewed
ROa0	子都	moedict-reviewed
ROad	紫塞	moedict-reviewed
ROan	姊姊	moedict-reviewed
RP	鉲	moedict-reviewed
RP1h	卡繆	moedict-reviewed
RP8T	咳血	moedict-reviewed
RPgI	咳痰	moedict-reviewed
RV3EL_L`	委決不下	moedict-reviewed
RVNo	委屈	moedict-reviewed
RVRV	唯唯	moedict-reviewed
RVRV<X<X	唯唯否否	moedict-reviewed
RVRVdada	唯唯諾諾	moedict-reviewed
RVXOL_9j	委靡不振	moedict-reviewed
RVXo	尾巴	moedict-reviewed
RV|_L_yf	尾大不掉	moedict-reviewed
RW	悄	moedict-reviewed
RW=13@wl	巧發奇中	moedict-reviewed
RWRW	悄悄	moedict-reviewed
RWRW_`	悄悄話	moedict-reviewed
RWm@	巧當兒	moedict-reviewed
R_	傉	moedict-reviewed
Rd	忕	moedict-reviewed
Rd2@6NWO	泰極而否	moedict-reviewed
Rd2t	太太	moedict-reviewed
Rd6C<i	太和殿	moedict-reviewed
Rd:L:_	太陽地	moedict-reviewed
RdC:0{0{	泰山娘娘	moedict-reviewed
RdK3	太阿	moedict-reviewed
RdYco?	太液池	moedict-reviewed
RiEb	斷喝	moedict-reviewed
Rian	段子	moedict-reviewed
Rl2W	應卯	moedict-reviewed
Rl6W4a	硬腦膜	moedict-reviewed
Rl9>	應鐘	moedict-reviewed
Rl=_	應力	moedict-reviewed
Rl>P	應舉	moedict-reviewed
RlN:=Mlj	應天承運	moedict-reviewed
RlN:gjp?	應天順時	moedict-reviewed
RlN:oO	應天府	moedict-reviewed
RlN_	應募	moedict-reviewed
RlON	應名兒	moedict-reviewed
RlO_2_N@	應付自如	moedict-reviewed
RlYZ	應診	moedict-reviewed
Rl\=Nj	應徵信	moedict-reviewed
Rl]Oan	硬裡子	moedict-reviewed
RlaM	應龍	moedict-reviewed
Rljz	硬朗	moedict-reviewed
Rllj6Nl0	應運而出	moedict-reviewed
Rlm@N@vH	應答如流	moedict-reviewed
Rlmf	應詔	moedict-reviewed
Rlof	應劭	moedict-reviewed
Rlp?I<Zl	應時當令	moedict-reviewed
Rlqn	硬氣	moedict-reviewed
Rl}^	應制	moedict-reviewed
Rl~l2PwI5E	應用語言學	moedict-reviewed
Rl~l\_5E	應用數學	moedict-reviewed
Rl~l_;]O5E	應用心理學	moedict-reviewed
S0	䫏	moedict-reviewed
S0	嘁	moedict-reviewed
S0MW:18k	七了八當	moedict-reviewed
S0fc	悽切	moedict-reviewed
S0p?Em~K	七十二行	moedict-reviewed
S0q6F0DJ	漆黑一團	moedict-reviewed
S0~Kx_0_	欺行霸市	moedict-reviewed
S5	撧	moedict-reviewed
S5g`	噘嘴兒	moedict-reviewed
S7G@an	吹鬍子	moedict-reviewed
S7G@anAlWY	吹鬍子瞪眼	moedict-reviewed
S7PPXo	吹喇叭	moedict-reviewed
S7vgF0o?w;cV	吹皺一池春水	moedict-reviewed
S;^H	姘頭	moedict-reviewed
S<	粻	moedict-reviewed
S<3E	張角	moedict-reviewed
S<6d	張說	moedict-reviewed
S<Eb9PN_}^FM	張黑女墓誌銘	moedict-reviewed
S<PO	張弛	moedict-reviewed
S<an	獐子	moedict-reviewed
S<b=nH	張僧繇	moedict-reviewed
S<}^6C	張志和	moedict-reviewed
S<~@kO>W	張牙舞爪	moedict-reviewed
SBlq	多麼	moedict-reviewed
SBz<6Nl0	奪眶而出	moedict-reviewed
SE	啀	moedict-reviewed
SO=1VORl	此發彼應	moedict-reviewed
SP0CmJ	哈德門	moedict-reviewed
SP:1AX	哈叭狗	moedict-reviewed
SPXo	哈巴	moedict-reviewed
SPXoAX	哈巴狗	moedict-reviewed
SQ	鉕	moedict-reviewed
SQEq	笸籮	moedict-reviewed
SW	謏	moedict-reviewed
SW1_an	小日子	moedict-reviewed
SW2;an	小圈子	moedict-reviewed
SW4L:i	小場面	moedict-reviewed
SW5_cn	小意思	moedict-reviewed
SW7W<N	小老頭兒	moedict-reviewed
SW9Pky	小女人	moedict-reviewed
SW9Ran	小夥子	moedict-reviewed
SW9Rpn	小夥計	moedict-reviewed
SW9\2a	小廣播	moedict-reviewed
SW:han	小舅子	moedict-reviewed
SW>`C_>`	小亞細亞	moedict-reviewed
SWEA4p	小娃娃	moedict-reviewed
SWF0sz	小衣裳	moedict-reviewed
SWI1?P	小插曲	moedict-reviewed
SWJD	小爺	moedict-reviewed
SWKZ^=dn	小本生意	moedict-reviewed
SWL_1^	小不點兒	moedict-reviewed
SWPAan	小划子	moedict-reviewed
SWPLJD	小王爺	moedict-reviewed
SWPPXo	小喇叭	moedict-reviewed
SWP_R04L	小肚雞腸	moedict-reviewed
SWV:|{	小先生	moedict-reviewed
SWVBapMw	小蘿蔔頭	moedict-reviewed
SWZP	小人兒	moedict-reviewed
SW[1RO	小家子	moedict-reviewed
SW[1anqn	小家子氣	moedict-reviewed
SW[V^H	小鬼頭	moedict-reviewed
SW\m	小辮兒	moedict-reviewed
SW_;{]	小心眼兒	moedict-reviewed
SW`dQN	小菜碟兒	moedict-reviewed
SWcHan	小猴子	moedict-reviewed
SWe00{	小姑娘	moedict-reviewed
SWe0an	小姑子	moedict-reviewed
SWe]Bq	小耳朵	moedict-reviewed
SWec	小价	moedict-reviewed
SWes	小月	moedict-reviewed
SWlnSWB_	小裡小氣	moedict-reviewed
SWm_4L	小劇場	moedict-reviewed
SWnq	曉得	moedict-reviewed
SWq[BX	小倆口	moedict-reviewed
SWq[o]	小兩口兒	moedict-reviewed
SWyIu?	小便宜	moedict-reviewed
SWzm	小掛兒	moedict-reviewed
SW}nNO	小拇指	moedict-reviewed
SW~=rn	小東西	moedict-reviewed
S_0C1gNd	路德教派	moedict-reviewed
S_0CFM	陸德明	moedict-reviewed
S_2P	陸羽	moedict-reviewed
S_3>	錄供	moedict-reviewed
S_6N4W	鹿兒島	moedict-reviewed
S_<h`0	陸秀夫	moedict-reviewed
S_=k	陸抗	moedict-reviewed
S_BL	陸梁	moedict-reviewed
S_Ik	祿養	moedict-reviewed
S_J`	陸架	moedict-reviewed
S_L70M	陸龜蒙	moedict-reviewed
S_Q=	陸風	moedict-reviewed
S_R0	陸機	moedict-reviewed
S_R0	陸績	moedict-reviewed
S_S_<@rF	碌碌無為	moedict-reviewed
S_[d	鹿柴	moedict-reviewed
S_]K	陸雲	moedict-reviewed
S_]O	角里	moedict-reviewed
S_jP	陸賈	moedict-reviewed
S_~0qlmY	鹿車共挽	moedict-reviewed
SdL_Z_	耐不住	moedict-reviewed
Sdxq`lan	耐著性子	moedict-reviewed
Sl3GL_\X	並垂不朽	moedict-reviewed
Sl3|:6:6	病病歪歪	moedict-reviewed
Sl<@L_8k	並無不當	moedict-reviewed
SlH:H:	病厭厭	moedict-reviewed
SlL_0_	並不是	moedict-reviewed
SlQML_Ve	並行不悖	moedict-reviewed
SlT:an	併肩子	moedict-reviewed
SlW<o@YF	併贓拿賊	moedict-reviewed
Sl[KL_Ve	並存不悖	moedict-reviewed
Sl]Ow49i	病理切片	moedict-reviewed
Sli@	病包兒	moedict-reviewed
Slq=	並興	moedict-reviewed
SltO	並轂	moedict-reviewed
T0	嚱	moedict-reviewed
T0	狶	moedict-reviewed
T0	螅	moedict-reviewed
T0	醯	moedict-reviewed
T04@	栖息	moedict-reviewed
T0:LL;	西洋參	moedict-reviewed
T0EEe[0\	熙來攘往	moedict-reviewed
T0L;	栖身	moedict-reviewed
T0S_	西陸	moedict-reviewed
T0ZG:X}?	析毫剖釐	moedict-reviewed
T0]Op1A1	稀里嘩啦	moedict-reviewed
T0`l	傒倖	moedict-reviewed
T0adVB	西塞羅	moedict-reviewed
T0e[	熙攘	moedict-reviewed
T0m@	西打	moedict-reviewed
T0rA=_>`	西伯利亞	moedict-reviewed
T0~^	鸂鶒	moedict-reviewed
T36_	胳臂	moedict-reviewed
T3:	哥們兒	moedict-reviewed
T3I<	咯噹	moedict-reviewed
T3L_L`	擱不下	moedict-reviewed
T3L_Z_	擱不住	moedict-reviewed
T3OKVO>`	哥倫比亞	moedict-reviewed
T3ROC_	歌仔戲	moedict-reviewed
T3T3	咯咯	moedict-reviewed
T3\o	疙瘩	moedict-reviewed
T3\oJ<	疙瘩湯	moedict-reviewed
T3]nn2	胳肢窩	moedict-reviewed
T3ap	肐膊	moedict-reviewed
T3ap	胳膊	moedict-reviewed
T3rq	哥哥	moedict-reviewed
T3rq>1>1	疙疙瘩瘩	moedict-reviewed
T:	瀸	moedict-reviewed
T:BXL_wI	緘口不言	moedict-reviewed
T:C_	監繫	moedict-reviewed
T:G9G9	尖溜溜	moedict-reviewed
T:T:	淺淺	moedict-reviewed
T:T:	閒閒	moedict-reviewed
T:h<[Loi	縑緗黃卷	moedict-reviewed
T:o?L_gc	堅持不懈	moedict-reviewed
T:rn	奸細	moedict-reviewed
T:zg	間奏	moedict-reviewed
T:zg?P	間奏曲	moedict-reviewed
T<H0	猖披	moedict-reviewed
TB	堶	moedict-reviewed
TBan	坨子	moedict-reviewed
TBan	馱子	moedict-reviewed
TG^n	捯飭	moedict-reviewed
TJ0_K_2P	源氏物語	moedict-reviewed
TJ?P4_|_[1	元曲四大家	moedict-reviewed
TJM@	圓熟	moedict-reviewed
TJP|	圓籠	moedict-reviewed
TJQ=L_ml	原封不動	moedict-reviewed
TJQM6_S_	原形畢露	moedict-reviewed
TJR701Ei	圓錐曲線	moedict-reviewed
TJTJL_Ri	源源不斷	moedict-reviewed
TJc[	圓場	moedict-reviewed
TJifVj	元好問	moedict-reviewed
TJpaH<Df	圓鑿方枘	moedict-reviewed
TO3>~n	死工夫	moedict-reviewed
TO7fMw	死對頭	moedict-reviewed
TOG@N|	死胡同	moedict-reviewed
TOL_<jqa	死不認錯	moedict-reviewed
TOL_tf_Y	死不要臉	moedict-reviewed
TOVe	死背	moedict-reviewed
TO^=fcga	死生契闊	moedict-reviewed
TO_;{]	死心眼兒	moedict-reviewed
TOqn>ETd	死乞白賴	moedict-reviewed
TQF0v?anN7	抹一鼻子灰	moedict-reviewed
TQJ1	抹煞	moedict-reviewed
TYan	拶子	moedict-reviewed
TZ>`	肯亞	moedict-reviewed
TZE@Mw	啃骨頭	moedict-reviewed
T_5JL_T_rg	顧前不顧後	moedict-reviewed
T_:hL_B_	故舊不棄	moedict-reviewed
T_?P89{K	顧曲周郎	moedict-reviewed
T_A_iMWY	故伎重演	moedict-reviewed
T_Jb	故轍	moedict-reviewed
T_L_faEE	顧不過來	moedict-reviewed
T_WO	痼癖	moedict-reviewed
T_^HL_T_RV	顧頭不顧尾	moedict-reviewed
T__n9i	故事片	moedict-reviewed
T__nm0	故事書	moedict-reviewed
T`	嗢	moedict-reviewed
T`	殟	moedict-reviewed
T`t7	瓦刀	moedict-reviewed
Td	勑	moedict-reviewed
TdVODf>`	賴比瑞亞	moedict-reviewed
Tdan	賴子	moedict-reviewed
Tds@Zo	癩蝦蟆	moedict-reviewed
U3	搕	moedict-reviewed
U3	蚵	moedict-reviewed
U3	髁	moedict-reviewed
U3L_s2lJ:_	科布多盆地	moedict-reviewed
U3Xo	磕巴	moedict-reviewed
U3\o	磕打	moedict-reviewed
U3an	棵子	moedict-reviewed
U:	臤	moedict-reviewed
U:	鋟	moedict-reviewed
U:0U:LFM	千載揚名	moedict-reviewed
U:0UA@L_	千載獨步	moedict-reviewed
U:0UF01M	千載一逢	moedict-reviewed
U:0UF06C	千載一合	moedict-reviewed
U:0UF0=f	千載一會	moedict-reviewed
U:0UF0a_	千載一遇	moedict-reviewed
U:0UF0p?	千載一時	moedict-reviewed
U:0]w?	千頃陂	moedict-reviewed
U:3@MiJb	千岐萬轍	moedict-reviewed
U:4RMi8k	千妥萬當	moedict-reviewed
U::<F0LP	千鈞一髮	moedict-reviewed
U:C:C:Od	千山山脈	moedict-reviewed
U:F0LP6NmlaJL;	牽一髮而動全身	moedict-reviewed
U:GKL_N@F0Ci	千聞不如一見	moedict-reviewed
U:L_0_MiL_0_	千不是萬不是	moedict-reviewed
U:L_`lMiL_`l	千不幸萬不幸	moedict-reviewed
U:MWmT8k	千了百當	moedict-reviewed
U:Ml	千乘	moedict-reviewed
U:MlMiA_	千乘萬騎	moedict-reviewed
U:PL	牽亡	moedict-reviewed
U:P_]`4L	牽肚掛腸	moedict-reviewed
U:];F0Db	千金一刻	moedict-reviewed
U:`0b[	千夫長	moedict-reviewed
U:an	扦子	moedict-reviewed
U:an	簽子	moedict-reviewed
U:i_F00C	千慮一得	moedict-reviewed
U:i_F0A0	千慮一失	moedict-reviewed
U:uh	千石	moedict-reviewed
U:v[	牽強	moedict-reviewed
U:v[O_=f	牽強附會	moedict-reviewed
U:~@wK	簽押房	moedict-reviewed
U:~IMi0U	千年萬載	moedict-reviewed
U<	愓	moedict-reviewed
U<1{	商量	moedict-reviewed
U<4L	商場	moedict-reviewed
U<Iv	傷耗	moedict-reviewed
U<yf	商調	moedict-reviewed
UA	戳兒	moedict-reviewed
UB7`	哪吒	moedict-reviewed
UBEA	挪窩兒	moedict-reviewed
UBUB	娜娜	moedict-reviewed
UBec	那借	moedict-reviewed
UGL_l0IXb[_;	逃不出手掌心	moedict-reviewed
UGp56_wh	逃災避難	moedict-reviewed
UGzi	逃奔	moedict-reviewed
UOJ<]aYe	以湯沃沸	moedict-reviewed
UOTd	倚賴	moedict-reviewed
UOTd`l	倚賴性	moedict-reviewed
UO^=BLuh	以升量石	moedict-reviewed
UOaOba|J	以己度人	moedict-reviewed
UOtOrFCi	以古為鑑	moedict-reviewed
UO|JrFCi	以人為鑑	moedict-reviewed
UYL_\ZGK	慘不忍聞	moedict-reviewed
Ud6NL_^j	概而不論	moedict-reviewed
UdB?	蓋盅兒	moedict-reviewed
UdMw	蓋頭	moedict-reviewed
Udn1	概括	moedict-reviewed
Ui=MF0DJ	亂成一團	moedict-reviewed
UiFkM<an	亂葬崗子	moedict-reviewed
UigI	亂彈	moedict-reviewed
Uk6o	糨糊	moedict-reviewed
UkQd	將帶	moedict-reviewed
UkWk6C	將相和	moedict-reviewed
UkWkKZ<@H]	將相本無種	moedict-reviewed
Uk^=yf	降升調	moedict-reviewed
Uka_BLQE	將遇良才	moedict-reviewed
UkeV	強嘴	moedict-reviewed
Uklg~n	醬豆腐	moedict-reviewed
Ukq=	將星	moedict-reviewed
UkwI	強顏	moedict-reviewed
Uk}^]_L;	降志辱身	moedict-reviewed
Ul\_	命數	moedict-reviewed
UlrA	命薄	moedict-reviewed
Um	翅兒	moedict-reviewed
V3RO	訶子	moedict-reviewed
V7	脧	moedict-reviewed
V:	僊	moedict-reviewed
V:	嘕	moedict-reviewed
V:	綅	moedict-reviewed
V:	褼	moedict-reviewed
V:K3	纖阿	moedict-reviewed
V:L_CM]a	纖不盈握	moedict-reviewed
V:N:v4:_	掀天揭地	moedict-reviewed
V:`MwlP_	纖穠中度	moedict-reviewed
V:ha	鮮貨	moedict-reviewed
V:q{	掀騰	moedict-reviewed
V:zJL_SY	纖塵不染	moedict-reviewed
V<V<	嚷嚷	moedict-reviewed
V=L;	更深	moedict-reviewed
V=Qd	更代	moedict-reviewed
V=U:	更籤	moedict-reviewed
V=Wl	更定	moedict-reviewed
V=_;XiQd	更新換代	moedict-reviewed
V=`H	更樓	moedict-reviewed
V=iI	更闌	moedict-reviewed
V=}?lI[X	羹藜唅糗	moedict-reviewed
VB	腡	moedict-reviewed
VB0CT0>`	羅德西亞	moedict-reviewed
VBKPql6CWB	羅馬共和國	moedict-reviewed
VBV?F0	羅圈兒揖	moedict-reviewed
VBap^H	蘿蔔頭	moedict-reviewed
VBapo=	蘿蔔精	moedict-reviewed
VBapx7	蘿蔔糕	moedict-reviewed
VBcn	螺螄	moedict-reviewed
VBqf	囉唕	moedict-reviewed
VD	啑	moedict-reviewed
VD	蛣	moedict-reviewed
VD	衱	moedict-reviewed
VD3_9K6_	櫛次鱗比	moedict-reviewed
VD4a	結膜	moedict-reviewed
VD4awI	結膜炎	moedict-reviewed
VD4oWY	節骨眼	moedict-reviewed
VD4oWYDk	節骨眼上	moedict-reviewed
VD4o{]	節骨眼兒	moedict-reviewed
VD6_9K3_	櫛比鱗次	moedict-reviewed
VD@@kj	傑弗遜	moedict-reviewed
VDDbkj	傑克遜	moedict-reviewed
VDDbql6CWB	捷克共和國	moedict-reviewed
VDLP4L	劫法場	moedict-reviewed
VDOd	結脈	moedict-reviewed
VDWO	潔癖	moedict-reviewed
VD^f	桀驁	moedict-reviewed
VD^fL_kK	桀驁不馴	moedict-reviewed
VD^fL_zj	桀驁不遜	moedict-reviewed
VDrgc=}M\i	劫後英雄傳	moedict-reviewed
VDsIF0L;	孑然一身	moedict-reviewed
VDwh	詰難	moedict-reviewed
VD~0	拮据	moedict-reviewed
VG	峱	moedict-reviewed
VGi[xz	撓癢癢	moedict-reviewed
VGmlOd	橈動脈	moedict-reviewed
VGn?rF01	撓直為曲	moedict-reviewed
VO	沘	moedict-reviewed
VO<N	筆頭兒	moedict-reviewed
VO?p	比劃	moedict-reviewed
VOCkSOEb	彼倡此和	moedict-reviewed
VOCkSOEb	彼唱此和	moedict-reviewed
VODd	筆削	moedict-reviewed
VOL_Dk	比不上	moedict-reviewed
VOL_MW	比不了	moedict-reviewed
VOQ@	鄙俗	moedict-reviewed
VOR=N:HEhI	比登天還難	moedict-reviewed
VOWl	吡啶	moedict-reviewed
VO_n	比試	moedict-reviewed
VOfz	比方	moedict-reviewed
VOrqx7K0	比個高低	moedict-reviewed
VOrq|_T3EmT3	比個大哥二哥	moedict-reviewed
VOwlL__M	比眾不同	moedict-reviewed
VX5_NJm0	柳毅傳書	moedict-reviewed
VX5_\i	柳毅傳	moedict-reviewed
VX[m	柳葉兒	moedict-reviewed
VXanC_	柳子戲	moedict-reviewed
VXphp1FM}gF0{;	柳暗花明又一村	moedict-reviewed
VY?P	散曲	moedict-reviewed
VYA_4L0_	散騎常侍	moedict-reviewed
VYKb	散射	moedict-reviewed
VYan	饊子	moedict-reviewed
VY~0	散居	moedict-reviewed
V_	芐	moedict-reviewed
V_:bL_uT	怙惡不改	moedict-reviewed
V_EirFn:	戶限為穿	moedict-reviewed
V_KDhGMw	互別苗頭	moedict-reviewed
V_O|	糊弄	moedict-reviewed
V_m0L_P_	戶樞不蠹	moedict-reviewed
V_yf	互調	moedict-reviewed
V_{l	護從	moedict-reviewed
Ve	偝	moedict-reviewed
Ve	鞴	moedict-reviewed
Ve1h	悖繆	moedict-reviewed
Ve5JVerg	背前背後	moedict-reviewed
Ve6NL_~l	備而不用	moedict-reviewed
Ve=MecF0	背城借一	moedict-reviewed
Ve=q	被臥	moedict-reviewed
Ve@X	背簍	moedict-reviewed
VeB8L_	背膠布	moedict-reviewed
VeBLtO	背梁骨	moedict-reviewed
VeB_	背氣	moedict-reviewed
VeM@	背熟	moedict-reviewed
VeO_	被覆	moedict-reviewed
VeQ;	背陰	moedict-reviewed
VeQd	背袋	moedict-reviewed
VeR0	背肌	moedict-reviewed
Ve\_	輩數	moedict-reviewed
Ve]y	輩分	moedict-reviewed
Ve`l	背興	moedict-reviewed
VecV9j	背水陣	moedict-reviewed
VecVF00i	背水一戰	moedict-reviewed
VemO	背譜	moedict-reviewed
Ven2ln7k7_	被窩裡放屁	moedict-reviewed
Veo?	背馳	moedict-reviewed
Vep?	背時	moedict-reviewed
Veph^HFM	背暗投明	moedict-reviewed
Veqq	貝勒	moedict-reviewed
Veqqp?	背了時	moedict-reviewed
Ve|J	背人	moedict-reviewed
Ve}8	背篼	moedict-reviewed
Ve~\Q;6d	背景音樂	moedict-reviewed
ViMw	罐頭	moedict-reviewed
Vi]O	冠禮	moedict-reviewed
Vi|g	盥漱	moedict-reviewed
Vj	絻	moedict-reviewed
Vj:o	問住	moedict-reviewed
Vjwh	問難	moedict-reviewed
Vk	戧	moedict-reviewed
W7	榱	moedict-reviewed
W7	縗	moedict-reviewed
W74a	縗墨	moedict-reviewed
W7M@	催熟	moedict-reviewed
W7Q_A_	催吐劑	moedict-reviewed
W7sT	催奶	moedict-reviewed
W<Xm	髒字兒	moedict-reviewed
W=	傾	moedict-reviewed
W=	羥	moedict-reviewed
W=	誙	moedict-reviewed
W=an	坑子	moedict-reviewed
W>AX	巴兒狗	moedict-reviewed
WBA_1_3@8iV=Ei	國際日期變更線	moedict-reviewed
WBA_R04L	國際機場	moedict-reviewed
WBA_p=bi1K~K	國際清算銀行	moedict-reviewed
WBOd	國脈	moedict-reviewed
WG	僗	moedict-reviewed
WG	鐒	moedict-reviewed
WG6z	牢穩	moedict-reviewed
WGCv	嘮叨	moedict-reviewed
WGFvt7t7	嘮嘮叨叨	moedict-reviewed
WGHv	牢靠	moedict-reviewed
WGp?an	勞什子	moedict-reviewed
WGp?an	撈什子	moedict-reviewed
WK	焞	moedict-reviewed
WK6C	醇和	moedict-reviewed
WKM@	純熟	moedict-reviewed
WKvHEi	屯留縣	moedict-reviewed
WO2@^=Rd	否極生泰	moedict-reviewed
WO8X	匹偶	moedict-reviewed
WO<t	劈柴	moedict-reviewed
WOI1	劈叉	moedict-reviewed
WO`l	癖性	moedict-reviewed
WOif	癖好	moedict-reviewed
WPXo	眨巴	moedict-reviewed
WPZ_	扎住	moedict-reviewed
WY@E4L	掩埋場	moedict-reviewed
WYB?	眼珠兒	moedict-reviewed
WYEf8L:b	掩罪藏惡	moedict-reviewed
WYL_Ci_;L_eI	眼不見心不煩	moedict-reviewed
WYL_CirF^l	眼不見為淨	moedict-reviewed
WYL_Z_	掩不住	moedict-reviewed
WYZO{o	眼底下	moedict-reviewed
WY]OL_jHJ1an	眼裡不揉沙子	moedict-reviewed
WY]OjHL_L`J1an	眼裡揉不下沙子	moedict-reviewed
WY]e0\P_an]OvH	眼淚往肚子裡流	moedict-reviewed
WYg0	奄忽	moedict-reviewed
WYoi	掩卷	moedict-reviewed
WYq7	眼泡	moedict-reviewed
WYqIP_0W	眼饞肚飽	moedict-reviewed
WYw?an	眼皮子	moedict-reviewed
WYw?anZO{o	眼皮子底下	moedict-reviewed
WYw?andY	眼皮子淺	moedict-reviewed
WYw@RG	眼扎毛	moedict-reviewed
WYz<	眼眶	moedict-reviewed
WY~q	眼色	moedict-reviewed
Wd	嗐	moedict-reviewed
WeLl	配稱	moedict-reviewed
WeaO}^P_	配給制度	moedict-reviewed
Wesz	配上	moedict-reviewed
We{nDk	配不上	moedict-reviewed
We~n	佩服	moedict-reviewed
Wk	缿	moedict-reviewed
Wk	銗	moedict-reviewed
WkCE	相臺	moedict-reviewed
WkKP	相馬	moedict-reviewed
WkO_	相父	moedict-reviewed
Wk^=Vep?	向聲背實	moedict-reviewed
WkmJl0Wk	相門出相	moedict-reviewed
Wkpl	巷弄	moedict-reviewed
Wkz<	相框	moedict-reviewed
Wl4L>E	定場白	moedict-reviewed
Wl4LA0	定場詩	moedict-reviewed
WlV=	定更	moedict-reviewed
Wlan	定子	moedict-reviewed
Wl}i	定分	moedict-reviewed
X<2|	蒼蠅	moedict-reviewed
X<2|NO	蒼蠅紙	moedict-reviewed
X<2|\1qq^H	蒼蠅掐了頭	moedict-reviewed
X<^l	蒼勁	moedict-reviewed
X<wTF0`_	滄海一粟	moedict-reviewed
X<wTGlvH	滄海橫流	moedict-reviewed
X=pn	哼唧	moedict-reviewed
X=v{R0R0	哼哼唧唧	moedict-reviewed
XD4Lp?	斜長石	moedict-reviewed
XD5j	挾恨	moedict-reviewed
XD6J	挾嫌	moedict-reviewed
XD8k	諧當	moedict-reviewed
XD@|	邪行	moedict-reviewed
XDL_;:Kl	邪不干正	moedict-reviewed
XDL_MlKl	邪不勝正	moedict-reviewed
XDN:ROUOZlk0cH	挾天子以令諸侯	moedict-reviewed
XDQW	斜角	moedict-reviewed
XDQd	挾帶	moedict-reviewed
XD`l	邪行	moedict-reviewed
XDm0i_	挾書律	moedict-reviewed
XD{l	脅從	moedict-reviewed
XD}^	挾制	moedict-reviewed
XD~L\_X[	挾朋樹黨	moedict-reviewed
XO	蝆	moedict-reviewed
XOXO	瀰瀰	moedict-reviewed
XOhz	米湯	moedict-reviewed
XOmf	弭棹	moedict-reviewed
XU	跩	moedict-reviewed
XV	僓	moedict-reviewed
XVMian	腿腕子	moedict-reviewed
XVP_an	腿肚子	moedict-reviewed
XY	稨	moedict-reviewed
XYUx	扁擔	moedict-reviewed
XY_n	扁食	moedict-reviewed
XYrA	扁柏	moedict-reviewed
XYw@	匾扎	moedict-reviewed
X[3g	黨校	moedict-reviewed
X[L_Z_	擋不住	moedict-reviewed
X[Q=C2ln	擋風玻璃	moedict-reviewed
X[an	擋子	moedict-reviewed
Xe	蝐	moedict-reviewed
Xe4a	昧沒	moedict-reviewed
XiJ<L_Xitf	換湯不換藥	moedict-reviewed
XiMw	喚頭	moedict-reviewed
XisIF0_;	煥然一新	moedict-reviewed
Xix@	換茬	moedict-reviewed
Xl<j	聽任	moedict-reviewed
Xl?0<j?0	聽之任之	moedict-reviewed
XlKl	聽政	moedict-reviewed
XlRi	聽斷	moedict-reviewed
Xo	倍兒	moedict-reviewed
Y<9>	喪鐘	moedict-reviewed
Y<N:Wd]O	喪天害理	moedict-reviewed
Y<Ui	喪亂	moedict-reviewed
Y<mJq=	喪門星	moedict-reviewed
Y<zO	喪主	moedict-reviewed
YBIPan	活靶子	moedict-reviewed
YBgx	活便	moedict-reviewed
YBml}iRO	活動分子	moedict-reviewed
YB}i	活分	moedict-reviewed
YFLY}2YF	賊喊捉賊	moedict-reviewed
YF_;	賊心	moedict-reviewed
YFq=	賊星	moedict-reviewed
YK	犉	moedict-reviewed
YN	前兒	moedict-reviewed
YNrq	前兒個	moedict-reviewed
YPHEan	傻孩子	moedict-reviewed
YPZo	傻帽兒	moedict-reviewed
YPn1WkR0	傻瓜相機	moedict-reviewed
YUba	揣度	moedict-reviewed
YZ	裖	moedict-reviewed
YZ4@	枕席	moedict-reviewed
YZMw	枕頭	moedict-reviewed
YZMwh<	枕頭箱	moedict-reviewed
Y`	盹兒	moedict-reviewed
Yc	抴	moedict-reviewed
Yc	擫	moedict-reviewed
Yc	殜	moedict-reviewed
YcAvan	夜貓子	moedict-reviewed
YcEi	掖縣	moedict-reviewed
YcIM	掖庭	moedict-reviewed
YcL_6_V_	夜不閉戶	moedict-reviewed
YcL`	腋下	moedict-reviewed
YcMliI	葉盛蘭	moedict-reviewed
YcO1	液壓	moedict-reviewed
YcO1R0	液壓機	moedict-reviewed
YcOd	葉脈	moedict-reviewed
YcPq	夜作	moedict-reviewed
YcRG	腋毛	moedict-reviewed
YcRd	液態	moedict-reviewed
YcRdi[	液態氧	moedict-reviewed
YcTJ	掖垣	moedict-reviewed
YcYc	殗殜	moedict-reviewed
Yc[O	液體	moedict-reviewed
Yc_`	液化	moedict-reviewed
Yc_`N:sIB_	液化天然氣	moedict-reviewed
Yc_`p?nHB_	液化石油氣	moedict-reviewed
Yc`f	液泡	moedict-reviewed
YcanC_	葉子戲	moedict-reviewed
YcanH:	葉子菸	moedict-reviewed
Ycln	夜裡	moedict-reviewed
YcmJ	掖門	moedict-reviewed
YcmJql6CWB	葉門共和國	moedict-reviewed
Ycn2	腋窩	moedict-reviewed
YcnHan	夜遊子	moedict-reviewed
Yco=	液晶	moedict-reviewed
Yco=eY0_B_	液晶顯示器	moedict-reviewed
Ycp7	液胞	moedict-reviewed
Ycwg	腋臭	moedict-reviewed
Yc~@	腋芽	moedict-reviewed
YeEYCMN:	沸反盈天	moedict-reviewed
YeKb	吠舍	moedict-reviewed
YeLb	沸熱	moedict-reviewed
YePO	廢弛	moedict-reviewed
YeaJ	沸泉	moedict-reviewed
YemlOd	肺動脈	moedict-reviewed
Yl	濘	moedict-reviewed
YlH]	擰種	moedict-reviewed
Ym^H	刺兒頭	moedict-reviewed
Yy	嗯	moedict-reviewed
Z3	嗻	moedict-reviewed
Z34a	折莫	moedict-reviewed
Z38L	遮藏	moedict-reviewed
Z3EY	折返	moedict-reviewed
Z3VB	折籮	moedict-reviewed
Z3mY	折碗	moedict-reviewed
Z3q{	折騰	moedict-reviewed
Z<Gv	央告	moedict-reviewed
Z<an	秧子	moedict-reviewed
Z>	幡兒	moedict-reviewed
Z>	風兒	moedict-reviewed
Z@	瘻	moedict-reviewed
Z@^HL_7fKPeV	驢頭不對馬嘴	moedict-reviewed
ZGGl	豪橫	moedict-reviewed
ZGLPL_I1	毫髮不差	moedict-reviewed
ZGL_	毫不	moedict-reviewed
ZGL_zjOb	毫不遜色	moedict-reviewed
ZGY<	號喪	moedict-reviewed
ZGlI{?R0	號寒啼飢	moedict-reviewed
ZGv{	豪橫	moedict-reviewed
ZGwz	號喪	moedict-reviewed
ZG{nYe=_	毫不費力	moedict-reviewed
ZG{n_d5_	毫不在意	moedict-reviewed
ZG{n_d6o	毫不在乎	moedict-reviewed
ZG{nec5_	毫不介意	moedict-reviewed
ZG{nh<;:	毫不相干	moedict-reviewed
ZG{nnHa_	毫不猶豫	moedict-reviewed
ZG{no?u?	毫不遲疑	moedict-reviewed
ZG}?L_A\	毫釐不爽	moedict-reviewed
ZO0C	抵得	moedict-reviewed
ZO8k	抵當	moedict-reviewed
ZOL_Z_	抵不住	moedict-reviewed
ZOVD=_`l	砥節礪行	moedict-reviewed
ZOX[	抵當	moedict-reviewed
ZOan	底子	moedict-reviewed
ZO{nfa	抵不過	moedict-reviewed
ZP	人兒	moedict-reviewed
ZP	瓤兒	moedict-reviewed
ZR	噁	moedict-reviewed
ZR	婐	moedict-reviewed
ZR	騀	moedict-reviewed
ZR}y	噁心	moedict-reviewed
ZU_Yan	甩臉子	moedict-reviewed
ZX0Jan	酒帘子	moedict-reviewed
ZX:_	九地	moedict-reviewed
ZX?P	酒曲	moedict-reviewed
ZXALan	酒娘子	moedict-reviewed
ZXTOF0^=	九死一生	moedict-reviewed
ZXZR	酒惡	moedict-reviewed
ZXZ_an	酒注子	moedict-reviewed
ZXiMD8	九重霄	moedict-reviewed
ZXsx	酒錢	moedict-reviewed
ZXuHF0RG	九牛一毛	moedict-reviewed
ZYg:	免冠	moedict-reviewed
ZY{nMW	免不了	moedict-reviewed
ZY{nnq	免不得	moedict-reviewed
Z[an	攮子	moedict-reviewed
Z_	壴	moedict-reviewed
Z_	眝	moedict-reviewed
Z_	罜	moedict-reviewed
Z_?@	鑄模	moedict-reviewed
Z_GK	注文	moedict-reviewed
Z_QM	粥餳	moedict-reviewed
Z_S_	著錄	moedict-reviewed
Z_T0	祝釐	moedict-reviewed
Z_\0	祝巫	moedict-reviewed
Z_^=AL0{	註生娘娘	moedict-reviewed
Z_an	注子	moedict-reviewed
Z_an	鑄字	moedict-reviewed
Z_paaJLP	著作權法	moedict-reviewed
Z_w@	住紮	moedict-reviewed
ZcUk	彆強	moedict-reviewed
Zcdw	彆扭	moedict-reviewed
Zo	末兒	moedict-reviewed
[16d	家樂	moedict-reviewed
[1<@=XL@	家無斗儲	moedict-reviewed
[1=_>d	伽利略	moedict-reviewed
[1=_@@|?>`89	加利福尼亞州	moedict-reviewed
[1Db	茄克	moedict-reviewed
[1Hq	傢伙	moedict-reviewed
[1Hq	家伙	moedict-reviewed
[1IMo=A_	家庭經濟	moedict-reviewed
[1KP	伽馬	moedict-reviewed
[1RO	家姊	moedict-reviewed
[1YFhIwK	家賊難防	moedict-reviewed
[1\_	家數	moedict-reviewed
[1]OC2:_	加里波的	moedict-reviewed
[1aO|JO@	家給人足	moedict-reviewed
[1g:	加冠	moedict-reviewed
[1gz	家當	moedict-reviewed
[1ln	家裡	moedict-reviewed
[1mJL_`l	家門不幸	moedict-reviewed
[1wI5_`l	嘉言懿行	moedict-reviewed
[1wl	家種	moedict-reviewed
[34L	車長	moedict-reviewed
[3IP_n	車把式	moedict-reviewed
[3Jb	車轍	moedict-reviewed
[3[o	車份兒	moedict-reviewed
[3c[an	車廠子	moedict-reviewed
[3tO9j	車鼓陣	moedict-reviewed
[3~K	車行	moedict-reviewed
[3~n	車夫	moedict-reviewed
[H	鞪	moedict-reviewed
[HzJ_\Uk	謀臣猛將	moedict-reviewed
[HzJkOUk	謀臣武將	moedict-reviewed
[K6NL_^j	存而不論	moedict-reviewed
[L2@\_	皇極數	moedict-reviewed
[L89lIp?A0oi	黃州寒食詩卷	moedict-reviewed
[LC7Sl	黃萎病	moedict-reviewed
[LC]L_2:	惶恐不安	moedict-reviewed
[LLPCEVe	黃髮鮐背	moedict-reviewed
[LM@	黃熟	moedict-reviewed
[LN:L_O_uO_;|J	皇天不負苦心人	moedict-reviewed
[LRGO1Mw	黃毛丫頭	moedict-reviewed
[LUd	黃蓋	moedict-reviewed
[L[LL_2:	惶惶不安	moedict-reviewed
[Lg:	皇冠	moedict-reviewed
[Lln	黃曆	moedict-reviewed
[LmO:<g:5E3g	黃埔軍官學校	moedict-reviewed
[Loi	黃卷	moedict-reviewed
[Loip=R=	黃卷青燈	moedict-reviewed
[Lr;p?}i	黃昏時分	moedict-reviewed
[Lsz	皇上	moedict-reviewed
[O1{	體諒	moedict-reviewed
[OYc	體液	moedict-reviewed
[Oa_4L	體育場	moedict-reviewed
[Opn	體己	moedict-reviewed
[V	湀	moedict-reviewed
[V8_	詭祕	moedict-reviewed
[VJb	軌轍	moedict-reviewed
[VMw	鬼頭	moedict-reviewed
[Va_A_q[	鬼蜮伎倆	moedict-reviewed
[Z	淰	moedict-reviewed
[Z0WJ;	沈葆楨	moedict-reviewed
[Z68	沈腰	moedict-reviewed
[Z684:Aj	沈腰潘鬢	moedict-reviewed
[Z89	沈周	moedict-reviewed
[Z>`?0	沈亞之	moedict-reviewed
[ZO_	沈復	moedict-reviewed
[ZT:0_	沈兼士	moedict-reviewed
[Z`Z4a	沈尹默	moedict-reviewed
[ZaJ3@	沈佺期	moedict-reviewed
[Zba	審度	moedict-reviewed
[ZiM=f	沈崇誨	moedict-reviewed
[Zjy	嬸嬸	moedict-reviewed
[Zp?ba0_	審時度勢	moedict-reviewed
[Z{Hv1oi	審囚刷卷	moedict-reviewed
[]L_h<_M	迥不相同	moedict-reviewed
[]Rd	窘態	moedict-reviewed
[]RdmTl0	窘態百出	moedict-reviewed
[]__	窘促	moedict-reviewed
[]`j	窘困	moedict-reviewed
[]g0L__M	迥乎不同	moedict-reviewed
[]ik	窘況	moedict-reviewed
[_	俶	moedict-reviewed
[_	擉	moedict-reviewed
[_	諔	moedict-reviewed
[_5_	畜疫	moedict-reviewed
[_IFMw	觸霉頭	moedict-reviewed
[_JF	畜肥	moedict-reviewed
[_[V	諔詭	moedict-reviewed
[_ml	搐動	moedict-reviewed
[_|{	畜牲	moedict-reviewed
[_|{	畜生	moedict-reviewed
[dz;L_Ve	祭遵布被	moedict-reviewed
[j]_4>mJ	遁入空門	moedict-reviewed
[jg5RGOb	頓開茅塞	moedict-reviewed
[mrq	夜兒個	moedict-reviewed
\0	鎢	moedict-reviewed
\00\	誣枉	moedict-reviewed
\01o	烏塗	moedict-reviewed
\01ocV	烏塗水	moedict-reviewed
\04@	巫覡	moedict-reviewed
\05_	於邑	moedict-reviewed
\06J	巫咸	moedict-reviewed
\0=A	巫峽	moedict-reviewed
\0A0	巫師	moedict-reviewed
\0B@	於菟	moedict-reviewed
\0BLwTlJ:_	烏梁海盆地	moedict-reviewed
\0C:	巫山	moedict-reviewed
\0C:]K2P	巫山雲雨	moedict-reviewed
\0E0R=	鎢絲燈	moedict-reviewed
\0F0	巫醫	moedict-reviewed
\0M<	鎢鋼	moedict-reviewed
\0NX	惡有	moedict-reviewed
\0N_	於穆	moedict-reviewed
\0Wd	誣害	moedict-reviewed
\0\_	巫術	moedict-reviewed
\0\c	誣衊	moedict-reviewed
\0aO	屋脊	moedict-reviewed
\0g0	於乎	moedict-reviewed
\0g0	於戲	moedict-reviewed
\0g0]5p5	於呼哀哉	moedict-reviewed
\0gf	誣告	moedict-reviewed
\0ln|J	屋裡人	moedict-reviewed
\0sA	巫婆	moedict-reviewed
\3O@	畬族	moedict-reviewed
\=	脀	moedict-reviewed
\=9>	怔忪	moedict-reviewed
\=:>	怔忡	moedict-reviewed
\=:ian	爭面子	moedict-reviewed
\=Q=mf2P	徵風召雨	moedict-reviewed
\=WY]1an	睜眼瞎子	moedict-reviewed
\=\=	丁丁	moedict-reviewed
\=eI	征帆	moedict-reviewed
\=m@	徵答	moedict-reviewed
\=o?L_L`	爭持不下	moedict-reviewed
\=tO	正鵠	moedict-reviewed
\P5Q	礤床兒	moedict-reviewed
\V	磈	moedict-reviewed
\X	滫	moedict-reviewed
\XN_L_;8	朽木不雕	moedict-reviewed
\Y	痶	moedict-reviewed
\Y5E	點穴	moedict-reviewed
\YK0^lOdZ_Kb	點滴靜脈注射	moedict-reviewed
\YUkS_	點將錄	moedict-reviewed
\Y^H>1Rl	點頭答應	moedict-reviewed
\YcVL_og	點水不漏	moedict-reviewed
\Yw@	點扎	moedict-reviewed
\Y{n	點補	moedict-reviewed
\Y}^	典質	moedict-reviewed
\Z:bL_2;	稔惡不悛	moedict-reviewed
\ZL_Z_	忍不住	moedict-reviewed
\Z]_lIpg	忍辱含垢	moedict-reviewed
\Z]_{HaJ	忍辱求全	moedict-reviewed
\Z]_~8^=	忍辱偷生	moedict-reviewed
\[2f	崗位	moedict-reviewed
\[IM	崗亭	moedict-reviewed
\[O_	港埠	moedict-reviewed
\[`H	崗樓	moedict-reviewed
\[of	崗哨	moedict-reviewed
\[~\	崗警	moedict-reviewed
\_2_C_\_	數字係數	moedict-reviewed
\_2f5_\_	數位藝術	moedict-reviewed
\_2fBY	數位板	moedict-reviewed
\_2frl}^	數位控制	moedict-reviewed
\_6NL_pa	述而不作	moedict-reviewed
\_EfSll@	數罪併罰	moedict-reviewed
\_Qks?	數量詞	moedict-reviewed
\_[1	數家	moedict-reviewed
\_\_	數術	moedict-reviewed
\_]O	署理	moedict-reviewed
\_a_4@6NQ=L_IM	樹欲息而風不停	moedict-reviewed
\_g6=_\i	樹碑立傳	moedict-reviewed
\_iMan	樹蟲子	moedict-reviewed
\_m_0>zj	數據通訊	moedict-reviewed
\_m_RP	數據卡	moedict-reviewed
\_m_m:Ei	數據專線	moedict-reviewed
\_n??;T0	數值分析	moedict-reviewed
\_n?rl}^	數值控制	moedict-reviewed
\_s?	數詞	moedict-reviewed
\cSO~7p?	滅此朝食	moedict-reviewed
\cx@	滅茬	moedict-reviewed
\e4a	內膜	moedict-reviewed
\e?;8_C_?]	內分泌系統	moedict-reviewed
\e\i	內傳	moedict-reviewed
\eff	內澇	moedict-reviewed
\ewh	內難	moedict-reviewed
\i	篹	moedict-reviewed
\i4a	轉磨	moedict-reviewed
\i4i	傳贊	moedict-reviewed
\i68an	轉腰子	moedict-reviewed
\iDb	篆刻	moedict-reviewed
\iF0\i	轉一轉	moedict-reviewed
\iKb	傳舍	moedict-reviewed
\iOKIXg<	轉輪手槍	moedict-reviewed
\ian	轉子	moedict-reviewed
\icI	轉盤	moedict-reviewed
\igH	轉軸	moedict-reviewed
\o	瘩	moedict-reviewed
\o	道兒	moedict-reviewed
]18W	瞎攪	moedict-reviewed
]1d=gcUk	蝦兵蟹將	moedict-reviewed
]1gn	蝦米	moedict-reviewed
]568	哎喲	moedict-reviewed
]5:_xUl;m0	哀的美敦書	moedict-reviewed
]5C:ObwT	挨山塞海	moedict-reviewed
]5Q=B_@l	挨風緝縫	moedict-reviewed
]5T:>1Ve	挨肩搭背	moedict-reviewed
]5T:M1Ve	挨肩擦背	moedict-reviewed
]5T:ODVe	挨肩疊背	moedict-reviewed
]5_jan	挨棍子	moedict-reviewed
]5`o	挨個兒	moedict-reviewed
]5t|	挨挨兒	moedict-reviewed
]5x>	挨肩兒	moedict-reviewed
];0=	矜莊	moedict-reviewed
];0_	矜飾	moedict-reviewed
];3>L_=_	矜功不立	moedict-reviewed
];3>O_Ml	矜功負勝	moedict-reviewed
];4@	矜惜	moedict-reviewed
];4awI	筋膜炎	moedict-reviewed
];?P	衿曲	moedict-reviewed
];B?	金鐘兒	moedict-reviewed
];I<	禁當	moedict-reviewed
];L7RO	金龜子	moedict-reviewed
];L_N@4@	今不如昔	moedict-reviewed
];L_Xi	金不換	moedict-reviewed
];L_Z_	禁不住	moedict-reviewed
];M<L_4e?0L;	金剛不壞之身	moedict-reviewed
];Od	筋脈	moedict-reviewed
];QEPOB_	矜才使氣	moedict-reviewed
];Yc	津液	moedict-reviewed
];g:	金冠	moedict-reviewed
];h[an	金嗓子	moedict-reviewed
];kM0_4L	金融市場	moedict-reviewed
];o_	矜恤	moedict-reviewed
];tOZX\_	金谷酒數	moedict-reviewed
];tf_n	金鑰匙	moedict-reviewed
];xg	禁受	moedict-reviewed
]=	偁	moedict-reviewed
]=	噌	moedict-reviewed
]=	牚	moedict-reviewed
]=	赬	moedict-reviewed
]=L_Z_	撐不住	moedict-reviewed
]=an	蟶子	moedict-reviewed
]B	畷	moedict-reviewed
]B	穛	moedict-reviewed
]B	趠	moedict-reviewed
]B3@	著棋	moedict-reviewed
]B5_	著意	moedict-reviewed
]B6W	著惱	moedict-reviewed
]B;8rF>@	斫雕為樸	moedict-reviewed
]BEq	著落	moedict-reviewed
]BS_	涿鹿	moedict-reviewed
]BS_Ei	涿鹿縣	moedict-reviewed
]BZ_	拙著	moedict-reviewed
]B[_	著處	moedict-reviewed
]B]BA0Md	著著失敗	moedict-reviewed
]B`L	著床	moedict-reviewed
]Bb[	茁長	moedict-reviewed
]BcV	著水	moedict-reviewed
]Be]L_jK	卓爾不群	moedict-reviewed
]BlZ	著緊	moedict-reviewed
]Bp1	著花	moedict-reviewed
]BsI	著然	moedict-reviewed
]B|J	著人	moedict-reviewed
]B|O	著數	moedict-reviewed
]B}^	著志	moedict-reviewed
]K2P\0C:	雲雨巫山	moedict-reviewed
]K6i	雲散	moedict-reviewed
]K6iQ=vH	雲散風流	moedict-reviewed
]K:92P6i	雲收雨散	moedict-reviewed
]K:9K_6i	雲收霧散	moedict-reviewed
]K<N	雲頭兒	moedict-reviewed
]K>|	勻淨	moedict-reviewed
]K@t	雲彩	moedict-reviewed
]KD82P6i	雲消雨散	moedict-reviewed
]KLl	勻稱	moedict-reviewed
]KN:x75_	雲天高誼	moedict-reviewed
]KYc	雲液	moedict-reviewed
]K_n	勻實	moedict-reviewed
]Kc:lnzhE0J1	雲端裡看廝殺	moedict-reviewed
]Kew	勻溜	moedict-reviewed
]Kfu	勻兌	moedict-reviewed
]Kq==A2f	雲興霞蔚	moedict-reviewed
]KrF	云為	moedict-reviewed
]Kv46d:_	雲階月地	moedict-reviewed
]O	喱	moedict-reviewed
]O4e6dN=	禮壞樂崩	moedict-reviewed
]O6dN=4e	禮樂崩壞	moedict-reviewed
]OEA\i	李娃傳	moedict-reviewed
]OEk2fWB	禮讓為國	moedict-reviewed
]OG@an	理鬍子	moedict-reviewed
]OL_^=s?	理不勝辭	moedict-reviewed
]OMw	裡頭	moedict-reviewed
]ON=6d4e	禮崩樂壞	moedict-reviewed
]OYe6dN=	禮廢樂崩	moedict-reviewed
]O\_89cf	禮數周到	moedict-reviewed
]Os2|JL_2e	禮多人不怪	moedict-reviewed
]OxdL_0_|J	裡外不是人	moedict-reviewed
]O|JrFxU	里仁為美	moedict-reviewed
]PCq	灑脫	moedict-reviewed
]P[1	洒家	moedict-reviewed
]Pp1	撒花	moedict-reviewed
]PsI	撒然	moedict-reviewed
]V9>rFSB	毀鐘為鐸	moedict-reviewed
]V?0L_2@	悔之不及	moedict-reviewed
]VR@F0uh	毀於一旦	moedict-reviewed
]Van	會子	moedict-reviewed
]Y:i	靦面	moedict-reviewed
]YsI	靦然	moedict-reviewed
]YwI0_hH	靦顏事仇	moedict-reviewed
]YwIecUl	靦顏借命	moedict-reviewed
]ZSd	怎奈	moedict-reviewed
]Zlq	怎麼	moedict-reviewed
]Zlq0CMW	怎麼得了	moedict-reviewed
]Zlq=f	怎麼會	moedict-reviewed
]ZlqIk	怎麼樣	moedict-reviewed
]Zlqqh	怎麼辦	moedict-reviewed
]Zlqxq	怎麼著	moedict-reviewed
]Znq	怎地	moedict-reviewed
]Znq	怎的	moedict-reviewed
]\_Y	繃臉	moedict-reviewed
]_	擩	moedict-reviewed
]_4L	入場	moedict-reviewed
]_4Lpi	入場券	moedict-reviewed
]_:_	入地	moedict-reviewed
]_L_?0l0	入不支出	moedict-reviewed
]`	果兒	moedict-reviewed
]`29an	掛鉤子	moedict-reviewed
]`4p	掛味兒	moedict-reviewed
]`;\an	掛幌子	moedict-reviewed
]`<p	掛落兒	moedict-reviewed
]`L_Z_	掛不住	moedict-reviewed
]`P_U:4L	掛肚牽腸	moedict-reviewed
]`P_U:_;	掛肚牽心	moedict-reviewed
]`_o	掛絡兒	moedict-reviewed
]`g:	掛冠	moedict-reviewed
]`g:6Nn_	掛冠而去	moedict-reviewed
]`g:L7]O	掛冠歸里	moedict-reviewed
]`qq;\an	掛了幌子	moedict-reviewed
]`}U	掛累	moedict-reviewed
]a	腛	moedict-reviewed
]aIXwI6C	握手言和	moedict-reviewed
]aWY	沃衍	moedict-reviewed
]e	礌	moedict-reviewed
]eCE	擂臺	moedict-reviewed
]eCEad	擂臺賽	moedict-reviewed
]eG@VBap`_	類胡蘿蔔素	moedict-reviewed
]eYc	淚液	moedict-reviewed
]eZP	淚人兒	moedict-reviewed
]ekG	肋條	moedict-reviewed
]en2	肋窩	moedict-reviewed
]ep?	礌石	moedict-reviewed
]i4L	串場	moedict-reviewed
]i^;qn	串親戚	moedict-reviewed
]ian	串子	moedict-reviewed
]m	片兒	moedict-reviewed
]o	套兒	moedict-reviewed
^00>F0^=	撲通一聲	moedict-reviewed
^05td^	鋪蓋捲兒	moedict-reviewed
^08:	鋪攤	moedict-reviewed
^0:j	鋪襯	moedict-reviewed
^0=k	鋪炕	moedict-reviewed
^0@0	撲哧	moedict-reviewed
^0IF0MWY	鋪眉蒙眼	moedict-reviewed
^0IX	鋪首	moedict-reviewed
^0N:Ud:_	鋪天蓋地	moedict-reviewed
^0S<:L=_	鋪張揚厲	moedict-reviewed
^0S_p?	鋪路石	moedict-reviewed
^0lZac<h	鋪錦列繡	moedict-reviewed
^0nq	鋪的	moedict-reviewed
^0q{	撲騰	moedict-reviewed
^0rq4>	撲個空	moedict-reviewed
^0rqDYtE	撲個滿懷	moedict-reviewed
^0sq	撲克	moedict-reviewed
^0sq?E	撲克牌	moedict-reviewed
^0sq_Y	撲克臉	moedict-reviewed
^0}s	鋪排	moedict-reviewed
^:	婠	moedict-reviewed
^:an	彎子	moedict-reviewed
^;	廞	moedict-reviewed
^;2@EYm0	親極反疏	moedict-reviewed
^;4_	欽賜	moedict-reviewed
^;8_<@Ci	親密無間	moedict-reviewed
^;:e	親率	moedict-reviewed
^;D]	侵哄	moedict-reviewed
^;N:Ci	欽天監	moedict-reviewed
^;Rl	親迎	moedict-reviewed
^;aJQMrF	侵權行為	moedict-reviewed
^;nlhH3e	親痛仇快	moedict-reviewed
^=	胜	moedict-reviewed
^=:_	生地	moedict-reviewed
^=Ci	胜鍵	moedict-reviewed
^=F0	勝衣	moedict-reviewed
^=FMCdbO	聲名鵲起	moedict-reviewed
^=J12PSB	生殺予奪	moedict-reviewed
^=KMB@:_	生靈塗地	moedict-reviewed
^=L_N@TO	生不如死	moedict-reviewed
^=Ob4LCR	聲色場所	moedict-reviewed
^=Qk	聲量	moedict-reviewed
^=TOg:^H	生死關頭	moedict-reviewed
^=Wk	生相	moedict-reviewed
^=XOpa=MM@th	生米做成熟飯	moedict-reviewed
^=[o	生發	moedict-reviewed
^=a_CdbO	聲譽鵲起	moedict-reviewed
^=dno=	生意經	moedict-reviewed
^=dn|J	生意人	moedict-reviewed
^=xz	生養	moedict-reviewed
^=|iB_	生悶氣	moedict-reviewed
^@	湨	moedict-reviewed
^@__L_2:	侷促不安	moedict-reviewed
^GG:L_^Gq[	著三不著兩	moedict-reviewed
^GvK	著忙	moedict-reviewed
^H8k	頭當	moedict-reviewed
^HR04WIP	投機倒把	moedict-reviewed
^Han	骰子	moedict-reviewed
^Hln	頭裡	moedict-reviewed
^Hr;WY};	頭昏眼暈	moedict-reviewed
^Hzi	投奔	moedict-reviewed
^P	氬	moedict-reviewed
^PMi	雅玩	moedict-reviewed
^PXo	啞巴	moedict-reviewed
^PXo@0[L0J	啞巴吃黃連	moedict-reviewed
^PXoM7	啞巴虧	moedict-reviewed
^Pant2?l	啞子托夢	moedict-reviewed
^Y	淰	moedict-reviewed
^Yan	捻子	moedict-reviewed
^Yan	碾子	moedict-reviewed
^\3E	捧角	moedict-reviewed
^\4L	捧場	moedict-reviewed
^`L`?0]_	胯下之辱	moedict-reviewed
^f	鐭	moedict-reviewed
^f9KVO>`	奧林比亞	moedict-reviewed
^f:s	拗彆	moedict-reviewed
^ftOE0a0	奧古斯都	moedict-reviewed
^f{nfa	拗不過	moedict-reviewed
^f|_=_>`	澳大利亞	moedict-reviewed
^f|_=_>`0JE<	澳大利亞聯邦	moedict-reviewed
^jwh	論難	moedict-reviewed
^l	肵	moedict-reviewed
^l3E	淨角	moedict-reviewed
^l:P	勁旅	moedict-reviewed
^l:i|?	鏡面呢	moedict-reviewed
^l<iJYRl	靜電感應	moedict-reviewed
^lCW	勁草	moedict-reviewed
^lL9	勁秋	moedict-reviewed
^lOd	靜脈	moedict-reviewed
^lOd01S<	靜脈曲張	moedict-reviewed
^lOd8T	靜脈血	moedict-reviewed
^lOd8To:Kl	靜脈血栓症	moedict-reviewed
^lOdZ_Kb	靜脈注射	moedict-reviewed
^lOdvH	靜脈瘤	moedict-reviewed
^lQ=	勁風	moedict-reviewed
^lRWRW	靜悄悄	moedict-reviewed
^lYctfjK	敬業樂群	moedict-reviewed
^l[V{J6Nci?0	敬鬼神而遠之	moedict-reviewed
^li@	勁拔	moedict-reviewed
^ltOQ=R0	勁骨豐肌	moedict-reviewed
_57W<A	拍老腔兒	moedict-reviewed
_;2@9R|f	心急火燎	moedict-reviewed
_;5_{l6C[O	新藝綜合體	moedict-reviewed
_;9><@\_	心中無數	moedict-reviewed
_;9\[OcI	心廣體胖	moedict-reviewed
_;BXL_F0	心口不一	moedict-reviewed
_;C_	新潟	moedict-reviewed
_;Cy	心願	moedict-reviewed
_;Dd	心血	moedict-reviewed
_;DdEE_G	心血來潮	moedict-reviewed
_;L__dH:	心不在焉	moedict-reviewed
_;NXKMT0F0\Y0>	心有靈犀一點通	moedict-reviewed
_;R0\e>`4W	新幾內亞島	moedict-reviewed
_;\=	新正	moedict-reviewed
_;\_	心數	moedict-reviewed
_;\_L_Kl	心術不正	moedict-reviewed
_;\e4a	心內膜	moedict-reviewed
_;^=K_TO	欣生惡死	moedict-reviewed
_;_;~_{?	辛辛那提	moedict-reviewed
_;_n	心事	moedict-reviewed
_;h:[OcI	心寬體胖	moedict-reviewed
_;h:l0of~I	心寬出少年	moedict-reviewed
_;ln	心裡	moedict-reviewed
_;lnNX\_	心裡有數	moedict-reviewed
_;lnNXrqmO	心裡有個譜	moedict-reviewed
_;r;L_N@4ZKD	新婚不如遠別	moedict-reviewed
_;tx	新鮮	moedict-reviewed
_;tx0_	新鮮事	moedict-reviewed
_;tx|J	新鮮人	moedict-reviewed
_;xd4a	心外膜	moedict-reviewed
_;{JL_Wl	心神不定	moedict-reviewed
_;{]	心眼兒	moedict-reviewed
_>	乾兒	moedict-reviewed
_@	絇	moedict-reviewed
_G	啁	moedict-reviewed
_G	晁	moedict-reviewed
_G	漅	moedict-reviewed
_Gol	嘲弄	moedict-reviewed
_Gw@	嘲哳	moedict-reviewed
_M	垌	moedict-reviewed
_M	赨	moedict-reviewed
_M3g	同校	moedict-reviewed
_M896NA_	同舟而濟	moedict-reviewed
_M89?05_	同舟之誼	moedict-reviewed
_M89E<an	同州梆子	moedict-reviewed
_M:bh<A_	同惡相濟	moedict-reviewed
_M<h	銅臭	moedict-reviewed
_M>J	童玩	moedict-reviewed
_MDd	同穴	moedict-reviewed
_MNJA_cV	同船濟水	moedict-reviewed
_MTJ_MWk	同緣同相	moedict-reviewed
_M^;hH	同衾幬	moedict-reviewed
_M^=h<Rl	同聲相應	moedict-reviewed
_M_;H<Vm	同心方勝兒	moedict-reviewed
_M`l?iZX:1	同性戀酒吧	moedict-reviewed
_Mj]	銅斗兒	moedict-reviewed
_Mj][1TJ	銅斗兒家緣	moedict-reviewed
_Ml0F0Od	同出一脈	moedict-reviewed
_Myf	同調	moedict-reviewed
_M}^ZX:1	同志酒吧	moedict-reviewed
_M~K2P	同行語	moedict-reviewed
_M~Kh<A_	同行相忌	moedict-reviewed
_Y8N	臉盤兒	moedict-reviewed
_Yix	臉面	moedict-reviewed
_Yix?0PM	臉面之情	moedict-reviewed
_\_\>]>]	懵懵懂懂	moedict-reviewed
_\an	猛子	moedict-reviewed
_\dRln	猛可裡	moedict-reviewed
_\{nwK	猛不防	moedict-reviewed
__	憱	moedict-reviewed
__ALantfp?:LIF	醋娘子要食楊梅	moedict-reviewed
__O]	簇擁	moedict-reviewed
__f<CW	酢漿草	moedict-reviewed
_`	會兒	moedict-reviewed
_`3>	畫供	moedict-reviewed
_`:_rFPL	劃地為王	moedict-reviewed
_`C:	華山	moedict-reviewed
_`F0L_Em	劃一不二	moedict-reviewed
_`FN	話茬兒	moedict-reviewed
_`Q;Ei	華陰縣	moedict-reviewed
_`QM	畫行	moedict-reviewed
_`Sl	話柄	moedict-reviewed
_`TB	華佗	moedict-reviewed
_`TJ	華元	moedict-reviewed
_`_;	華歆	moedict-reviewed
_`_c	畫帖	moedict-reviewed
_`phrFFM	化暗為明	moedict-reviewed
_`z<	畫框	moedict-reviewed
_c	餮	moedict-reviewed
_cN_6N	帖木兒	moedict-reviewed
_d	饡	moedict-reviewed
_d4L	在場	moedict-reviewed
_dDbQk	載客量	moedict-reviewed
_dSOF0>P	在此一舉	moedict-reviewed
_d{n	再不	moedict-reviewed
_d{nsI	再不然	moedict-reviewed
_f7``l	爆炸性	moedict-reviewed
_f=_D0X7	暴戾恣睢	moedict-reviewed
_f>@RO	抱朴子	moedict-reviewed
_fG^	爆肚兒	moedict-reviewed
_fLl	報稱	moedict-reviewed
_fRlL_A\	報應不爽	moedict-reviewed
_f`l	暴行	moedict-reviewed
_fan	報子	moedict-reviewed
_fb[_fOD	暴漲暴跌	moedict-reviewed
_fcOL__f?9	報喜不報憂	moedict-reviewed
_fl0aM	抱出籠	moedict-reviewed
_fw?qn	暴脾氣	moedict-reviewed
_k@|	忘性	moedict-reviewed
_k^=n:pa	妄生穿鑿	moedict-reviewed
_kan	望子	moedict-reviewed
_lyo	親家	moedict-reviewed
_lyo3>	親家公	moedict-reviewed
_lyonO	親家母	moedict-reviewed
_lyoy=	親家翁	moedict-reviewed
_o	樂兒	moedict-reviewed
`0	不	moedict-reviewed
`0	胕	moedict-reviewed
`0an	麩子	moedict-reviewed
`=>@	曾樸	moedict-reviewed
`=A_>C	曾紀澤	moedict-reviewed
`=B]	曾鞏	moedict-reviewed
`=Bj	增聘	moedict-reviewed
`=GKT0	曾文溪	moedict-reviewed
`=L;	曾參	moedict-reviewed
`=L;J1|J	曾參殺人	moedict-reviewed
`=WBaJ	曾國荃	moedict-reviewed
`=b[	增長	moedict-reviewed
`=b[Ci0_	增長見識	moedict-reviewed
`@<@9j	余吾鎮	moedict-reviewed
`@`@	余余	moedict-reviewed
`H	慺	moedict-reviewed
`HUO0C}^	螻蟻得志	moedict-reviewed
`Han	嘍子	moedict-reviewed
`Han	婁子	moedict-reviewed
`Lan	床子	moedict-reviewed
`M4L	農場	moedict-reviewed
`MYcR0gc_`	農業機械化	moedict-reviewed
`Z0C	引得	moedict-reviewed
`Z<N	癮頭兒	moedict-reviewed
`ZDd	飲血	moedict-reviewed
`ZUOrFCi	引以為鑑	moedict-reviewed
`_	蹜	moedict-reviewed
`_	遬	moedict-reviewed
`_2@	素藉	moedict-reviewed
`_3_N<	速賜康	moedict-reviewed
`_:_	簌地	moedict-reviewed
`_:o	數珠	moedict-reviewed
`_IX	縮手	moedict-reviewed
`_Uk	宿將	moedict-reviewed
`_[3>EKP	素車白馬	moedict-reviewed
`_`_	縮縮	moedict-reviewed
`c	喦	moedict-reviewed
`c	摰	moedict-reviewed
`c	痆	moedict-reviewed
`cRO	孽子	moedict-reviewed
`d5_	采邑	moedict-reviewed
`d_nBX	菜市口	moedict-reviewed
`drAv4	蔡伯喈	moedict-reviewed
`f4ao=A_	泡沫經濟	moedict-reviewed
`f?]an	炮筒子	moedict-reviewed
`fqz	炮仗	moedict-reviewed
`ftA4o	泡蘑菇	moedict-reviewed
`iD]	賺哄	moedict-reviewed
`i^H	鑽頭	moedict-reviewed
`ian	鑽子	moedict-reviewed
`j1g	困覺	moedict-reviewed
`j1g	睏覺	moedict-reviewed
`jLd	困隘	moedict-reviewed
`jWx	困難	moedict-reviewed
`l0C	幸得	moedict-reviewed
`l:_	性地	moedict-reviewed
`l?0CR}^	興之所至	moedict-reviewed
`lL_]_Ul	幸不辱命	moedict-reviewed
`lMw	興頭	moedict-reviewed
`lO_L_dY	興復不淺	moedict-reviewed
`lT<	幸倡	moedict-reviewed
`l_>	杏乾兒	moedict-reviewed
`loO	杏脯	moedict-reviewed
`lrFV:kM	幸為先容	moedict-reviewed
`o	個兒	moedict-reviewed
a00o`M`M	嘟嘟噥噥	moedict-reviewed
a03o	嘟嚕	moedict-reviewed
a0EE	都來	moedict-reviewed
a0O|	嘟噥	moedict-reviewed
a0R@11@@	都俞吁咈	moedict-reviewed
a0V_	都護	moedict-reviewed
a0u[	都講	moedict-reviewed
a0vY	都管	moedict-reviewed
a0|_	都大	moedict-reviewed
a=	噌	moedict-reviewed
a>a>	哼兒哈兒	moedict-reviewed
aBCi	作踐	moedict-reviewed
aG<CT3?P	饒舌歌曲	moedict-reviewed
aJ	惓	moedict-reviewed
aJK3	卷阿	moedict-reviewed
aJLP	卷髮	moedict-reviewed
aJMwQYbZ	拳頭產品	moedict-reviewed
aJ]`an	全掛子	moedict-reviewed
aJ`H	卷婁	moedict-reviewed
aJkO~K	全武行	moedict-reviewed
aJp=N:L`	權傾天下	moedict-reviewed
aJtO	顴骨	moedict-reviewed
aM6CtO:_	隆河谷地	moedict-reviewed
aM<@]K6NL_QM	龍無雲而不行	moedict-reviewed
aM>W	龍爪	moedict-reviewed
aM>WtE	龍爪槐	moedict-reviewed
aMDd\_	龍血樹	moedict-reviewed
aMLWCiTJ	籠鳥檻猿	moedict-reviewed
aMNJ	瀧船	moedict-reviewed
aMea	籠絡	moedict-reviewed
aO	枳	moedict-reviewed
aO0_9>	給事中	moedict-reviewed
aO2P	給與	moedict-reviewed
aO3E?00_	掎角之勢	moedict-reviewed
aO4@	几席	moedict-reviewed
aO6C2@\_	幾何級數	moedict-reviewed
aO=MF0DJ	擠成一團	moedict-reviewed
aOBL	脊梁	moedict-reviewed
aOBLtO	脊梁骨	moedict-reviewed
aOBk	几杖	moedict-reviewed
aOCR	脊索	moedict-reviewed
aOJ`	給假	moedict-reviewed
aOO@	給足	moedict-reviewed
aOR7	脊椎	moedict-reviewed
aOR7mlK_	脊椎動物	moedict-reviewed
aOR7tO	脊椎骨	moedict-reviewed
aOVe	脊背	moedict-reviewed
aOZ_	脊柱	moedict-reviewed
aOaO	几几	moedict-reviewed
aOcV	給水	moedict-reviewed
aOgV	脊髓	moedict-reviewed
aOi[	給養	moedict-reviewed
aOph	几案	moedict-reviewed
aOwI	几筵	moedict-reviewed
aO{Jo=	脊神經	moedict-reviewed
a\:_	等地	moedict-reviewed
a\F0_`	等一會兒	moedict-reviewed
a\an	等子	moedict-reviewed
a\x7wln?	等高種植	moedict-reviewed
a_	儥	moedict-reviewed
a_	篽	moedict-reviewed
a_2PIJM9	欲語還休	moedict-reviewed
a_9RiM^=	浴火重生	moedict-reviewed
a_=_ajJMqO	預力混凝土	moedict-reviewed
a_=f	與會	moedict-reviewed
a_>KT_{l	欲擒故縱	moedict-reviewed
a_?0<@8k	玉卮無當	moedict-reviewed
a_Dd	浴血	moedict-reviewed
a_Dd}i0i	浴血奮戰	moedict-reviewed
a_GK	與聞	moedict-reviewed
a_L_dR{l	欲不可從	moedict-reviewed
a_Lb	燠熱	moedict-reviewed
a_O;D0	玉參差	moedict-reviewed
a_PO|_`0	御史大夫	moedict-reviewed
a_Q;L_8X	鬱堙不偶	moedict-reviewed
a_a_	鬱燠	moedict-reviewed
a_a_L_Bb	鬱鬱不樂	moedict-reviewed
a_a_L_EM	鬱鬱不平	moedict-reviewed
a_a_o=o=	郁郁青青	moedict-reviewed
a_ad	與賽	moedict-reviewed
a_gn	玉米	moedict-reviewed
a_gnFM	玉米螟	moedict-reviewed
a_i_	鬱壘	moedict-reviewed
a_o?	尉遲	moedict-reviewed
a_o?^l0C	尉遲敬德	moedict-reviewed
a_wKv4wl	預防接種	moedict-reviewed
a_|J	雨人	moedict-reviewed
a_}?Ei	尉犁縣	moedict-reviewed
ac6t	裂開	moedict-reviewed
acc[	獵場	moedict-reviewed
adDk?P	塞上曲	moedict-reviewed
adL`?P	塞下曲	moedict-reviewed
af	毣	moedict-reviewed
af	芼	moedict-reviewed
af	蓩	moedict-reviewed
afH:B@9R	冒煙突火	moedict-reviewed
afN:L`?0|_L_RV	冒天下之大不韙	moedict-reviewed
afT:	冒尖	moedict-reviewed
af^H	冒頭	moedict-reviewed
af_n	冒失	moedict-reviewed
af_n[V	冒失鬼	moedict-reviewed
afanC_LP	帽子戲法	moedict-reviewed
afd\{h	冒冷汗	moedict-reviewed
afq=	茂興	moedict-reviewed
af|?	旄倪	moedict-reviewed
aj0_	混事	moedict-reviewed
aj6C2P	混合語	moedict-reviewed
aj6C5_hG	混合疫苗	moedict-reviewed
aj6C9K	混合林	moedict-reviewed
aj6CAM	混合層	moedict-reviewed
aj6COOac	混合齒列	moedict-reviewed
aj6CPO~l	混合使用	moedict-reviewed
aj6CVO	混合比	moedict-reviewed
aj6Co=A_	混合經濟	moedict-reviewed
aj?p	混混兒	moedict-reviewed
ajF0	混一	moedict-reviewed
ajFM	渾名	moedict-reviewed
ajJMqOQWqhR0	混凝土攪拌機	moedict-reviewed
ajMj	混唚	moedict-reviewed
ajN:	渾天	moedict-reviewed
ajQ;	混音	moedict-reviewed
ajTJ	混元	moedict-reviewed
ajUi	混亂	moedict-reviewed
ajYN	混球兒	moedict-reviewed
aj]B	混濁	moedict-reviewed
aj_Mf<	混同江	moedict-reviewed
ajan	混子	moedict-reviewed
ajcV	混水	moedict-reviewed
ajcVE2R@	混水摸魚	moedict-reviewed
ajeG	混淆	moedict-reviewed
ajeG0_i=	混淆視聽	moedict-reviewed
ajeG0_j6	混淆是非	moedict-reviewed
ajeGL_p=	混淆不清	moedict-reviewed
ajeGq6>E	混淆黑白	moedict-reviewed
ajiM	混蟲	moedict-reviewed
ajif	混號	moedict-reviewed
ajif	渾號	moedict-reviewed
ajth@0	混飯吃	moedict-reviewed
ajuh	混蛋	moedict-reviewed
ajvK	混茫	moedict-reviewed
aj{H	混球	moedict-reviewed
aj{H	渾球	moedict-reviewed
aj~0	混居	moedict-reviewed
b0	嶀	moedict-reviewed
b0	廜	moedict-reviewed
b53g	呆笑	moedict-reviewed
b5BY	呆板	moedict-reviewed
b5Bk	呆帳	moedict-reviewed
b5Z_	呆住	moedict-reviewed
b5^Hb56W	呆頭呆腦	moedict-reviewed
b5an	呆子	moedict-reviewed
b5b5\=\=	呆呆掙掙	moedict-reviewed
b5oaN_R0	呆若木雞	moedict-reviewed
b5w[	呆想	moedict-reviewed
b5}^	呆滯	moedict-reviewed
bB`o	矬個兒	moedict-reviewed
bG~\	鑿井	moedict-reviewed
bJ7_	旋辟	moedict-reviewed
bJFk	玄奘	moedict-reviewed
bJJ;3Gog	懸針垂露	moedict-reviewed
bJL;	玄參	moedict-reviewed
bJMW	玄了	moedict-reviewed
bJRGiM	旋毛蟲	moedict-reviewed
bJ]BYc	懸濁液	moedict-reviewed
bN	娃兒	moedict-reviewed
bN>J	玩兒完	moedict-reviewed
bNUl	玩兒命	moedict-reviewed
bO6t	起開	moedict-reviewed
bO?0	豈知	moedict-reviewed
bOL_0_	豈不是	moedict-reviewed
bOR0w?T3\o	起雞皮疙瘩	moedict-reviewed
bO`l	起興	moedict-reviewed
bObO`_`_	乞乞縮縮	moedict-reviewed
bOec	起解	moedict-reviewed
bOn?	啟蟄	moedict-reviewed
bOuh	豈但	moedict-reviewed
bO|f	豈料	moedict-reviewed
bO~00_	起居室	moedict-reviewed
bTan	蹶子	moedict-reviewed
bZWk	品相	moedict-reviewed
b[3>zO	長公主	moedict-reviewed
b[:<?0:b	長君之惡	moedict-reviewed
b[PO	長史	moedict-reviewed
b[R0	長機	moedict-reviewed
b[RVXo	長尾巴	moedict-reviewed
b[Wk	長相	moedict-reviewed
b[^;	長親	moedict-reviewed
b[nkOd	掌狀脈	moedict-reviewed
b[|;<@A_	長孫無忌	moedict-reviewed
b[|_=M|J	長大成人	moedict-reviewed
ba	柁	moedict-reviewed
ba	跢	moedict-reviewed
baBL	度量	moedict-reviewed
baBqQW	跺跺腳	moedict-reviewed
baKP	墮馬	moedict-reviewed
ba]KK_9>	墮雲霧中	moedict-reviewed
baan	馱子	moedict-reviewed
bi0C	算得	moedict-reviewed
biUlV:|{	算命先生	moedict-reviewed
bi\_6C	算術和	moedict-reviewed
bi\_EM:<\_	算術平均數	moedict-reviewed
biqn4t	算起來	moedict-reviewed
bisz	算上	moedict-reviewed
bi{Jlq	算什麼	moedict-reviewed
bi{n0C	算不得	moedict-reviewed
bi{nMW	算不了	moedict-reviewed
c5	台	moedict-reviewed
c54a	胎膜	moedict-reviewed
c::_	端的	moedict-reviewed
c:an	端子	moedict-reviewed
c:cIan	端盤子	moedict-reviewed
c:h<	端相	moedict-reviewed
c=	霙	moedict-reviewed
c=6NsTNZ	嬰兒奶粉	moedict-reviewed
c=7i	鶯燕	moedict-reviewed
c=BZ	應選	moedict-reviewed
c=LP0J:<	英法聯軍	moedict-reviewed
c=WB9\2a3>E0	英國廣播公司	moedict-reviewed
c=an	纓子	moedict-reviewed
c=ec	應屆	moedict-reviewed
c=}MB8w[?P	英雄交響曲	moedict-reviewed
c=}i	應分	moedict-reviewed
cGfz	槽坊	moedict-reviewed
cH	睺	moedict-reviewed
cHObQ;	喉塞音	moedict-reviewed
cHP|	喉嚨	moedict-reviewed
cH^H	猴頭	moedict-reviewed
cHan	瘊子	moedict-reviewed
cHwI	喉癌	moedict-reviewed
cIBb	般樂	moedict-reviewed
cIBy	盤算	moedict-reviewed
cIIJ	般桓	moedict-reviewed
cILl	盤秤	moedict-reviewed
cI`x	盤纏	moedict-reviewed
cN	醭兒	moedict-reviewed
cO0C	喜得	moedict-reviewed
cO:i4C_;	洗面革心	moedict-reviewed
cOIXL_yh	洗手不幹	moedict-reviewed
cOL_2_];	喜不自禁	moedict-reviewed
cOL_2_^=	喜不自勝	moedict-reviewed
cOan	蟢子	moedict-reviewed
cVC2ln	水玻璃	moedict-reviewed
cVT0	水螅	moedict-reviewed
cVVORO	水筆仔	moedict-reviewed
cVZOw7J;	水底撈針	moedict-reviewed
cVa0	水都	moedict-reviewed
cVaM^H	水龍頭	moedict-reviewed
cVtA3>~n	水磨工夫	moedict-reviewed
cVtAp?	水磨石	moedict-reviewed
cVwlA@	水中毒	moedict-reviewed
cY	帴	moedict-reviewed
cY	揃	moedict-reviewed
cY4L	檢場	moedict-reviewed
cY7:R0gc	簡單機械	moedict-reviewed
cYLPH0C0	剪髮披緇	moedict-reviewed
cYVDMW8k	簡截了當	moedict-reviewed
cYan	趼子	moedict-reviewed
cYnO7:2fuH	剪牡丹喂牛	moedict-reviewed
cYrA	儉薄	moedict-reviewed
cZ	暋	moedict-reviewed
cZ	鰵	moedict-reviewed
cZan	抿子	moedict-reviewed
cZo?Ei	澠池縣	moedict-reviewed
c[1{	敞亮	moedict-reviewed
c[`>	敞開兒	moedict-reviewed
c[an	場子	moedict-reviewed
c[bt	敞快	moedict-reviewed
c`	準兒	moedict-reviewed
caIXdR0C	唾手可得	moedict-reviewed
caYc	唾液	moedict-reviewed
caYcEi	唾液腺	moedict-reviewed
cacp	唾沫	moedict-reviewed
cacpq=an	唾沫星子	moedict-reviewed
cf	翢	moedict-reviewed
cf0=	倒裝	moedict-reviewed
cf0=m_	倒裝句	moedict-reviewed
cf0C	到得	moedict-reviewed
cf0_	倒是	moedict-reviewed
cf4L	到場	moedict-reviewed
cf4L	道場	moedict-reviewed
cf?P	道曲	moedict-reviewed
cfCv:_:_	道道地地	moedict-reviewed
cfEY	倒反	moedict-reviewed
cfFk	道藏	moedict-reviewed
cfL_0C	道不得	moedict-reviewed
cfL_0_	倒不是	moedict-reviewed
cfL_MW	道不了	moedict-reviewed
cfL_l0	道不出	moedict-reviewed
cfMPF0j@	倒打一耙	moedict-reviewed
cfSOF0nH	到此一遊	moedict-reviewed
cfT3	倒戈	moedict-reviewed
cfT3gcjP	倒戈卸甲	moedict-reviewed
cfmz	道行	moedict-reviewed
cfsz	道上	moedict-reviewed
ci5_	怨艾	moedict-reviewed
ciN:ci:_	怨天怨地	moedict-reviewed
ci`l	願行	moedict-reviewed
cidy	怨恨	moedict-reviewed
d=89	并州	moedict-reviewed
d=89cY	并州剪	moedict-reviewed
d=9RL__MD@	冰火不同爐	moedict-reviewed
d=C:F0QW	冰山一角	moedict-reviewed
d=CM	屏營	moedict-reviewed
d=L_7i7`	兵不厭詐	moedict-reviewed
d=L_Dd<j	兵不血刃	moedict-reviewed
d=t7	并刀	moedict-reviewed
d=vhL__MB_	冰炭不同器	moedict-reviewed
d=vhL_h<kM	冰炭不相容	moedict-reviewed
d=yKG@3o	冰糖葫蘆	moedict-reviewed
dI	姏	moedict-reviewed
dI	樠	moedict-reviewed
dI>|	蔓菁	moedict-reviewed
dID]	瞞哄	moedict-reviewed
dIN:ci:_	埋天怨地	moedict-reviewed
dIan	蠻子	moedict-reviewed
dIci	埋怨	moedict-reviewed
dM1U4a	虹彩膜	moedict-reviewed
dM4a	虹膜	moedict-reviewed
dMG@|_}^	鴻鵠大志	moedict-reviewed
dMHE6N	紅孩兒	moedict-reviewed
dM_MEi	洪洞縣	moedict-reviewed
dMa0mT?i^=	洪都百鍊生	moedict-reviewed
dMp?	宏碩	moedict-reviewed
dMtAan	紅模子	moedict-reviewed
dRCiF03:	可見一斑	moedict-reviewed
dRMW{nnq	可了不得	moedict-reviewed
dRV=:_	可耕地	moedict-reviewed
dR_k6NL_dR2@	可望而不可即	moedict-reviewed
dR_kL_dR2@	可望不可即	moedict-reviewed
dR{n0_	可不是	moedict-reviewed
dR{n:W	可不好	moedict-reviewed
dT1=CMaO	雪窗螢几	moedict-reviewed
dT5j	雪恨	moedict-reviewed
dT>E	雪白	moedict-reviewed
dTA0anWk9R	雪獅子向火	moedict-reviewed
dTC8	雪橇	moedict-reviewed
dTOO	雪恥	moedict-reviewed
dTt:	雪冤	moedict-reviewed
dT|?dM>W	雪泥鴻爪	moedict-reviewed
dYeY	淺鮮	moedict-reviewed
dYrA	淺薄	moedict-reviewed
d[4_	賞賜	moedict-reviewed
d[:ian	賞面子	moedict-reviewed
d[Hq	晌午	moedict-reviewed
d[L_I<3>	賞不當功	moedict-reviewed
d[_;Bb0_	賞心樂事	moedict-reviewed
d[l@L_I<	賞罰不當	moedict-reviewed
d\BY?P	冷板曲	moedict-reviewed
d\L_h=	冷不丁	moedict-reviewed
da	掿	moedict-reviewed
da>`	諾亞	moedict-reviewed
dfB8?|	套交情	moedict-reviewed
dfDv	套套	moedict-reviewed
dfwl	套種	moedict-reviewed
e00{[1	姑娘家	moedict-reviewed
e03o	咕嚕	moedict-reviewed
e03o	轂轆	moedict-reviewed
e04o	姑姑	moedict-reviewed
e07W9s	姑老爺	moedict-reviewed
e09s	姑爺	moedict-reviewed
e0JA	估堆兒	moedict-reviewed
e0J`~K	估價行	moedict-reviewed
e0O|	咕噥	moedict-reviewed
e0P|	咕隆	moedict-reviewed
e0R=KWLj	孤燈挑盡	moedict-reviewed
e0Z_F0n?	孤注一擲	moedict-reviewed
e0a0a0	骨都都	moedict-reviewed
e0cp	估摸	moedict-reviewed
e0eI	孤帆	moedict-reviewed
e0eY	姑洗	moedict-reviewed
e0pn	咕唧	moedict-reviewed
e0sT3t	姑奶奶	moedict-reviewed
e0}PL_tO	孤寡不穀	moedict-reviewed
e0~n	姑夫	moedict-reviewed
e13E	挖角	moedict-reviewed
e15o	挖苦	moedict-reviewed
e1:_	洼地	moedict-reviewed
e1e1	呱呱	moedict-reviewed
e=	俜	moedict-reviewed
e=	甹	moedict-reviewed
e>	汁兒	moedict-reviewed
eGJ{	搖晃	moedict-reviewed
eGL;F08i	搖身一變	moedict-reviewed
eGL_dR2@	遙不可及	moedict-reviewed
eG[x	搖撼	moedict-reviewed
eGfxNOR@}^iR	謠言止於智者	moedict-reviewed
eGfxhawl	謠言惑眾	moedict-reviewed
eGmT6d	搖擺樂	moedict-reviewed
eGmTL_Wl	搖擺不定	moedict-reviewed
eI3e	樊噲	moedict-reviewed
eIL_Qd	帆布袋	moedict-reviewed
eIWY	蕃衍	moedict-reviewed
eI\03@	樊於期	moedict-reviewed
eIkO	蕃廡	moedict-reviewed
eP\y	娘兒們	moedict-reviewed
eVXo	嘴巴	moedict-reviewed
eVXoan	嘴巴子	moedict-reviewed
eVan	嘴子	moedict-reviewed
eVw?an	嘴皮子	moedict-reviewed
eY	鋧	moedict-reviewed
eY38L_Nb	險遭不測	moedict-reviewed
eY:_	險地	moedict-reviewed
eYDd	銑削	moedict-reviewed
eYKP	洗馬	moedict-reviewed
eYWkYc	顯像液	moedict-reviewed
eYrF|J?0	鮮為人知	moedict-reviewed
e[n1	嚷刮	moedict-reviewed
e\an	埂子	moedict-reviewed
e]Bq	耳朵	moedict-reviewed
e]Bq0Z	耳朵軟	moedict-reviewed
e]Bqlnw[	耳朵裡響	moedict-reviewed
e]GKL_N@N_Ci	耳聞不如目見	moedict-reviewed
e]an	耳子	moedict-reviewed
e]o{	耳風	moedict-reviewed
e]tA	耳膜	moedict-reviewed
e`>E	刷白	moedict-reviewed
ea	馲	moedict-reviewed
ea6C	漯河	moedict-reviewed
eaCq	駱駝	moedict-reviewed
eaDbyUBb	洛克菲勒	moedict-reviewed
eaDd	咯血	moedict-reviewed
eaca	落魄	moedict-reviewed
eaoi	落卷	moedict-reviewed
ea{o	落下	moedict-reviewed
ec	价	moedict-reviewed
ec8k	解當	moedict-reviewed
ec8kM_	解當鋪	moedict-reviewed
ec;j	藉甚	moedict-reviewed
ec=1	解發	moedict-reviewed
ec}l	解送	moedict-reviewed
ef5_rx	鬧意見	moedict-reviewed
efR0J{	鬧饑荒	moedict-reviewed
efS|	鬧鬨	moedict-reviewed
efUian	鬧亂子	moedict-reviewed
efYF	鬧賊	moedict-reviewed
efZcdw	鬧彆扭	moedict-reviewed
efq{	鬧騰	moedict-reviewed
efw?qn	鬧脾氣	moedict-reviewed
efxqbN	鬧著玩兒	moedict-reviewed
ej	訰	moedict-reviewed
f0	堀	moedict-reviewed
f05o{?{?	哭哭啼啼	moedict-reviewed
f0C7	枯萎	moedict-reviewed
f0Ib	窟宅	moedict-reviewed
f0P|	窟窿	moedict-reviewed
f0Y<xq_Y	哭喪著臉	moedict-reviewed
f5n1	賅括	moedict-reviewed
f<4a	漿膜	moedict-reviewed
f<G@	漿糊	moedict-reviewed
f<G@9ian	江湖騙子	moedict-reviewed
f<H:QELj	江淹才盡	moedict-reviewed
f<J<	薑湯	moedict-reviewed
f<LjZX	將進酒	moedict-reviewed
f<Yc	漿液	moedict-reviewed
f<jP8kJ;	將假當真	moedict-reviewed
f<n?`laOR7wI	僵直性脊椎炎	moedict-reviewed
f<o?L_L`	僵持不下	moedict-reviewed
f<rF	將為	moedict-reviewed
f<|{	韁繩	moedict-reviewed
f]	把兒	moedict-reviewed
f]	板兒	moedict-reviewed
fa4t	過來	moedict-reviewed
fa5_L_n_	過意不去	moedict-reviewed
fa8kwK2f	過當防衛	moedict-reviewed
faB@mJ6N|_3E	過屠門而大嚼	moedict-reviewed
faN_L__k	過目不忘	moedict-reviewed
facZ`lEYRl	過敏性反應	moedict-reviewed
falx	過天	moedict-reviewed
famJL_]_	過門不入	moedict-reviewed
fan5an	過篩子	moedict-reviewed
fap?L_rg	過時不候	moedict-reviewed
faqqp=w;<@of~I	過了青春無少年	moedict-reviewed
fa{nn_	過不去	moedict-reviewed
fc4a	砌末	moedict-reviewed
fc6NL_kR	鍥而不舍	moedict-reviewed
fc8k	愜當	moedict-reviewed
fc:i	切面	moedict-reviewed
fcLj	切近	moedict-reviewed
fcOd	切脈	moedict-reviewed
fcQ;	切音	moedict-reviewed
fcTJ	切圓	moedict-reviewed
fc\Y	切點	moedict-reviewed
fcwlp?6_	切中時弊	moedict-reviewed
ff	澇	moedict-reviewed
ff=k	落炕	moedict-reviewed
ff?s	烙鐵	moedict-reviewed
ffA0	勞師	moedict-reviewed
ffJ`	落架	moedict-reviewed
ffL__n	落不是	moedict-reviewed
ffYZ	落枕	moedict-reviewed
ff\Z	落忍	moedict-reviewed
ffan	落子	moedict-reviewed
ffp1	烙花	moedict-reviewed
ffp5	澇災	moedict-reviewed
ffqq	落了	moedict-reviewed
fo	這兒	moedict-reviewed
g0	膴	moedict-reviewed
g0	謼	moedict-reviewed
g0:_	忽地	moedict-reviewed
g0:_	忽的	moedict-reviewed
g0Eb	呼喝	moedict-reviewed
g53@6Cqa	開齊合撮	moedict-reviewed
g54L	開場	moedict-reviewed
g5=11K~K	開發銀行	moedict-reviewed
g5BXan	開口子	moedict-reviewed
g5Ll	開秤	moedict-reviewed
g5ha	開豁	moedict-reviewed
g5oi9W	開卷考	moedict-reviewed
g5oiNX0C	開卷有得	moedict-reviewed
g5pa	開鑿	moedict-reviewed
g6	箄	moedict-reviewed
g64Cljml	杯葛運動	moedict-reviewed
g6<C[V~0	杯蛇鬼車	moedict-reviewed
g6L_2_^=	悲不自勝	moedict-reviewed
g6Yc	悲咽	moedict-reviewed
g6ZOL_dR4_];R@	杯底不可飼金魚	moedict-reviewed
g6_c	碑帖	moedict-reviewed
g6cV~0_;	杯水車薪	moedict-reviewed
g6i:6C6i	悲歡合散	moedict-reviewed
g6okB8w[?P	悲愴交響曲	moedict-reviewed
g:4W	官倒	moedict-reviewed
g:@t	棺材	moedict-reviewed
g:@tBY	棺材板	moedict-reviewed
g:@t]OL;IX	棺材裡伸手	moedict-reviewed
g:C_yf	關係調	moedict-reviewed
g:Nj4_C_	觀釁伺隙	moedict-reviewed
g:UdN@]K	冠蓋如雲	moedict-reviewed
g:]Kb[	關雲長	moedict-reviewed
g:^m	官面兒	moedict-reviewed
g:ad	關塞	moedict-reviewed
g:f]	官板兒	moedict-reviewed
g:nkmlOd	冠狀動脈	moedict-reviewed
g:nkmlOdRl_`Kl	冠狀動脈硬化症	moedict-reviewed
g:oi	官卷	moedict-reviewed
g:rA	關白	moedict-reviewed
g:sq	官客	moedict-reviewed
g:xz	官樣	moedict-reviewed
g;oi	溫卷	moedict-reviewed
g<	戧	moedict-reviewed
g<Q=	搶風	moedict-reviewed
g<an	腔子	moedict-reviewed
g<rA	將伯	moedict-reviewed
g<rA?0Z_	將伯之助	moedict-reviewed
g<x_	槍把	moedict-reviewed
gHln	妯娌	moedict-reviewed
gI	惔	moedict-reviewed
gIB@R@	彈塗魚	moedict-reviewed
gICE	澹臺	moedict-reviewed
gICE\cFM	澹臺滅明	moedict-reviewed
gICk	彈唱	moedict-reviewed
gIJ;	彈針	moedict-reviewed
gIL_Dk	談不上	moedict-reviewed
gIL_e]	彈布爾	moedict-reviewed
gI[LmJ	彈簧門	moedict-reviewed
gI[Lt7	彈簧刀	moedict-reviewed
gI^=dn	談生意	moedict-reviewed
gI`l0_4M	彈性勢能	moedict-reviewed
gI`lV:rF	彈性纖維	moedict-reviewed
gI`l}^qfC_?]	彈性製造系統	moedict-reviewed
gIg:h<_l	彈冠相慶	moedict-reviewed
gIs?	彈詞	moedict-reviewed
gIw?Yo	彈琵琶	moedict-reviewed
ga	彉	moedict-reviewed
gaqn	闊氣	moedict-reviewed
gc4aJ1Z@	卸磨殺驢	moedict-reviewed
gc6C	燮和	moedict-reviewed
gcC_	械繫	moedict-reviewed
gcS_	洩露	moedict-reviewed
gc]|	懈鬆	moedict-reviewed
gcp7~n	卸包袱	moedict-reviewed
gcrg	邂逅	moedict-reviewed
gcrgh<a_	邂逅相遇	moedict-reviewed
gc}^	解廌	moedict-reviewed
gf]|	告誦	moedict-reviewed
gj6C	順和	moedict-reviewed
gjB?	順硃兒	moedict-reviewed
gjBXG9	順口溜	moedict-reviewed
gjan	順子	moedict-reviewed
gjew	順溜	moedict-reviewed
gjg`	順嘴兒	moedict-reviewed
gjgz	順當	moedict-reviewed
go	襯兒	moedict-reviewed
h5	嗨	moedict-reviewed
h6L_	坯布	moedict-reviewed
h6an	坯子	moedict-reviewed
h6|f	坯料	moedict-reviewed
h:6C	寬和	moedict-reviewed
h:_;bN	寬心丸兒	moedict-reviewed
h:dM|_Qk	寬洪大量	moedict-reviewed
h:{l	寬縱	moedict-reviewed
h<	皀	moedict-reviewed
h<	膷	moedict-reviewed
h<01	鄉曲	moedict-reviewed
h<11rFUl	相須為命	moedict-reviewed
h<7_	鄉僻	moedict-reviewed
h<9RL_Ri	香火不斷	moedict-reviewed
h<<:	相看	moedict-reviewed
h<C2ap	香餑餑	moedict-reviewed
h<Ci	相間	moedict-reviewed
h<EY\_	相反數	moedict-reviewed
h<H:L_3E	香煙不絕	moedict-reviewed
h<Ll	相稱	moedict-reviewed
h<M@	相熟	moedict-reviewed
h<ZO3>`0	箱底功夫	moedict-reviewed
h<Zx	相看	moedict-reviewed
h<]=	相稱	moedict-reviewed
h<^0	相撲	moedict-reviewed
h<fc	相切	moedict-reviewed
h<g:C_\_	相關係數	moedict-reviewed
h<o?L_L`	相持不下	moedict-reviewed
h<rFFW]O	相為表裡	moedict-reviewed
h<u?an	香胰子	moedict-reviewed
h=7|I<I<	叮叮噹噹	moedict-reviewed
h=8k	丁當	moedict-reviewed
h=I<paw[	叮噹作響	moedict-reviewed
h=IP	釘鈀	moedict-reviewed
h=OOj@	釘齒耙	moedict-reviewed
h=^H	釘頭	moedict-reviewed
h=j@	釘耙	moedict-reviewed
hG6NL_<h	苗而不秀	moedict-reviewed
hGZv	苗條	moedict-reviewed
hGan	苗子	moedict-reviewed
hH6o	稠糊	moedict-reviewed
hHEb	酬和	moedict-reviewed
hHRl	酬應	moedict-reviewed
hHT3\o	仇疙瘩	moedict-reviewed
hHoM	酬庸	moedict-reviewed
hI0CF0Ci	難得一見	moedict-reviewed
hI0CG@B@	難得糊塗	moedict-reviewed
hI2@|_S_	南極大陸	moedict-reviewed
hI6NNX]eL_p=gI	男兒有淚不輕彈	moedict-reviewed
hI6d	南樂	moedict-reviewed
hI:irA=M	南面百城	moedict-reviewed
hI:irFPL	南面為王	moedict-reviewed
hIR02a=X	南箕北斗	moedict-reviewed
hIWeQW	男配角	moedict-reviewed
hI\=vUl@	南征北伐	moedict-reviewed
hIa0	南都	moedict-reviewed
hIzOQW	男主角	moedict-reviewed
h[KP	嗓門兒	moedict-reviewed
h_	恧	moedict-reviewed
h_	衄	moedict-reviewed
ha5_L_dY	獲益不淺	moedict-reviewed
ha6_0_4L	貨幣市場	moedict-reviewed
ha8k	豁蕩	moedict-reviewed
haL_bJH]	禍不旋踵	moedict-reviewed
haQk	豁亮	moedict-reviewed
haT0|?	和稀泥	moedict-reviewed
ha[[	豁朗	moedict-reviewed
haol	和弄	moedict-reviewed
hf4k	靠傍	moedict-reviewed
hfL_Z_	靠不住	moedict-reviewed
i:	嚾	moedict-reviewed
i:8ycOcO	歡歡喜喜	moedict-reviewed
i:=A	歡洽	moedict-reviewed
i:_n	歡勢	moedict-reviewed
i:cOYN	歡喜錢兒	moedict-reviewed
i:m_F0yK	歡聚一堂	moedict-reviewed
i=	朾	moedict-reviewed
i=	汀	moedict-reviewed
i=	烴	moedict-reviewed
i=	綎	moedict-reviewed
i=3@wI6Ng:3@`l	聽其言而觀其行	moedict-reviewed
i=Mw	聽頭	moedict-reviewed
i=an	聽子	moedict-reviewed
i@0C^HhH	拔得頭籌	moedict-reviewed
i@:_	拔地	moedict-reviewed
i@C:?P	拔山曲	moedict-reviewed
i@Vian	拔罐子	moedict-reviewed
i@qqF0rqx>	拔了一個尖兒	moedict-reviewed
i@qqVBap:_w?h:	拔了蘿蔔地皮寬	moedict-reviewed
i@{nl0XVEE	拔不出腿來	moedict-reviewed
iI	瓓	moedict-reviewed
iI1U6C	藍采和	moedict-reviewed
iI?pH:	蘭花煙	moedict-reviewed
iIG@an	藍鬍子	moedict-reviewed
iIX[	攔當	moedict-reviewed
iIYc{S	蘭葉撇	moedict-reviewed
iI{H4L	籃球場	moedict-reviewed
iM1=	重創	moedict-reviewed
iM9j3@tO	重振旗鼓	moedict-reviewed
iM9j}MQ=	重振雄風	moedict-reviewed
iMO@6N=_	重足而立	moedict-reviewed
iMO_DbCf	重複課稅	moedict-reviewed
iMS<	重張	moedict-reviewed
iM\0	重屋	moedict-reviewed
iM^=O_nO	重生父母	moedict-reviewed
iM`H	重樓	moedict-reviewed
iMg;:hYc	重溫舊業	moedict-reviewed
iMkO	重午	moedict-reviewed
iMpON:1_	重睹天日	moedict-reviewed
iMwIODBk	重巖疊嶂	moedict-reviewed
iM}^J`4C	重置價格	moedict-reviewed
iM}_	重沓	moedict-reviewed
i[	坱	moedict-reviewed
i[:1	氧吧	moedict-reviewed
i[Hq	養活	moedict-reviewed
i[XoI1	仰八叉	moedict-reviewed
i[\0Z_m0	仰屋著書	moedict-reviewed
i[\0q=vh	仰屋興嘆	moedict-reviewed
i[aO	仰給	moedict-reviewed
i[aOR@|J	仰給於人	moedict-reviewed
i[xz	癢癢	moedict-reviewed
i_<@L_89	慮無不周	moedict-reviewed
i_Ob6CEM	綠色和平	moedict-reviewed
i_Yc	濾液	moedict-reviewed
if	藃	moedict-reviewed
if2_];o1	好自矜誇	moedict-reviewed
if2i2@:b	好善嫉惡	moedict-reviewed
if2iBbA0	好善樂施	moedict-reviewed
if2iK_:b	好善惡惡	moedict-reviewed
if5EL_oi	好學不倦	moedict-reviewed
if;:	涸乾	moedict-reviewed
if=_	好利	moedict-reviewed
ifDk	好尚	moedict-reviewed
ifN:L_yf	昊天不弔	moedict-reviewed
ifO]lgUZ	好勇鬥狠	moedict-reviewed
ifOd	號脈	moedict-reviewed
ifR@K_n?	好諛惡直	moedict-reviewed
if^=K_J1	好生惡殺	moedict-reviewed
iflg	好鬥	moedict-reviewed
ifrF|JA0	好為人師	moedict-reviewed
ik4L	礦場	moedict-reviewed
ik?0	礦脂	moedict-reviewed
ikOd	礦脈	moedict-reviewed
ikwI	礦鹽	moedict-reviewed
im	餡兒	moedict-reviewed
iz	囔	moedict-reviewed
j4i_	耶律	moedict-reviewed
j4i_w_0WR0	耶律阿保機	moedict-reviewed
j4i_{OQE	耶律楚材	moedict-reviewed
j4i_|_p?	耶律大石	moedict-reviewed
j62a	飛播	moedict-reviewed
j6>E	飛白	moedict-reviewed
j6EEGlha	飛來橫禍	moedict-reviewed
j6H:\i	飛煙傳	moedict-reviewed
j6LPpggz	非法勾當	moedict-reviewed
j6RO	妃子	moedict-reviewed
j6\i	飛轉	moedict-reviewed
j6b[	飛漲	moedict-reviewed
j6dMdT>W	飛鴻雪爪	moedict-reviewed
j@4Can	爬格子	moedict-reviewed
j@:_	耙地	moedict-reviewed
j@_o	扒拉	moedict-reviewed
j@an	耙子	moedict-reviewed
j@ln	扒犁	moedict-reviewed
j@ln	爬犁	moedict-reviewed
j@x7	扒糕	moedict-reviewed
j@{o	爬下	moedict-reviewed
jH	煣	moedict-reviewed
jH6C	糅合	moedict-reviewed
jHYw	揉揉	moedict-reviewed
jH{@	糅雜	moedict-reviewed
jK2@	麇集	moedict-reviewed
jPKl>|	假正經	moedict-reviewed
jPh[an	假嗓子	moedict-reviewed
jPl4p=	假撇清	moedict-reviewed
jP~7an	假招子	moedict-reviewed
jRsf	扯臊	moedict-reviewed
jk?9	晃悠	moedict-reviewed
jkJ{8k8k	晃晃蕩蕩	moedict-reviewed
jkJ{?9?9	晃晃悠悠	moedict-reviewed
k0	跦	moedict-reviewed
k04CQk	諸葛亮	moedict-reviewed
k04CQkec~=Q=	諸葛亮借東風	moedict-reviewed
k0:1ec@0|JL;7R	豬八戒吃人參果	moedict-reviewed
k0:o	蛛蛛	moedict-reviewed
k0OKPAtO	朱輪華轂	moedict-reviewed
k0ROrA[1	諸子百家	moedict-reviewed
k0S_5__M	朱陸異同	moedict-reviewed
k0oi	硃卷	moedict-reviewed
k0p?	朱提	moedict-reviewed
k0pO	豬肚	moedict-reviewed
k0q[T0Ll	銖兩悉稱	moedict-reviewed
k4L_Z_	憋不住	moedict-reviewed
k4\y	憋悶	moedict-reviewed
k@	貓兒	moedict-reviewed
k@Cv	麻刀	moedict-reviewed
k@G9	麻溜	moedict-reviewed
k@S_jP	麻六甲	moedict-reviewed
k@S_jPwT=A	麻六甲海峽	moedict-reviewed
k@Tx	麻煩	moedict-reviewed
k@WY	貓兒眼	moedict-reviewed
k@ZoG@G@	麻麻糊糊	moedict-reviewed
k@Zog0g0	麻麻呼呼	moedict-reviewed
k@ln	麻俐	moedict-reviewed
k@m\]O3>5Eci	麻省理工學院	moedict-reviewed
k@sAannq7RQWL_	麻婆子的裹腳布	moedict-reviewed
k@sAlg~n	麻婆豆腐	moedict-reviewed
kG>E	調白	moedict-reviewed
kGD]	調哄	moedict-reviewed
kGQ=6d	調風月	moedict-reviewed
kGRq	調唆	moedict-reviewed
kGVw	笤帚	moedict-reviewed
kGVw	苕帚	moedict-reviewed
kG^=	調升	moedict-reviewed
kGkG	調調	moedict-reviewed
kGkGz<z<	條條框框	moedict-reviewed
kGol	調弄	moedict-reviewed
kK	峋	moedict-reviewed
kK0_	尋事	moedict-reviewed
kKQ@	尋俗	moedict-reviewed
kKh<	尋香	moedict-reviewed
kK}F5E3g	巡迴學校	moedict-reviewed
kMC_	頌繫	moedict-reviewed
kMYc	溶液	moedict-reviewed
kMrFF0[O	融為一體	moedict-reviewed
kM{nL`	容不下	moedict-reviewed
kM~K	戎行	moedict-reviewed
kO	啎	moedict-reviewed
kO	膴	moedict-reviewed
kO?;ON	五分明兒	moedict-reviewed
kOKM~Iof	五陵年少	moedict-reviewed
kOQW|_L`	五角大廈	moedict-reviewed
kOUdan	捂蓋子	moedict-reviewed
kOV=N:	五更天	moedict-reviewed
kO\o{K	武大郎	moedict-reviewed
kO]KI:A0	伍員鞭屍	moedict-reviewed
kOrA	五百	moedict-reviewed
kOtOL_?;	五穀不分	moedict-reviewed
kOtOL_^=	五穀不升	moedict-reviewed
kO~K:123	五行八作	moedict-reviewed
kO~KSlL`	五行並下	moedict-reviewed
kPan	卡子	moedict-reviewed
kPrAan	卡脖子	moedict-reviewed
kRL_nq	捨不得	moedict-reviewed
kR^=[K5_	舍生存義	moedict-reviewed
kRba	捨墮	moedict-reviewed
kRnq	捨得	moedict-reviewed
k\6CQMD8NJ2a	整合行銷傳播	moedict-reviewed
l0	貙	moedict-reviewed
l00_?|	出事情	moedict-reviewed
l03@L_5_	出其不意	moedict-reviewed
l03@L_Ve	出其不備	moedict-reviewed
l03n	出數兒	moedict-reviewed
l04L	出場	moedict-reviewed
l04W	出倒	moedict-reviewed
l06dan	出月子	moedict-reviewed
l08T?]an	出血筒子	moedict-reviewed
l0>?	出花兒	moedict-reviewed
l0A0L_=_	出師不利	moedict-reviewed
l0C}	出溜兒	moedict-reviewed
l0IX0CD@	出手得盧	moedict-reviewed
l0PO	出使	moedict-reviewed
l0Um	出岔兒	moedict-reviewed
l0V?	出圈兒	moedict-reviewed
l0Y<	出喪	moedict-reviewed
l0YZan	出疹子	moedict-reviewed
l0Zv	出挑	moedict-reviewed
l0Zv	出跳	moedict-reviewed
l0[_L_N@m_[_	出處不如聚處	moedict-reviewed
l0\Yan	出點子	moedict-reviewed
l0]_UkWk	出入將相	moedict-reviewed
l0^=?0A@L_2fvO	初生之犢不畏虎	moedict-reviewed
l0^H1_an	出頭日子	moedict-reviewed
l0^HogQW	出頭露角	moedict-reviewed
l0aMLW	出籠鳥	moedict-reviewed
l0an	齣子	moedict-reviewed
l0dMm5	出紅差	moedict-reviewed
l0ew	出溜	moedict-reviewed
l0ha	出豁	moedict-reviewed
l0kGan	出條子	moedict-reviewed
l0mJan	出門子	moedict-reviewed
l0n?	出蟄	moedict-reviewed
l0ogQ=vK	初露鋒芒	moedict-reviewed
l0og^HQW	初露頭角	moedict-reviewed
l0ogan	出漏子	moedict-reviewed
l0wIL_zj	出言不遜	moedict-reviewed
l0|_m5	出大差	moedict-reviewed
l0}ian	出分子	moedict-reviewed
l50=	齊莊	moedict-reviewed
l5S_	摘錄	moedict-reviewed
l5ql	齋供	moedict-reviewed
l;[L	燉煌	moedict-reviewed
l;[L?Pan	敦煌曲子	moedict-reviewed
l@L_I<Ef	罰不當罪	moedict-reviewed
l@an	垡子	moedict-reviewed
lI9K6N	韓林兒	moedict-reviewed
lIH:aMK_	含煙籠霧	moedict-reviewed
lIZGiM	寒號蟲	moedict-reviewed
lIiy	寒磣	moedict-reviewed
lO7|	補丁	moedict-reviewed
lO7|	補釘	moedict-reviewed
lO7|	補靪	moedict-reviewed
lOIb	卜宅	moedict-reviewed
lOT5	補闕	moedict-reviewed
lOW[A_	卜舫濟	moedict-reviewed
lOba	卜度	moedict-reviewed
lOr\C_Q=	捕影繫風	moedict-reviewed
lRCW~Ip1	惹草拈花	moedict-reviewed
lTCban	矮個子	moedict-reviewed
lT|JF0VD	矮人一截	moedict-reviewed
lZ	儘	moedict-reviewed
lZ	蓳	moedict-reviewed
lZ3e	儘快	moedict-reviewed
lZ<<aM	錦熏籠	moedict-reviewed
lZG@N|	錦衚衕	moedict-reviewed
lZS<L_2:	緊張不安	moedict-reviewed
lZ\_	儘數	moedict-reviewed
lZan	儘子	moedict-reviewed
l]	那兒	moedict-reviewed
lg=_L_N@lg}^	鬥力不如鬥智	moedict-reviewed
lgALan	豆娘子	moedict-reviewed
lgOO	豆豉	moedict-reviewed
lgO|	逗弄	moedict-reviewed
lgYZ0{0{	痘疹娘娘	moedict-reviewed
lgYcan	鬥葉子	moedict-reviewed
lg[m	鬥葉兒	moedict-reviewed
lg|ian	逗悶子	moedict-reviewed
lg|ian	鬥悶子	moedict-reviewed
lg}^L_lg=_	鬥智不鬥力	moedict-reviewed
lg}ian	鬥分子	moedict-reviewed
lg~n	豆腐	moedict-reviewed
lg~n;:	豆腐乾	moedict-reviewed
lg~n;:	豆腐干	moedict-reviewed
lg~nw?	豆腐皮	moedict-reviewed
lg~n}O	豆腐乳	moedict-reviewed
ljml4L	運動場	moedict-reviewed
m0	毹	moedict-reviewed
m04L	書場	moedict-reviewed
m06NL_og	疏而不漏	moedict-reviewed
m06T	疏解	moedict-reviewed
m06i	舒散	moedict-reviewed
m07k	疏放	moedict-reviewed
m08ian	梳辮子	moedict-reviewed
m0:e	疏率	moedict-reviewed
m0@Z	舒卷	moedict-reviewed
m0BbEi	疏勒縣	moedict-reviewed
m0K^	書館兒	moedict-reviewed
m0L7Kl\i	書歸正傳	moedict-reviewed
m0L_LjwI	書不盡言	moedict-reviewed
m0QEwl5_	疏財重義	moedict-reviewed
m0Ve	書背	moedict-reviewed
m0Yc	輸液	moedict-reviewed
m0ZL	疏狂	moedict-reviewed
m0]O	疏理	moedict-reviewed
m0cV7:gG	疏水簞瓢	moedict-reviewed
m0ga	疏闊	moedict-reviewed
m0iMan	書蟲子	moedict-reviewed
m0m0	疏疏	moedict-reviewed
m0r\	疏影	moedict-reviewed
m0~n	舒服	moedict-reviewed
m4Gs	乜斜	moedict-reviewed
m55J	差錢	moedict-reviewed
m5=1	差發	moedict-reviewed
m5_n	差事	moedict-reviewed
m5rn	拆洗	moedict-reviewed
m:Gli@V_	專橫跋扈	moedict-reviewed
m:H0	磚坯	moedict-reviewed
m@	溚	moedict-reviewed
m@	當兒	moedict-reviewed
m@	瘩	moedict-reviewed
m@2`e]	達喀爾	moedict-reviewed
m@phoi	答案卷	moedict-reviewed
mG1U	寮寀	moedict-reviewed
mGVeF04C	聊備一格	moedict-reviewed
mG\v	聊聊	moedict-reviewed
mG]KC22P	撩雲撥雨	moedict-reviewed
mG`f	燎泡	moedict-reviewed
mGlg	撩鬥	moedict-reviewed
mGvO11	撩虎鬚	moedict-reviewed
mJ	璊	moedict-reviewed
mJ@l]Ozh|J	門縫裡看人	moedict-reviewed
mJL;=_~\	捫參歷井	moedict-reviewed
mJ\[	門崗	moedict-reviewed
mJ^lOd	門靜脈	moedict-reviewed
mJlnl0L;	門裡出身	moedict-reviewed
mM	藂	moedict-reviewed
mM6N	從而	moedict-reviewed
mOA_wl^=	普濟眾生	moedict-reviewed
mOVBacNP=_>`	普羅列塔利亞	moedict-reviewed
mO]O9j	埔里鎮	moedict-reviewed
mO_;h<	埔心鄉	moedict-reviewed
mRlq8Wnq	怎麼搞的	moedict-reviewed
mT0_6C6C	百事和合	moedict-reviewed
mT0_dRBb	百事可樂	moedict-reviewed
mT0iL_Qd	百戰不殆	moedict-reviewed
mT4>J`an	擺空架子	moedict-reviewed
mT8_F0m0	百密一疏	moedict-reviewed
mT8k	擺當	moedict-reviewed
mT<@F04L	百無一長	moedict-reviewed
mT<@F0A0	百無一失	moedict-reviewed
mT@0L_7i	百吃不厭	moedict-reviewed
mTA@L_7i	百讀不厭	moedict-reviewed
mTA@L_^;	百毒不侵	moedict-reviewed
mTC2L_L`	擺撥不下	moedict-reviewed
mTC]U:1=	百孔千創	moedict-reviewed
mTD^	擺譜兒	moedict-reviewed
mTE0L_6T	百思不解	moedict-reviewed
mTGKL_N@F0Ci	百聞不如一見	moedict-reviewed
mTH	擺設兒	moedict-reviewed
mTKbiMcY	百舍重繭	moedict-reviewed
mTKbiMcY	百舍重趼	moedict-reviewed
mTL_EM	擺不平	moedict-reviewed
mTL_I<F0	百不當一	moedict-reviewed
mTL_g5	擺不開	moedict-reviewed
mTMWU:8k	百了千當	moedict-reviewed
mTO@L_f<	百足不僵	moedict-reviewed
mT\>	擺攤兒	moedict-reviewed
mT]OT0	百里傒	moedict-reviewed
mT]eCE	擺擂臺	moedict-reviewed
mTan	擺子	moedict-reviewed
mTmJan	擺門子	moedict-reviewed
mTog	擺露	moedict-reviewed
mTp1ALan	百花娘子	moedict-reviewed
mTql	擺供	moedict-reviewed
mTwlmT=1	百中百發	moedict-reviewed
mTzhL_7i	百看不厭	moedict-reviewed
mT{lU:8G	百縱千隨	moedict-reviewed
mT~IL_a_	百年不遇	moedict-reviewed
mY	踠	moedict-reviewed
mY	魭	moedict-reviewed
mY4L	晚場	moedict-reviewed
mYM@	晚熟	moedict-reviewed
mYp?8kyg	晚食當肉	moedict-reviewed
mYsz	晚上	moedict-reviewed
mYv]	挽手兒	moedict-reviewed
mYwI	蜿蜒	moedict-reviewed
mZ	鋟	moedict-reviewed
mZC:9j3e	寢苫枕塊	moedict-reviewed
m\	冼	moedict-reviewed
m_	懅	moedict-reviewed
m_4L	劇場	moedict-reviewed
m_?P	劇曲	moedict-reviewed
m_C_XOu?	鉅細靡遺	moedict-reviewed
m_an=M}i	句子成分	moedict-reviewed
ma	娖	moedict-reviewed
maD]	啜哄	moedict-reviewed
mf	鮡	moedict-reviewed
mf0_e06N	趙氏孤兒	moedict-reviewed
mfG@3o_`gG	照葫蘆畫瓢	moedict-reviewed
mfMw	兆頭	moedict-reviewed
mfln	笊籬	moedict-reviewed
mf{nZ_	罩不住	moedict-reviewed
mg1{	透亮	moedict-reviewed
mgL_faB_	透不過氣	moedict-reviewed
ml	垌	moedict-reviewed
ml	湩	moedict-reviewed
ml:CW7N=	棟折榱崩	moedict-reviewed
mlL_ml	動不動	moedict-reviewed
mlN@L;U<	動如參商	moedict-reviewed
mlO@	侗族	moedict-reviewed
mlOd	動脈	moedict-reviewed
mlOdRl_`	動脈硬化	moedict-reviewed
mlVx	動彈	moedict-reviewed
mlVxL_0C	動彈不得	moedict-reviewed
mllg~n	凍豆腐	moedict-reviewed
mlm_	侗劇	moedict-reviewed
n10`0`	刮剌剌	moedict-reviewed
n1<Can	刮舌子	moedict-reviewed
n1>1f]	呱嗒板兒	moedict-reviewed
n1A@	括毒	moedict-reviewed
n1Dd	刮削	moedict-reviewed
n1G@	括弧	moedict-reviewed
n1LP	括髮	moedict-reviewed
n1^G	刮著	moedict-reviewed
n1_o	刮剌	moedict-reviewed
n1an	刮子	moedict-reviewed
n1n11g	呱呱叫	moedict-reviewed
n2=q^H	窩窩頭	moedict-reviewed
n2iz	窩囊	moedict-reviewed
n2izB_	窩囊氣	moedict-reviewed
n2izYe	窩囊廢	moedict-reviewed
n2lnEY	窩裡反	moedict-reviewed
n2ln`f	窩裡炮	moedict-reviewed
n2m{	窩棚	moedict-reviewed
n5an2fZ@	篩子餵驢	moedict-reviewed
n66_	勒斃	moedict-reviewed
n:F0kGU_an	穿一條褲子	moedict-reviewed
n:dM]Bi_	穿紅著綠	moedict-reviewed
n:pa	穿鑿	moedict-reviewed
n:paO_=f	穿鑿附會	moedict-reviewed
n>	篇兒	moedict-reviewed
n?	挃	moedict-reviewed
n?	跖	moedict-reviewed
n?0C	直得	moedict-reviewed
n?4Lan	直腸子	moedict-reviewed
n?:_	質的	moedict-reviewed
n?>@	質朴	moedict-reviewed
n??]an	直筒子	moedict-reviewed
n?@@	蟄伏	moedict-reviewed
n?C_	直繫	moedict-reviewed
n?NF	蟄雷	moedict-reviewed
n?VDMW8k	直捷了當	moedict-reviewed
n?^Han	擲骰子	moedict-reviewed
n?^f	執拗	moedict-reviewed
n?iM	蟄蟲	moedict-reviewed
n?nq	值得	moedict-reviewed
n?u?Vjwh	質疑問難	moedict-reviewed
n?v4MW8k	直接了當	moedict-reviewed
n?wIL_=f	直言不諱	moedict-reviewed
n?x?L_K_	執迷不悟	moedict-reviewed
n?}T	擲色	moedict-reviewed
n?~0	蟄居	moedict-reviewed
nH7{	油香	moedict-reviewed
nHA_	遊騎	moedict-reviewed
nHA_<@L7	遊騎無歸	moedict-reviewed
nHBb4L	遊樂場	moedict-reviewed
nHIYMl:_	遊覽勝地	moedict-reviewed
nHan	油子	moedict-reviewed
nHlnPA	油裡滑	moedict-reviewed
nHx@^m	油茶麵兒	moedict-reviewed
nH{nnq	由不得	moedict-reviewed
nJ	羵	moedict-reviewed
nJ4L	墳場	moedict-reviewed
nJ^H	墳頭	moedict-reviewed
nORO=f	母姊會	moedict-reviewed
n]	桿兒	moedict-reviewed
n]	狗兒	moedict-reviewed
n_mx	去年	moedict-reviewed
na	萷	moedict-reviewed
naCiL_V:	數見不鮮	moedict-reviewed
nf	趠	moedict-reviewed
ng	檽	moedict-reviewed
nkO@	僮族	moedict-reviewed
nk_;L_UO	壯心不已	moedict-reviewed
nkn?	戇直	moedict-reviewed
nlL_a_^=	痛不欲生	moedict-reviewed
nlN|3e3e	痛痛快快	moedict-reviewed
nl]_tOgV	痛入骨髓	moedict-reviewed
o1|_L_p?	誇大不實	moedict-reviewed
o7_;	熬心	moedict-reviewed
o:Ob	栓塞	moedict-reviewed
o=0_	更事	moedict-reviewed
o=8k	精當	moedict-reviewed
o=;8C_Db	精雕細刻	moedict-reviewed
o=A_:_]O5E	經濟地理學	moedict-reviewed
o=A_=1PY	經濟發展	moedict-reviewed
o=A_?0QE	經濟之才	moedict-reviewed
o=A_@b01	經濟特區	moedict-reviewed
o=A_A_\_g5=101	經濟技術開發區	moedict-reviewed
o=A_D8kG	經濟蕭條	moedict-reviewed
o=A_NO78	經濟指標	moedict-reviewed
o=A_Q=CR	經濟封鎖	moedict-reviewed
o=A_uT4C	經濟改革	moedict-reviewed
o=A_}^QE	經濟制裁	moedict-reviewed
o=M@	精熟	moedict-reviewed
o=N:RV:_	經天緯地	moedict-reviewed
o=Od	經脈	moedict-reviewed
o=Yc	精液	moedict-reviewed
o=ZXL_4@	經久不息	moedict-reviewed
o=f]	經板兒	moedict-reviewed
o=nHan	京油子	moedict-reviewed
o=oi	經卷	moedict-reviewed
o={JXi6i	精神渙散	moedict-reviewed
o?	貾	moedict-reviewed
o@:o	拿住	moedict-reviewed
o@@s	拿捏	moedict-reviewed
o@J`an	拿架子	moedict-reviewed
o@L_6[	拿不准	moedict-reviewed
o@L_MW	拿不了	moedict-reviewed
o@L_Wl	拿不定	moedict-reviewed
o@L_Z_	拿不住	moedict-reviewed
o@L_vZ	拿不穩	moedict-reviewed
o@g<o@yf	拿腔拿調	moedict-reviewed
o@tA	南無	moedict-reviewed
o@xqR0RG8kZlCi	拿著雞毛當令箭	moedict-reviewed
o@zOdn	拿主意	moedict-reviewed
oODd	斧削	moedict-reviewed
oOM@	腐熟	moedict-reviewed
oOMw	斧頭	moedict-reviewed
oT0C	買得	moedict-reviewed
o]	口兒	moedict-reviewed
o]	坎兒	moedict-reviewed
o]~\	坎兒井	moedict-reviewed
o_	殈	moedict-reviewed
o_	獝	moedict-reviewed
o_Tx	絮煩	moedict-reviewed
oa	叒	moedict-reviewed
oa	渃	moedict-reviewed
oag<	婼羌	moedict-reviewed
oal0F0Jb	若出一轍	moedict-reviewed
of0W	少保	moedict-reviewed
of9KNd	少林派	moedict-reviewed
of9KaJ	少林拳	moedict-reviewed
of9s	少爺	moedict-reviewed
of>E^H	少白頭	moedict-reviewed
ofL_o=0_	少不更事	moedict-reviewed
ofN<	少康	moedict-reviewed
ofif	少昊	moedict-reviewed
ofoO	少府	moedict-reviewed
ofsT3t	少奶奶	moedict-reviewed
of~IQExj	少年才俊	moedict-reviewed
og	瘻	moedict-reviewed
og:i	露面	moedict-reviewed
og:iYF	漏面賊	moedict-reviewed
og:iq7^H	露面拋頭	moedict-reviewed
og>E	露白	moedict-reviewed
ogCd	露怯	moedict-reviewed
ogDb	漏刻	moedict-reviewed
ogDb	鏤刻	moedict-reviewed
ogF0IX	露一手	moedict-reviewed
ogKPQW	露馬腳	moedict-reviewed
ogO_	露富	moedict-reviewed
ogQ=	露風	moedict-reviewed
ogWk	露相	moedict-reviewed
ogZO	露底	moedict-reviewed
og^HQW	露頭角	moedict-reviewed
og_Y	露臉	moedict-reviewed
ogim	露餡兒	moedict-reviewed
ogl0	露出	moedict-reviewed
ogl03a0i	露出破綻	moedict-reviewed
ogl0KPQW	露出馬腳	moedict-reviewed
ogl0qqG@lnRVXo	露出了狐狸尾巴	moedict-reviewed
ogvY	瘻管	moedict-reviewed
oi	楗	moedict-reviewed
oiJF	圈肥	moedict-reviewed
oiNO	卷紙	moedict-reviewed
oian	絹子	moedict-reviewed
oigH	卷軸	moedict-reviewed
oigH0=	卷軸裝	moedict-reviewed
oi}^	卷帙	moedict-reviewed
oi}^ifeI	卷帙浩繁	moedict-reviewed
ok	凔	moedict-reviewed
ok5_?P	創意曲	moedict-reviewed
olqqrqR@^HEEm5	弄了個魚頭來拆	moedict-reviewed
p0m0	粗疏	moedict-reviewed
p1	嘩	moedict-reviewed
p1	荂	moedict-reviewed
p10`ROtA	花剌子模	moedict-reviewed
p16CDk	花和尚	moedict-reviewed
p1?p>1>1	花花搭搭	moedict-reviewed
p1J`an	花架子	moedict-reviewed
p1Ov	花哨	moedict-reviewed
p1Ov	花稍	moedict-reviewed
p1S|	花鬨	moedict-reviewed
p1Yv	花掉	moedict-reviewed
p1_;VBap	花心蘿蔔	moedict-reviewed
p1an	化子	moedict-reviewed
p1an	花子	moedict-reviewed
p1bv	花消	moedict-reviewed
p1bv	花銷	moedict-reviewed
p1lnG@of	花藜胡哨	moedict-reviewed
p1lnG@of	花裡胡哨	moedict-reviewed
p1~76dC_	花朝月夕	moedict-reviewed
p1~7VD	花朝節	moedict-reviewed
p48y	貼換	moedict-reviewed
p4s\an	貼餅子	moedict-reviewed
p5D;Mw	栽跟頭	moedict-reviewed
p5an	栽子	moedict-reviewed
p7	煲	moedict-reviewed
p74a	包膜	moedict-reviewed
p78Lha_;	苞藏禍心	moedict-reviewed
p7@@1^	包袱底兒	moedict-reviewed
p7RO	胞姊	moedict-reviewed
p7xN	包圓兒	moedict-reviewed
p7~@	齙牙	moedict-reviewed
p=	傾	moedict-reviewed
p=0=cY{l	輕裝簡從	moedict-reviewed
p=;k@@rA	輕浪浮薄	moedict-reviewed
p=<8	輕佻	moedict-reviewed
p=BXrA<C	輕口薄舌	moedict-reviewed
p=E@Mw	輕骨頭	moedict-reviewed
p=EMyf	清平調	moedict-reviewed
p=Mi	清玩	moedict-reviewed
p=Nb	傾側	moedict-reviewed
p=Q=^lVD	清風勁節	moedict-reviewed
p=R=[Loi	青燈黃卷	moedict-reviewed
p=T0	清溪	moedict-reviewed
p=WB	傾國	moedict-reviewed
p=[1LjQY	傾家盡產	moedict-reviewed
p=_;qOFY	傾心吐膽	moedict-reviewed
p=_G	傾巢	moedict-reviewed
p=_Gl0ml	傾巢出動	moedict-reviewed
p=cV~@mJ	清水衙門	moedict-reviewed
p=eVrA<C	輕嘴薄舌	moedict-reviewed
p=e]Z_N_	傾耳注目	moedict-reviewed
p=gc	傾洩	moedict-reviewed
p=zB	青蚵	moedict-reviewed
p=zK	傾囊	moedict-reviewed
p=|_`0	卿大夫	moedict-reviewed
p=~0	輕車	moedict-reviewed
p=~0M@S_	輕車熟路	moedict-reviewed
p?0UlI1=	十載寒窗	moedict-reviewed
p?6CGfQ=	時和歲豐	moedict-reviewed
p?6C~IQ=	時和年豐	moedict-reviewed
p?:bL_Kb	十惡不赦	moedict-reviewed
p?:i	什面	moedict-reviewed
p?=_	石礫	moedict-reviewed
p?B_	什器	moedict-reviewed
p?Bq	拾掇	moedict-reviewed
p?G:~K	十三行	moedict-reviewed
p?L_7RO_	食不果腹	moedict-reviewed
p?L_:>R0	食不充飢	moedict-reviewed
p?L_;:2f	食不甘味	moedict-reviewed
p?L_G@BX	食不餬口	moedict-reviewed
p?L__dEE	時不再來	moedict-reviewed
p?L_}QQd	時不我待	moedict-reviewed
p?ROXe	十姊妹	moedict-reviewed
p?Yck0mJZXL_g5	十謁朱門九不開	moedict-reviewed
p?Z_Ei	石砫縣	moedict-reviewed
p?];L_Xe	拾金不昧	moedict-reviewed
p?^HA_	石頭記	moedict-reviewed
p?a_L_9j	食慾不振	moedict-reviewed
p?c=C2ln	石英玻璃	moedict-reviewed
p?iy	時辰	moedict-reviewed
p?ljL_A_	時運不濟	moedict-reviewed
p?rqNOMwNX4LrY	十個指頭有長短	moedict-reviewed
p?tOL__`	食古不化	moedict-reviewed
p?uh	石擔	moedict-reviewed
p?yf	時調	moedict-reviewed
p?|O_MDd	十鼠同穴	moedict-reviewed
p?}i	時分	moedict-reviewed
p@	剌	moedict-reviewed
p@]o	邋遢	moedict-reviewed
p@lnp@}_	邋裡邋遢	moedict-reviewed
pO4L	賭場	moedict-reviewed
pOX[	賭當	moedict-reviewed
pO}^if5E	篤志好學	moedict-reviewed
p\	噌	moedict-reviewed
pa0Cqq	做得了	moedict-reviewed
pa3>~n	做工夫	moedict-reviewed
pa4>	鑿空	moedict-reviewed
pa6_~8y<	鑿壁偷光	moedict-reviewed
pa:_	坐地	moedict-reviewed
pa;o0_4t	做出事來	moedict-reviewed
paCEan	坐檯子	moedict-reviewed
paDf	鑿枘	moedict-reviewed
paL_3GyK	坐不垂堂	moedict-reviewed
paNJiM	鑿船蟲	moedict-reviewed
paPq	做作	moedict-reviewed
paVBap	坐蘿蔔	moedict-reviewed
paYF_;11	作賊心虛	moedict-reviewed
pa\_	作數	moedict-reviewed
pa]aL_2:	坐臥不安	moedict-reviewed
pa^=dn	做生意	moedict-reviewed
pa_n	坐實	moedict-reviewed
paan	座子	moedict-reviewed
pahI	作難	moedict-reviewed
pal04L	做出場	moedict-reviewed
panqMW	做得了	moedict-reviewed
papa	鑿鑿	moedict-reviewed
papaNXm_	鑿鑿有據	moedict-reviewed
paq=	作興	moedict-reviewed
patEL_Ui	坐懷不亂	moedict-reviewed
pa{nZ_	坐不住	moedict-reviewed
pa{nvZ	坐不穩	moedict-reviewed
pa{oEE	做下來	moedict-reviewed
pa}s	做派	moedict-reviewed
pf3?	繞彎兒	moedict-reviewed
pfX^	繞遠兒	moedict-reviewed
pf^:an	繞彎子	moedict-reviewed
pgI<	勾當	moedict-reviewed
pgL_Dk	夠不上	moedict-reviewed
pggz	勾當	moedict-reviewed
pg~L]w	夠朋友	moedict-reviewed
ph	鮟	moedict-reviewed
ph0_L_S0	暗室不欺	moedict-reviewed
ph4L	暗場	moedict-reviewed
ph>?	暗花兒	moedict-reviewed
phCiwl|J	暗箭中人	moedict-reviewed
phEYRl	暗反應	moedict-reviewed
phLl	案秤	moedict-reviewed
phN_	闇莫	moedict-reviewed
phOd	按脈	moedict-reviewed
ph`Han	暗樓子	moedict-reviewed
phd=L_ml	按兵不動	moedict-reviewed
phh<m0r\	暗香疏影	moedict-reviewed
phlT	菴藹	moedict-reviewed
phph	菴菴	moedict-reviewed
phvh	暗探	moedict-reviewed
ph~K	暗行	moedict-reviewed
ph~_L_Z_	按捺不住	moedict-reviewed
piHL	勸降	moedict-reviewed
q0	穌	moedict-reviewed
q089EMgI	蘇州評彈	moedict-reviewed
q089gIs?	蘇州彈詞	moedict-reviewed
q0=_hIql6CWB	蘇利南共和國	moedict-reviewed
q0annH	蘇子油	moedict-reviewed
q0mJm@0`	蘇門答臘	moedict-reviewed
q46C	捻合	moedict-reviewed
q4l0e`EEnq	捏出水兒來的	moedict-reviewed
q4qqF0IPd\{h	捏了一把冷汗	moedict-reviewed
q4qqF0IP{h	捏了一把汗	moedict-reviewed
q4v?	捻鼻	moedict-reviewed
q64oaM~=	黑咕籠咚	moedict-reviewed
q6=Aan	黑匣子	moedict-reviewed
q6>EM:4W	黑白顛倒	moedict-reviewed
q6]1an	黑瞎子	moedict-reviewed
q6g0g0	黑糊糊	moedict-reviewed
q6ln	黑裡	moedict-reviewed
q6q=@|	黑猩猩	moedict-reviewed
q6{o	黑下	moedict-reviewed
q6}P~n	黑寡婦	moedict-reviewed
q7ha	泡貨	moedict-reviewed
q:T:i[x7	鑽堅仰高	moedict-reviewed
q:pn	鑽機	moedict-reviewed
q:rlan	鑽空子	moedict-reviewed
q:uHR0`v	鑽牛犄角	moedict-reviewed
q:w?l02P	鑽皮出羽	moedict-reviewed
q;L;	鯤鯓	moedict-reviewed
q;OKC:Od	崑崙山脈	moedict-reviewed
q=3>	興工	moedict-reviewed
q=68pa2e	興妖作怪	moedict-reviewed
q=6C	興和	moedict-reviewed
q=9R|fTJ	星火燎原	moedict-reviewed
q=<hwT	星宿海	moedict-reviewed
q=@|	猩猩	moedict-reviewed
q=R=0W	興登堡	moedict-reviewed
q=]Kpa2P	興雲作雨	moedict-reviewed
q=]KpaK_	興雲作霧	moedict-reviewed
q=]KqOK_	興雲吐霧	moedict-reviewed
q=]K}^2P	興雲致雨	moedict-reviewed
q=a0U_p?C:	興都庫什山	moedict-reviewed
q=ea]K6i	星落雲散	moedict-reviewed
q=vTG@	興凱湖	moedict-reviewed
q=vh	興嘆	moedict-reviewed
q=}i	興奮	moedict-reviewed
q=}iA_	興奮劑	moedict-reviewed
q@	哥兒	moedict-reviewed
q@	根兒	moedict-reviewed
q@>PNd	噶舉派	moedict-reviewed
q@I<Nd	噶當派	moedict-reviewed
q@L`	噶廈	moedict-reviewed
q@\y	哥兒們	moedict-reviewed
q@^Hjj	軋頭寸	moedict-reviewed
q@fP	哥兒倆	moedict-reviewed
qA68	哦喲	moedict-reviewed
qG<CMw	嚼舌頭	moedict-reviewed
qGan	嚼子	moedict-reviewed
qOL;	土參	moedict-reviewed
qO]B	土著	moedict-reviewed
qOe]3@LjQM?P	土耳其進行曲	moedict-reviewed
qOzO	吐屬	moedict-reviewed
qT_;	歹心	moedict-reviewed
qTlg	歹鬥	moedict-reviewed
q[:iL_0_|J	兩面不是人	moedict-reviewed
q[:iL_5W:W	兩面不討好	moedict-reviewed
q[L_>W	兩不找	moedict-reviewed
q[rqT:T[}KS<eV	兩個肩膀扛張嘴	moedict-reviewed
q[{SG@	兩撇鬍	moedict-reviewed
q[|OlgDd	兩鼠鬥穴	moedict-reviewed
qa;o	錯處	moedict-reviewed
qa{lO_{@	錯綜複雜	moedict-reviewed
qf0_	簉室	moedict-reviewed
qfMw	灶頭	moedict-reviewed
qfoO	造父	moedict-reviewed
qgan	扣子	moedict-reviewed
qh	魬	moedict-reviewed
qh78an	半彪子	moedict-reviewed
qhCiL_ec	半間不界	moedict-reviewed
qhDb	半刻	moedict-reviewed
qhYcC8mJ_;L_o=	半夜敲門心不驚	moedict-reviewed
qh]V	半會	moedict-reviewed
qh^=L_M@	半生不熟	moedict-reviewed
qh_;L_:h	半新不舊	moedict-reviewed
qhm5	辦差	moedict-reviewed
qhrq	半個	moedict-reviewed
qh{ncf	辦不到	moedict-reviewed
qiQ=QW	旋風腳	moedict-reviewed
qian	旋子	moedict-reviewed
qian	楦子	moedict-reviewed
qian	鏇子	moedict-reviewed
ql0_	供事	moedict-reviewed
qlEi	供獻	moedict-reviewed
qlIk	供養	moedict-reviewed
qlm_F0yK	共聚一堂	moedict-reviewed
qm	萬兒	moedict-reviewed
qm:1U:	萬兒八千	moedict-reviewed
r0qn	迂氣	moedict-reviewed
r4As	咧咧	moedict-reviewed
r5	毸	moedict-reviewed
r5Yc	鰓葉	moedict-reviewed
r5~@@l	塞牙縫	moedict-reviewed
r7e]Bq	貓耳朵	moedict-reviewed
r:Bq	攛掇	moedict-reviewed
r:D]	攛哄	moedict-reviewed
r:D]LWUi	攛哄鳥亂	moedict-reviewed
r;3g?p	葷笑話	moedict-reviewed
r;WlzJ1]	昏定晨省	moedict-reviewed
r;^H\iWk	昏頭轉向	moedict-reviewed
rA	瓝	moedict-reviewed
rA	襏	moedict-reviewed
rA	骲	moedict-reviewed
rA6NL_o=	博而不精	moedict-reviewed
rA:ilIK;	薄面含嗔	moedict-reviewed
rA@>wla_	伯雍種玉	moedict-reviewed
rAFM	薄明	moedict-reviewed
rAGKGL}^	博聞強識	moedict-reviewed
rAN_	柏木	moedict-reviewed
rA\_	柏樹	moedict-reviewed
rA]K	薄雲	moedict-reviewed
rA`l	薄行	moedict-reviewed
rA`l|J	薄倖人	moedict-reviewed
rAap	伯伯	moedict-reviewed
rAe\an	脖頸子	moedict-reviewed
rAn]	脖頸兒	moedict-reviewed
rAq=	博興	moedict-reviewed
rArg	薄厚	moedict-reviewed
rF0CL_O@	為德不卒	moedict-reviewed
rF2@|?>`89	維吉尼亞州	moedict-reviewed
rF2iL_a_|J?0	為善不欲人知	moedict-reviewed
rF:bL_2;	為惡不悛	moedict-reviewed
rFNjVeG5	違信背約	moedict-reviewed
rFR@}UuY	危於累卵	moedict-reviewed
rFRlK_	韋應物	moedict-reviewed
rFan	圍子	moedict-reviewed
rFeY}iRO	危險分子	moedict-reviewed
rFoa~7S_	危若朝露	moedict-reviewed
rFrAL_M9	帷薄不修	moedict-reviewed
rFs2=_>`9PPL	維多利亞女王	moedict-reviewed
rFs2=_>`G@	維多利亞湖	moedict-reviewed
rFs2=_>`M_L_	維多利亞瀑布	moedict-reviewed
rF{O]OR0	微處理機	moedict-reviewed
rF|JL_O_	為仁不富	moedict-reviewed
rG	嫶	moedict-reviewed
rG	睄	moedict-reviewed
rG	荍	moedict-reviewed
rG<CQ;	翹舌音	moedict-reviewed
rGIX	翹首	moedict-reviewed
rGL_Dk	瞧不上	moedict-reviewed
rGL_DkWY	瞧不上眼	moedict-reviewed
rGL_l0	瞧不出	moedict-reviewed
rGLbEv	瞧熱鬧	moedict-reviewed
rGav	瞧瞧	moedict-reviewed
rGq0L_ai	樵蘇不爨	moedict-reviewed
rGsz	瞧上	moedict-reviewed
rG{O	翹楚	moedict-reviewed
rN	蟲兒	moedict-reviewed
rN	雛兒	moedict-reviewed
rOyo	努勁兒	moedict-reviewed
rYLl	短秤	moedict-reviewed
rY{nMW	短不了	moedict-reviewed
r\a0	郢都	moedict-reviewed
r\an\e4C	影子內閣	moedict-reviewed
r\mM]K2@	景從雲集	moedict-reviewed
r\mM]K6C	景從雲合	moedict-reviewed
rg3a	厚朴	moedict-reviewed
rg4L	候場	moedict-reviewed
rg4^	後臉兒	moedict-reviewed
rgEiQdm_4L	後現代劇場	moedict-reviewed
rgIXL_Dk	後手不上	moedict-reviewed
rgIXL_v4	後手不接	moedict-reviewed
rgL_rF=_	後不為例	moedict-reviewed
rgMw	後頭	moedict-reviewed
rgO]5Jg0	後擁前呼	moedict-reviewed
rgPA	後婚兒	moedict-reviewed
rgT`	後尾兒	moedict-reviewed
rg[1=M}i	後加成分	moedict-reviewed
rg];rAtO	厚今薄古	moedict-reviewed
rg]VL_2@	後悔不及	moedict-reviewed
rg]VL_EE	後悔不來	moedict-reviewed
rg]Vmo	後悔藥兒	moedict-reviewed
rg_n	厚實	moedict-reviewed
rgg:	后冠	moedict-reviewed
rggx	後邊	moedict-reviewed
rgv]	後手兒	moedict-reviewed
rh:C	拌折	moedict-reviewed
rhMw	盼頭	moedict-reviewed
rhsIL_6C	判然不合	moedict-reviewed
rl2f	空位	moedict-reviewed
rl8kan	空當子	moedict-reviewed
rl=A	空暇	moedict-reviewed
rl>E\Y	空白點	moedict-reviewed
rlX[	空檔	moedict-reviewed
rl\o	空當兒	moedict-reviewed
rl^H	空頭	moedict-reviewed
rl^H?0vf	空頭支票	moedict-reviewed
rlan	空子	moedict-reviewed
rll@	空乏	moedict-reviewed
rlwK	空房	moedict-reviewed
ro{KI<	吊兒郎當	moedict-reviewed
s20C	多得	moedict-reviewed
s20MI7tO	多蒙推轂	moedict-reviewed
s20_{l6C2P	多式綜合語	moedict-reviewed
s25J2itO	多錢善賈	moedict-reviewed
s2Bq@W@W	多多少少	moedict-reviewed
s2Eqs2Rq	哆囉哆嗦	moedict-reviewed
s2FM|?[1ql6CWB	多明尼加共和國	moedict-reviewed
s2L_^=|O	多不勝數	moedict-reviewed
s2QML_5_6_2_6_	多行不義必自斃	moedict-reviewed
s2Rq	哆嗦	moedict-reviewed
s2SOF0>P	多此一舉	moedict-reviewed
s2\_3E	多數決	moedict-reviewed
s2^H0_4L	多頭市場	moedict-reviewed
s2iMWB2@	多重國籍	moedict-reviewed
s2i_0JKZ	多氯聯苯	moedict-reviewed
s2wIna|M	多言數窮	moedict-reviewed
s2}i	多分	moedict-reviewed
s:>@Dv_;]O	酸葡萄心理	moedict-reviewed
s:uHsT	酸牛奶	moedict-reviewed
s:wlA@	酸中毒	moedict-reviewed
s:{nG9D9	酸不溜丟	moedict-reviewed
s?4L	磁場	moedict-reviewed
s?6C	慈和	moedict-reviewed
s?L_haUl	辭不獲命	moedict-reviewed
s?Xo	餈粑	moedict-reviewed
sAALan	婆娘子	moedict-reviewed
sACE	繁臺	moedict-reviewed
sAbp	婆婆	moedict-reviewed
sAsA<1Zo	婆婆媽媽	moedict-reviewed
sG	洨	moedict-reviewed
sI	呥	moedict-reviewed
sI	髯	moedict-reviewed
sIQw	髯口	moedict-reviewed
sK8L	昂藏	moedict-reviewed
sO3:IX]Oyf|_oO	魯般手裡調大斧	moedict-reviewed
sO:_	鹵地	moedict-reviewed
sT	奶	moedict-reviewed
sT3t	奶奶	moedict-reviewed
sT<1tE]OnqHEan	奶媽懷裡的孩子	moedict-reviewed
sT@Z	奶捲	moedict-reviewed
sTZX	奶酒	moedict-reviewed
sTan	奶子	moedict-reviewed
sTea	奶酪	moedict-reviewed
sTw?	奶皮	moedict-reviewed
sY	畽	moedict-reviewed
sY	疃	moedict-reviewed
s\8k	屏當	moedict-reviewed
s\>E	稟白	moedict-reviewed
s\Z_	炳著	moedict-reviewed
s\]=	餅鐺	moedict-reviewed
sfVw	掃帚	moedict-reviewed
sfVwq=	掃帚星	moedict-reviewed
sfan	臊子	moedict-reviewed
sh	鄤	moedict-reviewed
sh1^	慢點兒	moedict-reviewed
sh<@N_:_	漫無目的	moedict-reviewed
shC2	曼波	moedict-reviewed
shN:8iyS	漫天遍野	moedict-reviewed
shSxm;m;	慢慢吞吞	moedict-reviewed
shan	幔子	moedict-reviewed
shz_	謾罵	moedict-reviewed
t13>~n	抓工夫	moedict-reviewed
t1Ev	抓撓	moedict-reviewed
t2	飥	moedict-reviewed
t2:_	托地	moedict-reviewed
t2M@	托熟	moedict-reviewed
t2RVXo	拖尾巴	moedict-reviewed
t2U_an7k7_	脫褲子放屁	moedict-reviewed
t2Yc	拖拽	moedict-reviewed
t2Yc	拖曳	moedict-reviewed
t2YcR0	拖曳機	moedict-reviewed
t2YcVY	拖曳傘	moedict-reviewed
t2\y	它們	moedict-reviewed
t2an	托子	moedict-reviewed
t71=tf	刀創藥	moedict-reviewed
t74o	叨咕	moedict-reviewed
t7Cv	叨叨	moedict-reviewed
t7Cvo_o_	叨叨絮絮	moedict-reviewed
t7Fv	叨嘮	moedict-reviewed
t7V=9Rwl	刀耕火種	moedict-reviewed
t7aneV	刀子嘴	moedict-reviewed
t7g<L_]_	刀槍不入	moedict-reviewed
tA4Q	魔爪	moedict-reviewed
tA4o	磨菇	moedict-reviewed
tA4o	蘑菇	moedict-reviewed
tA5M	摸稜	moedict-reviewed
tA5Mq[dR	摸棱兩可	moedict-reviewed
tA5Mq[dR	摸稜兩可	moedict-reviewed
tA6o	模糊	moedict-reviewed
tA<:	磨勘	moedict-reviewed
tADd	磨削	moedict-reviewed
tAJ1C2ln	磨砂玻璃	moedict-reviewed
tASEp?U3	摩崖石刻	moedict-reviewed
tATx	磨煩	moedict-reviewed
tA\=	魔怔	moedict-reviewed
tA\_\_2_	魔術數字	moedict-reviewed
tA]o	模特兒	moedict-reviewed
tA^H	魔頭	moedict-reviewed
tAcp6o6o	模模糊糊	moedict-reviewed
tAqqqhVD<CMw	磨了半截舌頭	moedict-reviewed
tAtA	磨磨	moedict-reviewed
tEQEL_a_	懷才不遇	moedict-reviewed
tES_Ei	獲鹿縣	moedict-reviewed
tI	喒	moedict-reviewed
tO	榾	moedict-reviewed
tO3E	鼓角	moedict-reviewed
tO3_	骨刺	moedict-reviewed
tO4a	骨膜	moedict-reviewed
tO4a	鼓膜	moedict-reviewed
tO4awI	骨膜炎	moedict-reviewed
tO4awI	鼓膜炎	moedict-reviewed
tO6d	古樂	moedict-reviewed
tO7{	骨相	moedict-reviewed
tO:C	骨折	moedict-reviewed
tO:_	鵠的	moedict-reviewed
tO>]	骨董	moedict-reviewed
tO?E	骨牌	moedict-reviewed
tOBL\i	穀梁傳	moedict-reviewed
tOCv	鼓搗	moedict-reviewed
tOG@	賈胡	moedict-reviewed
tOJ`NO\_	股價指數	moedict-reviewed
tOR0C_	滑稽戲	moedict-reviewed
tOU3	骨科	moedict-reviewed
tO\Yan	鼓點子	moedict-reviewed
tOa0	谷都	moedict-reviewed
tOan?P	鼓子曲	moedict-reviewed
tOgV	骨髓	moedict-reviewed
tOgVwI	骨髓炎	moedict-reviewed
tOha	賈禍	moedict-reviewed
tOn?	骨直	moedict-reviewed
tOvf0_4L	股票市場	moedict-reviewed
tOwI	骨癌	moedict-reviewed
tO}?	谷蠡	moedict-reviewed
tP5{	瓦匠	moedict-reviewed
tP6T]K6i	瓦解雲散	moedict-reviewed
tYyf	暖調	moedict-reviewed
tf5JL_tfUl	要錢不要命	moedict-reviewed
tf:ian	要面子	moedict-reviewed
tf=1\V}U	藥發傀儡	moedict-reviewed
tfK_wlA@	藥物中毒	moedict-reviewed
tfQW	要角	moedict-reviewed
tf^Yan	藥捻子	moedict-reviewed
tf^m	藥麵兒	moedict-reviewed
tf_n	鑰匙	moedict-reviewed
tf_n2;	鑰匙圈	moedict-reviewed
tfaM9>K_	藥籠中物	moedict-reviewed
tfgc	藥械	moedict-reviewed
tfjK	樂群	moedict-reviewed
tflq	要麼	moedict-reviewed
tfyfan	藥吊子	moedict-reviewed
th1{	飯量	moedict-reviewed
th>`	汎亞	moedict-reviewed
thEfEi4L	犯罪現場	moedict-reviewed
thL_Dk	犯不上	moedict-reviewed
thVDqn	犯節氣	moedict-reviewed
th]O	范蠡	moedict-reviewed
thnq^G	犯得著	moedict-reviewed
thth	反反	moedict-reviewed
thwh	犯難	moedict-reviewed
u7	夲	moedict-reviewed
u71g	叨教	moedict-reviewed
u7_c?0B@	饕餮之徒	moedict-reviewed
u7_cGK	饕餮紋	moedict-reviewed
u7an	絛子	moedict-reviewed
u7u7L_Lj	滔滔不盡	moedict-reviewed
u?	台	moedict-reviewed
u?	栘	moedict-reviewed
u?	狋	moedict-reviewed
u?	酏	moedict-reviewed
u?Rd2t	姨太太	moedict-reviewed
u?of	遺少	moedict-reviewed
u?sT3t	姨奶奶	moedict-reviewed
u?u?	蛇蛇	moedict-reviewed
u?wgMi0U	遺臭萬載	moedict-reviewed
uA?P	佛曲	moedict-reviewed
uA^H]B}i	佛頭著糞	moedict-reviewed
uHRO	牛仔	moedict-reviewed
uHRO0=	牛仔裝	moedict-reviewed
uHROL_	牛仔布	moedict-reviewed
uHROU_	牛仔褲	moedict-reviewed
uH^HL_7fKPeV	牛頭不對馬嘴	moedict-reviewed
uHqn	牛氣	moedict-reviewed
uHw?qn	牛脾氣	moedict-reviewed
uH}F4a\i	牛回磨轉	moedict-reviewed
uI	帴	moedict-reviewed
uI6NL_Ye	殘而不廢	moedict-reviewed
uK:L	彷徉	moedict-reviewed
uK[L	彷徨	moedict-reviewed
uKy<wI	膀胱癌	moedict-reviewed
uO0Q	苦活兒	moedict-reviewed
uO;o	苦處	moedict-reviewed
uOL;	苦參	moedict-reviewed
uO^H	苦頭	moedict-reviewed
uOm5_n	苦差事	moedict-reviewed
uO|i	苦悶	moedict-reviewed
uT6J5_Jb	改弦易轍	moedict-reviewed
uTJb	改轍	moedict-reviewed
uY	卵	moedict-reviewed
u[Yc	獎掖	moedict-reviewed
u[rA]O	蔣百里	moedict-reviewed
u\an]O	酩子裡	moedict-reviewed
u\w\	酩酊	moedict-reviewed
u\w\|_Ef	酩酊大醉	moedict-reviewed
uh	膻	moedict-reviewed
uh0C	但得	moedict-reviewed
uh9>	膻中	moedict-reviewed
uh?P	但曲	moedict-reviewed
uhRO:i	擔仔麵	moedict-reviewed
uh]B\Y	彈著點	moedict-reviewed
uh^H	彈頭	moedict-reviewed
uh_n	但是	moedict-reviewed
uhrA	淡薄	moedict-reviewed
uhuh:i	擔擔麵	moedict-reviewed
v1oi	刷卷	moedict-reviewed
v2	攞	moedict-reviewed
v2Eq43Rq	囉囉嗦嗦	moedict-reviewed
v2Rq	囉嗦	moedict-reviewed
v4	喈	moedict-reviewed
v4	痎	moedict-reviewed
v4	秸	moedict-reviewed
v4	謯	moedict-reviewed
v40JL_Ri	接連不斷	moedict-reviewed
v411	嗟吁	moedict-reviewed
v4=A	接洽	moedict-reviewed
v4Es:1:1	結結巴巴	moedict-reviewed
v4G9an	街溜子	moedict-reviewed
v4L_g5w2	揭不開鍋	moedict-reviewed
v4Udan	揭蓋子	moedict-reviewed
v4Xo	結巴	moedict-reviewed
v4^m	街面兒	moedict-reviewed
v4fz	街坊	moedict-reviewed
v4g0	嗟乎	moedict-reviewed
v4g:rn	接關係	moedict-reviewed
v4lnv4H<	街里街坊	moedict-reviewed
v4sz	街上	moedict-reviewed
v4wl	接種	moedict-reviewed
v7	孬	moedict-reviewed
v7H]	孬種	moedict-reviewed
v;v;1g=f	諄諄教誨	moedict-reviewed
v?3@	荸薺	moedict-reviewed
v?^H	鼻頭	moedict-reviewed
v?anF0s:	鼻子一酸	moedict-reviewed
v?an]O3g	鼻子裡笑	moedict-reviewed
v?~I4a	鼻黏膜	moedict-reviewed
vH0JL_kR	留連不捨	moedict-reviewed
vH2a	流播	moedict-reviewed
vH7WFvLj|_g:TJ	劉姥姥進大觀園	moedict-reviewed
vH8kbZ	流當品	moedict-reviewed
vH9>L_=1	留中不發	moedict-reviewed
vH:ian	留面子	moedict-reviewed
vH?0R0	劉知幾	moedict-reviewed
vHF0IX	留一手	moedict-reviewed
vHNO	流徵	moedict-reviewed
vHPL?P	流亡曲	moedict-reviewed
vHRVXo	留尾巴	moedict-reviewed
vHb[p=	劉長卿	moedict-reviewed
vHlnvHB_	流裡流氣	moedict-reviewed
vHwIj62P	流言蜚語	moedict-reviewed
vH{o	留下	moedict-reviewed
vH~IL_=_	流年不利	moedict-reviewed
vK	汒	moedict-reviewed
vKL_>CJ`	忙不擇價	moedict-reviewed
vKL_faEE	忙不過來	moedict-reviewed
vKln~86J	忙裡偷閒	moedict-reviewed
vO<;	虎賁	moedict-reviewed
vODdaMgI	虎穴龍潭	moedict-reviewed
vO^Hw?	虎頭埤	moedict-reviewed
vOvO	許許	moedict-reviewed
vO{nA1	虎不拉	moedict-reviewed
vT6d	凱樂	moedict-reviewed
vT6d	愷樂	moedict-reviewed
vT=[	慨允	moedict-reviewed
vTsI	慨然	moedict-reviewed
vTvh	慨嘆	moedict-reviewed
vTvh	慨歎	moedict-reviewed
vUH:	北燕	moedict-reviewed
vY:_	館地	moedict-reviewed
vYL_Z_	管不住	moedict-reviewed
vY[1ALan	管家娘子	moedict-reviewed
vZ:o	穩住	moedict-reviewed
vZ\iL_HF	穩賺不賠	moedict-reviewed
vZgz	穩當	moedict-reviewed
v[	彊	moedict-reviewed
v[	羥	moedict-reviewed
v[3a	強迫	moedict-reviewed
v[G0	強逼	moedict-reviewed
v[L_?0UOrF?0	強不知以為知	moedict-reviewed
v[LjQ=Mw	搶盡鋒頭	moedict-reviewed
v[PO	強使	moedict-reviewed
v[Q=Mw	搶風頭	moedict-reviewed
v[QM	強行	moedict-reviewed
v[R0	羥基	moedict-reviewed
v[[1	強加	moedict-reviewed
v[\Z	強忍	moedict-reviewed
v[s?SB]O	強詞奪理	moedict-reviewed
v[wI	強顏	moedict-reviewed
v[wIi:3g	強顏歡笑	moedict-reviewed
v[{H	強求	moedict-reviewed
v[|JCRhI	強人所難	moedict-reviewed
v[}^	強制	moedict-reviewed
v[}^0WeY	強制保險	moedict-reviewed
v[}^8iV_	強制辯護	moedict-reviewed
v[}^<jz\	強制認領	moedict-reviewed
v[}^Ef	強制罪	moedict-reviewed
v[}^RVgcEf	強制猥褻罪	moedict-reviewed
v[}^n?QM	強制執行	moedict-reviewed
v[}^{O}i	強制處分	moedict-reviewed
v]	手兒	moedict-reviewed
vf	慓	moedict-reviewed
vf1{	漂亮	moedict-reviewed
vf1{_`	漂亮話	moedict-reviewed
vfA_f<:<	驃騎將軍	moedict-reviewed
vfm_QMrF	票據行為	moedict-reviewed
vfthan	票販子	moedict-reviewed
vf{h	慓悍	moedict-reviewed
vh	舕	moedict-reviewed
vh?0	探知	moedict-reviewed
vhL;	探身	moedict-reviewed
vhL;an	探身子	moedict-reviewed
vhTJ	探員	moedict-reviewed
vhrq:h^l	探個究竟	moedict-reviewed
vhzh	探看	moedict-reviewed
vh}?0Ck0	探驪得珠	moedict-reviewed
vm	洞兒	moedict-reviewed
vm	肚兒	moedict-reviewed
w2	嘓	moedict-reviewed
w2H:an	鍋煙子	moedict-reviewed
w2Hq	鍋伙	moedict-reviewed
w2l	蟈蟈兒	moedict-reviewed
w75J	撈錢	moedict-reviewed
w7F0IP	撈一把	moedict-reviewed
w7];	撈金	moedict-reviewed
w7cfCW	撈稻草	moedict-reviewed
w7nHru	撈油水	moedict-reviewed
w;?lF04L	春夢一場	moedict-reviewed
w;L9G:\i	春秋三傳	moedict-reviewed
w;L9VODd	春秋筆削	moedict-reviewed
w;L9w\Ml	春秋鼎盛	moedict-reviewed
w;Q=6CB_	春風和氣	moedict-reviewed
w;p1	春華	moedict-reviewed
w;p1L9p?	春華秋實	moedict-reviewed
w;y>	春秋兒	moedict-reviewed
w;}F|_:_	春回大地	moedict-reviewed
w?	蚍	moedict-reviewed
w?3gygL_3g	皮笑肉不笑	moedict-reviewed
w?5{	皮匠	moedict-reviewed
w??]an	皮桶子	moedict-reviewed
w?@@	蚍蜉	moedict-reviewed
w?@@{h\_	蚍蜉撼樹	moedict-reviewed
w?@@{h|_\_	蚍蜉撼大樹	moedict-reviewed
w?R@<;Ul	罷於奔命	moedict-reviewed
w?Yo	枇杷	moedict-reviewed
w?Yo	琵琶	moedict-reviewed
w?Yox7	枇杷膏	moedict-reviewed
w?^Hh<	埤頭鄉	moedict-reviewed
w?_n	皮實	moedict-reviewed
w?`0wI	皮膚癌	moedict-reviewed
w?an	貔子	moedict-reviewed
w?f]	皮板兒	moedict-reviewed
w?j@S_	琵琶錄	moedict-reviewed
w?j@iM	琵琶蟲	moedict-reviewed
w?qn	脾氣	moedict-reviewed
w@	招兒	moedict-reviewed
w@0[	軋輥	moedict-reviewed
w@7R	紮裹	moedict-reviewed
w@7`	紮詐	moedict-reviewed
w@<i	扎墊	moedict-reviewed
w@@@	扎縛	moedict-reviewed
w@M:	扎掂	moedict-reviewed
w@M<	軋鋼	moedict-reviewed
w@M<R0	軋鋼機	moedict-reviewed
w@QW	扎腳	moedict-reviewed
w@QW	紮腳	moedict-reviewed
w@n1	扎括	moedict-reviewed
w@p?OKL_4_	札什倫布寺	moedict-reviewed
w@z{	扎掙	moedict-reviewed
wI	筵	moedict-reviewed
wI	鳽	moedict-reviewed
wI4@	筵席	moedict-reviewed
wI<@L_Lj	言無不盡	moedict-reviewed
wI=ML_Qd	嚴懲不貸	moedict-reviewed
wI?0L_Lj	言之不盡	moedict-reviewed
wI?0papa	言之鑿鑿	moedict-reviewed
wIDd?00_	巖穴之士	moedict-reviewed
wIL_Lj5_	言不盡意	moedict-reviewed
wIOd	岩脈	moedict-reviewed
wIT0	延釐	moedict-reviewed
wITBan	鹽坨子	moedict-reviewed
wI_n	嚴實	moedict-reviewed
wI`l	言行	moedict-reviewed
wI`l>PNO	言行舉止	moedict-reviewed
wI`lF0}^	言行一致	moedict-reviewed
wI`lS_	言行錄	moedict-reviewed
wI`loaF0	言行若一	moedict-reviewed
wIm>	沿邊兒	moedict-reviewed
wI{y	嚴緊	moedict-reviewed
wK2ffa8k	防衛過當	moedict-reviewed
wKCRTOJ1[3C_?]	防鎖死煞車系統	moedict-reviewed
wKL_^=wK	防不勝防	moedict-reviewed
wKth0Cu?	防範得宜	moedict-reviewed
wT01	海蛆	moedict-reviewed
wT88D8	海螵蛸	moedict-reviewed
wT9P	海女	moedict-reviewed
wTL;C7	海參崴	moedict-reviewed
wTUG	海濤	moedict-reviewed
wTan	海子	moedict-reviewed
wTcVa_4L	海水浴場	moedict-reviewed
wTmO_;^=:_	海埔新生地	moedict-reviewed
wTp?CE:_	海蝕臺地	moedict-reviewed
wTq7p?	海泡石	moedict-reviewed
wY01	款曲	moedict-reviewed
wYK`	款洽	moedict-reviewed
wY}^	款識	moedict-reviewed
w[I<I<	響噹噹	moedict-reviewed
w[L_cf	想不到	moedict-reviewed
w[Mw	想頭	moedict-reviewed
w[h=I<	響叮噹	moedict-reviewed
w\	酊	moedict-reviewed
w\\_	頂數	moedict-reviewed
w\an	頂子	moedict-reviewed
wf?P	妙曲	moedict-reviewed
wgL_dRGK	臭不可聞	moedict-reviewed
wgL_dRI<	臭不可當	moedict-reviewed
wg^H	臭頭	moedict-reviewed
wglg~n	臭豆腐	moedict-reviewed
wh@j	難廕	moedict-reviewed
whZ_qq	難住了	moedict-reviewed
whrG	難僑	moedict-reviewed
wl0=yo	種莊稼	moedict-reviewed
wl0C	種德	moedict-reviewed
wl1=	重創	moedict-reviewed
wl78	中標	moedict-reviewed
wl:_	中的	moedict-reviewed
wl:_	種地	moedict-reviewed
wl:b	中惡	moedict-reviewed
wl>P	中舉	moedict-reviewed
wlBXF0s?	眾口一詞	moedict-reviewed
wlCi	中箭	moedict-reviewed
wlL7wl>P	中規中矩	moedict-reviewed
wlL;an	重身子	moedict-reviewed
wlOd0COd	種麥得麥	moedict-reviewed
wlU:	重遷	moedict-reviewed
wlYB	重活	moedict-reviewed
wl^=	種生	moedict-reviewed
wllg0Clg	種豆得豆	moedict-reviewed
wln?5_OO	種植義齒	moedict-reviewed
wlnkTJ	中狀元	moedict-reviewed
wlo=p?	重晶石	moedict-reviewed
wloO	仲父	moedict-reviewed
wlphCi	中暗箭	moedict-reviewed
wlzhL_wl@0	中看不中吃	moedict-reviewed
x4	揳	moedict-reviewed
x4_`	歇會兒	moedict-reviewed
x4rn	歇息	moedict-reviewed
x4rq	些個	moedict-reviewed
x729}?	高句麗	moedict-reviewed
x74:L_Dk	高攀不上	moedict-reviewed
x74Cyf	高格調	moedict-reviewed
x7;fL_;f	高貴不貴	moedict-reviewed
x7>J	睪丸	moedict-reviewed
x7Dd	膏血	moedict-reviewed
x7GvK0K0	高高低低	moedict-reviewed
x7Gv`l`l	高高興興	moedict-reviewed
x7Mw	高頭	moedict-reviewed
x7Yx	糕乾	moedict-reviewed
x7`H|_L`	高樓大廈	moedict-reviewed
x7`l	高行	moedict-reviewed
x7`o	高個兒	moedict-reviewed
x7an	篙子	moedict-reviewed
x7an	膏子	moedict-reviewed
x7{H4L	高球場	moedict-reviewed
x7|JF0a\	高人一等	moedict-reviewed
x7|JF0hH	高人一籌	moedict-reviewed
x7}?NO	高麗紙	moedict-reviewed
x7}?`d	高麗菜	moedict-reviewed
x8	蓲	moedict-reviewed
x8>`	歐亞	moedict-reviewed
x8>`|_S_	歐亞大陸	moedict-reviewed
x8R0]O0C	歐幾里得	moedict-reviewed
x8XoY<	歐巴桑	moedict-reviewed
x>	尖兒	moedict-reviewed
x?8M	禰衡	moedict-reviewed
x?C:8iyS	瀰山遍野	moedict-reviewed
x?C_	縻繫	moedict-reviewed
x?N1?P	彌撒曲	moedict-reviewed
x?Ye	靡費	moedict-reviewed
x?ad>`	彌賽亞	moedict-reviewed
x@:ian	茶麵子	moedict-reviewed
x@M<an	茶缸子	moedict-reviewed
x@_n	茶食	moedict-reviewed
x@aO	茶几	moedict-reviewed
x@e[d^	搽穰捲兒	moedict-reviewed
x@sx	茶錢	moedict-reviewed
x@x@rFFM	察察為明	moedict-reviewed
xFXO	頹靡	moedict-reviewed
xN	魚兒	moedict-reviewed
xU	浼	moedict-reviewed
xUCRL_m@XO>`	美索不達米亞	moedict-reviewed
xUWB0JE<yfx@^@	美國聯邦調查局	moedict-reviewed
xUZP	美人兒	moedict-reviewed
xY2@h<A_	緩急相濟	moedict-reviewed
xYF0	浣衣	moedict-reviewed
xYJ1A_	浣紗記	moedict-reviewed
xYL_A_2@	緩不濟急	moedict-reviewed
xYdT	浣雪	moedict-reviewed
xYp1T0	浣花溪	moedict-reviewed
xYz?	浣滌	moedict-reviewed
xY}M	浣熊	moedict-reviewed
x\	𡈼	moedict-reviewed
x\bO68f]	挺起腰板兒	moedict-reviewed
x]	姊兒	moedict-reviewed
x]	子兒	moedict-reviewed
xd3o	外路	moedict-reviewed
xd4L	外場	moedict-reviewed
xd6C]ORl	外合裡應	moedict-reviewed
xd=f0_4L	外匯市場	moedict-reviewed
xd=f1K~K	外匯銀行	moedict-reviewed
xdFML_?0]Oph	外明不知裡暗	moedict-reviewed
xd^my<	外面兒光	moedict-reviewed
xg1=	受創	moedict-reviewed
xg2i	受禪	moedict-reviewed
xg<o	壽數	moedict-reviewed
xgDd	壽穴	moedict-reviewed
xgRVNo	受委屈	moedict-reviewed
xg[]	受窘	moedict-reviewed
xg]_	受辱	moedict-reviewed
xg`l	獸行	moedict-reviewed
xgoi	獸圈	moedict-reviewed
xgtO9KkK	瘦骨嶙峋	moedict-reviewed
xgtON@ME	瘦骨如柴	moedict-reviewed
xgwh?P	受難曲	moedict-reviewed
xg{nMW	受不了	moedict-reviewed
xg{nbO	受不起	moedict-reviewed
xg{nnq	受不得	moedict-reviewed
xh6o	爛糊	moedict-reviewed
xhM@	爛熟	moedict-reviewed
xhqq<CMw	爛了舌頭	moedict-reviewed
xj	莙	moedict-reviewed
xja_	雋譽	moedict-reviewed
xjan	菌子	moedict-reviewed
xji@	雋拔	moedict-reviewed
xl	尰	moedict-reviewed
xlY`	衝盹兒	moedict-reviewed
xlan	銃子	moedict-reviewed
y2	劐	moedict-reviewed
y<	侊	moedict-reviewed
y<03L_?i	光說不練	moedict-reviewed
y<03L_pa	光說不做	moedict-reviewed
y<0>Qk	光通量	moedict-reviewed
y<3gRl5_\_	光效應藝術	moedict-reviewed
y<5EC2ln	光學玻璃	moedict-reviewed
y<7_4o	光屁股	moedict-reviewed
y<:ian	光面子	moedict-reviewed
y<MWMW	光了了	moedict-reviewed
y<ew	光溜	moedict-reviewed
y<f]	光板兒	moedict-reviewed
y<l0G9	光出溜	moedict-reviewed
y<n]	光桿兒	moedict-reviewed
yI6_	駢比	moedict-reviewed
yIdn	便宜	moedict-reviewed
yIdnL_faI<[1	便宜不過當家	moedict-reviewed
yIdnha	便宜貨	moedict-reviewed
yIyI	便便	moedict-reviewed
yK6_X[[3	螳臂當車	moedict-reviewed
yK?W=_an	糖炒栗子	moedict-reviewed
yKG@3o	糖葫蘆	moedict-reviewed
yKRO	堂姊	moedict-reviewed
yKVBap	糖蘿蔔	moedict-reviewed
yKsq	堂客	moedict-reviewed
ySHEan	野孩子	moedict-reviewed
ySL_Ci0C	也不見得	moedict-reviewed
ySL_LjsI	也不盡然	moedict-reviewed
ySO1Mw	野丫頭	moedict-reviewed
ySYcT<kG	冶葉倡條	moedict-reviewed
ySyf<@g<	野調無腔	moedict-reviewed
yUDd	匪穴	moedict-reviewed
yUQE}P5E	菲才寡學	moedict-reviewed
yU]B	菲酌	moedict-reviewed
yUu?	菲儀	moedict-reviewed
y\g5	擰開	moedict-reviewed
y_L_0_	怕不是	moedict-reviewed
y__n	怕是	moedict-reviewed
yf3g	調校	moedict-reviewed
yf4L	吊場	moedict-reviewed
yf=p	掉過兒	moedict-reviewed
yfP_0_	調度室	moedict-reviewed
yfTO[Vx@NZ	吊死鬼搽粉	moedict-reviewed
yfWY	調演	moedict-reviewed
yfX[	調當	moedict-reviewed
yfY<Vj2@	弔喪問疾	moedict-reviewed
yfYv	調調	moedict-reviewed
yf[3c[	調車場	moedict-reviewed
yf]1c[	釣蝦場	moedict-reviewed
yf]e	調類	moedict-reviewed
yf`l	調性	moedict-reviewed
yfeV	調嘴	moedict-reviewed
yfeV5E<C	調嘴學舌	moedict-reviewed
yfgm	掉價兒	moedict-reviewed
yflj	調運	moedict-reviewed
yfoi	調卷	moedict-reviewed
yfwK	調防	moedict-reviewed
yf}F	調回	moedict-reviewed
ygMw	肉頭	moedict-reviewed
yg[_	肉畜	moedict-reviewed
ygoO	肉脯	moedict-reviewed
ygsf	肉燥	moedict-reviewed
yh8k	幹當	moedict-reviewed
yhA_	幹濟	moedict-reviewed
yhEi	贛縣	moedict-reviewed
yhMW	幹了	moedict-reviewed
yhMw	幹頭	moedict-reviewed
yhUk	幹將	moedict-reviewed
yhnqIM8k	幹的停當	moedict-reviewed
yh{Jlq	幹什麼	moedict-reviewed
z7	嚆	moedict-reviewed
z;PL6Lu?	尊王攘夷	moedict-reviewed
z<	框	moedict-reviewed
z<	眶	moedict-reviewed
z<A_?0QE	匡濟之才	moedict-reviewed
z<D]	誆哄	moedict-reviewed
z<I{	框框	moedict-reviewed
z>	些兒	moedict-reviewed
z>	星兒	moedict-reviewed
z?	樀	moedict-reviewed
z?	甋	moedict-reviewed
z?0_	的士	moedict-reviewed
z?0_	的是	moedict-reviewed
z?4o	嘀咕	moedict-reviewed
z?8k	的當	moedict-reviewed
z?F0CdEm	的一確二	moedict-reviewed
z?Nj	的信	moedict-reviewed
z?Vd_MhH	敵愾同仇	moedict-reviewed
z?ine0e0	嘀嘀咕咕	moedict-reviewed
z?|;	適孫	moedict-reviewed
zB	俄	moedict-reviewed
zB	蚵	moedict-reviewed
zB	頟	moedict-reviewed
zB2P	俄語	moedict-reviewed
zBA_~_6C	額濟納河	moedict-reviewed
zBRO:iEi	蚵仔麵線	moedict-reviewed
zBROT:	蚵仔煎	moedict-reviewed
zBVBE0	俄羅斯	moedict-reviewed
zBWdzB89	俄亥俄州	moedict-reviewed
zBg:rAQd	峨冠博帶	moedict-reviewed
zI?p	棉花	moedict-reviewed
zIrA	綿薄	moedict-reviewed
zIwIL_3E	綿延不絕	moedict-reviewed
zIzIL_Ri	綿綿不斷	moedict-reviewed
zJ	梣	moedict-reviewed
zJ1KCd	陳寅恪	moedict-reviewed
zJnqZ_B_	沉得住氣	moedict-reviewed
zJnx	陳鍊	moedict-reviewed
zJtOanxh?0Zo	陳穀子爛芝麻	moedict-reviewed
zJ{nZ_B_	沉不住氣	moedict-reviewed
zO2a	主播	moedict-reviewed
zO5_	屬意	moedict-reviewed
zO7f	屬對	moedict-reviewed
zOOd	主脈	moedict-reviewed
zORG}?]O	屬毛離裡	moedict-reviewed
zO_k	屬望	moedict-reviewed
zOiHnqO1anj6qq	煮熟的鴨子飛了	moedict-reviewed
zOmlOd	主動脈	moedict-reviewed
zOmlOd3>	主動脈弓	moedict-reviewed
zOt2	屬託	moedict-reviewed
zO{l	主從	moedict-reviewed
zO}^Qd~n	主治大夫	moedict-reviewed
z\4W3:an	領導班子	moedict-reviewed
z_fo	螞蚱	moedict-reviewed
z_z_r4r4	罵罵咧咧	moedict-reviewed
zfBL	跳踉	moedict-reviewed
zfBW0_4L	跳蚤市場	moedict-reviewed
zgFM?P0_	奏鳴曲式	moedict-reviewed
zhBY	看板	moedict-reviewed
zhZx	看看	moedict-reviewed
zhrq:h^l	看個究竟	moedict-reviewed
zhrx	看見	moedict-reviewed
zhsz	看上	moedict-reviewed
zhwKan	看房子	moedict-reviewed
zhwlqq	看中了	moedict-reviewed
zh{n0C	看不得	moedict-reviewed
zh{nDk	看不上	moedict-reviewed
zh{nL`n_	看不下去	moedict-reviewed
zh{nVi	看不慣	moedict-reviewed
zh{nbO	看不起	moedict-reviewed
zh{nfa	看不過	moedict-reviewed
zh{nl0	看不出	moedict-reviewed
zh{nmg	看不透	moedict-reviewed
zj	卂	moedict-reviewed
zj	蕈	moedict-reviewed
zj5_	徇義	moedict-reviewed
zjh<	熏香	moedict-reviewed
zjnk]K	蕈狀雲	moedict-reviewed
{<=MF0DJ	慌成一團	moedict-reviewed
{<L_>CS_	慌不擇路	moedict-reviewed
{<ln{<S<	慌裡慌張	moedict-reviewed
{<qqYP	慌了神兒	moedict-reviewed
{?	媞	moedict-reviewed
{?	綈	moedict-reviewed
{?	隄	moedict-reviewed
{?L_bOLj	提不起勁	moedict-reviewed
{?R0ZGlI	啼飢號寒	moedict-reviewed
{?Yc	提掖	moedict-reviewed
{?jnf0f0	啼啼哭哭	moedict-reviewed
{?wK	提防	moedict-reviewed
{?~K	提行	moedict-reviewed
{@	喒	moedict-reviewed
{@	嘁	moedict-reviewed
{@Fm	雜拌兒	moedict-reviewed
{@tq^m	雜合麵兒	moedict-reviewed
{@tq`d	雜合菜	moedict-reviewed
{@vu	雜碎	moedict-reviewed
{H	觓	moedict-reviewed
{H	頄	moedict-reviewed
{H4L	球場	moedict-reviewed
{H8X	仇偶	moedict-reviewed
{HC_	囚繫	moedict-reviewed
{HIXY<:i	囚首喪面	moedict-reviewed
{H^l	遒勁	moedict-reviewed
{Hb[}^P_	酋長制度	moedict-reviewed
{JaMCiIXL_CiRV	神龍見首不見尾	moedict-reviewed
{Jlq	什麼	moedict-reviewed
{Jlq	甚麼	moedict-reviewed
{JlqIk	甚麼樣	moedict-reviewed
{K	瑯	moedict-reviewed
{K	駺	moedict-reviewed
{KJD	琅邪	moedict-reviewed
{KJDCEDbp?	琅邪臺刻石	moedict-reviewed
{KNX	稂莠	moedict-reviewed
{KQ=	閬風	moedict-reviewed
{KZG[Vf0	狼號鬼哭	moedict-reviewed
{Kan	廊子	moedict-reviewed
{Kci	閬苑	moedict-reviewed
{Krq	郎個	moedict-reviewed
{O]O	處理	moedict-reviewed
{Ohj6N2P	礎潤而雨	moedict-reviewed
{Z8k	躉當	moedict-reviewed
{]	影兒	moedict-reviewed
{fYc	尿液	moedict-reviewed
{gtq	湊合	moedict-reviewed
{h	琀	moedict-reviewed
{h3M4C]OC:	汗騰格里山	moedict-reviewed
{hGK:_	漢文帝	moedict-reviewed
{hKP	汗馬	moedict-reviewed
{hRG	汗毛	moedict-reviewed
{h\>	汗褟兒	moedict-reviewed
{h\_w?@@	撼樹蚍蜉	moedict-reviewed
{h];	汗巾	moedict-reviewed
{h];];	汗津津	moedict-reviewed
{hff	旱澇	moedict-reviewed
{hl0N@2P	汗出如雨	moedict-reviewed
{hl0N@f<	汗出如漿	moedict-reviewed
{hsIL_T_	悍然不顧	moedict-reviewed
{hsh	汗漫	moedict-reviewed
{ih<	噴香	moedict-reviewed
{iv?	噴鼻	moedict-reviewed
{l	綜	moedict-reviewed
{l010\n?	縱曲枉直	moedict-reviewed
{l5_DJ	綜藝團	moedict-reviewed
{l5_VDN_	綜藝節目	moedict-reviewed
{l6C1K~K	綜合銀行	moedict-reviewed
{l6C2P	綜合語	moedict-reviewed
{l6C[KwY	綜合存款	moedict-reviewed
{l6C_f4W	綜合報導	moedict-reviewed
{l6Cga|_R0	綜合擴大機	moedict-reviewed
{lIY	縱覽	moedict-reviewed
{lKP	縱馬	moedict-reviewed
{lN>:_	從兄弟	moedict-reviewed
{lPM2_a_	縱情恣欲	moedict-reviewed
{lQM	從刑	moedict-reviewed
{lZX	縱酒	moedict-reviewed
{la_	縱欲	moedict-reviewed
{lgI	縱談	moedict-reviewed
{liR	從者	moedict-reviewed
{ll0	縱出	moedict-reviewed
{lwI	縱言	moedict-reviewed
{m	空兒	moedict-reviewed
{o	信兒	moedict-reviewed
|8	不	moedict-reviewed
|8	紑	moedict-reviewed
|?4L	霓裳	moedict-reviewed
|?4L2PF0	霓裳羽衣	moedict-reviewed
|?4L2PF0?P	霓裳羽衣曲	moedict-reviewed
|?:_	泥地	moedict-reviewed
|?EA4p	泥娃娃	moedict-reviewed
|?\0	泥汙	moedict-reviewed
|?jw	泥鰍	moedict-reviewed
|?|?@0@0	呢呢痴痴	moedict-reviewed
|F	頄	moedict-reviewed
|FK_	魁梧	moedict-reviewed
|FPMba]O	揆情度理	moedict-reviewed
|Fba	揆度	moedict-reviewed
|J	鵀	moedict-reviewed
|JH:if6L	人煙浩穰	moedict-reviewed
|JPLK__d	人亡物在	moedict-reviewed
|JPLKl4@	人亡政息	moedict-reviewed
|JVO[ZA0	任筆沈詩	moedict-reviewed
|J[_	人畜	moedict-reviewed
|J^=:iL_M@	人生面不熟	moedict-reviewed
|J^=S_L_M@	人生路不熟	moedict-reviewed
|J_;WkVe	人心向背	moedict-reviewed
|JaO[1O@	人給家足	moedict-reviewed
|JtA|JIk	人模人樣	moedict-reviewed
|Jthan	人販子	moedict-reviewed
|JwIpapa	人言鑿鑿	moedict-reviewed
|Jxz	人樣	moedict-reviewed
|J{]	人影兒	moedict-reviewed
|M<f	窮匱	moedict-reviewed
|MN:2@:_	窮天極地	moedict-reviewed
|MQMLjWk	窮形盡相	moedict-reviewed
|MR@RlO_	窮於應付	moedict-reviewed
|M[]	窮窘	moedict-reviewed
|Mf<a_Yc	瓊漿玉液	moedict-reviewed
|M~0	煢居	moedict-reviewed
|M~I}U6d	窮年累月	moedict-reviewed
|O3@5E3g	暑期學校	moedict-reviewed
|O3n	數數兒	moedict-reviewed
|OEq	數落	moedict-reviewed
|OL_^=|O	數不勝數	moedict-reviewed
|OP_R04L	鼠肚雞腸	moedict-reviewed
|OcfhI	蜀道難	moedict-reviewed
|O{nDk	數不上	moedict-reviewed
|O{np=	數不清	moedict-reviewed
|T	茝	moedict-reviewed
|YVe	轉背	moedict-reviewed
|Y^:4aQW	轉彎抹角	moedict-reviewed
|Y^:an	轉彎子	moedict-reviewed
|Yac\Y	轉捩點	moedict-reviewed
|Yg6rFcO	轉悲為喜	moedict-reviewed
|Y~K	轉行	moedict-reviewed
|_0_L_:W	大事不好	moedict-reviewed
|_0_L__M	大是不同	moedict-reviewed
|_0_L_wf	大事不妙	moedict-reviewed
|_1hL_sI	大謬不然	moedict-reviewed
|_3e^H	大塊頭	moedict-reviewed
|_4L:i	大場面	moedict-reviewed
|_4LwI	大腸癌	moedict-reviewed
|_6C4KO@	大和民族	moedict-reviewed
|_6CDk	大和尚	moedict-reviewed
|_6TEs	大姐姐	moedict-reviewed
|_6d?0	大月氏	moedict-reviewed
|_7Wbp	大老婆	moedict-reviewed
|_7_	大辟	moedict-reviewed
|_<_L_cf	大逆不道	moedict-reviewed
|_=1w?qn	大發脾氣	moedict-reviewed
|_=XSWLl	大斗小秤	moedict-reviewed
|_?@|_Ik	大模大樣	moedict-reviewed
|_?E~K	大排行	moedict-reviewed
|_@0F0o=	大吃一驚	moedict-reviewed
|_ALan	大娘子	moedict-reviewed
|_B_F<rA	大氣磅礴	moedict-reviewed
|_C2`ccIo=	大般涅槃經	moedict-reviewed
|_Eb	大喝	moedict-reviewed
|_J1Q=~\	大煞風景	moedict-reviewed
|_KDC:Od	大別山脈	moedict-reviewed
|_L_^l	大不敬	moedict-reviewed
|_L_acM:	大不列顛	moedict-reviewed
|_L`	大廈	moedict-reviewed
|_O]oaCd	大勇若怯	moedict-reviewed
|_PPXo	大喇叭	moedict-reviewed
|_P_an	大肚子	moedict-reviewed
|_S_0_c[	大陸市場	moedict-reviewed
|_S_BY3e	大陸板塊	moedict-reviewed
|_S_B_DJ	大陸氣團	moedict-reviewed
|_S_D2	大陸坡	moedict-reviewed
|_S_LPC_	大陸法系	moedict-reviewed
|_S__Mp7	大陸同胞	moedict-reviewed
|_S_`lB_DJ	大陸性氣團	moedict-reviewed
|_S_`lB_rg	大陸性氣候	moedict-reviewed
|_S_d\B_DJ	大陸冷氣團	moedict-reviewed
|_XDzg?P	大協奏曲	moedict-reviewed
|_[1_`	大家夥兒	moedict-reviewed
|_[_]BWY	大處著眼	moedict-reviewed
|_[_ea4a	大處落墨	moedict-reviewed
|_\oH<H<	大大方方	moedict-reviewed
|_\oSWSW	大大小小	moedict-reviewed
|_\oeaea	大大落落	moedict-reviewed
|_\or4r4	大大咧咧	moedict-reviewed
|_^lOd	大靜脈	moedict-reviewed
|_^mDk	大面兒上	moedict-reviewed
|__MIFik	大同煤礦	moedict-reviewed
|__`	大伙兒	moedict-reviewed
|__`	大夥兒	moedict-reviewed
|_`0	大夫	moedict-reviewed
|_`o	大個兒	moedict-reviewed
|_cV:>4WaMPLwf	大水沖倒龍王廟	moedict-reviewed
|_cfx7~@	大纛高牙	moedict-reviewed
|_dRL_6_	大可不必	moedict-reviewed
|_e00{	大姑娘	moedict-reviewed
|_e00{pap11g	大姑娘坐花轎	moedict-reviewed
|_eVXo	大嘴巴	moedict-reviewed
|_e]Bq	大耳朵	moedict-reviewed
|_f0F04L	大哭一場	moedict-reviewed
|_iML_@0@@yg	大蟲不吃伏肉	moedict-reviewed
|_l0Q=Mw	大出鋒頭	moedict-reviewed
|_l0Y<	大出喪	moedict-reviewed
|_mTan	大伯子	moedict-reviewed
|_mlOd	大動脈	moedict-reviewed
|_n1G@	大括弧	moedict-reviewed
|_q=@|	大猩猩	moedict-reviewed
|_qIR@	大單于	moedict-reviewed
|_qhVean	大半輩子	moedict-reviewed
|_t:	大宛	moedict-reviewed
|_tO	大賈	moedict-reviewed
|_vgan	大軸子	moedict-reviewed
|_}i	大分	moedict-reviewed
|_~=>`0i\=	大東亞戰爭	moedict-reviewed
|f<8an	撂挑子	moedict-reviewed
|fJm	料豆兒	moedict-reviewed
|fL_cf	料不到	moedict-reviewed
|fTJ	燎原	moedict-reviewed
|f_kC:	瞭望山	moedict-reviewed
|f{o	撂下	moedict-reviewed
|iG@3o	悶葫蘆	moedict-reviewed
|iM7	悶虧	moedict-reviewed
|iNF	悶雷	moedict-reviewed
|iZX	悶酒	moedict-reviewed
|i^=L_w[	悶聲不響	moedict-reviewed
|i_j	悶棍	moedict-reviewed
|ian[3	悶子車	moedict-reviewed
|inqJ{	悶得慌	moedict-reviewed
|ioi	悶倦	moedict-reviewed
|izJzJ	悶沉沉	moedict-reviewed
|izO	燜煮	moedict-reviewed
|i|i	悶悶	moedict-reviewed
|i|iL_Bb	悶悶不樂	moedict-reviewed
|m	話兒	moedict-reviewed
}2E2L_Wl	捉摸不定	moedict-reviewed
}2Od	捉脈	moedict-reviewed
}2];EiGX	捉襟見肘	moedict-reviewed
}2];GXEi	捉襟肘見	moedict-reviewed
}2^mDk	桌面兒上	moedict-reviewed
}8	唗	moedict-reviewed
}80o	兜肚	moedict-reviewed
}8IY^=dn	兜攬生意	moedict-reviewed
}8an	篼子	moedict-reviewed
};CE	暈臺	moedict-reviewed
};J;	暈針	moedict-reviewed
};o?	暈池	moedict-reviewed
};q@	暈高兒	moedict-reviewed
}?	釃	moedict-reviewed
}?4C	釐革	moedict-reviewed
}?Jb	離轍	moedict-reviewed
}?Xo	籬笆	moedict-reviewed
}?an	狸子	moedict-reviewed
}?haL_1U	藜藿不採	moedict-reviewed
}F4t	回來	moedict-reviewed
}F6C	回和	moedict-reviewed
}F<N	回頭兒	moedict-reviewed
}FC:4WwT	回山倒海	moedict-reviewed
}FDd	迴穴	moedict-reviewed
}FG@	回鶻	moedict-reviewed
}FG@GK	回鶻文	moedict-reviewed
}FNo	回去	moedict-reviewed
}FVe	回背	moedict-reviewed
}F\_vf	回數票	moedict-reviewed
}F^H[3an	回頭車子	moedict-reviewed
}Fan	回子	moedict-reviewed
}Flu	回回	moedict-reviewed
}Flu=_	回回曆	moedict-reviewed
}I	搷	moedict-reviewed
}IL_0`	甜不辣	moedict-reviewed
}IMw	甜頭	moedict-reviewed
}IOb	填塞	moedict-reviewed
}IT0	田畦	moedict-reviewed
}ITJB8w[?P	田園交響曲	moedict-reviewed
}IVBap	甜蘿蔔	moedict-reviewed
}I^lc[	田徑場	moedict-reviewed
}IoO?0ha	田父之獲	moedict-reviewed
}KYB	扛活	moedict-reviewed
}M^l	雄勁	moedict-reviewed
}Mb[	雄長	moedict-reviewed
}Mx_F0H<	雄霸一方	moedict-reviewed
}O]BYc	乳濁液	moedict-reviewed
}Q	婑	moedict-reviewed
}Tan	色子	moedict-reviewed
}U	欙	moedict-reviewed
}U	蜼	moedict-reviewed
}U3eR0q0	累塊積蘇	moedict-reviewed
}ULjCfi_	累進稅率	moedict-reviewed
}U~I	累年	moedict-reviewed
}YL_faB_4t	喘不過氣來	moedict-reviewed
}^	廌	moedict-reviewed
}^	懫	moedict-reviewed
}^3@	踶跂	moedict-reviewed
}^8k	質當	moedict-reviewed
}^9\QEm0	志廣才疏	moedict-reviewed
}^<_	滯泥	moedict-reviewed
}^?0L_T_	置之不顧	moedict-reviewed
}^DYB_0C	志滿氣得	moedict-reviewed
}^G5EYRl	制約反應	moedict-reviewed
}^L_dRSB	志不可奪	moedict-reviewed
}^Lj4MCR	知盡能索	moedict-reviewed
}^O1	質押	moedict-reviewed
}^O{	痔瘡	moedict-reviewed
}^Qk	志量	moedict-reviewed
}^TJ`lH<	智圓行方	moedict-reviewed
}^TOL_K_	至死不悟	moedict-reviewed
}^U_	質庫	moedict-reviewed
}^`l	志行	moedict-reviewed
}^`l	至行	moedict-reviewed
}^aJ	質權	moedict-reviewed
}^|_QEm0	志大才疏	moedict-reviewed
}^}i	志分	moedict-reviewed
}_	嗒	moedict-reviewed
}_9i	拓片	moedict-reviewed
}_<:	踏勘	moedict-reviewed
}_@j	拓印	moedict-reviewed
}_Hk	嗒喪	moedict-reviewed
}_KZ	拓本	moedict-reviewed
}_]op?p?	踏踏實實	moedict-reviewed
}_sI	嗒然	moedict-reviewed
}_}_	嗒嗒	moedict-reviewed
}g4K	莠民	moedict-reviewed
}g5_}iRO	右翼分子	moedict-reviewed
}goaF0rq	又弱一個	moedict-reviewed
}gp=	右傾	moedict-reviewed
}iL_T_L;	奮不顧身	moedict-reviewed
}iW=]Onqp?Mw	糞坑裡的石頭	moedict-reviewed
}i\e0_	分內事	moedict-reviewed
}ilgL_gc	奮鬥不懈	moedict-reviewed
}lRlq=	宋應星	moedict-reviewed
}lY<	送喪	moedict-reviewed
~0	据	moedict-reviewed
~0	砠	moedict-reviewed
~0A_	車騎	moedict-reviewed
~0C_	拘繫	moedict-reviewed
~0J`	車駕	moedict-reviewed
~0Mo4343	拘拘縮縮	moedict-reviewed
~0\J	拘攣	moedict-reviewed
~0ac	車裂	moedict-reviewed
~0x7L_L`	居高不下	moedict-reviewed
~75JC_;_	朝乾夕惕	moedict-reviewed
~76o0i	招呼站	moedict-reviewed
~79>N_tO	朝鐘暮鼓	moedict-reviewed
~7:<l0ad	昭君出塞	moedict-reviewed
~7<o	招數	moedict-reviewed
~7BL	著涼	moedict-reviewed
~7BLN_Lj	朝梁暮晉	moedict-reviewed
~7BLN_zJ	朝梁暮陳	moedict-reviewed
~7F:N_]O	朝參暮禮	moedict-reviewed
~7FMGKBZ	昭明文選	moedict-reviewed
~7GKC_uT	朝聞夕改	moedict-reviewed
~7H0JD6C	昭披耶河	moedict-reviewed
~7J`L_Z_	招架不住	moedict-reviewed
~7L_i_C_	朝不慮夕	moedict-reviewed
~7N_	朝暮	moedict-reviewed
~7T3	朝歌	moedict-reviewed
~7\_	著數	moedict-reviewed
~7]K	朝雲	moedict-reviewed
~7]KN_2P	朝雲暮雨	moedict-reviewed
~7^=N_cR	朝升暮合	moedict-reviewed
~7faC_uT	朝過夕改	moedict-reviewed
~7l0C_uT	朝出夕改	moedict-reviewed
~7{q	招惹	moedict-reviewed
~8MwE2E2	偷偷摸摸	moedict-reviewed
~8rl	偷空	moedict-reviewed
~=3RT08L	東躲西藏	moedict-reviewed
~=BLT0<C	東量西折	moedict-reviewed
~=L@	冬儲	moedict-reviewed
~=Q=O14WT0Q=	東風壓倒西風	moedict-reviewed
~=T:	東漸	moedict-reviewed
~=Vi	東觀	moedict-reviewed
~=wTw7J;	東海撈針	moedict-reviewed
~@2_	睚眥	moedict-reviewed
~@2_6__f	睚眥必報	moedict-reviewed
~@;f	押櫃	moedict-reviewed
~@OOEW6CL_Kl	牙齒咬合不正	moedict-reviewed
~@RV	押尾	moedict-reviewed
~@\e	衙內	moedict-reviewed
~@an	牙子	moedict-reviewed
~@i[xz	牙癢癢	moedict-reviewed
~@iy	牙磣	moedict-reviewed
~@p1	押花	moedict-reviewed
~@|O	衙署	moedict-reviewed
~@~K	牙行	moedict-reviewed
~I	粘	moedict-reviewed
~I	鮎	moedict-reviewed
~I4a	黏膜	moedict-reviewed
~I5_	年誼	moedict-reviewed
~I6Jan	黏涎子	moedict-reviewed
~I6o	黏糊	moedict-reviewed
~IDJan	年團子	moedict-reviewed
~IEE	拈來	moedict-reviewed
~IJ;NO	拈針指	moedict-reviewed
~IK9	拈鬮	moedict-reviewed
~IO_F0~I	年復一年	moedict-reviewed
~IYc	黏液	moedict-reviewed
~Ies	年月	moedict-reviewed
~Ih<	拈香	moedict-reviewed
~Iof0C}^	年少得志	moedict-reviewed
~IofB_Ml	年少氣盛	moedict-reviewed
~Iol	拈弄	moedict-reviewed
~Ip1l5Yc	拈花摘葉	moedict-reviewed
~Ip4	粘貼	moedict-reviewed
~Ip=y_wl	拈輕怕重	moedict-reviewed
~Itx	黏涎	moedict-reviewed
~I{o	年下	moedict-reviewed
~I{{	年成	moedict-reviewed
~JL;	岑參	moedict-reviewed
~K0i	行棧	moedict-reviewed
~KE<	行幫	moedict-reviewed
~KVe	行輩	moedict-reviewed
~Kgz	行當	moedict-reviewed
~Kyo	行家	moedict-reviewed
~K~=	行東	moedict-reviewed
~K~l	行佣	moedict-reviewed
~L	堋	moedict-reviewed
~L6_paT:	朋比作奸	moedict-reviewed
~L9>78xd	弸中彪外	moedict-reviewed
~LO_3>	篣婦公	moedict-reviewed
~LX[6_89	朋黨比周	moedict-reviewed
~LkM	蓬茸	moedict-reviewed
~O?0Yc	組織液	moedict-reviewed
~P	侉	moedict-reviewed
~P	咵	moedict-reviewed
~V01pan?	拗曲作直	moedict-reviewed
~Van	襖子	moedict-reviewed
~\^lOd	頸靜脈	moedict-reviewed
~\cVL_th6CcV	井水不犯河水	moedict-reviewed
~\gc	警械	moedict-reviewed
~\lI	井榦	moedict-reviewed
~\mlOd	頸動脈	moedict-reviewed
~^4C	斥革	moedict-reviewed
~^>MC_O@	赤繩繫足	moedict-reviewed
~^L;og[O	赤身露體	moedict-reviewed
~^Ve	赤背	moedict-reviewed
~^an	翅子	moedict-reviewed
~^cfR0\e>`	赤道幾內亞	moedict-reviewed
~^v4Q=]K	叱嗟風雲	moedict-reviewed
~_	腦兒	moedict-reviewed
~_HL	納降	moedict-reviewed
~_Ikan	那樣子	moedict-reviewed
~_L_BbE0	那不勒斯	moedict-reviewed
~_cx	那咱	moedict-reviewed
~_lq1^	那麼點兒	moedict-reviewed
~_lqxq	那麼著	moedict-reviewed
~_m@	那當兒	moedict-reviewed
~_|m	那話兒	moedict-reviewed
~l	禜	moedict-reviewed
~l7{	用項	moedict-reviewed
~l;o	用處	moedict-reviewed
~lQMkR8L	用行舍藏	moedict-reviewed
~l];	佣金	moedict-reviewed
~lkRQM8L	用舍行藏	moedict-reviewed
~lsx	佣錢	moedict-reviewed
~l}^L_?;	用志不分	moedict-reviewed
ml	丼	japan-relative,tw-usage-reading
^;ROml	親子丼	japan-relative,tw-usage-reading
wTV:ml	海鮮丼	japan-relative,tw-usage-reading
N:ml	天丼	japan-relative,tw-usage-reading
0T9Rml	鐵火丼	japan-relative,tw-usage-reading
MKml	豚丼	japan-relative,tw-usage-reading
k0?Eml	豬排丼	japan-relative,tw-usage-reading
RVR@ml	鮪魚丼	japan-relative,tw-usage-reading
wTV:FYth	海鮮丼飯	japan-relative,tw-usage-reading
3@TJ4_kG	祇園四条	japan-relative,tw-usage-reading
1g	鳥	taigi-loan-reading,audit-unigram-health
43	羧	tw-usage-reading,audit-unigram-health
8G	髓	tw-usage-reading,audit-unigram-health
;1	苞	taigi-loan-reading,audit-unigram-health
;:	桿	tw-usage-reading,audit-unigram-health
;_	剔	tw-usage-reading,audit-unigram-health
@>	佣	tw-usage-reading,audit-unigram-health
A_	嫉	tw-usage-reading,audit-unigram-health
B1	咖	tw-usage-reading,audit-unigram-health
B1	尬	tw-usage-reading,audit-unigram-health
C1	揩	tw-usage-reading,audit-unigram-health
NO	脂	tw-usage-reading,audit-unigram-health
RP	尻	taigi-loan-reading,audit-unigram-health
X7	衰	taigi-loan-reading,audit-unigram-health
\0	塢	tw-usage-reading,audit-unigram-health
hf	哭	taigi-loan-reading,audit-unigram-health
o_	胥	tw-usage-reading,audit-unigram-health
rl	焢	tw-usage-reading,audit-unigram-health
sf	燥	tw-usage-reading,audit-unigram-health
33	齪	alt-reading,common-mistype,audit-unigram-health
3_	剌	alt-reading,common-mistype,audit-unigram-health
4C	貉	alt-reading,common-mistype,audit-unigram-health
<h	莠	alt-reading,common-mistype,audit-unigram-health
A:	砧	alt-reading,common-mistype,audit-unigram-health
B_	鍥	alt-reading,common-mistype,audit-unigram-health
FJ	攣	alt-reading,common-mistype,audit-unigram-health
Ff	璨	alt-reading,common-mistype,audit-unigram-health
PO	匙	alt-reading,common-mistype,audit-unigram-health
cR	蛤	alt-reading,common-mistype,audit-unigram-health
ea	骼	alt-reading,common-mistype,audit-unigram-health
ik	獷	alt-reading,common-mistype,audit-unigram-health
qa	齪	alt-reading,common-mistype,audit-unigram-health
zj	絢	alt-reading,common-mistype,audit-unigram-health
L__ML_	不同步	essay-reading-artifact,audit-unigram-health
j6uhL_	非但不	bu-sandhi-reading,essay-reading-artifact,audit-unigram-health
<@[_=@_d	無處不在	bu-sandhi-reading,essay-reading-artifact,audit-unigram-health
L_~Iw2	不黏鍋	bu-sandhi-reading,essay-reading-artifact,audit-unigram-health
=@pa\_	不作數	bu-sandhi-reading,essay-reading-artifact,audit-unigram-health
}QySL_w[_d	我也不想再	bu-sandhi-reading,essay-reading-artifact,audit-unigram-health
hIL_hI	難不難	bu-sandhi-reading,essay-reading-artifact,audit-unigram-health
>JL_=M	完不成	bu-sandhi-reading,essay-reading-artifact,audit-unigram-health
ySL_?0	也不知	bu-sandhi-reading,essay-reading-artifact,audit-unigram-health
}^L_:W	治不好	bu-sandhi-reading,essay-reading-artifact,audit-unigram-health
L_F0=@aG	不依不饒	bu-sandhi-reading,essay-reading-artifact,audit-unigram-health
ySL_o?	也不遲	bu-sandhi-reading,essay-reading-artifact,audit-unigram-health
fcL_dR	切不可	bu-sandhi-reading,essay-reading-artifact,audit-unigram-health
4ivhL_UO	讚歎不已	bu-sandhi-reading,essay-reading-artifact,audit-unigram-health
@W6NL_u?	少兒不宜	bu-sandhi-reading,essay-reading-artifact,audit-unigram-health
^=UlL_4@	生命不息	bu-sandhi-reading,essay-reading-artifact,audit-unigram-health
_;L_;:PM=@ci	心不甘情不願	bu-sandhi-reading,essay-reading-artifact,audit-unigram-health
L_O@2f2e	不足為怪	bu-sandhi-reading,essay-reading-artifact,audit-unigram-health
7i@@L_dY	豔福不淺	bu-sandhi-reading,essay-reading-artifact,audit-unigram-health
a_{HL_DY	慾求不滿	bu-sandhi-reading,essay-reading-artifact,audit-unigram-health
yhL_=M	幹不成	bu-sandhi-reading,essay-reading-artifact,audit-unigram-health
pa0_L_]O	坐視不理	bu-sandhi-reading,essay-reading-artifact,audit-unigram-health
6CL_6C	合不合	bu-sandhi-reading,essay-reading-artifact,audit-unigram-health
L_LP}iRO	不法份子	bu-sandhi-reading,essay-reading-artifact,audit-unigram-health
~8R0L_=Mp?IPXO	偷雞不成蝕把米	bu-sandhi-reading,essay-reading-artifact,audit-unigram-health
L_[1WY0_	不加掩飾	bu-sandhi-reading,essay-reading-artifact,audit-unigram-health
_ML__M5_	同不同意	bu-sandhi-reading,essay-reading-artifact,audit-unigram-health
L_[1M90_	不加修飾	bu-sandhi-reading,essay-reading-artifact,audit-unigram-health
L`L_EECE	下不來台	bu-sandhi-reading,essay-reading-artifact,audit-unigram-health
VD^f=@zj	桀驁不遜	bu-sandhi-reading,essay-reading-artifact,audit-unigram-health
L_|J=@5_	不仁不義	bu-sandhi-reading,essay-reading-artifact,audit-unigram-health
L_|J=@5_	不仁不義	bu-sandhi-reading,essay-reading-artifact,audit-unigram-health
rg]VL_OD	後悔不迭	bu-sandhi-reading,essay-reading-artifact,audit-unigram-health
M@L_dR\Z	孰不可忍	bu-sandhi-reading,essay-reading-artifact,audit-unigram-health
L_EM0_	不平事	bu-sandhi-reading,essay-reading-artifact,audit-unigram-health
panqL_:W	做得不好	bu-sandhi-reading,essay-reading-artifact,audit-unigram-health
ySL_NO	也不止	bu-sandhi-reading,essay-reading-artifact,audit-unigram-health
}8L_NO	都不止	bu-sandhi-reading,essay-reading-artifact,audit-unigram-health
dRL_NO	可不止	bu-sandhi-reading,essay-reading-artifact,audit-unigram-health
L_O@2fi_	不足為慮	bu-sandhi-reading,essay-reading-artifact,audit-unigram-health
:PLjL_3E	屢禁不絕	bu-sandhi-reading,essay-reading-artifact,audit-unigram-health
=@cf[L6C_;L_TO	不到黃河心不死	bu-sandhi-reading,essay-reading-artifact,audit-unigram-health
=@cf[L6C_;L_TO	不到黃河心不死	bu-sandhi-reading,essay-reading-artifact,audit-unigram-health
\0=fL_<:	汙穢不堪	bu-sandhi-reading,essay-reading-artifact,audit-unigram-health
:W2PL_:W	好與不好	bu-sandhi-reading,essay-reading-artifact,audit-unigram-health
L_p=aG	不輕饒	bu-sandhi-reading,essay-reading-artifact,audit-unigram-health
L_[1BZ>C	不加選擇	bu-sandhi-reading,essay-reading-artifact,audit-unigram-health
L_p??0s?	不實之詞	bu-sandhi-reading,essay-reading-artifact,audit-unigram-health
Ldm@L_]O	愛答不理	bu-sandhi-reading,essay-reading-artifact,audit-unigram-health
5E6NL_E0>C0\	學而不思則罔	bu-sandhi-reading,essay-reading-artifact,audit-unigram-health
L_[101KD	不加區別	bu-sandhi-reading,essay-reading-artifact,audit-unigram-health
0_dRJ1L_dR}O	士可殺不可辱	bu-sandhi-reading,essay-reading-artifact,audit-unigram-health
L_aJKl	不全症	bu-sandhi-reading,essay-reading-artifact,audit-unigram-health
L_dR6_	不可避	bu-sandhi-reading,essay-reading-artifact,audit-unigram-health
L_[1]O1U	不加理睬	bu-sandhi-reading,essay-reading-artifact,audit-unigram-health
L_dRMlA_	不可勝計	bu-sandhi-reading,essay-reading-artifact,audit-unigram-health
}Q_dySL_	我再也不	bu-sandhi-reading,essay-reading-artifact,audit-unigram-health
L_UOL7>P	不以規矩	bu-sandhi-reading,essay-reading-artifact,audit-unigram-health
s:nlL_UO	痠痛不已	bu-sandhi-reading,essay-reading-artifact,audit-unigram-health
_;L_OKDfDb	新不倫瑞克	bu-sandhi-reading,essay-reading-artifact,audit-unigram-health
LjL_EE	進不來	bu-sandhi-reading,essay-reading-artifact,audit-unigram-health
L_O@2fm_	不足為據	bu-sandhi-reading,essay-reading-artifact,audit-unigram-health
g6=@2_^=	悲不自勝	bu-sandhi-reading,essay-reading-artifact,audit-unigram-health
_dL_ZXnqf<EE	在不久的將來	bu-sandhi-reading,essay-reading-artifact,audit-unigram-health
4@H:L_x@	習焉不察	bu-sandhi-reading,essay-reading-artifact,audit-unigram-health
qh0>L_0>	半通不通	bu-sandhi-reading,essay-reading-artifact,audit-unigram-health
oTL_bOwK	買不起房	bu-sandhi-reading,essay-reading-artifact,audit-unigram-health
L_4MV3	不能喝	bu-sandhi-reading,essay-reading-artifact,audit-unigram-health
L_dRMlwI	不可勝言	bu-sandhi-reading,essay-reading-artifact,audit-unigram-health
[O=_L_?0	體力不支	bu-sandhi-reading,essay-reading-artifact,audit-unigram-health
A_L_N@|J	技不如人	bu-sandhi-reading,essay-reading-artifact,audit-unigram-health
L_OOR@|J	不齒於人	bu-sandhi-reading,essay-reading-artifact,audit-unigram-health
MP<CL_TO	打蛇不死	bu-sandhi-reading,essay-reading-artifact,audit-unigram-health
L_dRMlA_	不可勝紀	bu-sandhi-reading,essay-reading-artifact,audit-unigram-health
TOL_FMN_	死不冥目	bu-sandhi-reading,essay-reading-artifact,audit-unigram-health
K0}FL_UO	低迴不已	bu-sandhi-reading,essay-reading-artifact,audit-unigram-health
4aL_sI	莫不然	bu-sandhi-reading,essay-reading-artifact,audit-unigram-health
=MtOL_aJKl	成骨不全症	bu-sandhi-reading,essay-reading-artifact,audit-unigram-health
L_dRMlA_	不可勝記	bu-sandhi-reading,essay-reading-artifact,audit-unigram-health
]=L_bO	撐不起	bu-sandhi-reading,essay-reading-artifact,audit-unigram-health
O_L_bO	付不起	bu-sandhi-reading,essay-reading-artifact,audit-unigram-health
=@8k\_	不當數	bu-sandhi-reading,essay-reading-artifact,audit-unigram-health
L_{H:9ha	不求收獲	bu-sandhi-reading,essay-reading-artifact,audit-unigram-health
L_dR4W	不可導	bu-sandhi-reading,essay-reading-artifact,audit-unigram-health
{J}^L_p=	神志不清	bu-sandhi-reading,essay-reading-artifact,audit-unigram-health
=1L_l0EE	發不出來	bu-sandhi-reading,essay-reading-artifact,audit-unigram-health
L_[1~0\_	不加拘束	bu-sandhi-reading,essay-reading-artifact,audit-unigram-health
0iL_O@	佔不足	bu-sandhi-reading,essay-reading-artifact,audit-unigram-health
3><@L_?P	攻無不取	bu-sandhi-reading,essay-reading-artifact,audit-unigram-health
<@L_m@	無不達	bu-sandhi-reading,essay-reading-artifact,audit-unigram-health
6[L_6[}Q	准不准我	bu-sandhi-reading,essay-reading-artifact,audit-unigram-health
DkL_4M	尚不能	bu-sandhi-reading,essay-reading-artifact,audit-unigram-health
L_[1yK	不加糖	bu-sandhi-reading,essay-reading-artifact,audit-unigram-health
3gL_dRi[	笑不可仰	bu-sandhi-reading,essay-reading-artifact,audit-unigram-health
6[L_6[\O	准不准你	bu-sandhi-reading,essay-reading-artifact,audit-unigram-health
nqL_:W	得不好	bu-sandhi-reading,essay-reading-artifact,audit-unigram-health
L_4MMl|O	不能勝數	bu-sandhi-reading,essay-reading-artifact,audit-unigram-health
L_UOs?Wd}^	不以辭害志	bu-sandhi-reading,essay-reading-artifact,audit-unigram-health
L_4Mm0	不能輸	bu-sandhi-reading,essay-reading-artifact,audit-unigram-health
a_L_dRmM	欲不可從	bu-sandhi-reading,essay-reading-artifact,audit-unigram-health
QWL_l0EE	繳不出來	bu-sandhi-reading,essay-reading-artifact,audit-unigram-health
XDL_z?Kl	邪不敵正	bu-sandhi-reading,essay-reading-artifact,audit-unigram-health
rFPGL_M9	帷薄不修	bu-sandhi-reading,essay-reading-artifact,audit-unigram-health
L_dR^;thaJ	不可侵犯權	bu-sandhi-reading,essay-reading-artifact,audit-unigram-health
CdbGL_u?	確鑿不移	bu-sandhi-reading,essay-reading-artifact,audit-unigram-health
L_dRMlTJ	不可勝原	bu-sandhi-reading,essay-reading-artifact,audit-unigram-health
_dL_PY	再不斬	bu-sandhi-reading,essay-reading-artifact,audit-unigram-health
g6g6L_O@cf	卑卑不足道	bu-sandhi-reading,essay-reading-artifact,audit-unigram-health
VB3@tOL_3@	鑼齊鼓不齊	bu-sandhi-reading,essay-reading-artifact,audit-unigram-health
CEL_bOEE	抬不起來	bu-sandhi-reading,essay-reading-artifact,audit-unigram-health
4aL_R@OO	莫不逾侈	bu-sandhi-reading,essay-reading-artifact,audit-unigram-health
[1L_[1	加不加	bu-sandhi-reading,essay-reading-artifact,audit-unigram-health
dRL_dRSd	渴不可耐	bu-sandhi-reading,essay-reading-artifact,audit-unigram-health
:1L_4Mpg	巴不能夠	bu-sandhi-reading,essay-reading-artifact,audit-unigram-health
i=L_p={O	聽不清楚	bu-sandhi-reading,essay-reading-artifact,audit-unigram-health
YcL_4MXe	夜不能寐	bu-sandhi-reading,essay-reading-artifact,audit-unigram-health
A_L_bO	記不起	bu-sandhi-reading,essay-reading-artifact,audit-unigram-health
PM=@2_^=	情不自勝	bu-sandhi-reading,essay-reading-artifact,audit-unigram-health
UlL_ZXUO	命不久矣	bu-sandhi-reading,essay-reading-artifact,audit-unigram-health
L_4M2@	不能急	bu-sandhi-reading,essay-reading-artifact,audit-unigram-health
uhL_?0	但不知	bu-sandhi-reading,essay-reading-artifact,audit-unigram-health
L_4MRi	不能斷	bu-sandhi-reading,essay-reading-artifact,audit-unigram-health
L_FM}^	不明智	bu-sandhi-reading,essay-reading-artifact,audit-unigram-health
l0L_l0	出不出	bu-sandhi-reading,essay-reading-artifact,audit-unigram-health
yhL_>J	幹不完	bu-sandhi-reading,essay-reading-artifact,audit-unigram-health
ifL_bO	耗不起	bu-sandhi-reading,essay-reading-artifact,audit-unigram-health
=@;j6C5_	不甚合意	bu-sandhi-reading,essay-reading-artifact,audit-unigram-health
N_L_\ZCi	目不忍見	bu-sandhi-reading,essay-reading-artifact,audit-unigram-health
L_4M_k	不能忘	bu-sandhi-reading,essay-reading-artifact,audit-unigram-health
qh>]L_>]	半懂不懂	bu-sandhi-reading,essay-reading-artifact,audit-unigram-health
XiL_EE	換不來	bu-sandhi-reading,essay-reading-artifact,audit-unigram-health
1WL_l0	跑不出	bu-sandhi-reading,essay-reading-artifact,audit-unigram-health
]=L_bOEE	撐不起來	bu-sandhi-reading,essay-reading-artifact,audit-unigram-health
J`L_l0n_	嫁不出去	bu-sandhi-reading,essay-reading-artifact,audit-unigram-health
yhL_l0	幹不出	bu-sandhi-reading,essay-reading-artifact,audit-unigram-health
}8L_?0	都不知	bu-sandhi-reading,essay-reading-artifact,audit-unigram-health
L_dRMlm0	不可勝書	bu-sandhi-reading,essay-reading-artifact,audit-unigram-health
_`L_l0EE	畫不出來	bu-sandhi-reading,essay-reading-artifact,audit-unigram-health
EYO_L_4L	反覆不常	bu-sandhi-reading,essay-reading-artifact,audit-unigram-health
6[L_6[?1	准不准他	bu-sandhi-reading,essay-reading-artifact,audit-unigram-health
_`L_l0	畫不出	bu-sandhi-reading,essay-reading-artifact,audit-unigram-health
L_dRVO\O	不可比擬	bu-sandhi-reading,essay-reading-artifact,audit-unigram-health
MPnqL_:W	打得不好	bu-sandhi-reading,essay-reading-artifact,audit-unigram-health
=1L_l0n_	發不出去	bu-sandhi-reading,essay-reading-artifact,audit-unigram-health
L_UOK_cO	不以物喜	bu-sandhi-reading,essay-reading-artifact,audit-unigram-health
yhL_l0EE	幹不出來	bu-sandhi-reading,essay-reading-artifact,audit-unigram-health
A_L_p={O	記不清楚	bu-sandhi-reading,essay-reading-artifact,audit-unigram-health
4L^=L_7Wtf	長生不老藥	bu-sandhi-reading,essay-reading-artifact,audit-unigram-health
nqL_s2	得不多	bu-sandhi-reading,essay-reading-artifact,audit-unigram-health
J;L_?0	真不知	bu-sandhi-reading,essay-reading-artifact,audit-unigram-health
V3L_bO	喝不起	bu-sandhi-reading,essay-reading-artifact,audit-unigram-health
WY=@Ci_;L_eI	眼不見心不煩	bu-sandhi-reading,essay-reading-artifact,audit-unigram-health
V:L_bO	掀不起	bu-sandhi-reading,essay-reading-artifact,audit-unigram-health
=_=@2_^=	力不自勝	bu-sandhi-reading,essay-reading-artifact,audit-unigram-health
?;L_L_:<	分佈不均	bu-sandhi-reading,essay-reading-artifact,audit-unigram-health
L_:WZo	不好嘛	bu-sandhi-reading,essay-reading-artifact,audit-unigram-health
dR_kL_dR2@	可望不可及	bu-sandhi-reading,essay-reading-artifact,audit-unigram-health
L_g:}Q0_	不關我事	bu-sandhi-reading,essay-reading-artifact,audit-unigram-health
O]L_wIB_	永不言棄	bu-sandhi-reading,essay-reading-artifact,audit-unigram-health
4LL_l0	嘗不出	bu-sandhi-reading,essay-reading-artifact,audit-unigram-health
p1L_@W5J	花不少錢	bu-sandhi-reading,essay-reading-artifact,audit-unigram-health
`f=_L_h<kMTJ]O	泡利不相容原理	bu-sandhi-reading,essay-reading-artifact,audit-unigram-health
L_5EPL\_	不學亡術	bu-sandhi-reading,essay-reading-artifact,audit-unigram-health
Ci9>L_MP	見鐘不打	bu-sandhi-reading,essay-reading-artifact,audit-unigram-health
];p?L__M0\1_	今時不同往日	bu-sandhi-reading,essay-reading-artifact,audit-unigram-health
L_F0Wlpg	不一定夠	bu-sandhi-reading,essay-reading-artifact,audit-unigram-health
6dL_:W	越不好	bu-sandhi-reading,essay-reading-artifact,audit-unigram-health
=@Xi}P6NXiL_:<	不患寡而患不均	bu-sandhi-reading,essay-reading-artifact,audit-unigram-health
L_UOs?Wd}^	不以詞害志	bu-sandhi-reading,essay-reading-artifact,audit-unigram-health
L_p?Nj4@	不實信息	bu-sandhi-reading,essay-reading-artifact,audit-unigram-health
p1L_l0n_	花不出去	bu-sandhi-reading,essay-reading-artifact,audit-unigram-health
9>L_4M	終不能	bu-sandhi-reading,essay-reading-artifact,audit-unigram-health
HXL_HX	醜不醜	bu-sandhi-reading,essay-reading-artifact,audit-unigram-health
2P=@o=|JTOL_M9	語不驚人死不休	bu-sandhi-reading,essay-reading-artifact,audit-unigram-health
}8L_>J	都不玩	bu-sandhi-reading,essay-reading-artifact,audit-unigram-health
A@L_l0EE	讀不出來	bu-sandhi-reading,essay-reading-artifact,audit-unigram-health
U:]OL_vHQM	千里不留行	bu-sandhi-reading,essay-reading-artifact,audit-unigram-health
UOL_4M	已不能	bu-sandhi-reading,essay-reading-artifact,audit-unigram-health
CbL_F0Ik	各不一樣	bu-sandhi-reading,essay-reading-artifact,audit-unigram-health
O]L_wIMd	永不言敗	bu-sandhi-reading,essay-reading-artifact,audit-unigram-health
3>L_bO	供不起	bu-sandhi-reading,essay-reading-artifact,audit-unigram-health
?;L_x7	分不高	bu-sandhi-reading,essay-reading-artifact,audit-unigram-health
V3L_l0	喝不出	bu-sandhi-reading,essay-reading-artifact,audit-unigram-health
L_O@2fm_	不足為懼	bu-sandhi-reading,essay-reading-artifact,audit-unigram-health
cfL__M	道不同	bu-sandhi-reading,essay-reading-artifact,audit-unigram-health
L_3@6N}^	不期而至	bu-sandhi-reading,essay-reading-artifact,audit-unigram-health
I:L_l0EE	編不出來	bu-sandhi-reading,essay-reading-artifact,audit-unigram-health
L;}iL_FM	身份不明	bu-sandhi-reading,essay-reading-artifact,audit-unigram-health
L_N@xg|JUOR@	不如授人以漁	bu-sandhi-reading,essay-reading-artifact,audit-unigram-health
3EL_^PR@	絕不亞於	bu-sandhi-reading,essay-reading-artifact,audit-unigram-health
L_n?F0rA	不值一駁	bu-sandhi-reading,essay-reading-artifact,audit-unigram-health
pOL_N@\_	堵不如疏	bu-sandhi-reading,essay-reading-artifact,audit-unigram-health
6[L_6[WF	准不准誰	bu-sandhi-reading,essay-reading-artifact,audit-unigram-health
?0^=L_l0	隻聲不出	bu-sandhi-reading,essay-reading-artifact,audit-unigram-health
MdL_=M:<	敗不成軍	bu-sandhi-reading,essay-reading-artifact,audit-unigram-health
@@L_bOEE	扶不起來	bu-sandhi-reading,essay-reading-artifact,audit-unigram-health
L_=M3>8i=M|J	不成功便成仁	bu-sandhi-reading,essay-reading-artifact,audit-unigram-health
L_6CSl	不合並	bu-sandhi-reading,essay-reading-artifact,audit-unigram-health
V3L_l0EE	喝不出來	bu-sandhi-reading,essay-reading-artifact,audit-unigram-health
=_L_bOEE	立不起來	bu-sandhi-reading,essay-reading-artifact,audit-unigram-health
6:L_bO	翻不起	bu-sandhi-reading,essay-reading-artifact,audit-unigram-health
[1_dL_l0EE	加載不出來	bu-sandhi-reading,essay-reading-artifact,audit-unigram-health
4LL_l0	長不出	bu-sandhi-reading,essay-reading-artifact,audit-unigram-health
I:L_l0	編不出	bu-sandhi-reading,essay-reading-artifact,audit-unigram-health
ySL_>J	也不玩	bu-sandhi-reading,essay-reading-artifact,audit-unigram-health
CEL_bO	抬不起	bu-sandhi-reading,essay-reading-artifact,audit-unigram-health
IFNX<Ck@L_dR4M	沒有甚麼不可能	bu-sandhi-reading,essay-reading-artifact,audit-unigram-health
UOL_O@	已不足	bu-sandhi-reading,essay-reading-artifact,audit-unigram-health
n?L_bO68	直不起腰	bu-sandhi-reading,essay-reading-artifact,audit-unigram-health
cfL_FM	道不明	bu-sandhi-reading,essay-reading-artifact,audit-unigram-health
vHL_vH	留不留	bu-sandhi-reading,essay-reading-artifact,audit-unigram-health
L_kMSW0_	不容小視	bu-sandhi-reading,essay-reading-artifact,audit-unigram-health
SlnqL_p=	病得不輕	bu-sandhi-reading,essay-reading-artifact,audit-unigram-health
M<L_bO	扛不起	bu-sandhi-reading,essay-reading-artifact,audit-unigram-health
L_4Mth	不能犯	bu-sandhi-reading,essay-reading-artifact,audit-unigram-health
L_FML;}i	不明身份	bu-sandhi-reading,essay-reading-artifact,audit-unigram-health
}8L_V3	都不喝	bu-sandhi-reading,essay-reading-artifact,audit-unigram-health
L_dRrF	不可違	bu-sandhi-reading,essay-reading-artifact,audit-unigram-health
L_l0Ei	不出線	bu-sandhi-reading,essay-reading-artifact,audit-unigram-health
>PL_bOEE	舉不起來	bu-sandhi-reading,essay-reading-artifact,audit-unigram-health
wIzIL_3E	延綿不絕	bu-sandhi-reading,essay-reading-artifact,audit-unigram-health
R0L_bO	激不起	bu-sandhi-reading,essay-reading-artifact,audit-unigram-health
6:L_l0	翻不出	bu-sandhi-reading,essay-reading-artifact,audit-unigram-health
0i=_L_vZ	站立不穩	bu-sandhi-reading,essay-reading-artifact,audit-unigram-health
J;7fL_bO	真對不起	bu-sandhi-reading,essay-reading-artifact,audit-unigram-health
{fL_l0EE	尿不出來	bu-sandhi-reading,essay-reading-artifact,audit-unigram-health
1g:_:_L_KM	叫地地不靈	bu-sandhi-reading,essay-reading-artifact,audit-unigram-health
UOL_[K_d	已不存在	bu-sandhi-reading,essay-reading-artifact,audit-unigram-health
_;3>4ML_aJ	心功能不全	bu-sandhi-reading,essay-reading-artifact,audit-unigram-health
>PL_l0	舉不出	bu-sandhi-reading,essay-reading-artifact,audit-unigram-health
<;3ML_4@	奔騰不息	bu-sandhi-reading,essay-reading-artifact,audit-unigram-health
:W{hL_{?I<~IO]	好漢不提當年勇	bu-sandhi-reading,essay-reading-artifact,audit-unigram-health
03_`tfbi\_	說話要算數	reviewed-reading,audit-unigram-health
0C2PA0	得與失	reviewed-reading,audit-unigram-health
0C5_R@	得益於	reviewed-reading,audit-unigram-health
0J6CtO|_S_	聯合古大陸	reviewed-reading,audit-unigram-health
0JC_bOEE	聯繫起來	reviewed-reading,audit-unigram-health
0JC_s?	連繫詞	reviewed-reading,audit-unigram-health
0JanEi	簾子線	reviewed-reading,audit-unigram-health
0JanL_	簾子布	reviewed-reading,audit-unigram-health
0Jv4\_m_U_	連接數據庫	reviewed-reading,audit-unigram-health
0W6C0_	飽和式	reviewed-reading,audit-unigram-health
0Z0_an	軟柿子	reviewed-reading,audit-unigram-health
0\Dk1K~K	網上銀行	reviewed-reading,audit-unigram-health
0_<CcpSl	是什麼病	reviewed-reading,audit-unigram-health
0_F08i	試一遍	reviewed-reading,audit-unigram-health
0_RlKl	適應症	reviewed-reading,audit-unigram-health
0_RlKl	適應證	reviewed-reading,audit-unigram-health
0_b[g6	市長盃	reviewed-reading,audit-unigram-health
0_qq@@F0n_	事了拂衣去	reviewed-reading,audit-unigram-health
0_y_~K[1	事怕行家	reviewed-reading,audit-unigram-health
0`?0UOrFe]	腊之以為餌	reviewed-reading,audit-unigram-health
0i@W\_	佔少數	reviewed-reading,audit-unigram-health
0iLjyIu?	佔盡便宜	reviewed-reading,audit-unigram-health
0i|JyIu?	佔人便宜	reviewed-reading,audit-unigram-health
1K~KBkV_	銀行賬戶	reviewed-reading,audit-unigram-health
1K~KBkif	銀行賬號	reviewed-reading,audit-unigram-health
1K~Kec	銀行借	reviewed-reading,audit-unigram-health
1K~K|YBk	銀行轉賬	reviewed-reading,audit-unigram-health
1UikaJ	採礦權	reviewed-reading,audit-unigram-health
1WL_MW4_	跑不了寺	reviewed-reading,audit-unigram-health
1WL_MWwf	跑不了廟	reviewed-reading,audit-unigram-health
1gF0rq	教一個	reviewed-reading,audit-unigram-health
1gHEan	教孩子	reviewed-reading,audit-unigram-health
1gxdKD\i	教外別傳	reviewed-reading,audit-unigram-health
2=CEan	雙台子	reviewed-reading,audit-unigram-health
2=CEan01	雙台子區	reviewed-reading,audit-unigram-health
2=iML;}i	雙重身份	reviewed-reading,audit-unigram-health
2@0Ccf	即得到	reviewed-reading,audit-unigram-health
2@2@<@FM	藉藉無名	reviewed-reading,audit-unigram-health
2@3@Rl~l	及其應用	reviewed-reading,audit-unigram-health
2@68{H	即要求	reviewed-reading,audit-unigram-health
2@`lp=_`K_wlA@	急性氰化物中毒	reviewed-reading,audit-unigram-health
2@`lwlA@	急性中毒	reviewed-reading,audit-unigram-health
2PR@H<CWXD:L	雨餘芳草斜陽	reviewed-reading,audit-unigram-health
2_aOi_	自給率	reviewed-reading,audit-unigram-health
2_sI\_2@	自然數集	reviewed-reading,audit-unigram-health
2f0_Rl	為適應	reviewed-reading,audit-unigram-health
2f5E3g	為學校	reviewed-reading,audit-unigram-health
2f?0\_6N	未知數兒	reviewed-reading,audit-unigram-health
2fF0D80C|JrGFf	為伊消得人憔悴	reviewed-reading,audit-unigram-health
2fIbrq	為這個	reviewed-reading,audit-unigram-health
2fLju?L_	為進一步	reviewed-reading,audit-unigram-health
2fR0\_	為基數	reviewed-reading,audit-unigram-health
2fRl7f	為應對	reviewed-reading,audit-unigram-health
2fVe~\	為背景	reviewed-reading,audit-unigram-health
2f^l\J	胃痙攣	reviewed-reading,audit-unigram-health
2fxUF0rq	為每一個	reviewed-reading,audit-unigram-health
3:L_4W6N	扳不倒兒	reviewed-reading,audit-unigram-health
3>A@5E3g	工讀學校	reviewed-reading,audit-unigram-health
3>L_\_m_	公佈數據	reviewed-reading,audit-unigram-health
3>Rl0_	供應室	reviewed-reading,audit-unigram-health
3>aONb	供給側	reviewed-reading,audit-unigram-health
3E0_6d7f	爵士樂隊	reviewed-reading,audit-unigram-health
3Kna?;L_	頻數分佈	reviewed-reading,audit-unigram-health
3aVian3aK6	破罐子破摔	reviewed-reading,audit-unigram-health
3eA_EMKl	會計憑證	reviewed-reading,audit-unigram-health
3eA_Kl	會計證	reviewed-reading,audit-unigram-health
3eA_TJ	會計員	reviewed-reading,audit-unigram-health
3eA_p?K_	會計實務	reviewed-reading,audit-unigram-health
3gNX0\	校友網	reviewed-reading,audit-unigram-health
3gNXS_	校友錄	reviewed-reading,audit-unigram-health
3gTJ0\	校園網	reviewed-reading,audit-unigram-health
3gcfP_an3M	笑到肚子疼	reviewed-reading,audit-unigram-health
48{lCE	操縱檯	reviewed-reading,audit-unigram-health
4CF0rq	隔一個	reviewed-reading,audit-unigram-health
4CNF0_6T:X5E	格雷氏解剖學	reviewed-reading,audit-unigram-health
4CUlPO	革命史	reviewed-reading,audit-unigram-health
4C[1an	閤家子	reviewed-reading,audit-unigram-health
4K6CEi	民和縣	reviewed-reading,audit-unigram-health
4LG@an	長鬍子	reviewed-reading,audit-unigram-health
4L\_Wk	常數項	reviewed-reading,audit-unigram-health
4L^l\J	腸痙攣	reviewed-reading,audit-unigram-health
4L_;[KL@	長鑫存儲	reviewed-reading,audit-unigram-health
4Lq=Ei	長興縣	reviewed-reading,audit-unigram-health
4Lv?an	長鼻子	reviewed-reading,audit-unigram-health
4Wqq:1VeROIF	倒了八輩子楣	reviewed-reading,audit-unigram-health
4ZcV6TL_MWLjdR	遠水解不了近渴	reviewed-reading,audit-unigram-health
4_UOR0U:wlA@	四乙基鉛中毒	reviewed-reading,audit-unigram-health
4_sIlI\_	似然函數	reviewed-reading,audit-unigram-health
4aSOrF<C	莫此為甚	reviewed-reading,audit-unigram-health
4a[jqIR@	冒頓單于	reviewed-reading,audit-unigram-health
4ad\{h	冒冷汗	reviewed-reading,audit-unigram-health
4algoO	磨豆腐	reviewed-reading,audit-unigram-health
4iF0rq	贊一個	reviewed-reading,audit-unigram-health
4kan:i6N	棒子麵兒	reviewed-reading,audit-unigram-health
5>F0=1	轟一發	reviewed-reading,audit-unigram-health
5JaM:_	乾隆帝	reviewed-reading,audit-unigram-health
5_0C?0Ci	一得之見	reviewed-reading,audit-unigram-health
5_6CDJ	議和團	reviewed-reading,audit-unigram-health
5_=_L_4W	屹立不倒	reviewed-reading,audit-unigram-health
5_?0:L	一隻羊	reviewed-reading,audit-unigram-health
5_?0?0	一隻隻	reviewed-reading,audit-unigram-health
5_?0Ci	一支箭	reviewed-reading,audit-unigram-health
5_?0H:	一支菸	reviewed-reading,audit-unigram-health
5_?0QW	一隻腳	reviewed-reading,audit-unigram-health
5_?0R0	一隻雞	reviewed-reading,audit-unigram-health
5_?0VO	一支筆	reviewed-reading,audit-unigram-health
5_?0kO	一支舞	reviewed-reading,audit-unigram-health
5_?0{K	一隻狼	reviewed-reading,audit-unigram-health
5_C26N	一撥兒	reviewed-reading,audit-unigram-health
5_IXA0	一首詩	reviewed-reading,audit-unigram-health
5_IXIX	一首首	reviewed-reading,audit-unigram-health
5_IXPMT3	一首情歌	reviewed-reading,audit-unigram-health
5_IXs?	一首詞	reviewed-reading,audit-unigram-health
5_U3U3	一顆顆	reviewed-reading,audit-unigram-health
5_U3_;	一顆心	reviewed-reading,audit-unigram-health
5_a_6CrF	意欲何為	reviewed-reading,audit-unigram-health
5_gINO0]	一彈指頃	reviewed-reading,audit-unigram-health
68Eb^=	吆喝聲	reviewed-reading,audit-unigram-health
68VeL_	腰背部	reviewed-reading,audit-unigram-health
68Venl	腰背痛	reviewed-reading,audit-unigram-health
68s:Venl	腰痠背痛	reviewed-reading,audit-unigram-health
6C0JCREYRl	核連鎖反應	reviewed-reading,audit-unigram-health
6C6JQ;	和絃音	reviewed-reading,audit-unigram-health
6C6iKb	核散射	reviewed-reading,audit-unigram-health
6C=@ga6i	核不擴散	reviewed-reading,audit-unigram-health
6CBbgc	和樂蟹	reviewed-reading,audit-unigram-health
6CEMEi	和平縣	reviewed-reading,audit-unigram-health
6CEMu[	和平獎	reviewed-reading,audit-unigram-health
6CI<Qk	核當量	reviewed-reading,audit-unigram-health
6CKlEi	和政縣	reviewed-reading,audit-unigram-health
6C^lEi	和靜縣	reviewed-reading,audit-unigram-health
6Cga6i	核擴散	reviewed-reading,audit-unigram-health
6CgjEi	和順縣	reviewed-reading,audit-unigram-health
6ClI\_	核函數	reviewed-reading,audit-unigram-health
6CmJKY	核門檻	reviewed-reading,audit-unigram-health
6CrFF0[O	合為一體	reviewed-reading,audit-unigram-health
6CwK1K3g7T`@QM	何妨吟嘯且徐行	reviewed-reading,audit-unigram-health
6C}I0_	和田市	reviewed-reading,audit-unigram-health
6C}I6C	和田河	reviewed-reading,audit-unigram-health
6C}IEi	和田縣	reviewed-reading,audit-unigram-health
6C}Ia_	和田玉	reviewed-reading,audit-unigram-health
6J6d4_iMzg	絃樂四重奏	reviewed-reading,audit-unigram-health
6J6d7f	絃樂隊	reviewed-reading,audit-unigram-health
6J6dDJ	絃樂團	reviewed-reading,audit-unigram-health
6JFM6dB_	弦鳴樂器	reviewed-reading,audit-unigram-health
6T8kM_	解當鋪	reviewed-reading,audit-unigram-health
6T:X0_	解剖室	reviewed-reading,audit-unigram-health
6TKMHE0_A_KM|J	解鈴還是繫鈴人	reviewed-reading,audit-unigram-health
6_11?0wKs:	必需脂肪酸	reviewed-reading,audit-unigram-health
6_3gRl	壁效應	reviewed-reading,audit-unigram-health
6_ObWYo=}2k@Cd	閉塞眼睛捉麻雀	reviewed-reading,audit-unigram-health
6_T:v4H]	比肩接踵	reviewed-reading,audit-unigram-health
6dB_9>	樂器鐘	reviewed-reading,audit-unigram-health
6db[|_	越長大	reviewed-reading,audit-unigram-health
6dp=0_	樂清市	reviewed-reading,audit-unigram-health
6dyIu?	越便宜	reviewed-reading,audit-unigram-health
6d|J<@\_	閱人無數	reviewed-reading,audit-unigram-health
6hQWn1if	六角括號	reviewed-reading,audit-unigram-health
6iLb9i	散熱片	reviewed-reading,audit-unigram-health
78Cban	彪個子	reviewed-reading,audit-unigram-health
7:2ffcWkQk	單位切向量	reviewed-reading,audit-unigram-health
7:8iQk	單變量	reviewed-reading,audit-unigram-health
7:Wk<i	單相電	reviewed-reading,audit-unigram-health
7:^lEYy<WkR0	單鏡反光相機	reviewed-reading,audit-unigram-health
7Ran;:6N	果子乾兒	reviewed-reading,audit-unigram-health
7Ranml	果子凍	reviewed-reading,audit-unigram-health
7W7W[1	姥姥家	reviewed-reading,audit-unigram-health
7W9ian	老騙子	reviewed-reading,audit-unigram-health
7WJD9>	老爺鐘	reviewed-reading,audit-unigram-health
7WJDz\	老爺嶺	reviewed-reading,audit-unigram-health
7WNXCRrF	老有所為	reviewed-reading,audit-unigram-health
7WofI:|M	老少邊窮	reviewed-reading,audit-unigram-health
7f:j0_	對稱式	reviewed-reading,audit-unigram-health
7imfa00__f	燕趙都市報	reviewed-reading,audit-unigram-health
88=@vfQk	漂不漂亮	reviewed-reading,audit-unigram-health
893@lI\_	週期函數	reviewed-reading,audit-unigram-health
8L8L5_5_	藏藏掖掖	reviewed-reading,audit-unigram-health
8Lo=4C	藏經閣	reviewed-reading,audit-unigram-health
8Lo=ml	藏經洞	reviewed-reading,audit-unigram-health
8M<8v?an	橫挑鼻子	reviewed-reading,audit-unigram-health
8M^=1K~K	恆生銀行	reviewed-reading,audit-unigram-health
8M^=NO\_	恆生指數	reviewed-reading,audit-unigram-health
8M^=tOJ`NO\_	恆生股價指數	reviewed-reading,audit-unigram-health
8TYcSl	血液病	reviewed-reading,audit-unigram-health
8TvHQk	血流量	reviewed-reading,audit-unigram-health
8TwlA@	血中毒	reviewed-reading,audit-unigram-health
8W>J_M	睪丸酮	reviewed-reading,audit-unigram-health
8_6dJ`3@	蜜月假期	reviewed-reading,audit-unigram-health
8i0Ccf	便得到	reviewed-reading,audit-unigram-health
8i=MrF	便成為	reviewed-reading,audit-unigram-health
913@CRif	阿其所好	reviewed-reading,audit-unigram-health
91L_w@VO0_	阿布扎比市	reviewed-reading,audit-unigram-health
91O_{h2P	阿富汗語	reviewed-reading,audit-unigram-health
9>2@3eA_	中級會計	reviewed-reading,audit-unigram-health
9>2@3eA_A0	中級會計師	reviewed-reading,audit-unigram-health
9>2@3eA_n?]=	中級會計職稱	reviewed-reading,audit-unigram-health
9>T:=_Qk	中堅力量	reviewed-reading,audit-unigram-health
9Kikp?	磷礦石	reviewed-reading,audit-unigram-health
9\rF|J?0	廣為人知	reviewed-reading,audit-unigram-health
9krqLP	燙個髮	reviewed-reading,audit-unigram-health
:12_HEIFF0l4	八字還沒一撇	reviewed-reading,audit-unigram-health
:12_HEIFF0l46N	八字還沒一撇兒	reviewed-reading,audit-unigram-health
:1;:an	八竿子	reviewed-reading,audit-unigram-health
:1XoVDVD	巴巴結結	reviewed-reading,audit-unigram-health
:98Lec	收藏界	reviewed-reading,audit-unigram-health
:<6dDJ	軍樂團	reviewed-reading,audit-unigram-health
:>}iEYRl	充分反映	reviewed-reading,audit-unigram-health
:CanC_	摺子戲	reviewed-reading,audit-unigram-health
:LBbOb	洋垃圾	reviewed-reading,audit-unigram-health
:LVY3gRl	陽傘效應	reviewed-reading,audit-unigram-health
:Lw?j@	洋琵琶	reviewed-reading,audit-unigram-health
:Lx4an	羊蠍子	reviewed-reading,audit-unigram-health
:W2_];o1	好自矜誇	reviewed-reading,audit-unigram-health
:XO_Fkk0	剖腹藏珠	reviewed-reading,audit-unigram-health
:_F0rq6d	第一個月	reviewed-reading,audit-unigram-health
:_kGan	遞條子	reviewed-reading,audit-unigram-health
:_n?ikQYL_	地質礦產部	reviewed-reading,audit-unigram-health
:b2PwlU<	惡語中傷	reviewed-reading,audit-unigram-health
:hA_BL	救濟糧	reviewed-reading,audit-unigram-health
:hiw[1	舅舅家	reviewed-reading,audit-unigram-health
:hp5:hA_E0	救災救濟司	reviewed-reading,audit-unigram-health
:hyfan	舊調子	reviewed-reading,audit-unigram-health
:h~\iMEi	舊景重現	reviewed-reading,audit-unigram-health
:jIbrq	趁這個	reviewed-reading,audit-unigram-health
;:R0?>kM	乾姬松茸	reviewed-reading,audit-unigram-health
;_{hRG	剃汗毛	reviewed-reading,audit-unigram-health
<@Qkxg	無量壽	reviewed-reading,audit-unigram-health
<@[_dRkK	無處可尋	reviewed-reading,audit-unigram-health
<@\_Cb	無數個	reviewed-reading,audit-unigram-health
<@^j<Ccpp?rg	無論什麼時候	reviewed-reading,audit-unigram-health
<@rFEi	無為縣	reviewed-reading,audit-unigram-health
<Ccp0_J;Kl	什麼是真正	reviewed-reading,audit-unigram-health
<Ccp0_Ld	什麼是愛	reviewed-reading,audit-unigram-health
<Ccp0_LdPM	什麼是愛情	reviewed-reading,audit-unigram-health
<Ccp1gpa	什麼叫作	reviewed-reading,audit-unigram-health
<Ccp?E	什麼牌	reviewed-reading,audit-unigram-health
<CcpEf	什麼罪	reviewed-reading,audit-unigram-health
<CcpSl	什麼病	reviewed-reading,audit-unigram-health
<Ccpp?rg	什麼時候	reviewed-reading,audit-unigram-health
<Ccpp?rgEE	什麼時候來	reviewed-reading,audit-unigram-health
<Ccpp?rgKX	什麼時候走	reviewed-reading,audit-unigram-health
<Ccpp?rgQE4M	什麼時候才能	reviewed-reading,audit-unigram-health
<Ccpp?rgg5PO	什麼時候開始	reviewed-reading,audit-unigram-health
<Ccpp?rg}FEE	什麼時候回來	reviewed-reading,audit-unigram-health
<Ccptf	什麼藥	reviewed-reading,audit-unigram-health
<Ci_aj{@	蛇綠混雜	reviewed-reading,audit-unigram-health
<Ci_aj{@wI	蛇綠混雜岩	reviewed-reading,audit-unigram-health
<Ci_aj{@wIQd	蛇綠混雜岩帶	reviewed-reading,audit-unigram-health
<fR@UODd	潰於蟻穴	reviewed-reading,audit-unigram-health
<iB_~KYc	電氣行業	reviewed-reading,audit-unigram-health
<jUlrF	任命為	reviewed-reading,audit-unigram-health
=1KbR0Rlm@B_	發射機應答器	reviewed-reading,audit-unigram-health
=1L_MWQE	發不了財	reviewed-reading,audit-unigram-health
=1rqrFrA	發個微博	reviewed-reading,audit-unigram-health
=@0C2P	不得與	reviewed-reading,audit-unigram-health
=@0CLP	不得法	reviewed-reading,audit-unigram-health
=@0_:WqT	不識好歹	reviewed-reading,audit-unigram-health
=@0iL_6C	不戰不和	reviewed-reading,audit-unigram-health
=@2:}i	不安分	reviewed-reading,audit-unigram-health
=@8i?0[_	不便之處	reviewed-reading,audit-unigram-health
=@8kX[	不當黨	reviewed-reading,audit-unigram-health
=@;jMW6T	不甚瞭解	reviewed-reading,audit-unigram-health
=@>1]O	不答理	reviewed-reading,audit-unigram-health
=@?0F0rq^H6W	不知一個頭腦	reviewed-reading,audit-unigram-health
=@MW6T	不了解	reviewed-reading,audit-unigram-health
=@R=S_	不登陸	reviewed-reading,audit-unigram-health
=@UOrF5_	不以為意	reviewed-reading,audit-unigram-health
=@UOrFOO	不以為恥	reviewed-reading,audit-unigram-health
=@wlR@wY	不中於款	reviewed-reading,audit-unigram-health
=@wlR@wY	不中於款	reviewed-reading,audit-unigram-health
=@wli=	不中聽	reviewed-reading,audit-unigram-health
=M\_3gRl	乘數效應	reviewed-reading,audit-unigram-health
=Mb[PO	成長史	reviewed-reading,audit-unigram-health
=_0C=f	利得彙	reviewed-reading,audit-unigram-health
=_0CCf	利得稅	reviewed-reading,audit-unigram-health
=_Nj3eA_	立信會計	reviewed-reading,audit-unigram-health
=_POwI4C	歷史沿革	reviewed-reading,audit-unigram-health
=_QkX[	力量黨	reviewed-reading,audit-unigram-health
=fQ=1K~K	滙豐銀行	reviewed-reading,audit-unigram-health
>98L[1	蒐藏家	reviewed-reading,audit-unigram-health
>>18wTL;	蔥燒海參	reviewed-reading,audit-unigram-health
>E>E^l>|	白白淨淨	reviewed-reading,audit-unigram-health
>P3E9i	咀嚼片	reviewed-reading,audit-unigram-health
>]0_b[T:	董事長兼	reviewed-reading,audit-unigram-health
?0?0;j@W	知之甚少	reviewed-reading,audit-unigram-health
?0wK;:	脂肪肝	reviewed-reading,audit-unigram-health
?0wKAM	脂肪層	reviewed-reading,audit-unigram-health
?0wKIF	脂肪酶	reviewed-reading,audit-unigram-health
?;6i0_	分散式	reviewed-reading,audit-unigram-health
?;6i_`	分散化	reviewed-reading,audit-unigram-health
?;L_0_\_m_U_	分佈式數據庫	reviewed-reading,audit-unigram-health
?;L_lI\_	分佈函數	reviewed-reading,audit-unigram-health
?;~KYc	分行業	reviewed-reading,audit-unigram-health
?Ean01	牌子曲	reviewed-reading,audit-unigram-health
?P0Cp?3g	取得實效	reviewed-reading,audit-unigram-health
?PF0rq	娶一個	reviewed-reading,audit-unigram-health
?]`Han	捅樓子	reviewed-reading,audit-unigram-health
?]t7an	捅刀子	reviewed-reading,audit-unigram-health
@0<Ccptf	吃什麼藥	reviewed-reading,audit-unigram-health
@@=_kGk\Ve_;	浮力調整背心	reviewed-reading,audit-unigram-health
@@wlA@	氟中毒	reviewed-reading,audit-unigram-health
A0:ian	失面子	reviewed-reading,audit-unigram-health
AM|J6C	曾仁和	reviewed-reading,audit-unigram-health
AXbOs2yK	枸杞多糖	reviewed-reading,audit-unigram-health
A_BL3gRl	劑量效應	reviewed-reading,audit-unigram-health
A_BLI<Qk	劑量當量	reviewed-reading,audit-unigram-health
A_Qk4k	計量棒	reviewed-reading,audit-unigram-health
A_Qk5E	計量學	reviewed-reading,audit-unigram-health
A_Qk7:2f	計量單位	reviewed-reading,audit-unigram-health
A_Qk}^	計量制	reviewed-reading,audit-unigram-health
A_S_9iV>	紀錄片兒	reviewed-reading,audit-unigram-health
A_U_an	繫褲子	reviewed-reading,audit-unigram-health
B85E9>	教學鐘	reviewed-reading,audit-unigram-health
B85E9i	教學片	reviewed-reading,audit-unigram-health
B8m0a_|J	教書育人	reviewed-reading,audit-unigram-health
B8~U?1	教給他	reviewed-reading,audit-unigram-health
B@\_m_U_	圖數據庫	reviewed-reading,audit-unigram-health
B@mJ0_	圖們市	reviewed-reading,audit-unigram-health
BX=@Rl_;	口不應心	reviewed-reading,audit-unigram-health
B_6d?P	器樂曲	reviewed-reading,audit-unigram-health
B_7`w2	氣炸鍋	reviewed-reading,audit-unigram-health
B_G5Ve0M	棄約背盟	reviewed-reading,audit-unigram-health
B_d\0_EYRlH7	氣冷式反應堆	reviewed-reading,audit-unigram-health
B_vYw4g5\_	氣管切開術	reviewed-reading,audit-unigram-health
Bb<han	捋袖子	reviewed-reading,audit-unigram-health
BbObtO	垃圾股	reviewed-reading,audit-unigram-health
BbrAan	勒脖子	reviewed-reading,audit-unigram-health
C0KZ=_0CCf	資本利得稅	reviewed-reading,audit-unigram-health
C2lRC2VB8_	般若波羅密	reviewed-reading,audit-unigram-health
C2nqNJ2a	波的傳播	reviewed-reading,audit-unigram-health
CRcf?0[_	所到之處	reviewed-reading,audit-unigram-health
C_?P9i	戲曲片	reviewed-reading,audit-unigram-health
C_?PvY	戲曲館	reviewed-reading,audit-unigram-health
Cb2f\_	個位數	reviewed-reading,audit-unigram-health
Cbh<an	個箱子	reviewed-reading,audit-unigram-health
Cbrq]=Ei	個個稱羨	reviewed-reading,audit-unigram-health
Cbrq}8	個個都	reviewed-reading,audit-unigram-health
Cd_GK90i	鵲巢鳩佔	reviewed-reading,audit-unigram-health
CdcfN:BL:WrqL9	卻道天涼好個秋	reviewed-reading,audit-unigram-health
CdrGV:	鵲橋仙	reviewed-reading,audit-unigram-health
CfL_^G3E	睡不著覺	reviewed-reading,audit-unigram-health
Cf^G3E	睡著覺	reviewed-reading,audit-unigram-health
CiF0rq	建一個	reviewed-reading,audit-unigram-health
CiJ;6CDk	鑑真和尚	reviewed-reading,audit-unigram-health
CiL;IJ|_afeY	健身環大冒險	reviewed-reading,audit-unigram-health
CiODEf	間諜罪	reviewed-reading,audit-unigram-health
Ckx7yf6N	唱高調兒	reviewed-reading,audit-unigram-health
D@6_an	爐箅子	reviewed-reading,audit-unigram-health
DYL__dg0	滿不在乎	reviewed-reading,audit-unigram-health
Db5_{H3>	刻意求工	reviewed-reading,audit-unigram-health
Db@@0JC_	客服聯繫	reviewed-reading,audit-unigram-health
Df3@2Ph=I<	瑞奇與叮噹	reviewed-reading,audit-unigram-health
Dk5_IX	上一首	reviewed-reading,audit-unigram-health
DkL_MWCE:i	上不了台面	reviewed-reading,audit-unigram-health
DkqqCbNbCR	上了個廁所	reviewed-reading,audit-unigram-health
E0E0b[	司司長	reviewed-reading,audit-unigram-health
E0a_vHQk	私域流量	reviewed-reading,audit-unigram-health
E0eal@Db2P	斯洛伐克語	reviewed-reading,audit-unigram-health
E<mYp??;	傍晚時分	reviewed-reading,audit-unigram-health
E@lntOS_	骨裡骨碌	reviewed-reading,audit-unigram-health
EM6CEi	平和縣	reviewed-reading,audit-unigram-health
EM7RP_zB	蘋果蠹蛾	reviewed-reading,audit-unigram-health
EM7R__	蘋果醋	reviewed-reading,audit-unigram-health
EMcIan	秤盤子	reviewed-reading,audit-unigram-health
EY0_?0wK	反式脂肪	reviewed-reading,audit-unigram-health
EYRlH7Nj	反應堆芯	reviewed-reading,audit-unigram-health
EYRloO	反應釜	reviewed-reading,audit-unigram-health
EYRlw2	反應鍋	reviewed-reading,audit-unigram-health
EbObT3rF~_	赫塞哥維納	reviewed-reading,audit-unigram-health
EfrgF0Db	最後一刻	reviewed-reading,audit-unigram-health
Em8iuO	二遍苦	reviewed-reading,audit-unigram-health
EmiMD;	二重根	reviewed-reading,audit-unigram-health
Emv44W\_	二階導數	reviewed-reading,audit-unigram-health
F08i9i	一遍遍	reviewed-reading,audit-unigram-health
F0Db9>	一刻鐘	reviewed-reading,audit-unigram-health
F0L_F0rq	一步一個	reviewed-reading,audit-unigram-health
F0L_F0rqQW@j	一步一個腳印	reviewed-reading,audit-unigram-health
F0L_F0rqQW@j6N	一步一個腳印兒	reviewed-reading,audit-unigram-health
F0TJlI\_	一元函數	reviewed-reading,audit-unigram-health
F0U35E3g	醫科學校	reviewed-reading,audit-unigram-health
F0]By<V:	衣著光鮮	reviewed-reading,audit-unigram-health
F0cfq[rq	一到兩個	reviewed-reading,audit-unigram-health
F0rq0_	一個事	reviewed-reading,audit-unigram-health
F0rq0_	一個市	reviewed-reading,audit-unigram-health
F0rq1gpa	一個叫作	reviewed-reading,audit-unigram-health
F0rq4L	一個長	reviewed-reading,audit-unigram-health
F0rq5_	一個億	reviewed-reading,audit-unigram-health
F0rq7f	一個隊	reviewed-reading,audit-unigram-health
F0rq89	一個州	reviewed-reading,audit-unigram-health
F0rq9>	一個鐘	reviewed-reading,audit-unigram-health
F0rq9ian	一個騙子	reviewed-reading,audit-unigram-health
F0rq;j	一個腎	reviewed-reading,audit-unigram-health
F0rq?]	一個桶	reviewed-reading,audit-unigram-health
F0rqA_P_	一個季度	reviewed-reading,audit-unigram-health
F0rqCi	一個鍵	reviewed-reading,audit-unigram-health
F0rqJ`	一個價	reviewed-reading,audit-unigram-health
F0rqL_?;	一個部分	reviewed-reading,audit-unigram-health
F0rqLj	一個勁	reviewed-reading,audit-unigram-health
F0rqQW	一個角	reviewed-reading,audit-unigram-health
F0rqTJ	一個圓	reviewed-reading,audit-unigram-health
F0rq[1	一個家	reviewed-reading,audit-unigram-health
F0rqqh	一個半	reviewed-reading,audit-unigram-health
F0rqs25_	一個多億	reviewed-reading,audit-unigram-health
F0rqvZ	一個吻	reviewed-reading,audit-unigram-health
F0v44W\_	一階導數	reviewed-reading,audit-unigram-health
F0|J0Ccf	一人得道	reviewed-reading,audit-unigram-health
F0~7u?0_	一招一式	reviewed-reading,audit-unigram-health
F:8iQk	參變量	reviewed-reading,audit-unigram-health
F:\__`	參數化	reviewed-reading,audit-unigram-health
F:\__`KbA_	參數化設計	reviewed-reading,audit-unigram-health
FMPP:1	鳴喇叭	reviewed-reading,audit-unigram-health
G:6C6J	三和絃	reviewed-reading,audit-unigram-health
G:6J6dB_	三絃樂器	reviewed-reading,audit-unigram-health
G:Wk<i	三相電	reviewed-reading,audit-unigram-health
G:iMEi	三重縣	reviewed-reading,audit-unigram-health
G:i__`9K	三氯化磷	reviewed-reading,audit-unigram-health
G:ofJDnqCi	三少爺的劍	reviewed-reading,audit-unigram-health
G:rq9P|JF0CEC_	三個女人一台戲	reviewed-reading,audit-unigram-health
G:rqA_P_	三個季度	reviewed-reading,audit-unigram-health
G:rqL_?;	三個部分	reviewed-reading,audit-unigram-health
G@?0an	胡枝子	reviewed-reading,audit-unigram-health
G@anA1x@	鬍子拉碴	reviewed-reading,audit-unigram-health
GK0Ccf	聞得到	reviewed-reading,audit-unigram-health
GKX[\_m_U_	文檔數據庫	reviewed-reading,audit-unigram-health
GL=@?0UOrF?0	強不知以為知	reviewed-reading,audit-unigram-health
GW>E5_	漂白液	reviewed-reading,audit-unigram-health
GlQM<@A_	橫行無忌	reviewed-reading,audit-unigram-health
H0LPGKL;	被髮文身	reviewed-reading,audit-unigram-health
H0Qk_`	批量化	reviewed-reading,audit-unigram-health
H0^H0_	披頭士	reviewed-reading,audit-unigram-health
H0dM]`1U	披紅掛綵	reviewed-reading,audit-unigram-health
H:Qdw2an	菸袋鍋子	reviewed-reading,audit-unigram-health
HE0_4L	還是長	reviewed-reading,audit-unigram-health
HE0_m0	還是輸	reviewed-reading,audit-unigram-health
HEIF>J	還沒完	reviewed-reading,audit-unigram-health
HEIFNX>J	還沒有完	reviewed-reading,audit-unigram-health
HEL_?0	還不知	reviewed-reading,audit-unigram-health
HEL_MW6T	還不瞭解	reviewed-reading,audit-unigram-health
HEL_NO	還不止	reviewed-reading,audit-unigram-health
HENXA0{h4ZH<	還有詩和遠方	reviewed-reading,audit-unigram-health
HE_d[1	還在家	reviewed-reading,audit-unigram-health
HEan3:	孩子般	reviewed-reading,audit-unigram-health
HEdRUOWk	還可以像	reviewed-reading,audit-unigram-health
HEdRUOf<	還可以將	reviewed-reading,audit-unigram-health
H]vHw4L@\_	腫瘤切除術	reviewed-reading,audit-unigram-health
I1cf<Ccp=MP_	差到什麼程度	reviewed-reading,audit-unigram-health
I74WiMEE	推倒重來	reviewed-reading,audit-unigram-health
I:F0rq	編一個	reviewed-reading,audit-unigram-health
I<I<[3	噹噹車	reviewed-reading,audit-unigram-health
I<QkA_BL	當量劑量	reviewed-reading,audit-unigram-health
IF<Ccp0_	沒什麼事	reviewed-reading,audit-unigram-health
IFL@Qk	煤儲量	reviewed-reading,audit-unigram-health
IXT3?P	首歌曲	reviewed-reading,audit-unigram-health
IXa0g6	首都盃	reviewed-reading,audit-unigram-health
I]]_=@o=	寵辱不驚	reviewed-reading,audit-unigram-health
I]]_v4_k	寵辱皆忘	reviewed-reading,audit-unigram-health
IbE<an	這幫子	reviewed-reading,audit-unigram-health
Iblq2@	這麼急	reviewed-reading,audit-unigram-health
Iblq4L	這麼長	reviewed-reading,audit-unigram-health
IblqF0ef	這麼一鬧	reviewed-reading,audit-unigram-health
IblqUZ	這麼狠	reviewed-reading,audit-unigram-health
IblqWk	這麼像	reviewed-reading,audit-unigram-health
IblqZX	這麼久	reviewed-reading,audit-unigram-health
Iblqrg	這麼厚	reviewed-reading,audit-unigram-health
Iblqwl	這麼重	reviewed-reading,audit-unigram-health
Iblqyf	這麼吊	reviewed-reading,audit-unigram-health
Ibrq0\	這個網	reviewed-reading,audit-unigram-health
Ibrq0_	這個事	reviewed-reading,audit-unigram-health
Ibrq4W	這個島	reviewed-reading,audit-unigram-health
Ibrq7:	這個單	reviewed-reading,audit-unigram-health
Ibrq7f	這個隊	reviewed-reading,audit-unigram-health
Ibrq9i	這個片	reviewed-reading,audit-unigram-health
IbrqA__`	這個計劃	reviewed-reading,audit-unigram-health
IbrqKl	這個證	reviewed-reading,audit-unigram-health
IbrqZX	這個酒	reviewed-reading,audit-unigram-health
IbrqZo	這個嘛	reviewed-reading,audit-unigram-health
Ibrq[1	這個家	reviewed-reading,audit-unigram-health
Ibrq]O	這個理	reviewed-reading,audit-unigram-health
Ibrqha	這個貨	reviewed-reading,audit-unigram-health
Ibrqm_	這個劇	reviewed-reading,audit-unigram-health
Ibrqs?6N	這個詞兒	reviewed-reading,audit-unigram-health
Ibrqtf	這個藥	reviewed-reading,audit-unigram-health
Ibrqw2	這個鍋	reviewed-reading,audit-unigram-health
Ikanha	樣子貨	reviewed-reading,audit-unigram-health
IkkGlI\_	樣條函數	reviewed-reading,audit-unigram-health
J16CDk	沙和尚	reviewed-reading,audit-unigram-health
J1IX2@Rl~l	殺手級應用	reviewed-reading,audit-unigram-health
J1O_A_3K	殺富濟貧	reviewed-reading,audit-unigram-health
J1R0ik`L	砂積礦床	reviewed-reading,audit-unigram-health
JYRl0_	感應式	reviewed-reading,audit-unigram-health
JYVdC_?0	感慨係之	reviewed-reading,audit-unigram-health
J`^=th	夾生飯	reviewed-reading,audit-unigram-health
J`antO	架子鼓	reviewed-reading,audit-unigram-health
J`eINJ	駕帆船	reviewed-reading,audit-unigram-health
K@?]cflgan	竹筒倒豆子	reviewed-reading,audit-unigram-health
KPRdxgwh01	馬太受難曲	reviewed-reading,audit-unigram-health
KW0ig6	挑戰杯	reviewed-reading,audit-unigram-health
K`_M5Eof~I	恰同學少年	reviewed-reading,audit-unigram-health
Kl6CEi	政和縣	reviewed-reading,audit-unigram-health
L;C:6C[_9>	深山何處鐘	reviewed-reading,audit-unigram-health
L;EiWGaM	身陷牢籠	reviewed-reading,audit-unigram-health
L;antO	身子骨	reviewed-reading,audit-unigram-health
L;}iM_S_	身份暴露	reviewed-reading,audit-unigram-health
L]\_2f	總數為	reviewed-reading,audit-unigram-health
L_6C?1	不和他	reviewed-reading,audit-unigram-health
L_6CXDQ;	不和諧音	reviewed-reading,audit-unigram-health
L_6C\O	不和你	reviewed-reading,audit-unigram-health
L_?;w4L@	部分切除	reviewed-reading,audit-unigram-health
L_F0rq	佈一個	reviewed-reading,audit-unigram-health
L_MPL_=MQE	不打不成才	reviewed-reading,audit-unigram-health
L_[1uHsT	不加牛奶	reviewed-reading,audit-unigram-health
L_^G2@	不著急	reviewed-reading,audit-unigram-health
L_^G2@	不著急	reviewed-reading,audit-unigram-health
L_^Gyf	不著調	reviewed-reading,audit-unigram-health
L_b[2@	部長級	reviewed-reading,audit-unigram-health
L_b[2@=f5_	部長級會議	reviewed-reading,audit-unigram-health
L_dRL_?0	不可不知	reviewed-reading,audit-unigram-health
L_l0Ei	不出現	reviewed-reading,audit-unigram-health
L_wKF00_	不妨一試	reviewed-reading,audit-unigram-health
L`0U>J	下載完	reviewed-reading,audit-unigram-health
L`0UB_	下載器	reviewed-reading,audit-unigram-health
L`5_IX	下一首	reviewed-reading,audit-unigram-health
L`:1U3	下巴頦	reviewed-reading,audit-unigram-health
L`L_MWIX	下不了手	reviewed-reading,audit-unigram-health
L`vYan	下館子	reviewed-reading,audit-unigram-health
Lb6CEYRlH7	熱核反應堆	reviewed-reading,audit-unigram-health
Ld:ian	礙面子	reviewed-reading,audit-unigram-health
Lj3gTJ	進校園	reviewed-reading,audit-unigram-health
LjP_C_\_	勁度係數	reviewed-reading,audit-unigram-health
LjQkDb}^	盡量剋制	reviewed-reading,audit-unigram-health
M9M9>1>1	羞羞答答	reviewed-reading,audit-unigram-health
M9QYJ`	休產假	reviewed-reading,audit-unigram-health
M<QYQk	鋼產量	reviewed-reading,audit-unigram-health
MPO_A_3K	打富濟貧	reviewed-reading,audit-unigram-health
MPrqU:6N	打個千兒	reviewed-reading,audit-unigram-health
MPwl9R	打中伙	reviewed-reading,audit-unigram-health
MW6T;j@W	瞭解甚少	reviewed-reading,audit-unigram-health
MW6THEan	瞭解孩子	reviewed-reading,audit-unigram-health
MW6TJ;Wk	瞭解真相	reviewed-reading,audit-unigram-health
M_S_<@u?	暴露無遺	reviewed-reading,audit-unigram-health
M_S_L;}i	暴露身份	reviewed-reading,audit-unigram-health
Md|JrFA0	拜人為師	reviewed-reading,audit-unigram-health
MlwI6_VY	盛筵必散	reviewed-reading,audit-unigram-health
N1O1an	撒丫子	reviewed-reading,audit-unigram-health
N:NbDkUk	天策上將	reviewed-reading,audit-unigram-health
N:~=T02:	天冬醯胺	reviewed-reading,audit-unigram-health
N>gaw4g5\_	胸廓切開術	reviewed-reading,audit-unigram-health
N@3@CRif	如其所好	reviewed-reading,audit-unigram-health
N@>duT4C=_	儒略改革曆	reviewed-reading,audit-unigram-health
NOYcan	紙葉子	reviewed-reading,audit-unigram-health
NO\=~7C_	只爭朝夕	reviewed-reading,audit-unigram-health
NO\_2@	指數級	reviewed-reading,audit-unigram-health
NO\_3@aJ	指數期權	reviewed-reading,audit-unigram-health
NO\_?;L_	指數分佈	reviewed-reading,audit-unigram-health
NO\__`	指數化	reviewed-reading,audit-unigram-health
NX5_?0	有一支	reviewed-reading,audit-unigram-health
NX5_?0	有一隻	reviewed-reading,audit-unigram-health
NX5_IX	有一首	reviewed-reading,audit-unigram-health
NXCb\_6N	有個數兒	reviewed-reading,audit-unigram-health
NX]O\_2@	有理數集	reviewed-reading,audit-unigram-health
NX]O\_a_	有理數域	reviewed-reading,audit-unigram-health
NXo_\_~O	有序數組	reviewed-reading,audit-unigram-health
NXrq0_	有個事	reviewed-reading,audit-unigram-health
NXrqe\	有個梗	reviewed-reading,audit-unigram-health
NjcfkMQk	信道容量	reviewed-reading,audit-unigram-health
O1rAan	鴨脖子	reviewed-reading,audit-unigram-health
OD0_9`[3	碟式煞車	reviewed-reading,audit-unigram-health
OKtOmf	輪轂罩	reviewed-reading,audit-unigram-health
OO1KQ;	齒齦音	reviewed-reading,audit-unigram-health
OP5_IX	哪一首	reviewed-reading,audit-unigram-health
OPrq7f	哪個隊	reviewed-reading,audit-unigram-health
O]6CEi	永和縣	reviewed-reading,audit-unigram-health
O]J;4C_;	永貞革新	reviewed-reading,audit-unigram-health
O]q=Ei	永興縣	reviewed-reading,audit-unigram-health
O_01b[	副區長	reviewed-reading,audit-unigram-health
O_0_B85E	複式教學	reviewed-reading,audit-unigram-health
O_0_b[	副市長	reviewed-reading,audit-unigram-health
O_4MQk	負能量	reviewed-reading,audit-unigram-health
O_7f\_	複對數	reviewed-reading,audit-unigram-health
O_7fb[	副隊長	reviewed-reading,audit-unigram-health
O_89b[	副州長	reviewed-reading,audit-unigram-health
O_8_m0b[	副秘書長	reviewed-reading,audit-unigram-health
O_9jb[	副鎮長	reviewed-reading,audit-unigram-health
O_DbBY	復刻版	reviewed-reading,audit-unigram-health
O_E0b[	副司長	reviewed-reading,audit-unigram-health
O_Eib[	副縣長	reviewed-reading,audit-unigram-health
O_\_a_	複數域	reviewed-reading,audit-unigram-health
O_\eXDR0	腹內斜肌	reviewed-reading,audit-unigram-health
O_]O0_b[	副理事長	reviewed-reading,audit-unigram-health
O_^@b[	副局長	reviewed-reading,audit-unigram-health
O__5an	複拍子	reviewed-reading,audit-unigram-health
O_k\\_	負整數	reviewed-reading,audit-unigram-health
O_lI\_	複函數	reviewed-reading,audit-unigram-health
O_m\b[	副省長	reviewed-reading,audit-unigram-health
O_q=X[	復興黨	reviewed-reading,audit-unigram-health
O_q=vY	復興館	reviewed-reading,audit-unigram-health
O_~Ob[	副組長	reviewed-reading,audit-unigram-health
Ob~_6Crh	塞納河畔	reviewed-reading,audit-unigram-health
PAG9G9	滑溜溜	reviewed-reading,audit-unigram-health
PAMl[j89	華盛頓州	reviewed-reading,audit-unigram-health
PAqq5_]V	划了一會	reviewed-reading,audit-unigram-health
POLjRKL;6T\_	使盡渾身解數	reviewed-reading,audit-unigram-health
POQkR0	矢量積	reviewed-reading,audit-unigram-health
POQk_`	矢量化	reviewed-reading,audit-unigram-health
PP:1^=	喇叭聲	reviewed-reading,audit-unigram-health
PP:1jK	喇叭裙	reviewed-reading,audit-unigram-health
P_w?kO	肚皮舞	reviewed-reading,audit-unigram-health
P_wTu7	杜海濤	reviewed-reading,audit-unigram-health
Q;6dDJ	音樂團	reviewed-reading,audit-unigram-health
Q;6dU_	音樂庫	reviewed-reading,audit-unigram-health
Q;6d^=	音樂聲	reviewed-reading,audit-unigram-health
Q;6di=	音樂聽	reviewed-reading,audit-unigram-health
Q;6du[	音樂獎	reviewed-reading,audit-unigram-health
Q;QkCi	音量鍵	reviewed-reading,audit-unigram-health
Q=6C1_3;	風和日暄	reviewed-reading,audit-unigram-health
Q=Q=ik01	峰峰礦區	reviewed-reading,audit-unigram-health
Q=a0=M	酆都城	reviewed-reading,audit-unigram-health
QE0C?0	才得知	reviewed-reading,audit-unigram-health
QMrF0_th	行為世範	reviewed-reading,audit-unigram-health
QWanvY	餃子館	reviewed-reading,audit-unigram-health
Q_ankO	兔子舞	reviewed-reading,audit-unigram-health
Qd5_]V	待一會	reviewed-reading,audit-unigram-health
Qd\_Qk	代數量	reviewed-reading,audit-unigram-health
Qd\___	代數簇	reviewed-reading,audit-unigram-health
Qd\_lI|O^j	代數函數論	reviewed-reading,audit-unigram-health
Qd|O\_a_	代數數域	reviewed-reading,audit-unigram-health
QkROObml=_5E	量子色動力學	reviewed-reading,audit-unigram-health
QkRO_`	量子化	reviewed-reading,audit-unigram-health
Qkth0_	量販式	reviewed-reading,audit-unigram-health
R0?>kM	姬松茸	reviewed-reading,audit-unigram-health
R0?]pa	唧筒座	reviewed-reading,audit-unigram-health
R0L;R@	躋身於	reviewed-reading,audit-unigram-health
R0\_s?	基數詞	reviewed-reading,audit-unigram-health
R0\_~I	奇數年	reviewed-reading,audit-unigram-health
R0g:01	雞冠區	reviewed-reading,audit-unigram-health
R0lI\_	基函數	reviewed-reading,audit-unigram-health
R=S_B_	登陸器	reviewed-reading,audit-unigram-health
R=S_Ci	登陸艦	reviewed-reading,audit-unigram-health
R=_;kM	燈芯絨	reviewed-reading,audit-unigram-health
R=aMR@	燈籠魚	reviewed-reading,audit-unigram-health
R@9>3g01	榆中校區	reviewed-reading,audit-unigram-health
R@[1<i	瑜伽墊	reviewed-reading,audit-unigram-health
RK{H6N	混球兒	reviewed-reading,audit-unigram-health
RO3>\etAwI	子宮內膜癌	reviewed-reading,audit-unigram-health
RVikU_	尾礦庫	reviewed-reading,audit-unigram-health
Rd0Tik	鈦鐵礦	reviewed-reading,audit-unigram-health
Rd6C01	太和區	reviewed-reading,audit-unigram-health
Rd6CEi	太和縣	reviewed-reading,audit-unigram-health
Rd6CEi	泰和縣	reviewed-reading,audit-unigram-health
RiVeC:	斷背山	reviewed-reading,audit-unigram-health
RiactA\_	斷裂模數	reviewed-reading,audit-unigram-health
Rl~\6N	應景兒	reviewed-reading,audit-unigram-health
Rl~lAM	應用層	reviewed-reading,audit-unigram-health
Rl~lp?=_	應用實例	reviewed-reading,audit-unigram-health
Rl~l{?	應用題	reviewed-reading,audit-unigram-health
S06C6J	七和絃	reviewed-reading,audit-unigram-health
S7gInq3a	吹彈得破	reviewed-reading,audit-unigram-health
S<g52=Ve	張開雙臂	reviewed-reading,audit-unigram-health
SW=_an	小栗子	reviewed-reading,audit-unigram-health
SW?P6N	小曲兒	reviewed-reading,audit-unigram-health
SWG:6C6J	小三和絃	reviewed-reading,audit-unigram-health
SWP_HY	小肚腩	reviewed-reading,audit-unigram-health
S_0iF0A0	陸戰一師	reviewed-reading,audit-unigram-health
S_:<9>2f	陸軍中尉	reviewed-reading,audit-unigram-health
S_Q=0_	陸豐市	reviewed-reading,audit-unigram-health
T06CEi	西和縣	reviewed-reading,audit-unigram-health
T0tOJDan	西谷椰子	reviewed-reading,audit-unigram-health
T:n1if	尖括號	reviewed-reading,audit-unigram-health
T<a0Ei	昌都縣	reviewed-reading,audit-unigram-health
TBVeo=	駝背鯨	reviewed-reading,audit-unigram-health
TJ6CEM	袁和平	reviewed-reading,audit-unigram-health
TJBXM<2@R7mlK_	圓口綱脊椎動物	reviewed-reading,audit-unigram-health
TJQ;6CXD	元音和諧	reviewed-reading,audit-unigram-health
TJT:TBVe	圓肩駝背	reviewed-reading,audit-unigram-health
TJlI\_	圓函數	reviewed-reading,audit-unigram-health
TJn1if	圓括號	reviewed-reading,audit-unigram-health
TOL_MW_;	死不了心	reviewed-reading,audit-unigram-health
U:F0rq	簽一個	reviewed-reading,audit-unigram-health
U:lIQk	鉛含量	reviewed-reading,audit-unigram-health
UO0Ccf	以得到	reviewed-reading,audit-unigram-health
UO=MrF	已成為	reviewed-reading,audit-unigram-health
UOT02:6_T3>J_M	乙醯胺吡咯烷酮	reviewed-reading,audit-unigram-health
UOV=Kl	已更正	reviewed-reading,audit-unigram-health
UO|JrFKZ	以人為本	reviewed-reading,audit-unigram-health
UO}UA_	已累計	reviewed-reading,audit-unigram-health
U_lI\_	庫函數	reviewed-reading,audit-unigram-health
Ud2@A_\_B_	蓋革計數器	reviewed-reading,audit-unigram-health
V3rqZX	喝個酒	reviewed-reading,audit-unigram-health
V3s:sT	喝酸奶	reviewed-reading,audit-unigram-health
V3uHsT	喝牛奶	reviewed-reading,audit-unigram-health
V:rF|J?0	鮮為人知	reviewed-reading,audit-unigram-health
V:uHsT	鮮牛奶	reviewed-reading,audit-unigram-health
V:}2an	掀桌子	reviewed-reading,audit-unigram-health
VD7fan	結對子	reviewed-reading,audit-unigram-health
VDBLan	結樑子	reviewed-reading,audit-unigram-health
VO0C0W	彼得堡	reviewed-reading,audit-unigram-health
VO0CVBrF3@	彼得羅維奇	reviewed-reading,audit-unigram-health
VO6CNO	筆和紙	reviewed-reading,audit-unigram-health
Ve:_Q=	背地風	reviewed-reading,audit-unigram-health
VeF0rq	備一個	reviewed-reading,audit-unigram-health
Ver\6N	背影兒	reviewed-reading,audit-unigram-health
Ve~\GL	背景牆	reviewed-reading,audit-unigram-health
WB=_GLMl	國力強盛	reviewed-reading,audit-unigram-health
WDan6C01	茄子河區	reviewed-reading,audit-unigram-health
WY{J=@A_	眼神不濟	reviewed-reading,audit-unigram-health
Wk1K~K	像銀行	reviewed-reading,audit-unigram-health
Wk5_?0	像一隻	reviewed-reading,audit-unigram-health
WkF0rq	像一個	reviewed-reading,audit-unigram-health
WkF0rq|J	像一個人	reviewed-reading,audit-unigram-health
WkIbrq	像這個	reviewed-reading,audit-unigram-health
WkQk_`	向量化	reviewed-reading,audit-unigram-health
WkXDAM	向斜層	reviewed-reading,audit-unigram-health
Wk^=ec	相聲界	reviewed-reading,audit-unigram-health
Wk`_\_	像素數	reviewed-reading,audit-unigram-health
WlQk_`	定量化	reviewed-reading,audit-unigram-health
Wlh=an	釘釘子	reviewed-reading,audit-unigram-health
XDGK?0	斜紋織	reviewed-reading,audit-unigram-health
XDlI\_	諧函數	reviewed-reading,audit-unigram-health
XO5_]V	眯一會	reviewed-reading,audit-unigram-health
Xi~K@@	換行符	reviewed-reading,audit-unigram-health
YcL`lI	腋下汗	reviewed-reading,audit-unigram-health
YcanBY	葉子板	reviewed-reading,audit-unigram-health
YcanM<	葉子綱	reviewed-reading,audit-unigram-health
ZX:1v4	酒吧街	reviewed-reading,audit-unigram-health
ZXN_MlFM	久慕盛名	reviewed-reading,audit-unigram-health
ZXo=`l?0wK;:	酒精性脂肪肝	reviewed-reading,audit-unigram-health
Z_FMl0[_	註明出處	reviewed-reading,audit-unigram-health
Z_PAMl[j	駐華盛頓	reviewed-reading,audit-unigram-health
Z_Q;u?0_	注音一式	reviewed-reading,audit-unigram-health
Z_]=R@0_	著稱於世	reviewed-reading,audit-unigram-health
Z_wlu[	注中獎	reviewed-reading,audit-unigram-health
Z_|_S_	駐大陸	reviewed-reading,audit-unigram-health
[1m_~KYc	傢俱行業	reviewed-reading,audit-unigram-health
[1q=0_	嘉興市	reviewed-reading,audit-unigram-health
[1wI5_QM	嘉言懿行	reviewed-reading,audit-unigram-health
[1wI5_QM	嘉言懿行	reviewed-reading,audit-unigram-health
[KL@Qk	存儲量	reviewed-reading,audit-unigram-health
[KQkwK	存量房	reviewed-reading,audit-unigram-health
[_:_0C?;	觸地得分	reviewed-reading,audit-unigram-health
\0tO?0ha	巫蠱之禍	reviewed-reading,audit-unigram-health
\=B_iMk\	蒸氣重整	reviewed-reading,audit-unigram-health
\_2_0\	數字網	reviewed-reading,audit-unigram-health
\_2_0_	數字式	reviewed-reading,audit-unigram-health
\_2_9>	數字鐘	reviewed-reading,audit-unigram-health
\_2__`	數字化	reviewed-reading,audit-unigram-health
\_5EPO	數學史	reviewed-reading,audit-unigram-health
\_5E{?	數學題	reviewed-reading,audit-unigram-health
\_KP_`	數碼化	reviewed-reading,audit-unigram-health
\_QkR0	數量積	reviewed-reading,audit-unigram-health
\_U:Cb	數千個	reviewed-reading,audit-unigram-health
\_mT5_	數百億	reviewed-reading,audit-unigram-health
\_mTCb	數百個	reviewed-reading,audit-unigram-health
\_m_2@	數據集	reviewed-reading,audit-unigram-health
\_m_2@0_	數據集市	reviewed-reading,audit-unigram-health
\_m_3e	數據塊	reviewed-reading,audit-unigram-health
\_m_?;L_	數據分佈	reviewed-reading,audit-unigram-health
\_m_?i	數據鏈	reviewed-reading,audit-unigram-health
\_m_Kl	數據幀	reviewed-reading,audit-unigram-health
\_m_TJ	數據源	reviewed-reading,audit-unigram-health
\_m_U_	數據庫	reviewed-reading,audit-unigram-health
\_m_U_0Jv4	數據庫連接	reviewed-reading,audit-unigram-health
\_m_U_0Jv4o?	數據庫連接池	reviewed-reading,audit-unigram-health
\_m_U_0ZCi	數據庫軟件	reviewed-reading,audit-unigram-health
\_m_U_0_K_	數據庫事務	reviewed-reading,audit-unigram-health
\_m_U_48pa	數據庫操作	reviewed-reading,audit-unigram-health
\_m_U_9>T:Ci	數據庫中間件	reviewed-reading,audit-unigram-health
\_m_U_?9_`	數據庫優化	reviewed-reading,audit-unigram-health
\_m_U_@@K_B_	數據庫服務器	reviewed-reading,audit-unigram-health
\_m_U_CR`Z	數據庫索引	reviewed-reading,audit-unigram-health
\_m_U_C_?]	數據庫系統	reviewed-reading,audit-unigram-health
\_m_U_FW	數據庫表	reviewed-reading,audit-unigram-health
\_m_U_H<:i	數據庫方面	reviewed-reading,audit-unigram-health
\_m_U_J`pg	數據庫架構	reviewed-reading,audit-unigram-health
\_m_U_KbA_	數據庫設計	reviewed-reading,audit-unigram-health
\_m_U_Rl~l	數據庫應用	reviewed-reading,audit-unigram-health
\_m_U_TJ]O	數據庫原理	reviewed-reading,audit-unigram-health
\_m_U_VDpg	數據庫結構	reviewed-reading,audit-unigram-health
\_m_U_W[Vj	數據庫訪問	reviewed-reading,audit-unigram-health
\_m_U_`ZPM	數據庫引擎	reviewed-reading,audit-unigram-health
\_m_U_g5=1	數據庫開發	reviewed-reading,audit-unigram-health
\_m_U_tAQM	數據庫模型	reviewed-reading,audit-unigram-health
\_m_U_vY]O	數據庫管理	reviewed-reading,audit-unigram-health
\_m_U_vY]OC_?]	數據庫管理系統	reviewed-reading,audit-unigram-health
\_m_U_vY]OTJ	數據庫管理員	reviewed-reading,audit-unigram-health
\_m_U_x@kK	數據庫查詢	reviewed-reading,audit-unigram-health
\_m_Wk	數據項	reviewed-reading,audit-unigram-health
\_m_[1_d	數據加載	reviewed-reading,audit-unigram-health
\_m_\Y	數據點	reviewed-reading,audit-unigram-health
\_m__`	數據化	reviewed-reading,audit-unigram-health
\_m_ec:i	數據介面	reviewed-reading,audit-unigram-health
\_m_vH	數據流	reviewed-reading,audit-unigram-health
\_m_vHB@	數據流圖	reviewed-reading,audit-unigram-health
\_n?_`	數值化	reviewed-reading,audit-unigram-health
\eT02:	內醯胺	reviewed-reading,audit-unigram-health
\eT02:IF	內醯胺酶	reviewed-reading,audit-unigram-health
\e[K\_m_U_	內存數據庫	reviewed-reading,audit-unigram-health
\e}^lI\_	內置函數	reviewed-reading,audit-unigram-health
\i5_|Y	轉一轉	reviewed-reading,audit-unigram-health
\i68RO	轉腰子	reviewed-reading,audit-unigram-health
\iA_9i	傳記片	reviewed-reading,audit-unigram-health
]5BYan	挨板子	reviewed-reading,audit-unigram-health
]5^Han	挨頭子	reviewed-reading,audit-unigram-health
];3>=@=_	矜功不立	reviewed-reading,audit-unigram-health
]BObA_	著色劑	reviewed-reading,audit-unigram-health
]BObB_	著色器	reviewed-reading,audit-unigram-health
]BS_B_	著陸器	reviewed-reading,audit-unigram-health
]K6CEi	雲和縣	reviewed-reading,audit-unigram-health
]K\_m_U_	雲數據庫	reviewed-reading,audit-unigram-health
]O6h:6XD	哩溜歪斜	reviewed-reading,audit-unigram-health
]OF0rqLP	理一個髮	reviewed-reading,audit-unigram-health
]ONXrq	裡有個	reviewed-reading,audit-unigram-health
]OO_q=	李復興	reviewed-reading,audit-unigram-health
]OQd\_	李代數	reviewed-reading,audit-unigram-health
]Ob[rA	里長伯	reviewed-reading,audit-unigram-health
]OrqLP	理個髮	reviewed-reading,audit-unigram-health
]Zcp}^	怎麼治	reviewed-reading,audit-unigram-health
^0:iwK	鋪面房	reviewed-reading,audit-unigram-health
^0EMcfS_	鋪平道路	reviewed-reading,audit-unigram-health
^;thZ_paaJEf	侵犯著作權罪	reviewed-reading,audit-unigram-health
^=3g|OWk	生肖屬相	reviewed-reading,audit-unigram-health
^=[_}i	牲畜糞	reviewed-reading,audit-unigram-health
^=b[BY	生長板	reviewed-reading,audit-unigram-health
^=yfnqyfn?	聲調的調值	reviewed-reading,audit-unigram-health
^@O_^@b[	局副局長	reviewed-reading,audit-unigram-health
^@an89	橘子洲	reviewed-reading,audit-unigram-health
^`~KYc	跨行業	reviewed-reading,audit-unigram-health
^llIQk	淨含量	reviewed-reading,audit-unigram-health
^lvHQk	徑流量	reviewed-reading,audit-unigram-health
^lwh?05_	靖難之役	reviewed-reading,audit-unigram-health
_;6CEi	新和縣	reviewed-reading,audit-unigram-health
_;6d7f	新樂隊	reviewed-reading,audit-unigram-health
_;R0\e^P4W	新幾內亞島	reviewed-reading,audit-unigram-health
_;m0l0Qk	心輸出量	reviewed-reading,audit-unigram-health
_MQk5_2f`_	同量異位素	reviewed-reading,audit-unigram-health
_M|_rF	佟大為	reviewed-reading,audit-unigram-health
_`3>rFE0	化公為私	reviewed-reading,audit-unigram-health
_dEiQ;6d	在線音樂	reviewed-reading,audit-unigram-health
_dEi|J\_	在線人數	reviewed-reading,audit-unigram-health
_f=_~KYc	暴利行業	reviewed-reading,audit-unigram-health
_fF0rq	抱一個	reviewed-reading,audit-unigram-health
_fHEan	抱孩子	reviewed-reading,audit-unigram-health
_fhHDd5j	報仇雪恨	reviewed-reading,audit-unigram-health
_fhHDdOO	報仇雪恥	reviewed-reading,audit-unigram-health
`=G:6C6J	增三和絃	reviewed-reading,audit-unigram-health
`=RO5_	曾子益	reviewed-reading,audit-unigram-health
`=b[i_2f	增長率為	reviewed-reading,audit-unigram-health
`=n?EYRlH7	增殖反應堆	reviewed-reading,audit-unigram-health
`=~OO_nO	曾祖父母	reviewed-reading,audit-unigram-health
a0f<7i0_	都江堰市	reviewed-reading,audit-unigram-health
aJ=_68{H	權利要求	reviewed-reading,audit-unigram-health
aJ=_68{Hm0	權利要求書	reviewed-reading,audit-unigram-health
aMPMrg5_	隆情厚誼	reviewed-reading,audit-unigram-health
a_whNJ	遇難船	reviewed-reading,audit-unigram-health
ade]rF^P2P	塞爾維亞語	reviewed-reading,audit-unigram-health
afeY4W	冒險島	reviewed-reading,audit-unigram-health
aj6CA@A_	混合毒劑	reviewed-reading,audit-unigram-health
aj6CB_	混合氣	reviewed-reading,audit-unigram-health
aj6CO]	混合泳	reviewed-reading,audit-unigram-health
b5_d[1	待在家	reviewed-reading,audit-unigram-health
bOL_?0	豈不知	reviewed-reading,audit-unigram-health
b[0CWk	長得像	reviewed-reading,audit-unigram-health
b[ROEi	長子縣	reviewed-reading,audit-unigram-health
b[ROnqFM}i	長子的名份	reviewed-reading,audit-unigram-health
baea2f	墮落為	reviewed-reading,audit-unigram-health
c=6N__TO{l6CKl	嬰兒猝死綜合症	reviewed-reading,audit-unigram-health
c=IXCMROik01	鷹手營子礦區	reviewed-reading,audit-unigram-health
c={_0C	英法德	reviewed-reading,audit-unigram-health
cHHEan	猴孩子	reviewed-reading,audit-unigram-health
cV0\K0[_vH	水往低處流	reviewed-reading,audit-unigram-health
cVH:S0:<	水淹七軍	reviewed-reading,audit-unigram-health
cVS_A0	水陸師	reviewed-reading,audit-unigram-health
cVS_B80>	水陸交通	reviewed-reading,audit-unigram-health
cYw4BY	剪切板	reviewed-reading,audit-unigram-health
cfuHsT	倒牛奶	reviewed-reading,audit-unigram-health
daVee]6CEMu[	諾貝爾和平獎	reviewed-reading,audit-unigram-health
daVee]o=A_5Eu[	諾貝爾經濟學獎	reviewed-reading,audit-unigram-health
dashZOR=S_	諾曼底登陸	reviewed-reading,audit-unigram-health
e07W7W	姑姥姥	reviewed-reading,audit-unigram-health
e1v?an	挖鼻子	reviewed-reading,audit-unigram-health
eGJY\_m_	遙感數據	reviewed-reading,audit-unigram-health
eIL_^=eI	煩不勝煩	reviewed-reading,audit-unigram-health
eV:1an	嘴巴子	reviewed-reading,audit-unigram-health
e]3Rlnw[	耳朵裡響	reviewed-reading,audit-unigram-health
ea0C{<	硌得慌	reviewed-reading,audit-unigram-health
ecIbrq	借這個	reviewed-reading,audit-unigram-health
f0RVSl	枯萎病	reviewed-reading,audit-unigram-health
f<HE0_7W	薑還是老	reviewed-reading,audit-unigram-health
f<HE0_7Wnq0`	薑還是老的辣	reviewed-reading,audit-unigram-health
f<a00_	江都市	reviewed-reading,audit-unigram-health
f<w49i	薑切片	reviewed-reading,audit-unigram-health
fc@bZGE05E3g	切特豪斯學校	reviewed-reading,audit-unigram-health
fcWkQk	切向量	reviewed-reading,audit-unigram-health
g0lIXDqIR@	呼韓邪單于	reviewed-reading,audit-unigram-health
g5VBEbcf	開鑼喝道	reviewed-reading,audit-unigram-health
g:7WJD	官老爺	reviewed-reading,audit-unigram-health
g:<@Qkxg	觀無量壽	reviewed-reading,audit-unigram-health
g:C_QM\_m_U_	關係型數據庫	reviewed-reading,audit-unigram-health
g:C_\_m_U_	關係數據庫	reviewed-reading,audit-unigram-health
g:nkml4a>1rG\_	冠狀動脈搭橋術	reviewed-reading,audit-unigram-health
g:wKb[g:	官房長官	reviewed-reading,audit-unigram-health
gIl00_	彈出式	reviewed-reading,audit-unigram-health
gIw?j@	彈琵琶	reviewed-reading,audit-unigram-health
ga6iB_	擴散器	reviewed-reading,audit-unigram-health
h<0JC_	相聯繫	reviewed-reading,audit-unigram-health
h<?P?0a_	鄉曲之譽	reviewed-reading,audit-unigram-health
h<\[1K~K3>=f	香港銀行公會	reviewed-reading,audit-unigram-health
h=KMI<L<	叮零噹啷	reviewed-reading,audit-unigram-health
hI3g01	南校區	reviewed-reading,audit-unigram-health
hI6CEi	南和縣	reviewed-reading,audit-unigram-health
hI6NNX]e=@p=gI	男兒有淚不輕彈	reviewed-reading,audit-unigram-health
hI_Mik01	南桐礦區	reviewed-reading,audit-unigram-health
hIof9K	南少林	reviewed-reading,audit-unigram-health
h[an3M	嗓子疼	reviewed-reading,audit-unigram-health
h[anWY	嗓子眼	reviewed-reading,audit-unigram-health
ha0C`l	獲得性	reviewed-reading,audit-unigram-health
ha0C`lZY5_	獲得性免疫	reviewed-reading,audit-unigram-health
haDkyh	豁上幹	reviewed-reading,audit-unigram-health
haJ`an	貨架子	reviewed-reading,audit-unigram-health
i@qqF0rqT:6N	拔了一個尖兒	reviewed-reading,audit-unigram-health
iIRVw4L@\_	闌尾切除術	reviewed-reading,audit-unigram-health
iMODL_?;	重疊部分	reviewed-reading,audit-unigram-health
iMO_CiKb	重復建設	reviewed-reading,audit-unigram-health
iM_;?;L_	重新分佈	reviewed-reading,audit-unigram-health
iM_;~OCi	重新組建	reviewed-reading,audit-unigram-health
i[0W6CP_	氧飽和度	reviewed-reading,audit-unigram-health
i[3gRl	氧效應	reviewed-reading,audit-unigram-health
i[UOT5m_	氧乙炔炬	reviewed-reading,audit-unigram-health
i[UOT5{h	氧乙炔焊	reviewed-reading,audit-unigram-health
i[UOT5{hm_	氧乙炔焊炬	reviewed-reading,audit-unigram-health
i[lIQk	氧含量	reviewed-reading,audit-unigram-health
i__`uO	氯化苦	reviewed-reading,audit-unigram-health
i_s:~_	氯酸鈉	reviewed-reading,audit-unigram-health
if3@Dk5_	好奇尚異	reviewed-reading,audit-unigram-health
if3@_;wl	好奇心重	reviewed-reading,audit-unigram-health
if5ELjg0?0	好學近乎知	reviewed-reading,audit-unigram-health
ifMl_;	好勝心	reviewed-reading,audit-unigram-health
ikK_^@	礦務局	reviewed-reading,audit-unigram-health
ikaJcVEM	礦泉水瓶	reviewed-reading,audit-unigram-health
j4q0=f0_	耶穌會士	reviewed-reading,audit-unigram-health
j4q0^=N:VD	耶穌升天節	reviewed-reading,audit-unigram-health
jPaf2fac	假冒偽劣	reviewed-reading,audit-unigram-health
k40C{<	憋得慌	reviewed-reading,audit-unigram-health
k@UkvY	麻將館	reviewed-reading,audit-unigram-health
kG6CS0	調和漆	reviewed-reading,audit-unigram-health
kG6CnH	調和油	reviewed-reading,audit-unigram-health
kMQk2f	容量為	reviewed-reading,audit-unigram-health
kM]_g:	榮辱觀	reviewed-reading,audit-unigram-health
kOa00_	武都市	reviewed-reading,audit-unigram-health
kOrq5_	五個億	reviewed-reading,audit-unigram-health
k\\_Ve	整數倍	reviewed-reading,audit-unigram-health
l00_?;\_	初試分數	reviewed-reading,audit-unigram-health
l0[_L_N@m_{O	出處不如聚處	reviewed-reading,audit-unigram-health
l4qq{SeV	撇了撇嘴	reviewed-reading,audit-unigram-health
l5UGan	摘桃子	reviewed-reading,audit-unigram-health
l5afan	摘帽子	reviewed-reading,audit-unigram-health
lI4kan	韓棒子	reviewed-reading,audit-unigram-health
lI\_0_	函數式	reviewed-reading,audit-unigram-health
lI\_0_I:=M	函數式編程	reviewed-reading,audit-unigram-health
lI\_U_	函數庫	reviewed-reading,audit-unigram-health
lI\_n?	函數值	reviewed-reading,audit-unigram-health
lOaOCi	補給艦	reviewed-reading,audit-unigram-health
lOaONJ	補給船	reviewed-reading,audit-unigram-health
lTan]Oi@f<:<	矮子裡拔將軍	reviewed-reading,audit-unigram-health
lj4W_d	暈倒在	reviewed-reading,audit-unigram-health
m0?>Kl	疏鬆症	reviewed-reading,audit-unigram-health
mM<Ccpp?rgg5PO	從什麼時候開始	reviewed-reading,audit-unigram-health
mM|OaJ=_68{H	從屬權利要求	reviewed-reading,audit-unigram-health
mO9iEYRl	普遍反應	reviewed-reading,audit-unigram-health
mO=11K~K	浦發銀行	reviewed-reading,audit-unigram-health
m_T02:	聚醯胺	reviewed-reading,audit-unigram-health
m_yIu?	巨便宜	reviewed-reading,audit-unigram-health
n1Q=L`dTcfyIu?	刮風下雪倒便宜	reviewed-reading,audit-unigram-health
n1v?an	刮鼻子	reviewed-reading,audit-unigram-health
n?0CecCi	值得借鑑	reviewed-reading,audit-unigram-health
n?G9G9	直溜溜	reviewed-reading,audit-unigram-health
nHI<Qk	油當量	reviewed-reading,audit-unigram-health
nHL_0C\O	油不得你	reviewed-reading,audit-unigram-health
nHw@2;s\	油炸圈餅	reviewed-reading,audit-unigram-health
nO7:H<	牡丹坊	reviewed-reading,audit-unigram-health
nO7:f<0_	牡丹江市	reviewed-reading,audit-unigram-health
nkbOFYan	壯起膽子	reviewed-reading,audit-unigram-health
nkxqFYan	壯著膽子	reviewed-reading,audit-unigram-health
nli[6d7f	痛仰樂隊	reviewed-reading,audit-unigram-health
nqNXrq	得有個	reviewed-reading,audit-unigram-health
o0HjYc	租賃業	reviewed-reading,audit-unigram-health
o0HjaJ	租賃權	reviewed-reading,audit-unigram-health
o0qqCbwKan	租了個房子	reviewed-reading,audit-unigram-health
o==_=@A_	精力不濟	reviewed-reading,audit-unigram-health
o=A_5Eu[	經濟學獎	reviewed-reading,audit-unigram-health
o=aOQMrF	經濟行為	reviewed-reading,audit-unigram-health
o=u7_5ph	驚濤拍岸	reviewed-reading,audit-unigram-health
o_\_s?	序數詞	reviewed-reading,audit-unigram-health
of9PQ=	少女峰	reviewed-reading,audit-unigram-health
of9PS_3g_Y	少女露笑臉	reviewed-reading,audit-unigram-health
of:LSl	少陽病	reviewed-reading,audit-unigram-health
of:Lo=	少陽經	reviewed-reading,audit-unigram-health
ofan^=	哨子聲	reviewed-reading,audit-unigram-health
of~=[1	少東家	reviewed-reading,audit-unigram-health
of~I=@0_hHC02f	少年不識愁滋味	reviewed-reading,audit-unigram-health
okCiF0rq	創建一個	reviewed-reading,audit-unigram-health
okCi\_m_U_	創建數據庫	reviewed-reading,audit-unigram-health
p0F0\0p?	粗衣惡食	reviewed-reading,audit-unigram-health
p5wh2@	災難級	reviewed-reading,audit-unigram-health
p7anM_	包子鋪	reviewed-reading,audit-unigram-health
p=5JaM	清乾隆	reviewed-reading,audit-unigram-health
p=cVEYRlH7	輕水反應堆	reviewed-reading,audit-unigram-health
p=p=h[an	清清嗓子	reviewed-reading,audit-unigram-health
p=qO9>4L	傾吐衷腸	reviewed-reading,audit-unigram-health
p=qqp=h[an	清了清嗓子	reviewed-reading,audit-unigram-health
p?4azJ]BSl	石末沉著病	reviewed-reading,audit-unigram-health
p?\_n?	實數值	reviewed-reading,audit-unigram-health
p?bZ~KYc	食品行業	reviewed-reading,audit-unigram-health
p?lZqa	什錦銼	reviewed-reading,audit-unigram-health
p?o_\_m_U_	時序數據庫	reviewed-reading,audit-unigram-health
pa1gan	坐轎子	reviewed-reading,audit-unigram-health
pa5_]V	坐一會	reviewed-reading,audit-unigram-health
pa<Ccp0_	做什麼事	reviewed-reading,audit-unigram-health
paF0rq	作一個	reviewed-reading,audit-unigram-health
paLWxg6i	作鳥獸散	reviewed-reading,audit-unigram-health
paUOan	坐椅子	reviewed-reading,audit-unigram-health
pgCi6CXD	構建和諧	reviewed-reading,audit-unigram-health
pgCiF0rq	構建一個	reviewed-reading,audit-unigram-health
ph0_Rl	暗適應	reviewed-reading,audit-unigram-health
q089KPan	蘇州碼子	reviewed-reading,audit-unigram-health
q6]1an4W	黑瞎子島	reviewed-reading,audit-unigram-health
q=2:Ei	興安縣	reviewed-reading,audit-unigram-health
q=WBEi	興國縣	reviewed-reading,audit-unigram-health
q=Wk5E	星相學	reviewed-reading,audit-unigram-health
q=WkA0	星相師	reviewed-reading,audit-unigram-health
q=WkB@	星相圖	reviewed-reading,audit-unigram-health
q=Wk\_	星相術	reviewed-reading,audit-unigram-health
q=_`0_	興化市	reviewed-reading,audit-unigram-health
q=aMEi	興隆縣	reviewed-reading,audit-unigram-health
q=anEi	星子縣	reviewed-reading,audit-unigram-health
q[cfG:rq	兩到三個	reviewed-reading,audit-unigram-health
q[rq5_	兩個億	reviewed-reading,audit-unigram-health
q[rqCi	兩個鍵	reviewed-reading,audit-unigram-health
q[rqT:T[M<S<eV	兩個肩膀扛張嘴	reviewed-reading,audit-unigram-health
qfeGwlU<	造謠中傷	reviewed-reading,audit-unigram-health
qfwIikK_	造岩礦物	reviewed-reading,audit-unigram-health
ql6C=_	共和曆	reviewed-reading,audit-unigram-health
ql6CEi	共和縣	reviewed-reading,audit-unigram-health
qlw[lI\_U_	共享函數庫	reviewed-reading,audit-unigram-health
rA:ian	駁面子	reviewed-reading,audit-unigram-health
rF9>CE	為中颱	reviewed-reading,audit-unigram-health
rF:b=@2;	為惡不悛	reviewed-reading,audit-unigram-health
rFR0\_m_	維基數據	reviewed-reading,audit-unigram-health
rFVeO_9P5_}^	違背婦女意志	reviewed-reading,audit-unigram-health
rFp?2fmY	為時未晚	reviewed-reading,audit-unigram-health
rF|JO_	為人父	reviewed-reading,audit-unigram-health
rF|J{O0_	為人處世	reviewed-reading,audit-unigram-health
rgVe=_Qk	後備力量	reviewed-reading,audit-unigram-health
s2\_X[	多數黨	reviewed-reading,audit-unigram-health
s?4L3gRl	詞長效應	reviewed-reading,audit-unigram-health
s@Zo^l	蛤蟆鏡	reviewed-reading,audit-unigram-health
sObO<han	擼起袖子	reviewed-reading,audit-unigram-health
sTeV6N	奶嘴兒	reviewed-reading,audit-unigram-health
sTnH2f	奶油味	reviewed-reading,audit-unigram-health
sTnHSW^=	奶油小生	reviewed-reading,audit-unigram-health
sTsT[1	奶奶家	reviewed-reading,audit-unigram-health
tO2:T02:	穀氨醯胺	reviewed-reading,audit-unigram-health
thQd\_	泛代數	reviewed-reading,audit-unigram-health
th|_S_	泛大陸	reviewed-reading,audit-unigram-health
u?0_G:}i	一式三份	reviewed-reading,audit-unigram-health
u?0_q[}i	一式兩份	reviewed-reading,audit-unigram-health
u?7W7W	姨姥姥	reviewed-reading,audit-unigram-health
u?EiwI	胰腺癌	reviewed-reading,audit-unigram-health
u?L_F0Ik	一不一樣	reviewed-reading,audit-unigram-health
u?L_vH{J	一不留神	reviewed-reading,audit-unigram-health
u?O_?E	一副牌	reviewed-reading,audit-unigram-health
u?ecm0^=	一介書生	reviewed-reading,audit-unigram-health
u?m_m_	一句句	reviewed-reading,audit-unigram-health
u?q=0_	宜興市	reviewed-reading,audit-unigram-health
u?sTsT	姨奶奶	reviewed-reading,audit-unigram-health
u?sTsT	姨奶奶	reviewed-reading,audit-unigram-health
uHsTJ;	牛奶針	reviewed-reading,audit-unigram-health
uKy<B__`	膀胱氣化	reviewed-reading,audit-unigram-health
uT4C[1	改革家	reviewed-reading,audit-unigram-health
u[0CzO	獎得主	reviewed-reading,audit-unigram-health
uhan{H	彈子球	reviewed-reading,audit-unigram-health
uhsTnH	淡奶油	reviewed-reading,audit-unigram-health
uhsTq0	蛋奶酥	reviewed-reading,audit-unigram-health
uhtflOaO0i	彈藥補給站	reviewed-reading,audit-unigram-health
v44W\_	階導數	reviewed-reading,audit-unigram-health
v4cfqh0_[_	街道辦事處	reviewed-reading,audit-unigram-health
vHF0rq	留一個	reviewed-reading,audit-unigram-health
vHrqwI	留個言	reviewed-reading,audit-unigram-health
v[8:R=S_	搶灘登陸	reviewed-reading,audit-unigram-health
vh9>6C	碳中和	reviewed-reading,audit-unigram-health
w4=M3e	切成塊	reviewed-reading,audit-unigram-health
w4=M9i	切成片	reviewed-reading,audit-unigram-health
w4=ME0	切成絲	reviewed-reading,audit-unigram-health
w4L@\_	切除術	reviewed-reading,audit-unigram-health
w4`dBY	切菜板	reviewed-reading,audit-unigram-health
w4g5\_	切開術	reviewed-reading,audit-unigram-health
w;Q=0C5_KP{?2@	春風得意馬蹄疾	reviewed-reading,audit-unigram-health
w?j@\_	枇杷樹	reviewed-reading,audit-unigram-health
wI68{H	嚴要求	reviewed-reading,audit-unigram-health
wIKlEYRl	炎症反應	reviewed-reading,audit-unigram-health
wI`lEYRl	炎性反應	reviewed-reading,audit-unigram-health
wK\0o0Hj	房屋租賃	reviewed-reading,audit-unigram-health
wK\0o0Hj6C_M	房屋租賃合同	reviewed-reading,audit-unigram-health
wT:<9>3g	海軍中校	reviewed-reading,audit-unigram-health
wTS__f	海陸煲	reviewed-reading,audit-unigram-health
wTWkzJR0K_	海相沉積物	reviewed-reading,audit-unigram-health
w[Rl0_	響應式	reviewed-reading,audit-unigram-health
w[Rl0_L_^@	響應式佈局	reviewed-reading,audit-unigram-health
wl0=J`	種莊稼	reviewed-reading,audit-unigram-health
wlA@IF	中毒酶	reviewed-reading,audit-unigram-health
wlA_d=	重騎兵	reviewed-reading,audit-unigram-health
wlJYaf	重感冒	reviewed-reading,audit-unigram-health
wlQk[j	重量噸	reviewed-reading,audit-unigram-health
wlUk0_	眾將士	reviewed-reading,audit-unigram-health
x45_]V6N	歇一會兒	reviewed-reading,audit-unigram-health
x7rFQd\___	高維代數簇	reviewed-reading,audit-unigram-health
x889O_q=A__`	歐洲復興計劃	reviewed-reading,audit-unigram-health
xU89|_S_	美洲大陸	reviewed-reading,audit-unigram-health
xUrq89	每個州	reviewed-reading,audit-unigram-health
xUrqA_P_	每個季度	reviewed-reading,audit-unigram-health
xdQWVe	外腳背	reviewed-reading,audit-unigram-health
xg\_UOLj	壽數已盡	reviewed-reading,audit-unigram-health
xgwh01	受難曲	reviewed-reading,audit-unigram-health
xhdfan	濫套子	reviewed-reading,audit-unigram-health
y<QkRO	光量子	reviewed-reading,audit-unigram-health
yIu?IF:Wha	便宜沒好貨	reviewed-reading,audit-unigram-health
yK0_{l6CKl	唐氏綜合症	reviewed-reading,audit-unigram-health
yK0_{l6C\=	唐氏綜合徵	reviewed-reading,audit-unigram-health
yUA_4W	斐濟島	reviewed-reading,audit-unigram-health
yf?ian	掉鏈子	reviewed-reading,audit-unigram-health
yfP_B_	調度器	reviewed-reading,audit-unigram-health
yfP_TJ	調度員	reviewed-reading,audit-unigram-health
yfT[an	吊膀子	reviewed-reading,audit-unigram-health
yfT[an	弔膀子	reviewed-reading,audit-unigram-health
yfd=C:	調兵山	reviewed-reading,audit-unigram-health
yfd=C:0_	調兵山市	reviewed-reading,audit-unigram-health
yfx@7f	調查隊	reviewed-reading,audit-unigram-health
yfx@FWFM	調查表明	reviewed-reading,audit-unigram-health
zJ4a=MKZ	沈沒成本	reviewed-reading,audit-unigram-health
zJ4a=MKZ	沉沒成本	reviewed-reading,audit-unigram-health
zJs?xhyf	陳詞濫調	reviewed-reading,audit-unigram-health
zO6C6J	主和絃	reviewed-reading,audit-unigram-health
zOLPWkQk	主法向量	reviewed-reading,audit-unigram-health
zOR0yf	主基調	reviewed-reading,audit-unigram-health
{@Ibrq	咱這個	reviewed-reading,audit-unigram-health
{@ha:i	雜和麵	reviewed-reading,audit-unigram-health
{h6doO	漢樂府	reviewed-reading,audit-unigram-health
{l5_C1	綜藝咖	reviewed-reading,audit-unigram-health
{l6CKl	綜合症	reviewed-reading,audit-unigram-health
{l6CWB=_	綜合國力	reviewed-reading,audit-unigram-health
{l6CYcK_\_2_0\	綜合業務數字網	reviewed-reading,audit-unigram-health
{l6C_`	綜合化	reviewed-reading,audit-unigram-health
{l6CeY	綜合險	reviewed-reading,audit-unigram-health
{l6C{?	綜合題	reviewed-reading,audit-unigram-health
{lL;F06d	縱身一躍	reviewed-reading,audit-unigram-health
{lPOh<1Mc==@0_	縱使相逢應不識	reviewed-reading,audit-unigram-health
|?an|_F0	呢子大衣	reviewed-reading,audit-unigram-health
|?sz2PF001	霓裳羽衣曲	reviewed-reading,audit-unigram-health
|?sz2PF0?P	霓裳羽衣曲	reviewed-reading,audit-unigram-health
|J6C01	仁和區	reviewed-reading,audit-unigram-health
|J6C0_	人和事	reviewed-reading,audit-unigram-health
|J6CEi	仁和縣	reviewed-reading,audit-unigram-health
|JL;qf;:	人參皂苷	reviewed-reading,audit-unigram-health
|J^=cf[_?06C4_	人生到處知何似	reviewed-reading,audit-unigram-health
|MHEan	窮孩子	reviewed-reading,audit-unigram-health
|_2fCM6CG5	大衛營和約	reviewed-reading,audit-unigram-health
|_6CoORO	大和撫子	reviewed-reading,audit-unigram-health
|_9ian	大騙子	reviewed-reading,audit-unigram-health
|_G:6C6J	大三和絃	reviewed-reading,audit-unigram-health
|_KP0_4C]O	大馬士革李	reviewed-reading,audit-unigram-health
|_P_HY	大肚腩	reviewed-reading,audit-unigram-health
|_S_3e	大陸塊	reviewed-reading,audit-unigram-health
|_`fMPGKan	大炮打蚊子	reviewed-reading,audit-unigram-health
|f_kof	瞭望哨	reviewed-reading,audit-unigram-health
}2T:YF	捉奸賊	reviewed-reading,audit-unigram-health
}?6i_`	離散化	reviewed-reading,audit-unigram-health
}FL7C_\_	迴歸係數	reviewed-reading,audit-unigram-health
}FaM3E	回籠覺	reviewed-reading,audit-unigram-health
}FkGlI\_	回調函數	reviewed-reading,audit-unigram-health
}MHEan	熊孩子	reviewed-reading,audit-unigram-health
}M]1an	熊瞎子	reviewed-reading,audit-unigram-health
}QHE0_w[	我還是想	reviewed-reading,audit-unigram-health
}UR0A_BL	累積劑量	reviewed-reading,audit-unigram-health
}^JYaf	治感冒	reviewed-reading,audit-unigram-health
}i];L7an	糞金龜子	reviewed-reading,audit-unigram-health
~7:L01	朝陽區	reviewed-reading,audit-unigram-health
~7:L0_	朝陽市	reviewed-reading,audit-unigram-health
~7S_Db}^	朝露溘至	reviewed-reading,audit-unigram-health
~=mY0_	東莞市	reviewed-reading,audit-unigram-health
~@@l6N	牙縫兒	reviewed-reading,audit-unigram-health
~I]B2P	黏著語	reviewed-reading,audit-unigram-health
~KPMJ`	行情價	reviewed-reading,audit-unigram-health
~\R7Sl	頸椎病	reviewed-reading,audit-unigram-health
~_cpxq2@	那麼著急	reviewed-reading,audit-unigram-health
~_lq2@	那麼急	reviewed-reading,audit-unigram-health
~_lq4L	那麼長	reviewed-reading,audit-unigram-health
~_lqZX	那麼久	reviewed-reading,audit-unigram-health
~_lqwI	那麼嚴	reviewed-reading,audit-unigram-health
~_lqwl	那麼重	reviewed-reading,audit-unigram-health
~_lq}I	那麼甜	reviewed-reading,audit-unigram-health
~_rqJ`	那個價	reviewed-reading,audit-unigram-health
~_rq[1	那個家	reviewed-reading,audit-unigram-health
~_rqifRO=@~8nH	那個耗子不偷油	reviewed-reading,audit-unigram-health
~_rqifanL_~8nH	那個耗子不偷油	reviewed-reading,audit-unigram-health
~_rqr76NL_@0q=	那個貓兒不吃腥	reviewed-reading,audit-unigram-health
~_|i6N	納悶兒	reviewed-reading,audit-unigram-health
~l<Ccptf	用什麼藥	reviewed-reading,audit-unigram-health
~l_d5_~7	用在一朝	reviewed-reading,audit-unigram-health
<jL;A@8TKl	妊娠毒血症	reviewed-reading,manual-correction,audit-unigram-health
<jzJA@8TKl	妊娠毒血症	reviewed-reading,manual-correction,audit-unigram-health
Cfrq1g	睡個覺	reviewed-reading,manual-correction,audit-unigram-health
LWLWUBUB	嫋嫋娜娜	reviewed-reading,manual-correction,audit-unigram-health
Q;6dMl\Y	音樂盛典	reviewed-reading,manual-correction,audit-unigram-health
TZh=L`a0	墾丁夏都	reviewed-reading,manual-correction,audit-unigram-health
YFLY}2YF	賊喊捉賊	reviewed-reading,manual-correction,audit-unigram-health
_;q=~KYc	新興行業	reviewed-reading,manual-correction,audit-unigram-health
01y<L_Kl	屈光不正	bu-sandhi-reading,bu-tone-coverage
03<Ck@ySL_	說什麼也不	bu-sandhi-reading,bu-tone-coverage
03@@L_qq	說服不了	bu-sandhi-reading,bu-tone-coverage
03FML_qq	說明不了	bu-sandhi-reading,bu-tone-coverage
03L_	說不	bu-sandhi-reading,bu-tone-coverage
03L_03	說不說	bu-sandhi-reading,bu-tone-coverage
03L_0>	說不通	bu-sandhi-reading,bu-tone-coverage
03L_6[	說不準	bu-sandhi-reading,bu-tone-coverage
03L_:W	說不好	bu-sandhi-reading,bu-tone-coverage
03L_>J	說不完	bu-sandhi-reading,bu-tone-coverage
03L_Dk	說不上	bu-sandhi-reading,bu-tone-coverage
03L_DkEE	說不上來	bu-sandhi-reading,bu-tone-coverage
03L_EE	說不來	bu-sandhi-reading,bu-tone-coverage
03L_FM>E	說不明白	bu-sandhi-reading,bu-tone-coverage
03L_L`n_	說不下去	bu-sandhi-reading,bu-tone-coverage
03L_Lj	說不盡	bu-sandhi-reading,bu-tone-coverage
03L_Wl	說不定	bu-sandhi-reading,bu-tone-coverage
03L_cf	說不到	bu-sandhi-reading,bu-tone-coverage
03L_fa	說不過	bu-sandhi-reading,bu-tone-coverage
03L_faEE	說不過來	bu-sandhi-reading,bu-tone-coverage
03L_fan_	說不過去	bu-sandhi-reading,bu-tone-coverage
03L_l0_`	說不出話	bu-sandhi-reading,bu-tone-coverage
03L_l0_`EE	說不出話來	bu-sandhi-reading,bu-tone-coverage
03L_l0nq	說不出的	bu-sandhi-reading,bu-tone-coverage
03L_nq	說不得	bu-sandhi-reading,bu-tone-coverage
03L_p=nq	說不清的	bu-sandhi-reading,bu-tone-coverage
03L_tf	說不要	bu-sandhi-reading,bu-tone-coverage
03_`L_I<_`	說話不當話	bu-sandhi-reading,bu-tone-coverage
03_`L_bi\_	說話不算數	bu-sandhi-reading,bu-tone-coverage
03_`L_bi_`	說話不算話	bu-sandhi-reading,bu-tone-coverage
03rYL_rY	說短不短	bu-sandhi-reading,bu-tone-coverage
08L_	超不	bu-sandhi-reading,bu-tone-coverage
08L_fa	超不過	bu-sandhi-reading,bu-tone-coverage
0=L_Dk	裝不上	bu-sandhi-reading,bu-tone-coverage
0=L_L`	裝不下	bu-sandhi-reading,bu-tone-coverage
0=L_qq	裝不了	bu-sandhi-reading,bu-tone-coverage
0>4LL_0_	通常不是	bu-sandhi-reading,bu-tone-coverage
0>L_0>	通不通	bu-sandhi-reading,bu-tone-coverage
0>L_fa	通不過	bu-sandhi-reading,bu-tone-coverage
0CEEaJL_Ye3>`0	得來全不費功夫	bu-sandhi-reading,bu-tone-coverage
0JL_Dk	連不上	bu-sandhi-reading,bu-tone-coverage
0J[VySL_CiF0Cb	連鬼也不見一個	bu-sandhi-reading,bu-tone-coverage
0Jv4L_Dk	連接不上	bu-sandhi-reading,bu-tone-coverage
0Jv4L_Ri	連接不斷	bu-sandhi-reading,bu-tone-coverage
0WKlL_	保證不	bu-sandhi-reading,bu-tone-coverage
0WKlL_qq	保證不了	bu-sandhi-reading,bu-tone-coverage
0WL_6[	保不準	bu-sandhi-reading,bu-tone-coverage
0WL_qq	保不了	bu-sandhi-reading,bu-tone-coverage
0Wo?L_8i	保持不變	bu-sandhi-reading,bu-tone-coverage
0W{hL_?0:b{hR0	飽漢不知餓漢飢	bu-sandhi-reading,bu-tone-coverage
0ZL_h=_<	軟不叮噹	bu-sandhi-reading,bu-tone-coverage
0\0_L_<:}FIX	往事不堪回首	bu-sandhi-reading,bu-tone-coverage
0\eaL_:W	網絡不好	bu-sandhi-reading,bu-tone-coverage
0\eaL_vZWl	網絡不穩定	bu-sandhi-reading,bu-tone-coverage
0]L_cf	請不到	bu-sandhi-reading,bu-tone-coverage
0]L_ml	請不動	bu-sandhi-reading,bu-tone-coverage
0]L_tf	請不要	bu-sandhi-reading,bu-tone-coverage
0]L_tf_d	請不要再	bu-sandhi-reading,bu-tone-coverage
0]L_tf~l	請不要用	bu-sandhi-reading,bu-tone-coverage
0]\OL_tf	請你不要	bu-sandhi-reading,bu-tone-coverage
0_L_	是不	bu-sandhi-reading,bu-tone-coverage
0_L_	誓不	bu-sandhi-reading,bu-tone-coverage
0_L_0_1g	是不是叫	bu-sandhi-reading,bu-tone-coverage
0_L_0_6C	適不適合	bu-sandhi-reading,bu-tone-coverage
0_L_0_=f	是不是會	bu-sandhi-reading,bu-tone-coverage
0_L_0_IbCb	是不是這個	bu-sandhi-reading,bu-tone-coverage
0_L_0_J;nq	是不是真的	bu-sandhi-reading,bu-tone-coverage
0_L_0_NX	是不是有	bu-sandhi-reading,bu-tone-coverage
0_L_0_Q;2f	是不是因為	bu-sandhi-reading,bu-tone-coverage
0_L_0_\O	是不是你	bu-sandhi-reading,bu-tone-coverage
0_L_0__d	是不是在	bu-sandhi-reading,bu-tone-coverage
0_L_0_dRUO	是不是可以	bu-sandhi-reading,bu-tone-coverage
0_L_0_tf	是不是要	bu-sandhi-reading,bu-tone-coverage
0_L_0_}Q	是不是我	bu-sandhi-reading,bu-tone-coverage
0_L_0_}g	是不是又	bu-sandhi-reading,bu-tone-coverage
0_L_11tf	是不需要	bu-sandhi-reading,bu-tone-coverage
0_L_4M	是不能	bu-sandhi-reading,bu-tone-coverage
0_L_7fnq	是不對的	bu-sandhi-reading,bu-tone-coverage
0_L_=f	是不會	bu-sandhi-reading,bu-tone-coverage
0_L_EY]V	誓不反悔	bu-sandhi-reading,bu-tone-coverage
0_L_Rd	是不太	bu-sandhi-reading,bu-tone-coverage
0_L__Mnq	是不同的	bu-sandhi-reading,bu-tone-coverage
0_L_dR4M	是不可能	bu-sandhi-reading,bu-tone-coverage
0_L_dRI<	勢不可當	bu-sandhi-reading,bu-tone-coverage
0_L_dRX[	勢不可擋	bu-sandhi-reading,bu-tone-coverage
0_L_faG:	事不過三	bu-sandhi-reading,bu-tone-coverage
0_L_qa	是不錯	bu-sandhi-reading,bu-tone-coverage
0_L_tf	是不要	bu-sandhi-reading,bu-tone-coverage
0_L_w[	是不想	bu-sandhi-reading,bu-tone-coverage
0_L_x_M9	誓不罷休	bu-sandhi-reading,bu-tone-coverage
0_L_~l	是不用	bu-sandhi-reading,bu-tone-coverage
0_PML_0_	事情不是	bu-sandhi-reading,bu-tone-coverage
0_Vjz\hIc=L_:W	試問嶺南應不好	bu-sandhi-reading,bu-tone-coverage
0_c=L_BL	適應不良	bu-sandhi-reading,bu-tone-coverage
0_c=L_qq	適應不了	bu-sandhi-reading,bu-tone-coverage
0_p?L_p=	事實不清	bu-sandhi-reading,bu-tone-coverage
0_}QL_7f	是我不對	bu-sandhi-reading,bu-tone-coverage
0_}QL_:W	是我不好	bu-sandhi-reading,bu-tone-coverage
0`K@L_\YL_Qk	蠟燭不點不亮	bu-sandhi-reading,bu-tone-coverage
0i7TL_FW	暫且不表	bu-sandhi-reading,bu-tone-coverage
0iL_	暫不	bu-sandhi-reading,bu-tone-coverage
0iL_0i	佔不佔	bu-sandhi-reading,bu-tone-coverage
0iL_Z_QW	站不住腳	bu-sandhi-reading,bu-tone-coverage
0iL_cf	佔不到	bu-sandhi-reading,bu-tone-coverage
0iL_qq	佔不了	bu-sandhi-reading,bu-tone-coverage
0iNXkOL_7i	占有五不驗	bu-sandhi-reading,bu-tone-coverage
0iR0L_[1	戰績不佳	bu-sandhi-reading,bu-tone-coverage
0ilgL_NO	戰鬥不止	bu-sandhi-reading,bu-tone-coverage
0ip?L_	暫時不	bu-sandhi-reading,bu-tone-coverage
0ixq03_`L_683M	站著說話不腰疼	bu-sandhi-reading,bu-tone-coverage
0ixqL_ml	站著不動	bu-sandhi-reading,bu-tone-coverage
11L_11	需不需	bu-sandhi-reading,bu-tone-coverage
11L_11tf	需不需要	bu-sandhi-reading,bu-tone-coverage
11{HL_O@	需求不足	bu-sandhi-reading,bu-tone-coverage
18JYL_0_	稍感不適	bu-sandhi-reading,bu-tone-coverage
18JYL_8i	稍感不便	bu-sandhi-reading,bu-tone-coverage
18L_Z_5_	稍不注意	bu-sandhi-reading,bu-tone-coverage
18L_vH{J	稍不留神	bu-sandhi-reading,bu-tone-coverage
18NXL_6[	稍有不準	bu-sandhi-reading,bu-tone-coverage
18NXL__M	稍有不同	bu-sandhi-reading,bu-tone-coverage
1WL_cf	跑不到	bu-sandhi-reading,bu-tone-coverage
1WL_ml	跑不動	bu-sandhi-reading,bu-tone-coverage
1WL_qq4_	跑不了寺	bu-sandhi-reading,bu-tone-coverage
1WL_qqwf	跑不了廟	bu-sandhi-reading,bu-tone-coverage
1]L_EE	醒不來	bu-sandhi-reading,bu-tone-coverage
1_L_=A~U	日不暇給	bu-sandhi-reading,bu-tone-coverage
1_L_ea	日不落	bu-sandhi-reading,bu-tone-coverage
1g5EL_oi	教學不倦	bu-sandhi-reading,bu-tone-coverage
1gLPL_F0Ik	叫法不一樣	bu-sandhi-reading,bu-tone-coverage
1gL_1g	叫不叫	bu-sandhi-reading,bu-tone-coverage
1gL_l0	叫不出	bu-sandhi-reading,bu-tone-coverage
1gL_l0EE	叫不出來	bu-sandhi-reading,bu-tone-coverage
1gL_qq	教不了	bu-sandhi-reading,bu-tone-coverage
1gN:N:L_c=	叫天天不應	bu-sandhi-reading,bu-tone-coverage
1gpaL_1g:W	叫座不叫好	bu-sandhi-reading,bu-tone-coverage
2;ROL__M	圈子不同	bu-sandhi-reading,bu-tone-coverage
2@2fL_DY	極為不滿	bu-sandhi-reading,bu-tone-coverage
2@L_2@	急不急	bu-sandhi-reading,bu-tone-coverage
2@L_PMci	極不情願	bu-sandhi-reading,bu-tone-coverage
2@L_nq	急不得	bu-sandhi-reading,bu-tone-coverage
2@sIL_ml	寂然不動	bu-sandhi-reading,bu-tone-coverage
2PL_o=|JTOL_M9	語不驚人死不休	bu-sandhi-reading,bu-tone-coverage
2P]=L_IX8M	宇稱不守恆	bu-sandhi-reading,bu-tone-coverage
2PwIL_0>	語言不通	bu-sandhi-reading,bu-tone-coverage
2[L_Dk	混不上	bu-sandhi-reading,bu-tone-coverage
2[UiL_<:	混亂不堪	bu-sandhi-reading,bu-tone-coverage
2[nqL_qa	混得不錯	bu-sandhi-reading,bu-tone-coverage
2_<fL_N@	自愧不如	bu-sandhi-reading,bu-tone-coverage
2_L_6_03	自不必說	bu-sandhi-reading,bu-tone-coverage
2_aOL_	自己不	bu-sandhi-reading,bu-tone-coverage
2_aOL_?0cf	自己不知道	bu-sandhi-reading,bu-tone-coverage
2eL_qq	怪不了	bu-sandhi-reading,bu-tone-coverage
2f0CL_9>	為德不終	bu-sandhi-reading,bu-tone-coverage
2f0CL_O@	為德不卒	bu-sandhi-reading,bu-tone-coverage
2f4LL_0_	未嘗不是	bu-sandhi-reading,bu-tone-coverage
2f:bL_2;	為惡不悛	bu-sandhi-reading,bu-tone-coverage
2f<Ck@L_	為什麼不	bu-sandhi-reading,bu-tone-coverage
2fBXL_:W	胃口不好	bu-sandhi-reading,bu-tone-coverage
2fL_L_0_	胃部不適	bu-sandhi-reading,bu-tone-coverage
2fL_m0@@	胃不舒服	bu-sandhi-reading,bu-tone-coverage
2fZYRdL_	未免太不	bu-sandhi-reading,bu-tone-coverage
2fcfL_:W	味道不好	bu-sandhi-reading,bu-tone-coverage
2fcfL_qa	味道不錯	bu-sandhi-reading,bu-tone-coverage
2fp?L_mY	為時不晚	bu-sandhi-reading,bu-tone-coverage
2fqqL_	為了不	bu-sandhi-reading,bu-tone-coverage
2fqqL_Ek	為了不讓	bu-sandhi-reading,bu-tone-coverage
2fqqL__d	為了不再	bu-sandhi-reading,bu-tone-coverage
2fqqL_~U	為了不給	bu-sandhi-reading,bu-tone-coverage
2fy@L_	為啥不	bu-sandhi-reading,bu-tone-coverage
2fy@L_0_	為啥不是	bu-sandhi-reading,bu-tone-coverage
2f|JL_O_	為仁不富	bu-sandhi-reading,bu-tone-coverage
2f|OL_@W	為數不少	bu-sandhi-reading,bu-tone-coverage
2f|OL_s2	為數不多	bu-sandhi-reading,bu-tone-coverage
2f}^L_7f	位置不對	bu-sandhi-reading,bu-tone-coverage
2iiRL_8i	善者不辯	bu-sandhi-reading,bu-tone-coverage
2iiRL_EE	善者不來	bu-sandhi-reading,bu-tone-coverage
38a_L_`l	遭遇不幸	bu-sandhi-reading,bu-tone-coverage
3:L_cf6N	扳不倒兒	bu-sandhi-reading,bu-tone-coverage
3>4ML_aJ	功能不全	bu-sandhi-reading,bu-tone-coverage
3><jL_=f	供認不諱	bu-sandhi-reading,bu-tone-coverage
3>L_Dk	攻不上	bu-sandhi-reading,bu-tone-coverage
3>L_L`	攻不下	bu-sandhi-reading,bu-tone-coverage
3>`0L_O_NX_;|J	功夫不負有心人	bu-sandhi-reading,bu-tone-coverage
3>c=L_O@	供應不足	bu-sandhi-reading,bu-tone-coverage
3>|JL_Ve	攻人不備	bu-sandhi-reading,bu-tone-coverage
3>~UL_O@	供給不足	bu-sandhi-reading,bu-tone-coverage
3@L_Qd	期不待	bu-sandhi-reading,bu-tone-coverage
3@p?L_~l	其實不用	bu-sandhi-reading,bu-tone-coverage
3@p?SlL_	其實並不	bu-sandhi-reading,bu-tone-coverage
3E0CL_	覺得不	bu-sandhi-reading,bu-tone-coverage
3E0CL_qa	覺得不錯	bu-sandhi-reading,bu-tone-coverage
3E6NL_QM	決而不行	bu-sandhi-reading,bu-tone-coverage
3E7fL_	絕對不	bu-sandhi-reading,bu-tone-coverage
3E7fL_0_	絕對不是	bu-sandhi-reading,bu-tone-coverage
3E7fL_4M	絕對不能	bu-sandhi-reading,bu-tone-coverage
3E7fL_=f	絕對不會	bu-sandhi-reading,bu-tone-coverage
3E7fL_QM	絕對不行	bu-sandhi-reading,bu-tone-coverage
3E7fL_tf	絕對不要	bu-sandhi-reading,bu-tone-coverage
3EL_0_	決不是	bu-sandhi-reading,bu-tone-coverage
3EL_0_	絕不是	bu-sandhi-reading,bu-tone-coverage
3EL_7kB_	絕不放棄	bu-sandhi-reading,bu-tone-coverage
3EL_=[@P	絕不允許	bu-sandhi-reading,bu-tone-coverage
3EL_=f	決不會	bu-sandhi-reading,bu-tone-coverage
3EL_=f	絕不會	bu-sandhi-reading,bu-tone-coverage
3EL__d	決不在	bu-sandhi-reading,bu-tone-coverage
3EL__d	絕不在	bu-sandhi-reading,bu-tone-coverage
3EL_dR	絕不可	bu-sandhi-reading,bu-tone-coverage
3EL_dR4M	絕不可能	bu-sandhi-reading,bu-tone-coverage
3EL_dRUO	絕不可以	bu-sandhi-reading,bu-tone-coverage
3EL_e04@	絕不姑息	bu-sandhi-reading,bu-tone-coverage
3EL_rg]V	絕不後悔	bu-sandhi-reading,bu-tone-coverage
3EL_tf	絕不要	bu-sandhi-reading,bu-tone-coverage
3EWltfL_tf	決定要不要	bu-sandhi-reading,bu-tone-coverage
3ML_3M	疼不疼	bu-sandhi-reading,bu-tone-coverage
3RL_fa	躲不過	bu-sandhi-reading,bu-tone-coverage
3RL_fan_	躲不過去	bu-sandhi-reading,bu-tone-coverage
3_L_6[	刺不準	bu-sandhi-reading,bu-tone-coverage
3a:hL_<:	破舊不堪	bu-sandhi-reading,bu-tone-coverage
3aL_3@Qd	迫不期待	bu-sandhi-reading,bu-tone-coverage
3aL_qq	破不了	bu-sandhi-reading,bu-tone-coverage
3aMdL_<:	破敗不堪	bu-sandhi-reading,bu-tone-coverage
3eL_3e	快不快	bu-sandhi-reading,bu-tone-coverage
3eL_3eBb	快不快樂	bu-sandhi-reading,bu-tone-coverage
3eL_7iC_	膾不厭細	bu-sandhi-reading,bu-tone-coverage
3eL_qq	快不了	bu-sandhi-reading,bu-tone-coverage
3g3KL_3gT<	笑貧不笑娼	bu-sandhi-reading,bu-tone-coverage
3g6NL_2P	笑而不語	bu-sandhi-reading,bu-tone-coverage
3gE0L_;f	孝思不匱	bu-sandhi-reading,bu-tone-coverage
3gL_l0EE	笑不出來	bu-sandhi-reading,bu-tone-coverage
3jtOL_8i	亙古不變	bu-sandhi-reading,bu-tone-coverage
48paL_I<	操作不當	bu-sandhi-reading,bu-tone-coverage
4:L_Dk	攀不上	bu-sandhi-reading,bu-tone-coverage
4KL_2fTO	民不畏死	bu-sandhi-reading,bu-tone-coverage
4L2fL_:W	腸胃不好	bu-sandhi-reading,bu-tone-coverage
4L3@L_~l	長期不用	bu-sandhi-reading,bu-tone-coverage
4L3@nqL_cf	長期得不到	bu-sandhi-reading,bu-tone-coverage
4L=ML_K6	長盛不衰	bu-sandhi-reading,bu-tone-coverage
4LL_4L	長不長	bu-sandhi-reading,bu-tone-coverage
4LL_qq	長不了	bu-sandhi-reading,bu-tone-coverage
4LL_|_	長不大	bu-sandhi-reading,bu-tone-coverage
4Lt1L_gc	常抓不懈	bu-sandhi-reading,bu-tone-coverage
4M=_L_O@	能力不足	bu-sandhi-reading,bu-tone-coverage
4ML_4MIP	能不能把	bu-sandhi-reading,bu-tone-coverage
4ML_4Mcf	能不能到	bu-sandhi-reading,bu-tone-coverage
4ML_4Mn_	能不能去	bu-sandhi-reading,bu-tone-coverage
4ML_4Mpg	能不能夠	bu-sandhi-reading,bu-tone-coverage
4ML_4Mzhcf	能不能看到	bu-sandhi-reading,bu-tone-coverage
4ML_n_	能不去	bu-sandhi-reading,bu-tone-coverage
4ML_~l	能不用	bu-sandhi-reading,bu-tone-coverage
4MQkL_\c	能量不滅	bu-sandhi-reading,bu-tone-coverage
4MQkL_\cWli_	能量不滅定律	bu-sandhi-reading,bu-tone-coverage
4Z4ZL_0_	遠遠不是	bu-sandhi-reading,bu-tone-coverage
4Z4ZL_4M	遠遠不能	bu-sandhi-reading,bu-tone-coverage
4Z4ZL_N@	遠遠不如	bu-sandhi-reading,bu-tone-coverage
4Z4ZL_pg	遠遠不夠	bu-sandhi-reading,bu-tone-coverage
4ZL_	遠不	bu-sandhi-reading,bu-tone-coverage
4ZL_0_	遠不是	bu-sandhi-reading,bu-tone-coverage
4ZL_2@	遠不及	bu-sandhi-reading,bu-tone-coverage
4ZL_4M	遠不能	bu-sandhi-reading,bu-tone-coverage
4ZL_4Z	遠不遠	bu-sandhi-reading,bu-tone-coverage
4ZL_NO	遠不止	bu-sandhi-reading,bu-tone-coverage
4ZLjx7K0CbL__M	遠近高低各不同	bu-sandhi-reading,bu-tone-coverage
4ZcV6TL_qqLjdR	遠水解不了近渴	bu-sandhi-reading,bu-tone-coverage
4ZcV:hL_MWLj9R	遠水救不了近火	bu-sandhi-reading,bu-tone-coverage
4_[OL_>K	四體不勤	bu-sandhi-reading,bu-tone-coverage
4a0_L__k	歿世不忘	bu-sandhi-reading,bu-tone-coverage
4aL_GK	莫不聞	bu-sandhi-reading,bu-tone-coverage
4aL_N@	莫不如	bu-sandhi-reading,bu-tone-coverage
4aL_N@SO	莫不如此	bu-sandhi-reading,bu-tone-coverage
4aL_}^yg	脈不制肉	bu-sandhi-reading,bu-tone-coverage
4aN:L`?0|_L_RV	冒天下之大不韙	bu-sandhi-reading,bu-tone-coverage
4a|_L_RV	冒大不韙	bu-sandhi-reading,bu-tone-coverage
4iBXL_	讚口不	bu-sandhi-reading,bu-tone-coverage
4iCbL_	讚個不	bu-sandhi-reading,bu-tone-coverage
5E5_L_o=	學藝不精	bu-sandhi-reading,bu-tone-coverage
5EL_:W	學不好	bu-sandhi-reading,bu-tone-coverage
5EL_=f	學不會	bu-sandhi-reading,bu-tone-coverage
5EL_>]	學不懂	bu-sandhi-reading,bu-tone-coverage
5EL_cf	學不到	bu-sandhi-reading,bu-tone-coverage
5EL_ml	學不動	bu-sandhi-reading,bu-tone-coverage
5EL_qq	學不了	bu-sandhi-reading,bu-tone-coverage
5E\_L_c:	學術不端	bu-sandhi-reading,bu-tone-coverage
5J0_L__k	前事不忘	bu-sandhi-reading,bu-tone-coverage
5JL_0_Mi4Mnq	錢不是萬能的	bu-sandhi-reading,bu-tone-coverage
5JL_ZX	前不久	bu-sandhi-reading,bu-tone-coverage
5JL_pg	錢不夠	bu-sandhi-reading,bu-tone-coverage
5JL_s2	錢不多	bu-sandhi-reading,bu-tone-coverage
5JwIL_7frg2P	前言不對後語	bu-sandhi-reading,bu-tone-coverage
5JwIL_>1rg2P	前言不搭後語	bu-sandhi-reading,bu-tone-coverage
5WL_cf	討不到	bu-sandhi-reading,bu-tone-coverage
5_0_L_p=	意識不清	bu-sandhi-reading,bu-tone-coverage
5_3EL_9j	一蹶不振	bu-sandhi-reading,bu-tone-coverage
5_5_L__M	意義不同	bu-sandhi-reading,bu-tone-coverage
5_6NL_3E	議而不決	bu-sandhi-reading,bu-tone-coverage
5_=ML_8i	一成不變	bu-sandhi-reading,bu-tone-coverage
5_=_L_cf	屹立不倒	bu-sandhi-reading,bu-tone-coverage
5_=_L_ml	屹立不動	bu-sandhi-reading,bu-tone-coverage
5_CiL_6C	意見不合	bu-sandhi-reading,bu-tone-coverage
5_CiL__M	意見不同	bu-sandhi-reading,bu-tone-coverage
5_E0L_]`	一絲不掛	bu-sandhi-reading,bu-tone-coverage
5_L_	亦不	bu-sandhi-reading,bu-tone-coverage
5_L_0_	亦不是	bu-sandhi-reading,bu-tone-coverage
5_L_4M	亦不能	bu-sandhi-reading,bu-tone-coverage
5_L_?0	亦不知	bu-sandhi-reading,bu-tone-coverage
5_L_Z_5_	一不注意	bu-sandhi-reading,bu-tone-coverage
5_L_paEmL_M9	一不做二不休	bu-sandhi-reading,bu-tone-coverage
5_^=xg~lL_Lj	一生受用不盡	bu-sandhi-reading,bu-tone-coverage
5_a_L_EM	抑鬱不平	bu-sandhi-reading,bu-tone-coverage
5_h=L_0_	一丁不識	bu-sandhi-reading,bu-tone-coverage
5_|fL_cf	意料不到	bu-sandhi-reading,bu-tone-coverage
5_}^L_Z_	抑制不住	bu-sandhi-reading,bu-tone-coverage
5hL_fa	拗不過	bu-sandhi-reading,bu-tone-coverage
5jL_bOEE	恨不起來	bu-sandhi-reading,bu-tone-coverage
5jL_nq	恨不得	bu-sandhi-reading,bu-tone-coverage
6:L_cf	翻不到	bu-sandhi-reading,bu-tone-coverage
6:L_fa	翻不過	bu-sandhi-reading,bu-tone-coverage
6:L_qq	翻不了	bu-sandhi-reading,bu-tone-coverage
6:_YL_<j	翻臉不認	bu-sandhi-reading,bu-tone-coverage
6C4LL_	何嘗不	bu-sandhi-reading,bu-tone-coverage
6C4LL_0_	何嘗不是	bu-sandhi-reading,bu-tone-coverage
6CL_	曷不	bu-sandhi-reading,bu-tone-coverage
6CL_A]eV	合不攏嘴	bu-sandhi-reading,bu-tone-coverage
6CL_ga6i	核不擴散	bu-sandhi-reading,bu-tone-coverage
6CL_gaVY	核不擴散	bu-sandhi-reading,bu-tone-coverage
6JL_Z_	閒不住	bu-sandhi-reading,bu-tone-coverage
6JL_pg	嫌不夠	bu-sandhi-reading,bu-tone-coverage
6JT3L_ma	絃歌不輟	bu-sandhi-reading,bu-tone-coverage
6J}^L_~l	閒置不用	bu-sandhi-reading,bu-tone-coverage
6J}lL_ma	弦誦不輟	bu-sandhi-reading,bu-tone-coverage
6N7TL_0_	而且不是	bu-sandhi-reading,bu-tone-coverage
6NL_0_	而不是	bu-sandhi-reading,bu-tone-coverage
6NL_11	而不需	bu-sandhi-reading,bu-tone-coverage
6NL_11tf	而不需要	bu-sandhi-reading,bu-tone-coverage
6NL_6_	而不必	bu-sandhi-reading,bu-tone-coverage
6NL_=f	而不會	bu-sandhi-reading,bu-tone-coverage
6NL_A0	而不失	bu-sandhi-reading,bu-tone-coverage
6NL_Wk	而不像	bu-sandhi-reading,bu-tone-coverage
6NL_c=	而不應	bu-sandhi-reading,bu-tone-coverage
6NL_c=f5	而不應該	bu-sandhi-reading,bu-tone-coverage
6NL_lZlZ	而不僅僅	bu-sandhi-reading,bu-tone-coverage
6NL_r\w[	而不影響	bu-sandhi-reading,bu-tone-coverage
6NL_vY	而不管	bu-sandhi-reading,bu-tone-coverage
6N_ML_u?	兒童不宜	bu-sandhi-reading,bu-tone-coverage
6NrABbL_4LNX	而伯樂不常有	bu-sandhi-reading,bu-tone-coverage
6TL_g5	解不開	bu-sandhi-reading,bu-tone-coverage
6TL_l0EE	解不出來	bu-sandhi-reading,bu-tone-coverage
6TL_qq	解不了	bu-sandhi-reading,bu-tone-coverage
6[L_6[	準不準	bu-sandhi-reading,bu-tone-coverage
6[L_6[@P	准不准許	bu-sandhi-reading,bu-tone-coverage
6[L_6[Cd	準不準確	bu-sandhi-reading,bu-tone-coverage
6[L_6[Ve	準不準備	bu-sandhi-reading,bu-tone-coverage
6[VeL_O@	準備不足	bu-sandhi-reading,bu-tone-coverage
6[qaL_qq	準錯不了	bu-sandhi-reading,bu-tone-coverage
6_6NL_Ci	避而不見	bu-sandhi-reading,bu-tone-coverage
6_?0L_2@	避之不及	bu-sandhi-reading,bu-tone-coverage
6_BXL_gI	閉口不談	bu-sandhi-reading,bu-tone-coverage
6_BXL_wI	閉口不言	bu-sandhi-reading,bu-tone-coverage
6_L_	必不	bu-sandhi-reading,bu-tone-coverage
6_L_dR@W~O=M	必不可少組成	bu-sandhi-reading,bu-tone-coverage
6_L_dRT5	必不可缺	bu-sandhi-reading,bu-tone-coverage
6_L_pam@	避不作答	bu-sandhi-reading,bu-tone-coverage
6_ZYL_qq	避免不了	bu-sandhi-reading,bu-tone-coverage
6_mJL_l0	閉門不出	bu-sandhi-reading,bu-tone-coverage
6dEE6dL_	越來越不	bu-sandhi-reading,bu-tone-coverage
6dL_	越不	bu-sandhi-reading,bu-tone-coverage
6dL_jK	嶽不群	bu-sandhi-reading,bu-tone-coverage
6do=L_kG	月經不調	bu-sandhi-reading,bu-tone-coverage
6hD;L_^l	六根不淨	bu-sandhi-reading,bu-tone-coverage
7RsIL_l0CR|f	果然不出所料	bu-sandhi-reading,bu-tone-coverage
7TL_	且不	bu-sandhi-reading,bu-tone-coverage
7TL_03	且不說	bu-sandhi-reading,bu-tone-coverage
7TL_4M	且不能	bu-sandhi-reading,bu-tone-coverage
7TL_^j	且不論	bu-sandhi-reading,bu-tone-coverage
7WL_	老不	bu-sandhi-reading,bu-tone-coverage
7WL_TO	老不死	bu-sandhi-reading,bu-tone-coverage
7WvO7_tOE2L_nq	老虎屁股摸不得	bu-sandhi-reading,bu-tone-coverage
7`IJL_	咋還不	bu-sandhi-reading,bu-tone-coverage
7`L_	咋不	bu-sandhi-reading,bu-tone-coverage
7f0_L_7f|J	對事不對人	bu-sandhi-reading,bu-tone-coverage
7fL;[OL_:W	對身體不好	bu-sandhi-reading,bu-tone-coverage
7fL_	對不	bu-sandhi-reading,bu-tone-coverage
7fL_3@	對不齊	bu-sandhi-reading,bu-tone-coverage
7fL_7f	對不對	bu-sandhi-reading,bu-tone-coverage
7fL_Dk	對不上	bu-sandhi-reading,bu-tone-coverage
7fL_Z_	對不住	bu-sandhi-reading,bu-tone-coverage
7fL_bO?1	對不起他	bu-sandhi-reading,bu-tone-coverage
7fL_bOWo	對不起啊	bu-sandhi-reading,bu-tone-coverage
7fL_bOqq	對不起了	bu-sandhi-reading,bu-tone-coverage
7fySL_7f	對也不對	bu-sandhi-reading,bu-tone-coverage
7f|JL_7f0_	對人不對事	bu-sandhi-reading,bu-tone-coverage
7iL_L`	嚥不下	bu-sandhi-reading,bu-tone-coverage
7iL_L`IbBXB_	嚥不下這口氣	bu-sandhi-reading,bu-tone-coverage
7iL_qq	嚥不了	bu-sandhi-reading,bu-tone-coverage
7kL_7k	放不放	bu-sandhi-reading,bu-tone-coverage
7kL_L`	放不下	bu-sandhi-reading,bu-tone-coverage
7kL_L`_;	放不下心	bu-sandhi-reading,bu-tone-coverage
7kL_L`qq	放不下了	bu-sandhi-reading,bu-tone-coverage
7kL_Ljn_	放不進去	bu-sandhi-reading,bu-tone-coverage
7kL_l0	放不出	bu-sandhi-reading,bu-tone-coverage
7kL_l0EE	放不出來	bu-sandhi-reading,bu-tone-coverage
7kL_qq	放不了	bu-sandhi-reading,bu-tone-coverage
7kuhL_~0	放誕不拘	bu-sandhi-reading,bu-tone-coverage
7kxqL_~l	放著不用	bu-sandhi-reading,bu-tone-coverage
7k}^L_~l	放置不用	bu-sandhi-reading,bu-tone-coverage
88L_88Qk	漂不漂亮	bu-sandhi-reading,bu-tone-coverage
88L_vfQk	漂不漂亮	bu-sandhi-reading,bu-tone-coverage
88eGL_Wl	飄搖不定	bu-sandhi-reading,bu-tone-coverage
88vHL_Wl	漂流不定	bu-sandhi-reading,bu-tone-coverage
8KL_	您不	bu-sandhi-reading,bu-tone-coverage
8LL_Z_	藏不住	bu-sandhi-reading,bu-tone-coverage
8MZXL_8i	恆久不變	bu-sandhi-reading,bu-tone-coverage
8TL_	寫不	bu-sandhi-reading,bu-tone-coverage
8TL_l0	寫不出	bu-sandhi-reading,bu-tone-coverage
8TL_l0EE	寫不出來	bu-sandhi-reading,bu-tone-coverage
8TL_qq	寫不了	bu-sandhi-reading,bu-tone-coverage
8WL_8W	搞不搞	bu-sandhi-reading,bu-tone-coverage
8WL_=M	搞不成	bu-sandhi-reading,bu-tone-coverage
8WL_>]	搞不懂	bu-sandhi-reading,bu-tone-coverage
8WL_L`n_	搞不下去	bu-sandhi-reading,bu-tone-coverage
8WL_Wl	搞不定	bu-sandhi-reading,bu-tone-coverage
8WL_bO	搞不起	bu-sandhi-reading,bu-tone-coverage
8WL_bOEE	搞不起來	bu-sandhi-reading,bu-tone-coverage
8WL_l0	搞不出	bu-sandhi-reading,bu-tone-coverage
8WL_p=	搞不清	bu-sandhi-reading,bu-tone-coverage
8WL_p={O	搞不清楚	bu-sandhi-reading,bu-tone-coverage
8WL_qq	搞不了	bu-sandhi-reading,bu-tone-coverage
8_6NL_3;	密而不宣	bu-sandhi-reading,bu-tone-coverage
8`L_Z_	剎不住	bu-sandhi-reading,bu-tone-coverage
8`L_Z_[3	剎不住車	bu-sandhi-reading,bu-tone-coverage
8fL_qq	退不了	bu-sandhi-reading,bu-tone-coverage
8iL_=f	便不會	bu-sandhi-reading,bu-tone-coverage
8iL_qq	變不了	bu-sandhi-reading,bu-tone-coverage
8iiRL_2i	辯者不善	bu-sandhi-reading,bu-tone-coverage
8inqL__M	變得不同	bu-sandhi-reading,bu-tone-coverage
8iu?L_@W	便宜不少	bu-sandhi-reading,bu-tone-coverage
8iu?L_faI<[1	便宜不過當家	bu-sandhi-reading,bu-tone-coverage
8iu?L_qq	便宜不了	bu-sandhi-reading,bu-tone-coverage
91]OL_T3	阿里不哥	bu-sandhi-reading,bu-tone-coverage
99L_l0	抽不出	bu-sandhi-reading,bu-tone-coverage
9>J;L_Em	忠貞不二	bu-sandhi-reading,bu-tone-coverage
9>L;L__k	終身不忘	bu-sandhi-reading,bu-tone-coverage
9>L_	終不	bu-sandhi-reading,bu-tone-coverage
9>L_	鐘不	bu-sandhi-reading,bu-tone-coverage
9>L_4_	終不似	bu-sandhi-reading,bu-tone-coverage
9>L_6h	中不溜	bu-sandhi-reading,bu-tone-coverage
9>L_9>	中不中	bu-sandhi-reading,bu-tone-coverage
9>L_C8L_w[	鐘不敲不響	bu-sandhi-reading,bu-tone-coverage
9>L_nkL_FM	鐘不撞不鳴	bu-sandhi-reading,bu-tone-coverage
9>L_qq	中不了	bu-sandhi-reading,bu-tone-coverage
9KTOL_fc	臨死不怯	bu-sandhi-reading,bu-tone-coverage
9R=_L_O@	火力不足	bu-sandhi-reading,bu-tone-coverage
9RL_bOEE	火不起來	bu-sandhi-reading,bu-tone-coverage
9RL_qq	火不了	bu-sandhi-reading,bu-tone-coverage
9WL_:W	考不好	bu-sandhi-reading,bu-tone-coverage
9WL_Dk	考不上	bu-sandhi-reading,bu-tone-coverage
9WL_cf	考不到	bu-sandhi-reading,bu-tone-coverage
9WL_l0	考不出	bu-sandhi-reading,bu-tone-coverage
9WL_qq	考不了	bu-sandhi-reading,bu-tone-coverage
9iL_cf	騙不到	bu-sandhi-reading,bu-tone-coverage
9jL_Z_	鎮不住	bu-sandhi-reading,bu-tone-coverage
:1;:ROMPL_xq	八竿子打不著	bu-sandhi-reading,bu-tone-coverage
:1L_nq	巴不得	bu-sandhi-reading,bu-tone-coverage
:9L_:9	收不收	bu-sandhi-reading,bu-tone-coverage
:9L_Z_	收不住	bu-sandhi-reading,bu-tone-coverage
:9L_cf	收不到	bu-sandhi-reading,bu-tone-coverage
:9L_qq	收不了	bu-sandhi-reading,bu-tone-coverage
:9]_L_j6	收入不菲	bu-sandhi-reading,bu-tone-coverage
:<L_	均不	bu-sandhi-reading,bu-tone-coverage
:<L_4M	均不能	bu-sandhi-reading,bu-tone-coverage
:<L_Ci	君不見	bu-sandhi-reading,bu-tone-coverage
:<L_nq	均不得	bu-sandhi-reading,bu-tone-coverage
:<ROmlBXL_mlIX	君子動口不動手	bu-sandhi-reading,bu-tone-coverage
:<RO{h6NL__M	君子和而不同	bu-sandhi-reading,bu-tone-coverage
:>L_3a	衝不破	bu-sandhi-reading,bu-tone-coverage
:>L_Dk	衝不上	bu-sandhi-reading,bu-tone-coverage
:>L_L`	衝不下	bu-sandhi-reading,bu-tone-coverage
:>L_Lj	衝不進	bu-sandhi-reading,bu-tone-coverage
:>L_]_	衝不入	bu-sandhi-reading,bu-tone-coverage
:>L_fa	衝不過	bu-sandhi-reading,bu-tone-coverage
:>L_g5	衝不開	bu-sandhi-reading,bu-tone-coverage
:>L_l0	衝不出	bu-sandhi-reading,bu-tone-coverage
:P38L_Nb	屢遭不測	bu-sandhi-reading,bu-tone-coverage
:PLjL_NO	屢禁不止	bu-sandhi-reading,bu-tone-coverage
:WL_:W>J	好不好玩	bu-sandhi-reading,bu-tone-coverage
:WL_:WO1	好不好呀	bu-sandhi-reading,bu-tone-coverage
:WL_:WWo	好不好啊	bu-sandhi-reading,bu-tone-coverage
:WL_Lbef	好不熱鬧	bu-sandhi-reading,bu-tone-coverage
:WL_qq	好不了	bu-sandhi-reading,bu-tone-coverage
:WTOL_N@TdYBxq	好死不如賴活著	bu-sandhi-reading,bu-tone-coverage
:WT_0_mTi=L_7i	好故事百聽不厭	bu-sandhi-reading,bu-tone-coverage
:WWkL_4M	好像不能	bu-sandhi-reading,bu-tone-coverage
:WWkL_qa	好像不錯	bu-sandhi-reading,bu-tone-coverage
:WZXL_Ci	好久不見	bu-sandhi-reading,bu-tone-coverage
:WnqL_nqqq	好得不得了	bu-sandhi-reading,bu-tone-coverage
:WthL_y_mY	好飯不怕晚	bu-sandhi-reading,bu-tone-coverage
:WzhL_	好看不	bu-sandhi-reading,bu-tone-coverage
:bL_:b	餓不餓	bu-sandhi-reading,bu-tone-coverage
:eL_:e	帥不帥	bu-sandhi-reading,bu-tone-coverage
:h0_L_	就是不	bu-sandhi-reading,bu-tone-coverage
:h0_L_=f	就是不會	bu-sandhi-reading,bu-tone-coverage
:h0_L_QM	就是不行	bu-sandhi-reading,bu-tone-coverage
:h2@L_:h|M	救急不救窮	bu-sandhi-reading,bu-tone-coverage
:h>WL_cf	就找不到	bu-sandhi-reading,bu-tone-coverage
:hL_03	就不說	bu-sandhi-reading,bu-tone-coverage
:hL_0_	就不是	bu-sandhi-reading,bu-tone-coverage
:hL_6_	就不必	bu-sandhi-reading,bu-tone-coverage
:hL_:W	就不好	bu-sandhi-reading,bu-tone-coverage
:hL_=f	就不會	bu-sandhi-reading,bu-tone-coverage
:hL_=fNX	就不會有	bu-sandhi-reading,bu-tone-coverage
:hL_=fn_	就不會去	bu-sandhi-reading,bu-tone-coverage
:hL_?0	就不知	bu-sandhi-reading,bu-tone-coverage
:hL_?0cf	就不知道	bu-sandhi-reading,bu-tone-coverage
:hL_Dk	就不上	bu-sandhi-reading,bu-tone-coverage
:hL_Ek	就不讓	bu-sandhi-reading,bu-tone-coverage
:hL_F0Ik	就不一樣	bu-sandhi-reading,bu-tone-coverage
:hL_JY	就不敢	bu-sandhi-reading,bu-tone-coverage
:hL_NO	就不止	bu-sandhi-reading,bu-tone-coverage
:hL_Nj	就不信	bu-sandhi-reading,bu-tone-coverage
:hL_QM	就不行	bu-sandhi-reading,bu-tone-coverage
:hL_QMqq	就不行了	bu-sandhi-reading,bu-tone-coverage
:hL_Qd	就不帶	bu-sandhi-reading,bu-tone-coverage
:hL_Rd	就不太	bu-sandhi-reading,bu-tone-coverage
:hL_Ri	就不斷	bu-sandhi-reading,bu-tone-coverage
:hL_Wk	就不像	bu-sandhi-reading,bu-tone-coverage
:hL_[K_d	就不存在	bu-sandhi-reading,bu-tone-coverage
:hL__M	就不同	bu-sandhi-reading,bu-tone-coverage
:hL__d	就不再	bu-sandhi-reading,bu-tone-coverage
:hL__d	就不在	bu-sandhi-reading,bu-tone-coverage
:hL_bi	就不算	bu-sandhi-reading,bu-tone-coverage
:hL_hI	就不難	bu-sandhi-reading,bu-tone-coverage
:hL_nq	就不得	bu-sandhi-reading,bu-tone-coverage
:hL_oT	就不買	bu-sandhi-reading,bu-tone-coverage
:hL_oTqq	就不買了	bu-sandhi-reading,bu-tone-coverage
:hL_qa	就不錯	bu-sandhi-reading,bu-tone-coverage
:hL_qaqq	就不錯了	bu-sandhi-reading,bu-tone-coverage
:hL_qq	救不了	bu-sandhi-reading,bu-tone-coverage
:hL_s2	就不多	bu-sandhi-reading,bu-tone-coverage
:hL_tf	就不要	bu-sandhi-reading,bu-tone-coverage
:hL_w[	就不想	bu-sandhi-reading,bu-tone-coverage
:hL_x7	就不高	bu-sandhi-reading,bu-tone-coverage
:hL_y_	就不怕	bu-sandhi-reading,bu-tone-coverage
:hL_zh	就不看	bu-sandhi-reading,bu-tone-coverage
:hL_|_	就不大	bu-sandhi-reading,bu-tone-coverage
:hL_~U	就不給	bu-sandhi-reading,bu-tone-coverage
:hL_~l	就不用	bu-sandhi-reading,bu-tone-coverage
:hnqL_n_	舊的不去	bu-sandhi-reading,bu-tone-coverage
:iS_L_6d	面露不悅	bu-sandhi-reading,bu-tone-coverage
:i^=L_iH	面生不熟	bu-sandhi-reading,bu-tone-coverage
;1xqL_ml	趴著不動	bu-sandhi-reading,bu-tone-coverage
;:L_;:^l	乾不乾淨	bu-sandhi-reading,bu-tone-coverage
;:L_;:g6	乾不乾杯	bu-sandhi-reading,bu-tone-coverage
;:M<L_9j	乾綱不振	bu-sandhi-reading,bu-tone-coverage
;_QdL_qq	替代不了	bu-sandhi-reading,bu-tone-coverage
;fL_;f	貴不貴	bu-sandhi-reading,bu-tone-coverage
;fL_qq	貴不了	bu-sandhi-reading,bu-tone-coverage
;fo=L_;fs2	貴精不貴多	bu-sandhi-reading,bu-tone-coverage
;j3>4ML_aJ	腎功能不全	bu-sandhi-reading,bu-tone-coverage
<8L_l0	挑不出	bu-sandhi-reading,bu-tone-coverage
<8L_l0EE	挑不出來	bu-sandhi-reading,bu-tone-coverage
<8L_ml	挑不動	bu-sandhi-reading,bu-tone-coverage
<@0\L_Ml	無往不勝	bu-sandhi-reading,bu-tone-coverage
<@CRL_Od	無所不賣	bu-sandhi-reading,bu-tone-coverage
<@C]L_1Z	無孔不鑽	bu-sandhi-reading,bu-tone-coverage
<@F00_6NL_5E	無一事而不學	bu-sandhi-reading,bu-tone-coverage
<@F0L_	無一不	bu-sandhi-reading,bu-tone-coverage
<@F0L_0_	無一不是	bu-sandhi-reading,bu-tone-coverage
<@F0p?6NL_5E	無一時而不學	bu-sandhi-reading,bu-tone-coverage
<@L_0_	無不是	bu-sandhi-reading,bu-tone-coverage
<@L_2@	無不及	bu-sandhi-reading,bu-tone-coverage
<@L_dR	無不可	bu-sandhi-reading,bu-tone-coverage
<@_`L_03	無話不說	bu-sandhi-reading,bu-tone-coverage
<@p?L_Db	無時不刻	bu-sandhi-reading,bu-tone-coverage
<@z?L_Db	無敵不克	bu-sandhi-reading,bu-tone-coverage
<@{OL__d	無處不在	bu-sandhi-reading,bu-tone-coverage
<@|JL_	無人不	bu-sandhi-reading,bu-tone-coverage
<@|JL_?0	無人不知	bu-sandhi-reading,bu-tone-coverage
<@|JL_SW	無人不曉	bu-sandhi-reading,bu-tone-coverage
<CL_6J	什不閒	bu-sandhi-reading,bu-tone-coverage
<Ck@L_4M	什麼不能	bu-sandhi-reading,bu-tone-coverage
<Ck@}8zhL_Ci	什麼都看不見	bu-sandhi-reading,bu-tone-coverage
<Ck@}8zhL_cf	什麼都看不到	bu-sandhi-reading,bu-tone-coverage
<iBLL_O@	電量不足	bu-sandhi-reading,bu-tone-coverage
<j0_L_4M	認識不能	bu-sandhi-reading,bu-tone-coverage
<j0_L_O@	認識不足	bu-sandhi-reading,bu-tone-coverage
<j0_L_pg	認識不夠	bu-sandhi-reading,bu-tone-coverage
<jvfL_<j|J	認票不認人	bu-sandhi-reading,bu-tone-coverage
=1L_cf	發不到	bu-sandhi-reading,bu-tone-coverage
=1L_qq	發不了	bu-sandhi-reading,bu-tone-coverage
=1L_qqQE	發不了財	bu-sandhi-reading,bu-tone-coverage
=1N7L_l0EE	發揮不出來	bu-sandhi-reading,bu-tone-coverage
=1N7L_qq	發揮不了	bu-sandhi-reading,bu-tone-coverage
=1Q;L_6[	發音不準	bu-sandhi-reading,bu-tone-coverage
=1a_L_aJ	發育不全	bu-sandhi-reading,bu-tone-coverage
=>POh<1Mc=L_0_	縱使相逢應不識	bu-sandhi-reading,bu-tone-coverage
=ML_	成不	bu-sandhi-reading,bu-tone-coverage
=ML_=M	成不成	bu-sandhi-reading,bu-tone-coverage
=ML_qq	成不了	bu-sandhi-reading,bu-tone-coverage
=MMdL_A_	成敗不計	bu-sandhi-reading,bu-tone-coverage
=MP_L__M	程度不同	bu-sandhi-reading,bu-tone-coverage
=MR0L_:W	成績不好	bu-sandhi-reading,bu-tone-coverage
=MR0L_[1	成績不佳	bu-sandhi-reading,bu-tone-coverage
=MxgL_Z_	承受不住	bu-sandhi-reading,bu-tone-coverage
=MxgL_qq	承受不了	bu-sandhi-reading,bu-tone-coverage
=Mz?L_Ve	乘敵不備	bu-sandhi-reading,bu-tone-coverage
=MzOL_5_	誠屬不易	bu-sandhi-reading,bu-tone-coverage
=[L;L_o_	殞身不恤	bu-sandhi-reading,bu-tone-coverage
=_BLL_pg	力量不夠	bu-sandhi-reading,bu-tone-coverage
=_L_2_Ml	力不自勝	bu-sandhi-reading,bu-tone-coverage
=_L_O@	力不足	bu-sandhi-reading,bu-tone-coverage
=_L_Z_	立不住	bu-sandhi-reading,bu-tone-coverage
=_NXL_qT	力有不逮	bu-sandhi-reading,bu-tone-coverage
=_R@L_Md	立於不敗	bu-sandhi-reading,bu-tone-coverage
=_c[L__M	立場不同	bu-sandhi-reading,bu-tone-coverage
=fL_	會不	bu-sandhi-reading,bu-tone-coverage
=fL_=f	會不會	bu-sandhi-reading,bu-tone-coverage
=fL_=f0_	會不會是	bu-sandhi-reading,bu-tone-coverage
=fL_=fNX	會不會有	bu-sandhi-reading,bu-tone-coverage
=fL_=fr\w[	會不會影響	bu-sandhi-reading,bu-tone-coverage
=fiRL_hI	會者不難	bu-sandhi-reading,bu-tone-coverage
=km_L_qq	抗拒不了	bu-sandhi-reading,bu-tone-coverage
>9L_cf	搜不到	bu-sandhi-reading,bu-tone-coverage
>9L_l0EE	搜不出來	bu-sandhi-reading,bu-tone-coverage
>;>;L_Bb	悶悶不樂	bu-sandhi-reading,bu-tone-coverage
>;|iL_Bb	悶悶不樂	bu-sandhi-reading,bu-tone-coverage
>CL__M	則不同	bu-sandhi-reading,bu-tone-coverage
>CL_g5	擇不開	bu-sandhi-reading,bu-tone-coverage
>C_;L_TO	賊心不死	bu-sandhi-reading,bu-tone-coverage
>EL_D02T	白不呲咧	bu-sandhi-reading,bu-tone-coverage
>J6NL_|Y	玩兒不轉	bu-sandhi-reading,bu-tone-coverage
>JL_	玩不	bu-sandhi-reading,bu-tone-coverage
>JL_\i	玩不轉	bu-sandhi-reading,bu-tone-coverage
>JL_bO	玩不起	bu-sandhi-reading,bu-tone-coverage
>JL_bOEE	玩不起來	bu-sandhi-reading,bu-tone-coverage
>JL_cf	玩不到	bu-sandhi-reading,bu-tone-coverage
>JL_faEE	玩不過來	bu-sandhi-reading,bu-tone-coverage
>JL_l0	玩不出	bu-sandhi-reading,bu-tone-coverage
>JL_qq	玩不了	bu-sandhi-reading,bu-tone-coverage
>JL_|Y	玩不轉	bu-sandhi-reading,bu-tone-coverage
>JT_L__`	頑固不化	bu-sandhi-reading,bu-tone-coverage
>JaJL_	完全不	bu-sandhi-reading,bu-tone-coverage
>JaJL_0_	完全不是	bu-sandhi-reading,bu-tone-coverage
>JaJL_=f	完全不會	bu-sandhi-reading,bu-tone-coverage
>JaJL_>]	完全不懂	bu-sandhi-reading,bu-tone-coverage
>JaJL_Wk	完全不像	bu-sandhi-reading,bu-tone-coverage
>JaJL__M	完全不同	bu-sandhi-reading,bu-tone-coverage
>JaJL_~l	完全不用	bu-sandhi-reading,bu-tone-coverage
>K>CL_;f	勤則不匱	bu-sandhi-reading,bu-tone-coverage
>KZYL_oi	勤勉不倦	bu-sandhi-reading,bu-tone-coverage
>PL_Ml>P	舉不勝舉	bu-sandhi-reading,bu-tone-coverage
>WL_2__d	找不自在	bu-sandhi-reading,bu-tone-coverage
>WL_6[	找不準	bu-sandhi-reading,bu-tone-coverage
>WL_cf	找不到	bu-sandhi-reading,bu-tone-coverage
>WL_cf3>pa	找不到工作	bu-sandhi-reading,bu-tone-coverage
>WL_cf?1	找不到他	bu-sandhi-reading,bu-tone-coverage
>WL_cfqq	找不到了	bu-sandhi-reading,bu-tone-coverage
>WL_cf|J	找不到人	bu-sandhi-reading,bu-tone-coverage
>WL_l0EE	找不出來	bu-sandhi-reading,bu-tone-coverage
>WL_xqvU	找不著北	bu-sandhi-reading,bu-tone-coverage
>]L_	懂不	bu-sandhi-reading,bu-tone-coverage
>]L_>]	懂不懂	bu-sandhi-reading,bu-tone-coverage
>dNXL__M	略有不同	bu-sandhi-reading,bu-tone-coverage
>iL_	念不	bu-sandhi-reading,bu-tone-coverage
>lL_cf	碰不到	bu-sandhi-reading,bu-tone-coverage
>lL_nq	碰不得	bu-sandhi-reading,bu-tone-coverage
?05JL_0_	之前不是	bu-sandhi-reading,bu-tone-coverage
?0OKL_EY	隻輪不返	bu-sandhi-reading,bu-tone-coverage
?0O_L_bO	支付不起	bu-sandhi-reading,bu-tone-coverage
?0PML__f	知情不報	bu-sandhi-reading,bu-tone-coverage
?0cf0_L_0_	知道是不是	bu-sandhi-reading,bu-tone-coverage
?0cfL_	知道不	bu-sandhi-reading,bu-tone-coverage
?0cfL_?0cf	知道不知道	bu-sandhi-reading,bu-tone-coverage
?0o?L_Z_	支持不住	bu-sandhi-reading,bu-tone-coverage
?0o?L_qq	支持不了	bu-sandhi-reading,bu-tone-coverage
?0rgL_ZX	之後不久	bu-sandhi-reading,bu-tone-coverage
?1L_03	他不說	bu-sandhi-reading,bu-tone-coverage
?1L_0_	他不是	bu-sandhi-reading,bu-tone-coverage
?1L_=f	他不會	bu-sandhi-reading,bu-tone-coverage
?1L_?0cf	他不知道	bu-sandhi-reading,bu-tone-coverage
?1L_IM	他不停	bu-sandhi-reading,bu-tone-coverage
?1L_Wk	他不像	bu-sandhi-reading,bu-tone-coverage
?1L__M5_	他不同意	bu-sandhi-reading,bu-tone-coverage
?1L__d	他不在	bu-sandhi-reading,bu-tone-coverage
?1L_cOi:	他不喜歡	bu-sandhi-reading,bu-tone-coverage
?1L_ci	他不願	bu-sandhi-reading,bu-tone-coverage
?1L_i=	他不聽	bu-sandhi-reading,bu-tone-coverage
?1L_lZ	他不僅	bu-sandhi-reading,bu-tone-coverage
?1L_nqL_	他不得不	bu-sandhi-reading,bu-tone-coverage
?1L_uh	他不但	bu-sandhi-reading,bu-tone-coverage
?1L_w[	他不想	bu-sandhi-reading,bu-tone-coverage
?1\yL_?0cf	他們不知道	bu-sandhi-reading,bu-tone-coverage
?1mMEEL_	他從來不	bu-sandhi-reading,bu-tone-coverage
?1mML_	他從不	bu-sandhi-reading,bu-tone-coverage
?9RKL_6i	幽魂不散	bu-sandhi-reading,bu-tone-coverage
?9nHL_3a	優遊不迫	bu-sandhi-reading,bu-tone-coverage
?;6_L_O@	分泌不足	bu-sandhi-reading,bu-tone-coverage
?;L_cf	分不到	bu-sandhi-reading,bu-tone-coverage
?;L_g5nq	分不開的	bu-sandhi-reading,bu-tone-coverage
?;WeL_3>	分配不公	bu-sandhi-reading,bu-tone-coverage
?;|OL_pg	分數不夠	bu-sandhi-reading,bu-tone-coverage
?;|OL_x7	分數不高	bu-sandhi-reading,bu-tone-coverage
?>L_?>	鬆不鬆	bu-sandhi-reading,bu-tone-coverage
?>L_g5	鬆不開	bu-sandhi-reading,bu-tone-coverage
?>L_lZ	鬆不緊	bu-sandhi-reading,bu-tone-coverage
?EL_Dk	排不上	bu-sandhi-reading,bu-tone-coverage
?EL_l0	排不出	bu-sandhi-reading,bu-tone-coverage
?ML_	仍不	bu-sandhi-reading,bu-tone-coverage
?ML_4M	仍不能	bu-sandhi-reading,bu-tone-coverage
?MsIL_4M	仍然不能	bu-sandhi-reading,bu-tone-coverage
?P?0L_Lj	取之不盡	bu-sandhi-reading,bu-tone-coverage
?PL_cf	娶不到	bu-sandhi-reading,bu-tone-coverage
?PL_l0EE	取不出來	bu-sandhi-reading,bu-tone-coverage
?PkRL_Wl	取捨不定	bu-sandhi-reading,bu-tone-coverage
?iL_cf	練不到	bu-sandhi-reading,bu-tone-coverage
?iL_l0	練不出	bu-sandhi-reading,bu-tone-coverage
?iL_l0EE	練不出來	bu-sandhi-reading,bu-tone-coverage
?iL_qq	練不了	bu-sandhi-reading,bu-tone-coverage
?lNXkOL_0i	夢有五不占	bu-sandhi-reading,bu-tone-coverage
@0L_	吃不	bu-sandhi-reading,bu-tone-coverage
@0L_0W	吃不飽	bu-sandhi-reading,bu-tone-coverage
@0L_6[	吃不準	bu-sandhi-reading,bu-tone-coverage
@0L_@0	吃不吃	bu-sandhi-reading,bu-tone-coverage
@0L_@@	吃不服	bu-sandhi-reading,bu-tone-coverage
@0L_Dk	吃不上	bu-sandhi-reading,bu-tone-coverage
@0L_L`	吃不下	bu-sandhi-reading,bu-tone-coverage
@0L_Vi	吃不慣	bu-sandhi-reading,bu-tone-coverage
@0L_Z_	吃不住	bu-sandhi-reading,bu-tone-coverage
@0L_bOth	吃不起飯	bu-sandhi-reading,bu-tone-coverage
@0L_cf	吃不到	bu-sandhi-reading,bu-tone-coverage
@0L_nq	吃不得	bu-sandhi-reading,bu-tone-coverage
@0L_qq}8xqKX	吃不了兜著走	bu-sandhi-reading,bu-tone-coverage
@0L_xq	吃不著	bu-sandhi-reading,bu-tone-coverage
@0|JL_qOtO^H	吃人不吐骨頭	bu-sandhi-reading,bu-tone-coverage
@@zJL_Wl	浮沉不定	bu-sandhi-reading,bu-tone-coverage
@WL_nq	少不得	bu-sandhi-reading,bu-tone-coverage
@W~IL_0_hHC02f	少年不識愁滋味	bu-sandhi-reading,bu-tone-coverage
@ZL_bO	捲不起	bu-sandhi-reading,bu-tone-coverage
@jL_cf	印不到	bu-sandhi-reading,bu-tone-coverage
A0PYL_g5	施展不開	bu-sandhi-reading,bu-tone-coverage
A0s2L_i[	蝨多不癢	bu-sandhi-reading,bu-tone-coverage
A1L_L`	拉不下	bu-sandhi-reading,bu-tone-coverage
A1L_L`_Y	拉不下臉	bu-sandhi-reading,bu-tone-coverage
A1L_Z_	拉不住	bu-sandhi-reading,bu-tone-coverage
A1L_cf	拉不到	bu-sandhi-reading,bu-tone-coverage
A1L_l0	拉不出	bu-sandhi-reading,bu-tone-coverage
A1L_ml	拉不動	bu-sandhi-reading,bu-tone-coverage
A1L_qq	拉不了	bu-sandhi-reading,bu-tone-coverage
A:L_DkI:	沾不上邊	bu-sandhi-reading,bu-tone-coverage
A@L_	讀不	bu-sandhi-reading,bu-tone-coverage
A@L_bO	讀不起	bu-sandhi-reading,bu-tone-coverage
A@L_cf	讀不到	bu-sandhi-reading,bu-tone-coverage
A@L_l0	讀不出	bu-sandhi-reading,bu-tone-coverage
A@L_qq	讀不了	bu-sandhi-reading,bu-tone-coverage
ARL_fa	左不過	bu-sandhi-reading,bu-tone-coverage
AXL_]O	狗不理	bu-sandhi-reading,bu-tone-coverage
A\L_A\	爽不爽	bu-sandhi-reading,bu-tone-coverage
A_0CL_A_0C	記得不記得	bu-sandhi-reading,bu-tone-coverage
A_6NL_p?	繫而不食	bu-sandhi-reading,bu-tone-coverage
A_L_	記不	bu-sandhi-reading,bu-tone-coverage
A_L_0_	既不是	bu-sandhi-reading,bu-tone-coverage
A_L_4M	既不能	bu-sandhi-reading,bu-tone-coverage
A_L_=f	既不會	bu-sandhi-reading,bu-tone-coverage
A_L_A_0C	記不記得	bu-sandhi-reading,bu-tone-coverage
A_L_p=qq	記不清了	bu-sandhi-reading,bu-tone-coverage
A_L_qq	記不了	bu-sandhi-reading,bu-tone-coverage
A_L_tf	既不要	bu-sandhi-reading,bu-tone-coverage
A_`lL_:W	記性不好	bu-sandhi-reading,bu-tone-coverage
A_o_L_Ri	繼續不斷	bu-sandhi-reading,bu-tone-coverage
A_s2L_O1L;	技多不壓身	bu-sandhi-reading,bu-tone-coverage
B80>L_8i	交通不便	bu-sandhi-reading,bu-tone-coverage
B8L_Dk	交不上	bu-sandhi-reading,bu-tone-coverage
B8L_bO	交不起	bu-sandhi-reading,bu-tone-coverage
B8L_l0	交不出	bu-sandhi-reading,bu-tone-coverage
B8L_qq	交不了	bu-sandhi-reading,bu-tone-coverage
B8NXL_;j	交友不慎	bu-sandhi-reading,bu-tone-coverage
B8qfL_2:	焦躁不安	bu-sandhi-reading,bu-tone-coverage
BLR0L__d	良機不再	bu-sandhi-reading,bu-tone-coverage
BWUOL_0_	早已不是	bu-sandhi-reading,bu-tone-coverage
BXL_Rl_;	口不應心	bu-sandhi-reading,bu-tone-coverage
BXL_c=_;	口不應心	bu-sandhi-reading,bu-tone-coverage
BXg6L_qa	口碑不錯	bu-sandhi-reading,bu-tone-coverage
BYL_0_	板不是	bu-sandhi-reading,bu-tone-coverage
BZL_l0	選不出	bu-sandhi-reading,bu-tone-coverage
BZL_l0EE	選不出來	bu-sandhi-reading,bu-tone-coverage
B_?0L_~l	棄之不用	bu-sandhi-reading,bu-tone-coverage
B_L_3>	氣不公	bu-sandhi-reading,bu-tone-coverage
B_L_B_	氣不氣	bu-sandhi-reading,bu-tone-coverage
B_L_MPF0{OEE	氣不打一處來	bu-sandhi-reading,bu-tone-coverage
B_L_}i6N	氣不忿兒	bu-sandhi-reading,bu-tone-coverage
B_S09PR@L_T_	棄妻女於不顧	bu-sandhi-reading,bu-tone-coverage
B_nqL_QM	氣的不行	bu-sandhi-reading,bu-tone-coverage
B_}^L_~l	棄置不用	bu-sandhi-reading,bu-tone-coverage
C0L_ZO[d	資不抵債	bu-sandhi-reading,bu-tone-coverage
C0TJL_O@	資源不足	bu-sandhi-reading,bu-tone-coverage
C0];L_O@	資金不足	bu-sandhi-reading,bu-tone-coverage
C2iIL_o=	波瀾不驚	bu-sandhi-reading,bu-tone-coverage
C7x?L_9j	萎靡不振	bu-sandhi-reading,bu-tone-coverage
C:L_yf	刪不掉	bu-sandhi-reading,bu-tone-coverage
CEL_bO^H	抬不起頭	bu-sandhi-reading,bu-tone-coverage
CEL_bO^HEE	抬不起頭來	bu-sandhi-reading,bu-tone-coverage
CEL_ml	抬不動	bu-sandhi-reading,bu-tone-coverage
CE^HL_CiK0^HCi	抬頭不見低頭見	bu-sandhi-reading,bu-tone-coverage
CML_qq	贏不了	bu-sandhi-reading,bu-tone-coverage
CMi[L_O@	營養不足	bu-sandhi-reading,bu-tone-coverage
CRL_Z_	鎖不住	bu-sandhi-reading,bu-tone-coverage
Cb2_L__M	各自不同	bu-sandhi-reading,bu-tone-coverage
CbH]L__M]eQM	各種不同類型	bu-sandhi-reading,bu-tone-coverage
CbL__M	各不同	bu-sandhi-reading,bu-tone-coverage
CbNXL__M	各有不同	bu-sandhi-reading,bu-tone-coverage
CbROL_x7	個子不高	bu-sandhi-reading,bu-tone-coverage
Cd>WL_cf	卻找不到	bu-sandhi-reading,bu-tone-coverage
CdL_0_	卻不是	bu-sandhi-reading,bu-tone-coverage
CdL_=f	卻不會	bu-sandhi-reading,bu-tone-coverage
CdL_?0	卻不知	bu-sandhi-reading,bu-tone-coverage
CdL_?0cf	卻不知道	bu-sandhi-reading,bu-tone-coverage
CdL_AM	卻不曾	bu-sandhi-reading,bu-tone-coverage
CdL_Ci	卻不見	bu-sandhi-reading,bu-tone-coverage
CdL_N@	卻不如	bu-sandhi-reading,bu-tone-coverage
CdL_TZ	卻不肯	bu-sandhi-reading,bu-tone-coverage
CdL__M	卻不同	bu-sandhi-reading,bu-tone-coverage
CdL_w[	卻不想	bu-sandhi-reading,bu-tone-coverage
CdL_|f	卻不料	bu-sandhi-reading,bu-tone-coverage
CdfcL_8i	確切不變	bu-sandhi-reading,bu-tone-coverage
CdmML_	卻從不	bu-sandhi-reading,bu-tone-coverage
CdnqL_cf	卻得不到	bu-sandhi-reading,bu-tone-coverage
Cdp?L_>]	確實不懂	bu-sandhi-reading,bu-tone-coverage
CfL_1]	睡不醒	bu-sandhi-reading,bu-tone-coverage
CfL_:W	睡不好	bu-sandhi-reading,bu-tone-coverage
CfL_cf	睡不到	bu-sandhi-reading,bu-tone-coverage
CfL_qq	睡不了	bu-sandhi-reading,bu-tone-coverage
CfL_xq3E	睡不著覺	bu-sandhi-reading,bu-tone-coverage
CfL_xqqq	睡不著了	bu-sandhi-reading,bu-tone-coverage
CfL_}_p?	睡不踏實	bu-sandhi-reading,bu-tone-coverage
CfL_~7	睡不著	bu-sandhi-reading,bu-tone-coverage
Ci0_L_wf	見勢不妙	bu-sandhi-reading,bu-tone-coverage
Ci5_L_tf	建議不要	bu-sandhi-reading,bu-tone-coverage
CiL_	見不	bu-sandhi-reading,bu-tone-coverage
CiL_cf	見不到	bu-sandhi-reading,bu-tone-coverage
CiL_cf:i	見不到面	bu-sandhi-reading,bu-tone-coverage
CiL_nqy<	見不得光	bu-sandhi-reading,bu-tone-coverage
CiL_qq	見不了	bu-sandhi-reading,bu-tone-coverage
Ci\_L_Ci9K	見樹不見林	bu-sandhi-reading,bu-tone-coverage
CkL_l0	唱不出	bu-sandhi-reading,bu-tone-coverage
CkL_l0EE	唱不出來	bu-sandhi-reading,bu-tone-coverage
CkL_qq	唱不了	bu-sandhi-reading,bu-tone-coverage
D8YeL_O@	消費不足	bu-sandhi-reading,bu-tone-coverage
D8_`L_:W	消化不好	bu-sandhi-reading,bu-tone-coverage
D9L_bO	丟不起	bu-sandhi-reading,bu-tone-coverage
D9L_qq	丟不了	bu-sandhi-reading,bu-tone-coverage
D;KZL_	根本不	bu-sandhi-reading,bu-tone-coverage
D;KZL_0_	根本不是	bu-sandhi-reading,bu-tone-coverage
D;KZL_=f	根本不會	bu-sandhi-reading,bu-tone-coverage
D;KZL_~l	根本不用	bu-sandhi-reading,bu-tone-coverage
D;KZQML_0>	根本行不通	bu-sandhi-reading,bu-tone-coverage
D;KZv[L_cf	根本搶不到	bu-sandhi-reading,bu-tone-coverage
D;KZzhL_cf	根本看不到	bu-sandhi-reading,bu-tone-coverage
D;L_	跟不	bu-sandhi-reading,bu-tone-coverage
DYL_0_	滿不是	bu-sandhi-reading,bu-tone-coverage
DYO@L_qq	滿足不了	bu-sandhi-reading,bu-tone-coverage
Db@@L_qq	克服不了	bu-sandhi-reading,bu-tone-coverage
Db}^L_Z_	剋制不住	bu-sandhi-reading,bu-tone-coverage
Db}^L_qq	剋制不了	bu-sandhi-reading,bu-tone-coverage
DkBLL_Kl	上樑不正	bu-sandhi-reading,bu-tone-coverage
DkBLL_KlL`BL:6	上樑不正下樑歪	bu-sandhi-reading,bu-tone-coverage
DkL_	上不	bu-sandhi-reading,bu-tone-coverage
DkL_	尚不	bu-sandhi-reading,bu-tone-coverage
DkL_?0	尚不知	bu-sandhi-reading,bu-tone-coverage
DkL_Dk	上不上	bu-sandhi-reading,bu-tone-coverage
DkL_n_	上不去	bu-sandhi-reading,bu-tone-coverage
DkL_n_qq	上不去了	bu-sandhi-reading,bu-tone-coverage
DkL_nqCEcI	上不得台盤	bu-sandhi-reading,bu-tone-coverage
DkL_qq	上不了	bu-sandhi-reading,bu-tone-coverage
DkL_qqCE:i	上不了台面	bu-sandhi-reading,bu-tone-coverage
E06NL_5E>CQd	思而不學則殆	bu-sandhi-reading,bu-tone-coverage
E0ZGL_cY	絲毫不減	bu-sandhi-reading,bu-tone-coverage
E2L_6[	摸不準	bu-sandhi-reading,bu-tone-coverage
E2L_cf	摸不到	bu-sandhi-reading,bu-tone-coverage
E2L_mg	摸不透	bu-sandhi-reading,bu-tone-coverage
E2L_xq^H6W	摸不著頭腦	bu-sandhi-reading,bu-tone-coverage
E<L_Dk	幫不上	bu-sandhi-reading,bu-tone-coverage
E<L_DkvK	幫不上忙	bu-sandhi-reading,bu-tone-coverage
E<L_cf\O	幫不到你	bu-sandhi-reading,bu-tone-coverage
E<L_qq	幫不了	bu-sandhi-reading,bu-tone-coverage
EEL_2@qq	來不及了	bu-sandhi-reading,bu-tone-coverage
EEL_EE	來不來	bu-sandhi-reading,bu-tone-coverage
EEL_nq	來不得	bu-sandhi-reading,bu-tone-coverage
EEL_qq	來不了	bu-sandhi-reading,bu-tone-coverage
EES_L_Kl	來路不正	bu-sandhi-reading,bu-tone-coverage
EETJL_FM	來源不明	bu-sandhi-reading,bu-tone-coverage
EExqL_m_	來著不拒	bu-sandhi-reading,bu-tone-coverage
EML_Dk	評不上	bu-sandhi-reading,bu-tone-coverage
EMp?L_18h<	平時不燒香	bu-sandhi-reading,bu-tone-coverage
EW2_L_6[	咬字不準	bu-sandhi-reading,bu-tone-coverage
EWZ_L_7k	咬住不放	bu-sandhi-reading,bu-tone-coverage
EWxqL_7k	咬著不放	bu-sandhi-reading,bu-tone-coverage
EW|JAX6NL_S_OO	咬人狗兒不露齒	bu-sandhi-reading,bu-tone-coverage
EYKlL_0_	反正不是	bu-sandhi-reading,bu-tone-coverage
EYL_KlI<^l\=LP	反不正當競爭法	bu-sandhi-reading,bu-tone-coverage
Ef:WL_	最好不	bu-sandhi-reading,bu-tone-coverage
Ef:WL_fa	最好不過	bu-sandhi-reading,bu-tone-coverage
EfL_4M	最不能	bu-sandhi-reading,bu-tone-coverage
EfL_:W	最不好	bu-sandhi-reading,bu-tone-coverage
EfL_=_	最不利	bu-sandhi-reading,bu-tone-coverage
EfL_=f	最不會	bu-sandhi-reading,bu-tone-coverage
EfL_DY5_	最不滿意	bu-sandhi-reading,bu-tone-coverage
EfL_cOi:	最不喜歡	bu-sandhi-reading,bu-tone-coverage
EfL_ci	最不願	bu-sandhi-reading,bu-tone-coverage
EfL_wltf	最不重要	bu-sandhi-reading,bu-tone-coverage
EfL_}^TO	罪不至死	bu-sandhi-reading,bu-tone-coverage
EfkRL_nq	最捨不得	bu-sandhi-reading,bu-tone-coverage
EfqqL_bO	最了不起	bu-sandhi-reading,bu-tone-coverage
Efs2L_fa	最多不過	bu-sandhi-reading,bu-tone-coverage
Ei_dIJL_?0cf	現在還不知道	bu-sandhi-reading,bu-tone-coverage
Ei_dL_	現在不	bu-sandhi-reading,bu-tone-coverage
EkL_@W	讓不少	bu-sandhi-reading,bu-tone-coverage
EkL_Ek	讓不讓	bu-sandhi-reading,bu-tone-coverage
EkL__M	讓不同	bu-sandhi-reading,bu-tone-coverage
ElL_0_	更不是	bu-sandhi-reading,bu-tone-coverage
ElL_6_	更不必	bu-sandhi-reading,bu-tone-coverage
ElL_6_03	更不必說	bu-sandhi-reading,bu-tone-coverage
ElL_:W	更不好	bu-sandhi-reading,bu-tone-coverage
ElL_=f	更不會	bu-sandhi-reading,bu-tone-coverage
ElL_tf	更不要	bu-sandhi-reading,bu-tone-coverage
ElL_tf03	更不要說	bu-sandhi-reading,bu-tone-coverage
ElL_w[	更不想	bu-sandhi-reading,bu-tone-coverage
ElL_~l	更不用	bu-sandhi-reading,bu-tone-coverage
ElL_~l03	更不用說	bu-sandhi-reading,bu-tone-coverage
EmL_	二不	bu-sandhi-reading,bu-tone-coverage
EmL_M9	二不休	bu-sandhi-reading,bu-tone-coverage
F01_L_Ci	一日不見	bu-sandhi-reading,bu-tone-coverage
F02_L_ea	一字不落	bu-sandhi-reading,bu-tone-coverage
F02_L_og	一字不漏	bu-sandhi-reading,bu-tone-coverage
F03:L_08fa	一般不超過	bu-sandhi-reading,bu-tone-coverage
F03:L_0_	一般不是	bu-sandhi-reading,bu-tone-coverage
F03:L_~l	一般不用	bu-sandhi-reading,bu-tone-coverage
F0CbL_SW_;	一個不小心	bu-sandhi-reading,bu-tone-coverage
F0CbL_ea	一個不落	bu-sandhi-reading,bu-tone-coverage
F0Cb}8L_4M@W	一個都不能少	bu-sandhi-reading,bu-tone-coverage
F0L_F0Ik	一不一樣	bu-sandhi-reading,bu-tone-coverage
F0L_Z_5_	一不注意	bu-sandhi-reading,bu-tone-coverage
F0L_pa	一不做	bu-sandhi-reading,bu-tone-coverage
F0L_paEmL_M9	一不做二不休	bu-sandhi-reading,bu-tone-coverage
F0L_vH{J	一不留神	bu-sandhi-reading,bu-tone-coverage
F0UdL_?0	一概不知	bu-sandhi-reading,bu-tone-coverage
F0WlL_	一定不	bu-sandhi-reading,bu-tone-coverage
F0WlL_0_	一定不是	bu-sandhi-reading,bu-tone-coverage
F0\YL_	一點不	bu-sandhi-reading,bu-tone-coverage
F0\YySL_VO	一點也不比	bu-sandhi-reading,bu-tone-coverage
F0\Y}8L_VO	一點都不比	bu-sandhi-reading,bu-tone-coverage
F0i_L_nq	一律不得	bu-sandhi-reading,bu-tone-coverage
F0mlL_ml	一動不動	bu-sandhi-reading,bu-tone-coverage
F0n?L_	一直不	bu-sandhi-reading,bu-tone-coverage
F0n_L_O_	一去不復	bu-sandhi-reading,bu-tone-coverage
F0xqL_;j	一著不慎	bu-sandhi-reading,bu-tone-coverage
FML_FM>E	明不明白	bu-sandhi-reading,bu-tone-coverage
FML_KlwIL_gj	名不正言不順	bu-sandhi-reading,bu-tone-coverage
FM^=L_:W	名聲不好	bu-sandhi-reading,bu-tone-coverage
FMphL_Wl	明暗不定	bu-sandhi-reading,bu-tone-coverage
FM|JL_pa	明人不做	bu-sandhi-reading,bu-tone-coverage
FW0_L_DY	表示不滿	bu-sandhi-reading,bu-tone-coverage
FWEiL_:W	表現不好	bu-sandhi-reading,bu-tone-coverage
FWEiL_qa	表現不錯	bu-sandhi-reading,bu-tone-coverage
G5L_	約不	bu-sandhi-reading,bu-tone-coverage
G5L_cf	約不到	bu-sandhi-reading,bu-tone-coverage
G:L_	三不	bu-sandhi-reading,bu-tone-coverage
G:L_A:	三不沾	bu-sandhi-reading,bu-tone-coverage
G:jjL_xh	三寸不爛	bu-sandhi-reading,bu-tone-coverage
G:m_L_}?KZQM	三句不離本行	bu-sandhi-reading,bu-tone-coverage
GKL_cf	聞不到	bu-sandhi-reading,bu-tone-coverage
GK]OL_0>	文理不通	bu-sandhi-reading,bu-tone-coverage
GLL_?0UO2f?0	強不知以為知	bu-sandhi-reading,bu-tone-coverage
GLL_?0UOrF?0	強不知以為知	bu-sandhi-reading,bu-tone-coverage
GLL_qq	強不了	bu-sandhi-reading,bu-tone-coverage
GLUXnqn1L_}I	強扭的瓜不甜	bu-sandhi-reading,bu-tone-coverage
GLacL_DY	強烈不滿	bu-sandhi-reading,bu-tone-coverage
GLn1L_kR	強聒不捨	bu-sandhi-reading,bu-tone-coverage
H:H:L_9j	奄奄不振	bu-sandhi-reading,bu-tone-coverage
H:L_L`	咽不下	bu-sandhi-reading,bu-tone-coverage
H:L_L`IbBXB_	咽不下這口氣	bu-sandhi-reading,bu-tone-coverage
HE0_L_	還是不	bu-sandhi-reading,bu-tone-coverage
HE0_L_tf	還是不要	bu-sandhi-reading,bu-tone-coverage
HEL_0_	還不是	bu-sandhi-reading,bu-tone-coverage
HEL_=f	還不會	bu-sandhi-reading,bu-tone-coverage
HEL__d	還不在	bu-sandhi-reading,bu-tone-coverage
HEL_zU	還不得	bu-sandhi-reading,bu-tone-coverage
HFCbL_0_	賠個不是	bu-sandhi-reading,bu-tone-coverage
HFL_qq	賠不了	bu-sandhi-reading,bu-tone-coverage
HXL_6[	瞅不準	bu-sandhi-reading,bu-tone-coverage
H]L__M	種不同	bu-sandhi-reading,bu-tone-coverage
I15_L_|_	差異不大	bu-sandhi-reading,bu-tone-coverage
I1KDL_|_	差別不大	bu-sandhi-reading,bu-tone-coverage
I1L_	差不	bu-sandhi-reading,bu-tone-coverage
I1L_Dk_`	插不上話	bu-sandhi-reading,bu-tone-coverage
I1L_I1	差不差	bu-sandhi-reading,bu-tone-coverage
I1L_qq	差不了	bu-sandhi-reading,bu-tone-coverage
I1L_s2:h0_	差不多就是	bu-sandhi-reading,bu-tone-coverage
I1L_s2Wo	差不多啊	bu-sandhi-reading,bu-tone-coverage
I1L_s2Xo	差不多吧	bu-sandhi-reading,bu-tone-coverage
I1L_s2nq	差不多的	bu-sandhi-reading,bu-tone-coverage
I1L_s2nqqq	差不多得了	bu-sandhi-reading,bu-tone-coverage
I1L_s2qq	差不多了	bu-sandhi-reading,bu-tone-coverage
I1L_}?	差不離	bu-sandhi-reading,bu-tone-coverage
I1L_}?6N	差不離兒	bu-sandhi-reading,bu-tone-coverage
I1nqL_s2	差的不多	bu-sandhi-reading,bu-tone-coverage
I<L_Dk	當不上	bu-sandhi-reading,bu-tone-coverage
I<sIL_0_	當然不是	bu-sandhi-reading,bu-tone-coverage
IF<Ck@L__M	沒什麼不同	bu-sandhi-reading,bu-tone-coverage
IFNX<Ck@L_dR4M	沒有什麼不可能	bu-sandhi-reading,bu-tone-coverage
IJ0_L_4M	還是不能	bu-sandhi-reading,bu-tone-coverage
IJ0_L_>]	還是不懂	bu-sandhi-reading,bu-tone-coverage
IJ0_L_QM	還是不行	bu-sandhi-reading,bu-tone-coverage
IJ0_L_qa	還是不錯	bu-sandhi-reading,bu-tone-coverage
IJ11L_11tf	還需不需要	bu-sandhi-reading,bu-tone-coverage
IJ:WL_0_	還好不是	bu-sandhi-reading,bu-tone-coverage
IJJYL_JY	還敢不敢	bu-sandhi-reading,bu-tone-coverage
IJL_03	還不說	bu-sandhi-reading,bu-tone-coverage
IJL_0_F0Ik	還不是一樣	bu-sandhi-reading,bu-tone-coverage
IJL_0_Q;2f	還不是因為	bu-sandhi-reading,bu-tone-coverage
IJL_0_c=	還不適應	bu-sandhi-reading,bu-tone-coverage
IJL_3Enq	還不覺得	bu-sandhi-reading,bu-tone-coverage
IJL_4M~l	還不能用	bu-sandhi-reading,bu-tone-coverage
IJL_:W	還不好	bu-sandhi-reading,bu-tone-coverage
IJL_;f	還不貴	bu-sandhi-reading,bu-tone-coverage
IJL_>J2i	還不完善	bu-sandhi-reading,bu-tone-coverage
IJL_>JaJ	還不完全	bu-sandhi-reading,bu-tone-coverage
IJL_?0	還不知	bu-sandhi-reading,bu-tone-coverage
IJL_?0cf	還不知道	bu-sandhi-reading,bu-tone-coverage
IJL_AM	還不曾	bu-sandhi-reading,bu-tone-coverage
IJL_Ci	還不見	bu-sandhi-reading,bu-tone-coverage
IJL_EE	還不來	bu-sandhi-reading,bu-tone-coverage
IJL_F0Wl	還不一定	bu-sandhi-reading,bu-tone-coverage
IJL_I1	還不差	bu-sandhi-reading,bu-tone-coverage
IJL_KX	還不走	bu-sandhi-reading,bu-tone-coverage
IJL_MW6T	還不瞭解	bu-sandhi-reading,bu-tone-coverage
IJL_N@\O	還不如你	bu-sandhi-reading,bu-tone-coverage
IJL_NO	還不止	bu-sandhi-reading,bu-tone-coverage
IJL_Qd	還不帶	bu-sandhi-reading,bu-tone-coverage
IJL_TZ	還不肯	bu-sandhi-reading,bu-tone-coverage
IJL_Td	還不賴	bu-sandhi-reading,bu-tone-coverage
IJL_bO	還不起	bu-sandhi-reading,bu-tone-coverage
IJL_bO5J	還不起錢	bu-sandhi-reading,bu-tone-coverage
IJL_bi	還不算	bu-sandhi-reading,bu-tone-coverage
IJL_cY7:	還不簡單	bu-sandhi-reading,bu-tone-coverage
IJL_cf	還不到	bu-sandhi-reading,bu-tone-coverage
IJL_l0	還不出	bu-sandhi-reading,bu-tone-coverage
IJL_n_	還不去	bu-sandhi-reading,bu-tone-coverage
IJL_nq	還不得	bu-sandhi-reading,bu-tone-coverage
IJL_p7ga	還不包括	bu-sandhi-reading,bu-tone-coverage
IJL_p={O	還不清楚	bu-sandhi-reading,bu-tone-coverage
IJL_pg	還不夠	bu-sandhi-reading,bu-tone-coverage
IJL_qa	還不錯	bu-sandhi-reading,bu-tone-coverage
IJL_qaWo	還不錯啊	bu-sandhi-reading,bu-tone-coverage
IJL_s2	還不多	bu-sandhi-reading,bu-tone-coverage
IJL_vZWl	還不穩定	bu-sandhi-reading,bu-tone-coverage
IJL_x7	還不高	bu-sandhi-reading,bu-tone-coverage
IJL_|_	還不大	bu-sandhi-reading,bu-tone-coverage
IJL_}80_	還不都是	bu-sandhi-reading,bu-tone-coverage
IJNXL_@W	還有不少	bu-sandhi-reading,bu-tone-coverage
IJbiL_qa	還算不錯	bu-sandhi-reading,bu-tone-coverage
IJm@L_cf	還達不到	bu-sandhi-reading,bu-tone-coverage
IML_L`	停不下	bu-sandhi-reading,bu-tone-coverage
IML_L`EE	停不下來	bu-sandhi-reading,bu-tone-coverage
IML_Z_	停不住	bu-sandhi-reading,bu-tone-coverage
IML_qq	停不了	bu-sandhi-reading,bu-tone-coverage
IPL__M	把不同	bu-sandhi-reading,bu-tone-coverage
IX=ML_5_	守成不易	bu-sandhi-reading,bu-tone-coverage
IX=ML_8i	守成不變	bu-sandhi-reading,bu-tone-coverage
IXL_?>	手不鬆	bu-sandhi-reading,bu-tone-coverage
IXL_Z_	守不住	bu-sandhi-reading,bu-tone-coverage
IXL_Z_nq	守不住的	bu-sandhi-reading,bu-tone-coverage
IXL_Z_qq	守不住了	bu-sandhi-reading,bu-tone-coverage
I]}OL_o=	寵辱不驚	bu-sandhi-reading,bu-tone-coverage
Ib3EL_	這絕不	bu-sandhi-reading,bu-tone-coverage
Ib3EL_0_	這絕不是	bu-sandhi-reading,bu-tone-coverage
IbC2L_M7	這波不虧	bu-sandhi-reading,bu-tone-coverage
IbCbL_~l	這個不用	bu-sandhi-reading,bu-tone-coverage
IbIJL_	這還不	bu-sandhi-reading,bu-tone-coverage
IbIJL_0_	這還不是	bu-sandhi-reading,bu-tone-coverage
IbIJL_bi	這還不算	bu-sandhi-reading,bu-tone-coverage
IbIJL_pg	這還不夠	bu-sandhi-reading,bu-tone-coverage
IbIkL_:W	這樣不好	bu-sandhi-reading,bu-tone-coverage
IbL_	這不	bu-sandhi-reading,bu-tone-coverage
IbL_0_	這不是	bu-sandhi-reading,bu-tone-coverage
IbL_0_}Q	這不是我	bu-sandhi-reading,bu-tone-coverage
IbL_4M	這不能	bu-sandhi-reading,bu-tone-coverage
IbL_:h	這不就	bu-sandhi-reading,bu-tone-coverage
IbL_=_R@	這不利於	bu-sandhi-reading,bu-tone-coverage
IbL_QM	這不行	bu-sandhi-reading,bu-tone-coverage
IbL_VO	這不比	bu-sandhi-reading,bu-tone-coverage
IbL_c=f5	這不應該	bu-sandhi-reading,bu-tone-coverage
IbL_dR4M	這不可能	bu-sandhi-reading,bu-tone-coverage
IbL_fa0_	這不過是	bu-sandhi-reading,bu-tone-coverage
IbL_lZ	這不僅	bu-sandhi-reading,bu-tone-coverage
IbL_lZlZ	這不僅僅	bu-sandhi-reading,bu-tone-coverage
IbL_uh	這不但	bu-sandhi-reading,bu-tone-coverage
IbL_|OR@	這不屬於	bu-sandhi-reading,bu-tone-coverage
IbNOL_	這只不	bu-sandhi-reading,bu-tone-coverage
IbSlL_0_	這並不是	bu-sandhi-reading,bu-tone-coverage
IbrqL_0_	這個不是	bu-sandhi-reading,bu-tone-coverage
Ib}8L_0_	這都不是	bu-sandhi-reading,bu-tone-coverage
Ib}gL_0_	這又不是	bu-sandhi-reading,bu-tone-coverage
J1L_J1	殺不殺	bu-sandhi-reading,bu-tone-coverage
J1L_qq	殺不了	bu-sandhi-reading,bu-tone-coverage
J1L_yf	殺不掉	bu-sandhi-reading,bu-tone-coverage
J1|JL_CiDd	殺人不見血	bu-sandhi-reading,bu-tone-coverage
J1|JL_fa^H\Ynq	殺人不過頭點地	bu-sandhi-reading,bu-tone-coverage
J:L_{gRW	偏不湊巧	bu-sandhi-reading,bu-tone-coverage
J:XDL_Kl	偏邪不正	bu-sandhi-reading,bu-tone-coverage
J;L_0_	真不是	bu-sandhi-reading,bu-tone-coverage
J;L_4M	真不能	bu-sandhi-reading,bu-tone-coverage
J;L_:W	真不好	bu-sandhi-reading,bu-tone-coverage
J;L_:W5_E0	真不好意思	bu-sandhi-reading,bu-tone-coverage
J;L_<f0_	真不愧是	bu-sandhi-reading,bu-tone-coverage
J;L_=f	真不會	bu-sandhi-reading,bu-tone-coverage
J;L_?0cf	真不知道	bu-sandhi-reading,bu-tone-coverage
J;L_FM>E	真不明白	bu-sandhi-reading,bu-tone-coverage
J;L_kM5_	真不容易	bu-sandhi-reading,bu-tone-coverage
J;L_qa	真不錯	bu-sandhi-reading,bu-tone-coverage
J;L_w[	真不想	bu-sandhi-reading,bu-tone-coverage
J;L_~2	針不戳	bu-sandhi-reading,bu-tone-coverage
J;];L_y_9REE18	真金不怕火來燒	bu-sandhi-reading,bu-tone-coverage
J;nqL_:W03	真的不好說	bu-sandhi-reading,bu-tone-coverage
J;nqL_?0cf	真的不知道	bu-sandhi-reading,bu-tone-coverage
J;w[L_cf	真想不到	bu-sandhi-reading,bu-tone-coverage
JF6NL_<_	肥而不膩	bu-sandhi-reading,bu-tone-coverage
JFcVL_vHxd|J}I	肥水不流外人田	bu-sandhi-reading,bu-tone-coverage
JY3EL_:W	感覺不好	bu-sandhi-reading,bu-tone-coverage
JY3EL_cf	感覺不到	bu-sandhi-reading,bu-tone-coverage
JY5JL_JYrg	趕前不趕後	bu-sandhi-reading,bu-tone-coverage
JY;;L_Lj	感恩不盡	bu-sandhi-reading,bu-tone-coverage
JY?0L_GL	感知不強	bu-sandhi-reading,bu-tone-coverage
JYL_KX	趕不走	bu-sandhi-reading,bu-tone-coverage
JYL_cf	趕不到	bu-sandhi-reading,bu-tone-coverage
JYL_mMUl	敢不從命	bu-sandhi-reading,bu-tone-coverage
JYcfL_0_	感到不適	bu-sandhi-reading,bu-tone-coverage
JYcfL_DY	感到不滿	bu-sandhi-reading,bu-tone-coverage
JYmlL_UO	感動不已	bu-sandhi-reading,bu-tone-coverage
J`4CI1L_s2	價格差不多	bu-sandhi-reading,bu-tone-coverage
J`4CL_j6	價格不菲	bu-sandhi-reading,bu-tone-coverage
J`L_Ei	價不限	bu-sandhi-reading,bu-tone-coverage
J`n?L_j6	價值不菲	bu-sandhi-reading,bu-tone-coverage
K0L_:h	低不就	bu-sandhi-reading,bu-tone-coverage
K0L_qq	低不了	bu-sandhi-reading,bu-tone-coverage
K0^HL_CiCE^HCi	低頭不見抬頭見	bu-sandhi-reading,bu-tone-coverage
K0cVL_1i	滴水不羼	bu-sandhi-reading,bu-tone-coverage
K9qIL_M9	糾纏不休	bu-sandhi-reading,bu-tone-coverage
KD|JzhL_cf	別人看不到	bu-sandhi-reading,bu-tone-coverage
KPvOL_nq	馬虎不得	bu-sandhi-reading,bu-tone-coverage
KXL_	走不	bu-sandhi-reading,bu-tone-coverage
KXL_KX	走不走	bu-sandhi-reading,bu-tone-coverage
KXL_cf	走不到	bu-sandhi-reading,bu-tone-coverage
KXL_fan_	走不過去	bu-sandhi-reading,bu-tone-coverage
KXL_l0	走不出	bu-sandhi-reading,bu-tone-coverage
KXL_ml	走不動	bu-sandhi-reading,bu-tone-coverage
KZEE:hL_	本來就不	bu-sandhi-reading,bu-tone-coverage
KZEE:hL_0_	本來就不是	bu-sandhi-reading,bu-tone-coverage
KZEE:hL_=f	本來就不會	bu-sandhi-reading,bu-tone-coverage
KZL_	本不	bu-sandhi-reading,bu-tone-coverage
KZL_f5	本不該	bu-sandhi-reading,bu-tone-coverage
KZL_w[	本不想	bu-sandhi-reading,bu-tone-coverage
K_UO2iSW6NL_2f	勿以善小而不為	bu-sandhi-reading,bu-tone-coverage
K_n?L_\c	物質不滅	bu-sandhi-reading,bu-tone-coverage
K_n?L_\cWli_	物質不滅定律	bu-sandhi-reading,bu-tone-coverage
KbL_cf	射不到	bu-sandhi-reading,bu-tone-coverage
KlCiL__M	政見不同	bu-sandhi-reading,bu-tone-coverage
KlL_cf	掙不到	bu-sandhi-reading,bu-tone-coverage
KlL_qq	掙不了	bu-sandhi-reading,bu-tone-coverage
KlL_xq	掙不著	bu-sandhi-reading,bu-tone-coverage
Klm_L_O@	證據不足	bu-sandhi-reading,bu-tone-coverage
L0L_cf	踢不到	bu-sandhi-reading,bu-tone-coverage
L0L_fa	踢不過	bu-sandhi-reading,bu-tone-coverage
L0L_l0EE	踢不出來	bu-sandhi-reading,bu-tone-coverage
L0L_qq	踢不了	bu-sandhi-reading,bu-tone-coverage
L9L_;:	秋不乾	bu-sandhi-reading,bu-tone-coverage
L;IXL_MP3g_Y|J	伸手不打笑臉人	bu-sandhi-reading,bu-tone-coverage
L;JYL_8i	深感不便	bu-sandhi-reading,bu-tone-coverage
L;KlL_y_r\RO=A	身正不怕影子斜	bu-sandhi-reading,bu-tone-coverage
L;L_CiZO	深不見底	bu-sandhi-reading,bu-tone-coverage
L;[OL_0_	身體不適	bu-sandhi-reading,bu-tone-coverage
L;[OL_:W	身體不好	bu-sandhi-reading,bu-tone-coverage
L;dYL_F0	深淺不一	bu-sandhi-reading,bu-tone-coverage
L;zJL_og	深沈不露	bu-sandhi-reading,bu-tone-coverage
L;zJL_og	深沉不露	bu-sandhi-reading,bu-tone-coverage
L@Cd<@C:L_0_]K	除卻巫山不是雲	bu-sandhi-reading,bu-tone-coverage
L@L_Lj	除不盡	bu-sandhi-reading,bu-tone-coverage
LEL_g5	擇不開	bu-sandhi-reading,bu-tone-coverage
LPL_>Cwl	法不責眾	bu-sandhi-reading,bu-tone-coverage
L]0_L_4M	總是不能	bu-sandhi-reading,bu-tone-coverage
L]@WL_qq	總少不了	bu-sandhi-reading,bu-tone-coverage
L]L_	總不	bu-sandhi-reading,bu-tone-coverage
L]L_0_	總不是	bu-sandhi-reading,bu-tone-coverage
L]L_4M	總不能	bu-sandhi-reading,bu-tone-coverage
L]L_=f	總不會	bu-sandhi-reading,bu-tone-coverage
L]ZYL_qq	總免不了	bu-sandhi-reading,bu-tone-coverage
L_01?;|_SW8T	不區分大小寫	bu-sandhi-reading,bu-tone-coverage
L_01@@	不屈服	bu-sandhi-reading,bu-tone-coverage
L_032_FM	不說自明	bu-sandhi-reading,bu-tone-coverage
L_03;\	不說謊	bu-sandhi-reading,bu-tone-coverage
L_03IbCb	不說這個	bu-sandhi-reading,bu-tone-coverage
L_03_`	不說話	bu-sandhi-reading,bu-tone-coverage
L_03_`qq	不說話了	bu-sandhi-reading,bu-tone-coverage
L_03qq	不說了	bu-sandhi-reading,bu-tone-coverage
L_03ySx_	不說也罷	bu-sandhi-reading,bu-tone-coverage
L_03|J_`	不說人話	bu-sandhi-reading,bu-tone-coverage
L_08fa	不超過	bu-sandhi-reading,bu-tone-coverage
L_0=	不裝	bu-sandhi-reading,bu-tone-coverage
L_0>?0	不通知	bu-sandhi-reading,bu-tone-coverage
L_0>B_	不通氣	bu-sandhi-reading,bu-tone-coverage
L_0>Q=	不通風	bu-sandhi-reading,bu-tone-coverage
L_0>nq	不通的	bu-sandhi-reading,bu-tone-coverage
L_0>~l	不通用	bu-sandhi-reading,bu-tone-coverage
L_0C2P	不得與	bu-sandhi-reading,bu-tone-coverage
L_0CLP	不得法	bu-sandhi-reading,bu-tone-coverage
L_0J	不連	bu-sandhi-reading,bu-tone-coverage
L_0JA_	不聯繫	bu-sandhi-reading,bu-tone-coverage
L_0JVi	不連貫	bu-sandhi-reading,bu-tone-coverage
L_0Jo_	不連續	bu-sandhi-reading,bu-tone-coverage
L_0Jo_:i	不連續面	bu-sandhi-reading,bu-tone-coverage
L_0Jo_`l	不連續性	bu-sandhi-reading,bu-tone-coverage
L_0Jo_nq	不連續的	bu-sandhi-reading,bu-tone-coverage
L_0UC_zh	不仔細看	bu-sandhi-reading,bu-tone-coverage
L_0W	不飽	bu-sandhi-reading,bu-tone-coverage
L_0WKl	不保證	bu-sandhi-reading,bu-tone-coverage
L_0W[K	不保存	bu-sandhi-reading,bu-tone-coverage
L_0WeY	不保險	bu-sandhi-reading,bu-tone-coverage
L_0W{h	不飽和	bu-sandhi-reading,bu-tone-coverage
L_0_03	不是說	bu-sandhi-reading,bu-tone-coverage
L_0_03:W	不是說好	bu-sandhi-reading,bu-tone-coverage
L_0_03qqZo	不是說了嗎	bu-sandhi-reading,bu-tone-coverage
L_0_0>fa	不是通過	bu-sandhi-reading,bu-tone-coverage
L_0_1g	不是叫	bu-sandhi-reading,bu-tone-coverage
L_0_2_	不識字	bu-sandhi-reading,bu-tone-coverage
L_0_2_aO	不是自己	bu-sandhi-reading,bu-tone-coverage
L_0_2f6N	不是味兒	bu-sandhi-reading,bu-tone-coverage
L_0_2fqq	不是為了	bu-sandhi-reading,bu-tone-coverage
L_0_5E	不是學	bu-sandhi-reading,bu-tone-coverage
L_0_5J	不是錢	bu-sandhi-reading,bu-tone-coverage
L_0_5_h=	不識一丁	bu-sandhi-reading,bu-tone-coverage
L_0_6C	不適合	bu-sandhi-reading,bu-tone-coverage
L_0_6C\O	不適合你	bu-sandhi-reading,bu-tone-coverage
L_0_7:WK	不是單純	bu-sandhi-reading,bu-tone-coverage
L_0_7fIX	不是對手	bu-sandhi-reading,bu-tone-coverage
L_0_8T	不是寫	bu-sandhi-reading,bu-tone-coverage
L_0_8XsI	不是偶然	bu-sandhi-reading,bu-tone-coverage
L_0_:W:b	不識好歹	bu-sandhi-reading,bu-tone-coverage
L_0_<Ccp	不是什麼	bu-sandhi-reading,bu-tone-coverage
L_0_=fTJ	不是會員	bu-sandhi-reading,bu-tone-coverage
L_0_>J6Nnq	不是玩兒的	bu-sandhi-reading,bu-tone-coverage
L_0_?0QE	不世之材	bu-sandhi-reading,bu-tone-coverage
L_0_?0[_	不是之處	bu-sandhi-reading,bu-tone-coverage
L_0_?1	不是他	bu-sandhi-reading,bu-tone-coverage
L_0_CE>P	不識抬舉	bu-sandhi-reading,bu-tone-coverage
L_0_CRNX	不是所有	bu-sandhi-reading,bu-tone-coverage
L_0_Cb	不是個	bu-sandhi-reading,bu-tone-coverage
L_0_Cb6N	不是個兒	bu-sandhi-reading,bu-tone-coverage
L_0_Ei_d	不是現在	bu-sandhi-reading,bu-tone-coverage
L_0_Ek\O	不是讓你	bu-sandhi-reading,bu-tone-coverage
L_0_F03:	不是一般	bu-sandhi-reading,bu-tone-coverage
L_0_F0Cb	不是一個	bu-sandhi-reading,bu-tone-coverage
L_0_F0Ci	不是一件	bu-sandhi-reading,bu-tone-coverage
L_0_F0L`RO	不是一下子	bu-sandhi-reading,bu-tone-coverage
L_0_I<	不適當	bu-sandhi-reading,bu-tone-coverage
L_0_IF	不是沒	bu-sandhi-reading,bu-tone-coverage
L_0_IJNX	不是還有	bu-sandhi-reading,bu-tone-coverage
L_0_IbCb	不是這個	bu-sandhi-reading,bu-tone-coverage
L_0_IbCb5_E0	不是這個意思	bu-sandhi-reading,bu-tone-coverage
L_0_IbIk	不是這樣	bu-sandhi-reading,bu-tone-coverage
L_0_J;nq	不是真的	bu-sandhi-reading,bu-tone-coverage
L_0_JY	不適感	bu-sandhi-reading,bu-tone-coverage
L_0_Kl4L	不是正常	bu-sandhi-reading,bu-tone-coverage
L_0_L__f	不是不報	bu-sandhi-reading,bu-tone-coverage
L_0_L_w[	不是不想	bu-sandhi-reading,bu-tone-coverage
L_0_N@SO	不是如此	bu-sandhi-reading,bu-tone-coverage
L_0_NO	不是指	bu-sandhi-reading,bu-tone-coverage
L_0_NONX	不是只有	bu-sandhi-reading,bu-tone-coverage
L_0_NX	不是有	bu-sandhi-reading,bu-tone-coverage
L_0_NX5_	不是有意	bu-sandhi-reading,bu-tone-coverage
L_0_Q;2f	不是因為	bu-sandhi-reading,bu-tone-coverage
L_0_R@	不適於	bu-sandhi-reading,bu-tone-coverage
L_0_SWHE	不是小孩	bu-sandhi-reading,bu-tone-coverage
L_0_T_5_	不是故意	bu-sandhi-reading,bu-tone-coverage
L_0_UOo=	不是已經	bu-sandhi-reading,bu-tone-coverage
L_0_UZ	不是很	bu-sandhi-reading,bu-tone-coverage
L_0_UZ:W	不是很好	bu-sandhi-reading,bu-tone-coverage
L_0_UZ]Ow[	不是很理想	bu-sandhi-reading,bu-tone-coverage
L_0_UZp={O	不是很清楚	bu-sandhi-reading,bu-tone-coverage
L_0_UZvK	不是很忙	bu-sandhi-reading,bu-tone-coverage
L_0_Vj{?	不是問題	bu-sandhi-reading,bu-tone-coverage
L_0_Wo	不是啊	bu-sandhi-reading,bu-tone-coverage
L_0_Xo	不是吧	bu-sandhi-reading,bu-tone-coverage
L_0_Zo	不是嗎	bu-sandhi-reading,bu-tone-coverage
L_0_\O	不是你	bu-sandhi-reading,bu-tone-coverage
L_0_\OTO	不是你死	bu-sandhi-reading,bu-tone-coverage
L_0_\Onq	不是你的	bu-sandhi-reading,bu-tone-coverage
L_0_\Onqqa	不是你的錯	bu-sandhi-reading,bu-tone-coverage
L_0__d	不是在	bu-sandhi-reading,bu-tone-coverage
L_0_c=	不適應	bu-sandhi-reading,bu-tone-coverage
L_0_hI|J	不是男人	bu-sandhi-reading,bu-tone-coverage
L_0_ha	不識貨	bu-sandhi-reading,bu-tone-coverage
L_0_hf	不是靠	bu-sandhi-reading,bu-tone-coverage
L_0_nHR@	不是由於	bu-sandhi-reading,bu-tone-coverage
L_0_p?rg	不是時候	bu-sandhi-reading,bu-tone-coverage
L_0_qhLP	不是辦法	bu-sandhi-reading,bu-tone-coverage
L_0_tf	不是要	bu-sandhi-reading,bu-tone-coverage
L_0_u?	不適宜	bu-sandhi-reading,bu-tone-coverage
L_0_xUrq|J	不是每個人	bu-sandhi-reading,bu-tone-coverage
L_0_zh	不是看	bu-sandhi-reading,bu-tone-coverage
L_0_}8	不是都	bu-sandhi-reading,bu-tone-coverage
L_0_}Q	不是我	bu-sandhi-reading,bu-tone-coverage
L_0_}Q\y	不是我們	bu-sandhi-reading,bu-tone-coverage
L_0_}Qnq	不是我的	bu-sandhi-reading,bu-tone-coverage
L_0_}Qtf	不是我要	bu-sandhi-reading,bu-tone-coverage
L_0_~_k@	不是那麼	bu-sandhi-reading,bu-tone-coverage
L_0_~l	不是用	bu-sandhi-reading,bu-tone-coverage
L_0_~l	不適用	bu-sandhi-reading,bu-tone-coverage
L_0_~lR@	不適用於	bu-sandhi-reading,bu-tone-coverage
L_0`	不辣	bu-sandhi-reading,bu-tone-coverage
L_0i	不佔	bu-sandhi-reading,bu-tone-coverage
L_0i	不戰	bu-sandhi-reading,bu-tone-coverage
L_0i6N8f	不戰而退	bu-sandhi-reading,bu-tone-coverage
L_0i6NMd	不戰而敗	bu-sandhi-reading,bu-tone-coverage
L_0iIM	不暫停	bu-sandhi-reading,bu-tone-coverage
L_0iL_6C	不戰不和	bu-sandhi-reading,bu-tone-coverage
L_0iL_{h	不戰不和	bu-sandhi-reading,bu-tone-coverage
L_0ibi	不占算	bu-sandhi-reading,bu-tone-coverage
L_0ilO	不占卜	bu-sandhi-reading,bu-tone-coverage
L_0i~l	不佔用	bu-sandhi-reading,bu-tone-coverage
L_112f	不虛偽	bu-sandhi-reading,bu-tone-coverage
L_11tf\O	不需要你	bu-sandhi-reading,bu-tone-coverage
L_11tf~l	不需要用	bu-sandhi-reading,bu-tone-coverage
L_1;	不捐	bu-sandhi-reading,bu-tone-coverage
L_1U?P	不採取	bu-sandhi-reading,bu-tone-coverage
L_1U~l	不採用	bu-sandhi-reading,bu-tone-coverage
L_1W	不跑	bu-sandhi-reading,bu-tone-coverage
L_1WkG	不跑調	bu-sandhi-reading,bu-tone-coverage
L_1W{?	不跑題	bu-sandhi-reading,bu-tone-coverage
L_1`	不尬	bu-sandhi-reading,bu-tone-coverage
L_1g	不教	bu-sandhi-reading,bu-tone-coverage
L_2:0_0_	不諳世事	bu-sandhi-reading,bu-tone-coverage
L_2:?;	不安分	bu-sandhi-reading,bu-tone-coverage
L_2:?E	不安排	bu-sandhi-reading,bu-tone-coverage
L_2:R@	不安於	bu-sandhi-reading,bu-tone-coverage
L_2:Wl	不安定	bu-sandhi-reading,bu-tone-coverage
L_2:WlQ;`_	不安定因素	bu-sandhi-reading,bu-tone-coverage
L_2:_;	不安心	bu-sandhi-reading,bu-tone-coverage
L_2:aJ	不安全	bu-sandhi-reading,bu-tone-coverage
L_2:aJJY	不安全感	bu-sandhi-reading,bu-tone-coverage
L_2:nq	不安地	bu-sandhi-reading,bu-tone-coverage
L_2:nq	不安的	bu-sandhi-reading,bu-tone-coverage
L_2:}i	不安份	bu-sandhi-reading,bu-tone-coverage
L_2@4a	不寂寞	bu-sandhi-reading,bu-tone-coverage
L_2@=_	不吉利	bu-sandhi-reading,bu-tone-coverage
L_2@L_qf	不急不躁	bu-sandhi-reading,bu-tone-coverage
L_2@R@	不急於	bu-sandhi-reading,bu-tone-coverage
L_2@a_3@	不及預期	bu-sandhi-reading,bu-tone-coverage
L_2@p?	不及時	bu-sandhi-reading,bu-tone-coverage
L_2@xq	不急著	bu-sandhi-reading,bu-tone-coverage
L_2P9Wi_	不予考慮	bu-sandhi-reading,bu-tone-coverage
L_2PEM^j	不予評論	bu-sandhi-reading,bu-tone-coverage
L_2PUO	不予以	bu-sandhi-reading,bu-tone-coverage
L_2P]O1U	不予理睬	bu-sandhi-reading,bu-tone-coverage
L_2P]O=f	不予理會	bu-sandhi-reading,bu-tone-coverage
L_2Pxg]O	不予受理	bu-sandhi-reading,bu-tone-coverage
L_2[	不混	bu-sandhi-reading,bu-tone-coverage
L_2_	不自	bu-sandhi-reading,bu-tone-coverage
L_2_3Enq	不自覺的	bu-sandhi-reading,bu-tone-coverage
L_2_BL	不自量	bu-sandhi-reading,bu-tone-coverage
L_2_E0	不自私	bu-sandhi-reading,bu-tone-coverage
L_2_Ld	不自愛	bu-sandhi-reading,bu-tone-coverage
L_2_Lj	不自禁	bu-sandhi-reading,bu-tone-coverage
L_2_Nj	不自信	bu-sandhi-reading,bu-tone-coverage
L_2_nH	不自由	bu-sandhi-reading,bu-tone-coverage
L_2_zO	不自主	bu-sandhi-reading,bu-tone-coverage
L_2e	不怪	bu-sandhi-reading,bu-tone-coverage
L_2f	不畏	bu-sandhi-reading,bu-tone-coverage
L_2fGL_f	不畏強暴	bu-sandhi-reading,bu-tone-coverage
L_2fGLaJ	不畏強權	bu-sandhi-reading,bu-tone-coverage
L_2fGLz?	不畏強敵	bu-sandhi-reading,bu-tone-coverage
L_2fT:eY	不畏艱險	bu-sandhi-reading,bu-tone-coverage
L_2fT:hI	不畏艱難	bu-sandhi-reading,bu-tone-coverage
L_2fUO<C	不為已甚	bu-sandhi-reading,bu-tone-coverage
L_2f^=	不衛生	bu-sandhi-reading,bu-tone-coverage
L_2ffa	不為過	bu-sandhi-reading,bu-tone-coverage
L_2fm_	不畏懼	bu-sandhi-reading,bu-tone-coverage
L_2fqq	不為了	bu-sandhi-reading,bu-tone-coverage
L_2fyS	不為也	bu-sandhi-reading,bu-tone-coverage
L_2f|J	不為人	bu-sandhi-reading,bu-tone-coverage
L_2i4L	不擅長	bu-sandhi-reading,bu-tone-coverage
L_2iB8A_	不善交際	bu-sandhi-reading,bu-tone-coverage
L_2iFWm@	不善表達	bu-sandhi-reading,bu-tone-coverage
L_2iR@	不善於	bu-sandhi-reading,bu-tone-coverage
L_2iwIgI	不善言談	bu-sandhi-reading,bu-tone-coverage
L_3:	不搬	bu-sandhi-reading,bu-tone-coverage
L_3>2@	不攻擊	bu-sandhi-reading,bu-tone-coverage
L_3>EM	不公平	bu-sandhi-reading,bu-tone-coverage
L_3>EMnq	不公平的	bu-sandhi-reading,bu-tone-coverage
L_3>Kl	不公正	bu-sandhi-reading,bu-tone-coverage
L_3>L_	不公佈	bu-sandhi-reading,bu-tone-coverage
L_3>L_5_	不公不義	bu-sandhi-reading,bu-tone-coverage
L_3>g5	不公開	bu-sandhi-reading,bu-tone-coverage
L_3>pa	不工作	bu-sandhi-reading,bu-tone-coverage
L_3@0_	不歧視	bu-sandhi-reading,bu-tone-coverage
L_3@2e	不奇怪	bu-sandhi-reading,bu-tone-coverage
L_3@Qd	不期待	bu-sandhi-reading,bu-tone-coverage
L_3Ex@	不覺察	bu-sandhi-reading,bu-tone-coverage
L_3M	不疼	bu-sandhi-reading,bu-tone-coverage
L_3ML_i[	不疼不癢	bu-sandhi-reading,bu-tone-coverage
L_3Mqq	不疼了	bu-sandhi-reading,bu-tone-coverage
L_3_R0	不刺激	bu-sandhi-reading,bu-tone-coverage
L_3_R@	不次於	bu-sandhi-reading,bu-tone-coverage
L_3a	不破	bu-sandhi-reading,bu-tone-coverage
L_3aL_=_	不破不立	bu-sandhi-reading,bu-tone-coverage
L_3a`HiI9>L_IJ	不破樓蘭終不還	bu-sandhi-reading,bu-tone-coverage
L_3eBb	不快樂	bu-sandhi-reading,bu-tone-coverage
L_3eL_sh	不快不慢	bu-sandhi-reading,bu-tone-coverage
L_3g	不笑	bu-sandhi-reading,bu-tone-coverage
L_3gNXG:	不孝有三	bu-sandhi-reading,bu-tone-coverage
L_43cV	不縮水	bu-sandhi-reading,bu-tone-coverage
L_48_;	不操心	bu-sandhi-reading,bu-tone-coverage
L_48pa	不操作	bu-sandhi-reading,bu-tone-coverage
L_4>=M:huA	不空成就佛	bu-sandhi-reading,bu-tone-coverage
L_4@F0fcQdJ`	不惜一切代價	bu-sandhi-reading,bu-tone-coverage
L_4@QdJ`	不惜代價	bu-sandhi-reading,bu-tone-coverage
L_4@wl];	不惜重金	bu-sandhi-reading,bu-tone-coverage
L_4KzO	不民主	bu-sandhi-reading,bu-tone-coverage
L_4LCi	不常見	bu-sandhi-reading,bu-tone-coverage
L_4LNX	不常有	bu-sandhi-reading,bu-tone-coverage
L_4LUl	不償命	bu-sandhi-reading,bu-tone-coverage
L_4LZX	不長久	bu-sandhi-reading,bu-tone-coverage
L_4L~l	不常用	bu-sandhi-reading,bu-tone-coverage
L_4M03	不能說	bu-sandhi-reading,bu-tone-coverage
L_4M03@@	不能說服	bu-sandhi-reading,bu-tone-coverage
L_4M03_`	不能說話	bu-sandhi-reading,bu-tone-coverage
L_4M03nq8_8_	不能說的秘密	bu-sandhi-reading,bu-tone-coverage
L_4M08fa	不能超過	bu-sandhi-reading,bu-tone-coverage
L_4M0>fa	不能通過	bu-sandhi-reading,bu-tone-coverage
L_4M0W[K	不能保存	bu-sandhi-reading,bu-tone-coverage
L_4M0Wo?	不能保持	bu-sandhi-reading,bu-tone-coverage
L_4M0_KD	不能識別	bu-sandhi-reading,bu-tone-coverage
L_4M0_c=	不能適應	bu-sandhi-reading,bu-tone-coverage
L_4M2P	不能與	bu-sandhi-reading,bu-tone-coverage
L_4M2[~l	不能混用	bu-sandhi-reading,bu-tone-coverage
L_4M2_zO	不能自主	bu-sandhi-reading,bu-tone-coverage
L_4M2e}Q	不能怪我	bu-sandhi-reading,bu-tone-coverage
L_4M2fqq	不能為了	bu-sandhi-reading,bu-tone-coverage
L_4M3a4e	不能破壞	bu-sandhi-reading,bu-tone-coverage
L_4M5E	不能學	bu-sandhi-reading,bu-tone-coverage
L_4M6T3E	不能解決	bu-sandhi-reading,bu-tone-coverage
L_4M7f	不能對	bu-sandhi-reading,bu-tone-coverage
L_4M8f	不能退	bu-sandhi-reading,bu-tone-coverage
L_4M8fha	不能退貨	bu-sandhi-reading,bu-tone-coverage
L_4M8fwY	不能退款	bu-sandhi-reading,bu-tone-coverage
L_4M:9	不能收	bu-sandhi-reading,bu-tone-coverage
L_4M:>?;	不能充分	bu-sandhi-reading,bu-tone-coverage
L_4M;_Qd	不能替代	bu-sandhi-reading,bu-tone-coverage
L_4M=M=_	不能成立	bu-sandhi-reading,bu-tone-coverage
L_4M=MH<TJ	不能成方圓	bu-sandhi-reading,bu-tone-coverage
L_4M=Mxg	不能承受	bu-sandhi-reading,bu-tone-coverage
L_4M=[@P	不能允許	bu-sandhi-reading,bu-tone-coverage
L_4M=_U3	不能立刻	bu-sandhi-reading,bu-tone-coverage
L_4M>J	不能玩	bu-sandhi-reading,bu-tone-coverage
L_4M?;	不能分	bu-sandhi-reading,bu-tone-coverage
L_4M?PD8	不能取消	bu-sandhi-reading,bu-tone-coverage
L_4M?PQd	不能取代	bu-sandhi-reading,bu-tone-coverage
L_4M@0	不能吃	bu-sandhi-reading,bu-tone-coverage
L_4M@W	不能少	bu-sandhi-reading,bu-tone-coverage
L_4M@WR@	不能少於	bu-sandhi-reading,bu-tone-coverage
L_4MA@	不能讀	bu-sandhi-reading,bu-tone-coverage
L_4MBZ>C	不能選擇	bu-sandhi-reading,bu-tone-coverage
L_4MC:L@	不能刪除	bu-sandhi-reading,bu-tone-coverage
L_4MCdWl	不能確定	bu-sandhi-reading,bu-tone-coverage
L_4MCf	不能睡	bu-sandhi-reading,bu-tone-coverage
L_4MD8L@	不能消除	bu-sandhi-reading,bu-tone-coverage
L_4MD9	不能丟	bu-sandhi-reading,bu-tone-coverage
L_4MDb@@	不能克服	bu-sandhi-reading,bu-tone-coverage
L_4MDk0\	不能上網	bu-sandhi-reading,bu-tone-coverage
L_4MEk	不能讓	bu-sandhi-reading,bu-tone-coverage
L_4MGL{H	不能強求	bu-sandhi-reading,bu-tone-coverage
L_4MI<	不能當	bu-sandhi-reading,bu-tone-coverage
L_4MIM	不能停	bu-sandhi-reading,bu-tone-coverage
L_4MIML`	不能停下	bu-sandhi-reading,bu-tone-coverage
L_4MIMNO	不能停止	bu-sandhi-reading,bu-tone-coverage
L_4MIP	不能把	bu-sandhi-reading,bu-tone-coverage
L_4MK0R@	不能低於	bu-sandhi-reading,bu-tone-coverage
L_4MKPvO	不能馬虎	bu-sandhi-reading,bu-tone-coverage
L_4MKl4L	不能正常	bu-sandhi-reading,bu-tone-coverage
L_4ML_03	不能不說	bu-sandhi-reading,bu-tone-coverage
L_4ML`_d	不能下載	bu-sandhi-reading,bu-tone-coverage
L_4MLj	不能進	bu-sandhi-reading,bu-tone-coverage
L_4MMl<j	不能勝任	bu-sandhi-reading,bu-tone-coverage
L_4MN7O_	不能恢復	bu-sandhi-reading,bu-tone-coverage
L_4MNX	不能有	bu-sandhi-reading,bu-tone-coverage
L_4MO_}^	不能複製	bu-sandhi-reading,bu-tone-coverage
L_4MOd	不能賣	bu-sandhi-reading,bu-tone-coverage
L_4MPO	不能使	bu-sandhi-reading,bu-tone-coverage
L_4MPO~l	不能使用	bu-sandhi-reading,bu-tone-coverage
L_4MQ;2f	不能因為	bu-sandhi-reading,bu-tone-coverage
L_4MQM	不能行	bu-sandhi-reading,bu-tone-coverage
L_4MQd	不能帶	bu-sandhi-reading,bu-tone-coverage
L_4MRd	不能太	bu-sandhi-reading,bu-tone-coverage
L_4MUG6_	不能逃避	bu-sandhi-reading,bu-tone-coverage
L_4MUi	不能亂	bu-sandhi-reading,bu-tone-coverage
L_4MVO	不能比	bu-sandhi-reading,bu-tone-coverage
L_4MVe	不能被	bu-sandhi-reading,bu-tone-coverage
L_4MZO=k	不能抵抗	bu-sandhi-reading,bu-tone-coverage
L_4M\Z	不能忍	bu-sandhi-reading,bu-tone-coverage
L_4M\Zxg	不能忍受	bu-sandhi-reading,bu-tone-coverage
L_4M]O6T	不能理解	bu-sandhi-reading,bu-tone-coverage
L_4M_M5_	不能同意	bu-sandhi-reading,bu-tone-coverage
L_4M_Mp?	不能同時	bu-sandhi-reading,bu-tone-coverage
L_4M_d	不能再	bu-sandhi-reading,bu-tone-coverage
L_4M_kA_	不能忘記	bu-sandhi-reading,bu-tone-coverage
L_4M_ktE	不能忘懷	bu-sandhi-reading,bu-tone-coverage
L_4Mbi	不能算	bu-sandhi-reading,bu-tone-coverage
L_4Mfa	不能過	bu-sandhi-reading,bu-tone-coverage
L_4Mfa?;	不能過分	bu-sandhi-reading,bu-tone-coverage
L_4Mg5	不能開	bu-sandhi-reading,bu-tone-coverage
L_4MgI	不能談	bu-sandhi-reading,bu-tone-coverage
L_4Mh<Nj	不能相信	bu-sandhi-reading,bu-tone-coverage
L_4Mi=	不能聽	bu-sandhi-reading,bu-tone-coverage
L_4MkM\Z	不能容忍	bu-sandhi-reading,bu-tone-coverage
L_4MljQM	不能運行	bu-sandhi-reading,bu-tone-coverage
L_4MmgS_	不能透露	bu-sandhi-reading,bu-tone-coverage
L_4Mml	不能動	bu-sandhi-reading,bu-tone-coverage
L_4Mmluh	不能動彈	bu-sandhi-reading,bu-tone-coverage
L_4Mn_	不能去	bu-sandhi-reading,bu-tone-coverage
L_4Mo@	不能拿	bu-sandhi-reading,bu-tone-coverage
L_4MoT	不能買	bu-sandhi-reading,bu-tone-coverage
L_4Mp?Ei	不能實現	bu-sandhi-reading,bu-tone-coverage
L_4Mpa	不能做	bu-sandhi-reading,bu-tone-coverage
L_4Mqa	不能錯	bu-sandhi-reading,bu-tone-coverage
L_4Mrl}^	不能控制	bu-sandhi-reading,bu-tone-coverage
L_4Mu?ml	不能移動	bu-sandhi-reading,bu-tone-coverage
L_4Mu[	不能講	bu-sandhi-reading,bu-tone-coverage
L_4Mv4xg	不能接受	bu-sandhi-reading,bu-tone-coverage
L_4MvY	不能管	bu-sandhi-reading,bu-tone-coverage
L_4Mw[Wk	不能想像	bu-sandhi-reading,bu-tone-coverage
L_4Mw[xg	不能享受	bu-sandhi-reading,bu-tone-coverage
L_4Mxdl0	不能外出	bu-sandhi-reading,bu-tone-coverage
L_4Myh	不能幹	bu-sandhi-reading,bu-tone-coverage
L_4Mzh	不能看	bu-sandhi-reading,bu-tone-coverage
L_4M{?3>	不能提供	bu-sandhi-reading,bu-tone-coverage
L_4M{O]O	不能處理	bu-sandhi-reading,bu-tone-coverage
L_4M{h	不能和	bu-sandhi-reading,bu-tone-coverage
L_4M}^a_	不能治癒	bu-sandhi-reading,bu-tone-coverage
L_4M~U	不能給	bu-sandhi-reading,bu-tone-coverage
L_4RI<	不妥當	bu-sandhi-reading,bu-tone-coverage
L_4RI<nq	不妥當的	bu-sandhi-reading,bu-tone-coverage
L_4RXD	不妥協	bu-sandhi-reading,bu-tone-coverage
L_4Zqq	不遠了	bu-sandhi-reading,bu-tone-coverage
L_4Z{O	不遠處	bu-sandhi-reading,bu-tone-coverage
L_4e	不壞	bu-sandhi-reading,bu-tone-coverage
L_4i	不讚	bu-sandhi-reading,bu-tone-coverage
L_4i=M	不贊成	bu-sandhi-reading,bu-tone-coverage
L_4iF0s?	不讚一詞	bu-sandhi-reading,bu-tone-coverage
L_4iF0s?	不讚一辭	bu-sandhi-reading,bu-tone-coverage
L_4i_M	不贊同	bu-sandhi-reading,bu-tone-coverage
L_5E:W	不學好	bu-sandhi-reading,bu-tone-coverage
L_5JL_rg	不前不後	bu-sandhi-reading,bu-tone-coverage
L_5W	不討	bu-sandhi-reading,bu-tone-coverage
L_5W:W	不討好	bu-sandhi-reading,bu-tone-coverage
L_5W^j	不討論	bu-sandhi-reading,bu-tone-coverage
L_5_2f	不意味	bu-sandhi-reading,bu-tone-coverage
L_5_2fxq	不意味著	bu-sandhi-reading,bu-tone-coverage
L_5_D8_`	不易消化	bu-sandhi-reading,bu-tone-coverage
L_5_R@	不易於	bu-sandhi-reading,bu-tone-coverage
L_5_a_	不抑鬱	bu-sandhi-reading,bu-tone-coverage
L_5_xd	不意外	bu-sandhi-reading,bu-tone-coverage
L_6:5_	不翻譯	bu-sandhi-reading,bu-tone-coverage
L_6C0_	不合適	bu-sandhi-reading,bu-tone-coverage
L_6C4CQYbZ	不合格產品	bu-sandhi-reading,bu-tone-coverage
L_6C4CiR	不合格者	bu-sandhi-reading,bu-tone-coverage
L_6C4L]O	不合常理	bu-sandhi-reading,bu-tone-coverage
L_6CL;	不合身	bu-sandhi-reading,bu-tone-coverage
L_6CLP	不合法	bu-sandhi-reading,bu-tone-coverage
L_6CPM]O	不合情理	bu-sandhi-reading,bu-tone-coverage
L_6C[O?]	不合體統	bu-sandhi-reading,bu-tone-coverage
L_6C]O	不合理	bu-sandhi-reading,bu-tone-coverage
L_6C]Onq	不合理的	bu-sandhi-reading,bu-tone-coverage
L_6C_5	不合拍	bu-sandhi-reading,bu-tone-coverage
L_6C_;5_	不合心意	bu-sandhi-reading,bu-tone-coverage
L_6Cg0	不合乎	bu-sandhi-reading,bu-tone-coverage
L_6CjK	不合群	bu-sandhi-reading,bu-tone-coverage
L_6J	不鹹	bu-sandhi-reading,bu-tone-coverage
L_6JL_uh	不鹹不淡	bu-sandhi-reading,bu-tone-coverage
L_6JnOHX	不嫌母醜	bu-sandhi-reading,bu-tone-coverage
L_6T0_	不解釋	bu-sandhi-reading,bu-tone-coverage
L_6T3E	不解決	bu-sandhi-reading,bu-tone-coverage
L_6[?1	不准他	bu-sandhi-reading,bu-tone-coverage
L_6[@P	不准許	bu-sandhi-reading,bu-tone-coverage
L_6[Cd	不準確	bu-sandhi-reading,bu-tone-coverage
L_6[IF	不准沒	bu-sandhi-reading,bu-tone-coverage
L_6[Ve	不準備	bu-sandhi-reading,bu-tone-coverage
L_6[Vj	不准問	bu-sandhi-reading,bu-tone-coverage
L_6[WF	不准誰	bu-sandhi-reading,bu-tone-coverage
L_6[\O	不准你	bu-sandhi-reading,bu-tone-coverage
L_6[}Q	不准我	bu-sandhi-reading,bu-tone-coverage
L_6_03	不必說	bu-sandhi-reading,bu-tone-coverage
L_6_7:_;	不必擔心	bu-sandhi-reading,bu-tone-coverage
L_6_T:eY	不避艱險	bu-sandhi-reading,bu-tone-coverage
L_6_oO6d	不避斧鉞	bu-sandhi-reading,bu-tone-coverage
L_6_s203	不必多說	bu-sandhi-reading,bu-tone-coverage
L_6_tf	不必要	bu-sandhi-reading,bu-tone-coverage
L_6_xq2@	不必著急	bu-sandhi-reading,bu-tone-coverage
L_6dNFo?	不越雷池	bu-sandhi-reading,bu-tone-coverage
L_6i	不散	bu-sandhi-reading,bu-tone-coverage
L_78	不標	bu-sandhi-reading,bu-tone-coverage
L_786[	不標準	bu-sandhi-reading,bu-tone-coverage
L_786[nq	不標準的	bu-sandhi-reading,bu-tone-coverage
L_7:7:	不單單	bu-sandhi-reading,bu-tone-coverage
L_7:7:0_	不單單是	bu-sandhi-reading,bu-tone-coverage
L_7:A@	不單獨	bu-sandhi-reading,bu-tone-coverage
L_7:K_	不耽誤	bu-sandhi-reading,bu-tone-coverage
L_7:NO0_	不單只是	bu-sandhi-reading,bu-tone-coverage
L_7:_;	不擔心	bu-sandhi-reading,bu-tone-coverage
L_7WL_TO	不老不死	bu-sandhi-reading,bu-tone-coverage
L_7Wp?	不老實	bu-sandhi-reading,bu-tone-coverage
L_7[	不蠢	bu-sandhi-reading,bu-tone-coverage
L_7`	不咋	bu-sandhi-reading,bu-tone-coverage
L_7`nq	不咋的	bu-sandhi-reading,bu-tone-coverage
L_7f2f	不對味	bu-sandhi-reading,bu-tone-coverage
L_7fEi	不兌現	bu-sandhi-reading,bu-tone-coverage
L_7fL_7f	不對不對	bu-sandhi-reading,bu-tone-coverage
L_7fLj6N	不對勁兒	bu-sandhi-reading,bu-tone-coverage
L_7fO1	不對呀	bu-sandhi-reading,bu-tone-coverage
L_7fS_	不對路	bu-sandhi-reading,bu-tone-coverage
L_7fWo	不對啊	bu-sandhi-reading,bu-tone-coverage
L_7fXo	不對吧	bu-sandhi-reading,bu-tone-coverage
L_7fZo	不對嗎	bu-sandhi-reading,bu-tone-coverage
L_7f]=	不對稱	bu-sandhi-reading,bu-tone-coverage
L_7f]=`l	不對稱性	bu-sandhi-reading,bu-tone-coverage
L_7fa\	不對等	bu-sandhi-reading,bu-tone-coverage
L_7k	不放	bu-sandhi-reading,bu-tone-coverage
L_7kB_	不放棄	bu-sandhi-reading,bu-tone-coverage
L_7kIX	不放手	bu-sandhi-reading,bu-tone-coverage
L_7k_d	不放在	bu-sandhi-reading,bu-tone-coverage
L_7kfa	不放過	bu-sandhi-reading,bu-tone-coverage
L_7kjP	不放假	bu-sandhi-reading,bu-tone-coverage
L_88	不飄	bu-sandhi-reading,bu-tone-coverage
L_88Qk	不漂亮	bu-sandhi-reading,bu-tone-coverage
L_88Qknq	不漂亮的	bu-sandhi-reading,bu-tone-coverage
L_8:	不貪	bu-sandhi-reading,bu-tone-coverage
L_8:_;	不貪心	bu-sandhi-reading,bu-tone-coverage
L_8G|_vH	不隨大流	bu-sandhi-reading,bu-tone-coverage
L_8T	不寫	bu-sandhi-reading,bu-tone-coverage
L_8W	不搞	bu-sandhi-reading,bu-tone-coverage
L_8Wqq	不搞了	bu-sandhi-reading,bu-tone-coverage
L_8f43	不退縮	bu-sandhi-reading,bu-tone-coverage
L_8fEYLj	不退反進	bu-sandhi-reading,bu-tone-coverage
L_8fwY	不退款	bu-sandhi-reading,bu-tone-coverage
L_8i	不辨	bu-sandhi-reading,bu-tone-coverage
L_8i0_j6	不辨是非	bu-sandhi-reading,bu-tone-coverage
L_8i=_	不便利	bu-sandhi-reading,bu-tone-coverage
L_8i?0[_	不便之處	bu-sandhi-reading,bu-tone-coverage
L_8i?0{O	不便之處	bu-sandhi-reading,bu-tone-coverage
L_8iBL	不變量	bu-sandhi-reading,bu-tone-coverage
L_8iC0KZ	不變資本	bu-sandhi-reading,bu-tone-coverage
L_8iEl	不變更	bu-sandhi-reading,bu-tone-coverage
L_8iOb	不變色	bu-sandhi-reading,bu-tone-coverage
L_8iQM	不變形	bu-sandhi-reading,bu-tone-coverage
L_8i_`	不變化	bu-sandhi-reading,bu-tone-coverage
L_8i`l	不變性	bu-sandhi-reading,bu-tone-coverage
L_8inq	不變的	bu-sandhi-reading,bu-tone-coverage
L_8kQMrF	不當行為	bu-sandhi-reading,bu-tone-coverage
L_8kX[	不當黨	bu-sandhi-reading,bu-tone-coverage
L_99H:	不抽菸	bu-sandhi-reading,bu-tone-coverage
L_9>=M	不忠誠	bu-sandhi-reading,bu-tone-coverage
L_9>L_3g	不忠不孝	bu-sandhi-reading,bu-tone-coverage
L_9>N:~I	不終天年	bu-sandhi-reading,bu-tone-coverage
L_9>i=	不中聽	bu-sandhi-reading,bu-tone-coverage
L_9R	不火	bu-sandhi-reading,bu-tone-coverage
L_9W	不考	bu-sandhi-reading,bu-tone-coverage
L_9Wi_	不考慮	bu-sandhi-reading,bu-tone-coverage
L_9W|O5E	不考數學	bu-sandhi-reading,bu-tone-coverage
L_9\	不廣	bu-sandhi-reading,bu-tone-coverage
L_9i\O	不騙你	bu-sandhi-reading,bu-tone-coverage
L_9k	不燙	bu-sandhi-reading,bu-tone-coverage
L_:6	不歪	bu-sandhi-reading,bu-tone-coverage
L_:9	不收	bu-sandhi-reading,bu-tone-coverage
L_:95J	不收錢	bu-sandhi-reading,bu-tone-coverage
L_:9IXo_Ye	不收手續費	bu-sandhi-reading,bu-tone-coverage
L_:9Ye	不收費	bu-sandhi-reading,bu-tone-coverage
L_:9\O	不收你	bu-sandhi-reading,bu-tone-coverage
L_:9]O	不收禮	bu-sandhi-reading,bu-tone-coverage
L_:<8M	不均衡	bu-sandhi-reading,bu-tone-coverage
L_:<]K	不均勻	bu-sandhi-reading,bu-tone-coverage
L_:<]K`l	不均勻性	bu-sandhi-reading,bu-tone-coverage
L_:>?;	不充分	bu-sandhi-reading,bu-tone-coverage
L_:>O@	不充足	bu-sandhi-reading,bu-tone-coverage
L_:>n?	不充值	bu-sandhi-reading,bu-tone-coverage
L_:PQM	不履行	bu-sandhi-reading,bu-tone-coverage
L_:W03	不好說	bu-sandhi-reading,bu-tone-coverage
L_:W3g	不好笑	bu-sandhi-reading,bu-tone-coverage
L_:W5_E0Wo	不好意思啊	bu-sandhi-reading,bu-tone-coverage
L_:W5_E0qq	不好意思了	bu-sandhi-reading,bu-tone-coverage
L_:W:hYc	不好就業	bu-sandhi-reading,bu-tone-coverage
L_:W;:Kb	不好干涉	bu-sandhi-reading,bu-tone-coverage
L_:W;:a_	不好干預	bu-sandhi-reading,bu-tone-coverage
L_:W>J	不好玩	bu-sandhi-reading,bu-tone-coverage
L_:W>W	不好找	bu-sandhi-reading,bu-tone-coverage
L_:W@0	不好吃	bu-sandhi-reading,bu-tone-coverage
L_:WA_	不好記	bu-sandhi-reading,bu-tone-coverage
L_:WL_4e	不好不壞	bu-sandhi-reading,bu-tone-coverage
L_:WMP	不好打	bu-sandhi-reading,bu-tone-coverage
L_:WOd	不好賣	bu-sandhi-reading,bu-tone-coverage
L_:WPO	不好使	bu-sandhi-reading,bu-tone-coverage
L_:WV3	不好喝	bu-sandhi-reading,bu-tone-coverage
L_:WVO	不好比	bu-sandhi-reading,bu-tone-coverage
L_:WWo	不好啊	bu-sandhi-reading,bu-tone-coverage
L_:WXo	不好吧	bu-sandhi-reading,bu-tone-coverage
L_:WZo	不好嗎	bu-sandhi-reading,bu-tone-coverage
L_:Wi=	不好聽	bu-sandhi-reading,bu-tone-coverage
L_:WoT	不好買	bu-sandhi-reading,bu-tone-coverage
L_:Wp?	不好時	bu-sandhi-reading,bu-tone-coverage
L_:Wqh	不好辦	bu-sandhi-reading,bu-tone-coverage
L_:Wzhnq	不好看的	bu-sandhi-reading,bu-tone-coverage
L_:W~l	不好用	bu-sandhi-reading,bu-tone-coverage
L_:b	不餓	bu-sandhi-reading,bu-tone-coverage
L_:e	不帥	bu-sandhi-reading,bu-tone-coverage
L_:h	不救	bu-sandhi-reading,bu-tone-coverage
L_:h0_	不就是	bu-sandhi-reading,bu-tone-coverage
L_:h:Wqq	不就好了	bu-sandhi-reading,bu-tone-coverage
L_:h?0cf	不就知道	bu-sandhi-reading,bu-tone-coverage
L_:hD;	不就跟	bu-sandhi-reading,bu-tone-coverage
L_:hNX	不就有	bu-sandhi-reading,bu-tone-coverage
L_;:?1	不干他	bu-sandhi-reading,bu-tone-coverage
L_;:AW	不干擾	bu-sandhi-reading,bu-tone-coverage
L_;:B8	不乾膠	bu-sandhi-reading,bu-tone-coverage
L_;:EMeI	不甘平凡	bu-sandhi-reading,bu-tone-coverage
L_;:Ff	不乾脆	bu-sandhi-reading,bu-tone-coverage
L_;:L_^l	不乾不淨	bu-sandhi-reading,bu-tone-coverage
L_;:M9	不干休	bu-sandhi-reading,bu-tone-coverage
L_;:R@	不甘於	bu-sandhi-reading,bu-tone-coverage
L_;:\O	不干你	bu-sandhi-reading,bu-tone-coverage
L_;:^l	不乾淨	bu-sandhi-reading,bu-tone-coverage
L_;:a_	不干預	bu-sandhi-reading,bu-tone-coverage
L_;:ac	不乾裂	bu-sandhi-reading,bu-tone-coverage
L_;:earg	不甘落後	bu-sandhi-reading,bu-tone-coverage
L_;:g6	不乾杯	bu-sandhi-reading,bu-tone-coverage
L_;:th	不干犯	bu-sandhi-reading,bu-tone-coverage
L_;:xq2@	不乾著急	bu-sandhi-reading,bu-tone-coverage
L_;:}Q	不干我	bu-sandhi-reading,bu-tone-coverage
L_;_	不替	bu-sandhi-reading,bu-tone-coverage
L_;_N:t:	不啻天淵	bu-sandhi-reading,bu-tone-coverage
L_;f	不匱	bu-sandhi-reading,bu-tone-coverage
L_;f	不貴	bu-sandhi-reading,bu-tone-coverage
L_;f	不跪	bu-sandhi-reading,bu-tone-coverage
L_;jMW6T	不甚瞭解	bu-sandhi-reading,bu-tone-coverage
L_;k	不浪	bu-sandhi-reading,bu-tone-coverage
L_<8p?	不挑食	bu-sandhi-reading,bu-tone-coverage
L_<:\Zxg	不堪忍受	bu-sandhi-reading,bu-tone-coverage
L_<:wlO_	不堪重負	bu-sandhi-reading,bu-tone-coverage
L_<@cf]O	不無道理	bu-sandhi-reading,bu-tone-coverage
L_<@g:C_	不無關係	bu-sandhi-reading,bu-tone-coverage
L_<@u?{h	不無遺憾	bu-sandhi-reading,bu-tone-coverage
L_<C6C5_	不甚合意	bu-sandhi-reading,bu-tone-coverage
L_<CMW6T	不甚瞭解	bu-sandhi-reading,bu-tone-coverage
L_<Cqqqq	不甚了了	bu-sandhi-reading,bu-tone-coverage
L_<[Wd	不損害	bu-sandhi-reading,bu-tone-coverage
L_<_	不膩	bu-sandhi-reading,bu-tone-coverage
L_<_FM	不匿名	bu-sandhi-reading,bu-tone-coverage
L_<f0_	不愧是	bu-sandhi-reading,bu-tone-coverage
L_<f0_\O	不愧是你	bu-sandhi-reading,bu-tone-coverage
L_<f0_}Q	不愧是我	bu-sandhi-reading,bu-tone-coverage
L_<fL`5E	不愧下學	bu-sandhi-reading,bu-tone-coverage
L_<fR@	不愧於	bu-sandhi-reading,bu-tone-coverage
L_<frF	不愧為	bu-sandhi-reading,bu-tone-coverage
L_<h	不鏽	bu-sandhi-reading,bu-tone-coverage
L_<h0T	不鏽鐵	bu-sandhi-reading,bu-tone-coverage
L_<hM<vY	不鏽鋼管	bu-sandhi-reading,bu-tone-coverage
L_<hM<w2	不鏽鋼鍋	bu-sandhi-reading,bu-tone-coverage
L_<j0_	不認識	bu-sandhi-reading,bu-tone-coverage
L_<j0_?1	不認識他	bu-sandhi-reading,bu-tone-coverage
L_<j0_\O	不認識你	bu-sandhi-reading,bu-tone-coverage
L_<j0_qq	不認識了	bu-sandhi-reading,bu-tone-coverage
L_<j2f	不認為	bu-sandhi-reading,bu-tone-coverage
L_<jBk	不認賬	bu-sandhi-reading,bu-tone-coverage
L_<jEf	不認罪	bu-sandhi-reading,bu-tone-coverage
L_<jJ;	不認真	bu-sandhi-reading,bu-tone-coverage
L_<j_M	不認同	bu-sandhi-reading,bu-tone-coverage
L_<jdR	不認可	bu-sandhi-reading,bu-tone-coverage
L_<jm0	不認輸	bu-sandhi-reading,bu-tone-coverage
L_<jqa	不認錯	bu-sandhi-reading,bu-tone-coverage
L_=1	不發	bu-sandhi-reading,bu-tone-coverage
L_=1Q;	不發音	bu-sandhi-reading,bu-tone-coverage
L_=1^=	不發生	bu-sandhi-reading,bu-tone-coverage
L_=1ha	不發貨	bu-sandhi-reading,bu-tone-coverage
L_=1m@	不發達	bu-sandhi-reading,bu-tone-coverage
L_=1m@:_01	不發達地區	bu-sandhi-reading,bu-tone-coverage
L_=1m@WB[1	不發達國家	bu-sandhi-reading,bu-tone-coverage
L_=1m@nq	不發達的	bu-sandhi-reading,bu-tone-coverage
L_=1qq	不發了	bu-sandhi-reading,bu-tone-coverage
L_=1w?B_	不發脾氣	bu-sandhi-reading,bu-tone-coverage
L_=;	不噴	bu-sandhi-reading,bu-tone-coverage
L_=M7:	不承擔	bu-sandhi-reading,bu-tone-coverage
L_=M7:>C<j	不承擔責任	bu-sandhi-reading,bu-tone-coverage
L_=M<j	不承認	bu-sandhi-reading,bu-tone-coverage
L_=M<jzO5_	不承認主義	bu-sandhi-reading,bu-tone-coverage
L_=M=_	不成立	bu-sandhi-reading,bu-tone-coverage
L_=MH<TJ	不成方圓	bu-sandhi-reading,bu-tone-coverage
L_=MQM	不成形	bu-sandhi-reading,bu-tone-coverage
L_=M[OC_	不成體系	bu-sandhi-reading,bu-tone-coverage
L_=Mda	不承諾	bu-sandhi-reading,bu-tone-coverage
L_=MiH	不成熟	bu-sandhi-reading,bu-tone-coverage
L_=Mp?	不誠實	bu-sandhi-reading,bu-tone-coverage
L_=X	不抖	bu-sandhi-reading,bu-tone-coverage
L_=[@P	不允許	bu-sandhi-reading,bu-tone-coverage
L_=_Q;`_	不利因素	bu-sandhi-reading,bu-tone-coverage
L_=_R@	不利於	bu-sandhi-reading,bu-tone-coverage
L_=_kGCi	不利條件	bu-sandhi-reading,bu-tone-coverage
L_=_ph	不立案	bu-sandhi-reading,bu-tone-coverage
L_=_r\w[	不利影響	bu-sandhi-reading,bu-tone-coverage
L_=_~l	不利用	bu-sandhi-reading,bu-tone-coverage
L_=f03	不會說	bu-sandhi-reading,bu-tone-coverage
L_=f0_	不會是	bu-sandhi-reading,bu-tone-coverage
L_=f1g	不會教	bu-sandhi-reading,bu-tone-coverage
L_=f5E	不會學	bu-sandhi-reading,bu-tone-coverage
L_=f7f	不會對	bu-sandhi-reading,bu-tone-coverage
L_=f7k	不會放	bu-sandhi-reading,bu-tone-coverage
L_=f8T	不會寫	bu-sandhi-reading,bu-tone-coverage
L_=f8i	不會變	bu-sandhi-reading,bu-tone-coverage
L_=f;kYe	不會浪費	bu-sandhi-reading,bu-tone-coverage
L_=f=1	不會發	bu-sandhi-reading,bu-tone-coverage
L_=f=M2f	不會成為	bu-sandhi-reading,bu-tone-coverage
L_=f>]	不會懂	bu-sandhi-reading,bu-tone-coverage
L_=f?0cf	不會知道	bu-sandhi-reading,bu-tone-coverage
L_=f@W	不會少	bu-sandhi-reading,bu-tone-coverage
L_=fCk	不會唱	bu-sandhi-reading,bu-tone-coverage
L_=fEk	不會讓	bu-sandhi-reading,bu-tone-coverage
L_=fEk\O	不會讓你	bu-sandhi-reading,bu-tone-coverage
L_=fFM>E	不會明白	bu-sandhi-reading,bu-tone-coverage
L_=fIP	不會把	bu-sandhi-reading,bu-tone-coverage
L_=fK0	不會低	bu-sandhi-reading,bu-tone-coverage
L_=fKX	不會走	bu-sandhi-reading,bu-tone-coverage
L_=fL_	不會不	bu-sandhi-reading,bu-tone-coverage
L_=fMP	不會打	bu-sandhi-reading,bu-tone-coverage
L_=fNONX	不會只有	bu-sandhi-reading,bu-tone-coverage
L_=fNX	不會有	bu-sandhi-reading,bu-tone-coverage
L_=fNX|J	不會有人	bu-sandhi-reading,bu-tone-coverage
L_=fO1	不會呀	bu-sandhi-reading,bu-tone-coverage
L_=fOD	不會跌	bu-sandhi-reading,bu-tone-coverage
L_=fPO~l	不會使用	bu-sandhi-reading,bu-tone-coverage
L_=fQ;2f	不會因為	bu-sandhi-reading,bu-tone-coverage
L_=fQdEE	不會帶來	bu-sandhi-reading,bu-tone-coverage
L_=fRdZX	不會太久	bu-sandhi-reading,bu-tone-coverage
L_=fRdhI	不會太難	bu-sandhi-reading,bu-tone-coverage
L_=fRdx7	不會太高	bu-sandhi-reading,bu-tone-coverage
L_=fT54@	不會缺席	bu-sandhi-reading,bu-tone-coverage
L_=fUZhI	不會很難	bu-sandhi-reading,bu-tone-coverage
L_=fVO	不會比	bu-sandhi-reading,bu-tone-coverage
L_=fVe	不會被	bu-sandhi-reading,bu-tone-coverage
L_=fWk	不會像	bu-sandhi-reading,bu-tone-coverage
L_=fWo	不會啊	bu-sandhi-reading,bu-tone-coverage
L_=fXo	不會吧	bu-sandhi-reading,bu-tone-coverage
L_=f_d	不會再	bu-sandhi-reading,bu-tone-coverage
L_=f_d	不會在	bu-sandhi-reading,bu-tone-coverage
L_=f_kA_	不會忘記	bu-sandhi-reading,bu-tone-coverage
L_=fcI	不會胖	bu-sandhi-reading,bu-tone-coverage
L_=ff0	不會哭	bu-sandhi-reading,bu-tone-coverage
L_=fg5	不會開	bu-sandhi-reading,bu-tone-coverage
L_=fgcS_	不會洩露	bu-sandhi-reading,bu-tone-coverage
L_=fi=	不會聽	bu-sandhi-reading,bu-tone-coverage
L_=fj6	不會飛	bu-sandhi-reading,bu-tone-coverage
L_=fl0Ei	不會出現	bu-sandhi-reading,bu-tone-coverage
L_=fm@c=	不會答應	bu-sandhi-reading,bu-tone-coverage
L_=fml	不會動	bu-sandhi-reading,bu-tone-coverage
L_=fmlnq	不會動的	bu-sandhi-reading,bu-tone-coverage
L_=fnHO]	不會游泳	bu-sandhi-reading,bu-tone-coverage
L_=fn_	不會去	bu-sandhi-reading,bu-tone-coverage
L_=fnl	不會痛	bu-sandhi-reading,bu-tone-coverage
L_=fnq	不會得	bu-sandhi-reading,bu-tone-coverage
L_=foT	不會買	bu-sandhi-reading,bu-tone-coverage
L_=fol	不會弄	bu-sandhi-reading,bu-tone-coverage
L_=fpa	不會做	bu-sandhi-reading,bu-tone-coverage
L_=fqa	不會錯	bu-sandhi-reading,bu-tone-coverage
L_=fqanq	不會錯的	bu-sandhi-reading,bu-tone-coverage
L_=fuT	不會改	bu-sandhi-reading,bu-tone-coverage
L_=fuT8i	不會改變	bu-sandhi-reading,bu-tone-coverage
L_=fw[	不會想	bu-sandhi-reading,bu-tone-coverage
L_=fxgU<	不會受傷	bu-sandhi-reading,bu-tone-coverage
L_=fyh	不會幹	bu-sandhi-reading,bu-tone-coverage
L_=fzfkO	不會跳舞	bu-sandhi-reading,bu-tone-coverage
L_=f}Fm@	不會回答	bu-sandhi-reading,bu-tone-coverage
L_=f~U	不會給	bu-sandhi-reading,bu-tone-coverage
L_=f~l	不會用	bu-sandhi-reading,bu-tone-coverage
L_>1	不搭	bu-sandhi-reading,bu-tone-coverage
L_>1]O	不搭理	bu-sandhi-reading,bu-tone-coverage
L_>1]O	不答理	bu-sandhi-reading,bu-tone-coverage
L_>1]O}Q	不搭理我	bu-sandhi-reading,bu-tone-coverage
L_>1ec	不搭界	bu-sandhi-reading,bu-tone-coverage
L_>>FM	不聰明	bu-sandhi-reading,bu-tone-coverage
L_>E	不白	bu-sandhi-reading,bu-tone-coverage
L_>J2i	不完善	bu-sandhi-reading,bu-tone-coverage
L_>J=M	不完成	bu-sandhi-reading,bu-tone-coverage
L_>JVe	不完備	bu-sandhi-reading,bu-tone-coverage
L_>JaJ	不完全	bu-sandhi-reading,bu-tone-coverage
L_>JaJ9>=_	不完全中立	bu-sandhi-reading,bu-tone-coverage
L_>JaJ?]A_	不完全統計	bu-sandhi-reading,bu-tone-coverage
L_>JaJL7~_I7]O	不完全歸納推理	bu-sandhi-reading,bu-tone-coverage
L_>JaJNj4@	不完全信息	bu-sandhi-reading,bu-tone-coverage
L_>Jk\	不完整	bu-sandhi-reading,bu-tone-coverage
L_>Jk\nq	不完整的	bu-sandhi-reading,bu-tone-coverage
L_>Jqq	不完了	bu-sandhi-reading,bu-tone-coverage
L_>Jqq	不玩了	bu-sandhi-reading,bu-tone-coverage
L_>JxU	不完美	bu-sandhi-reading,bu-tone-coverage
L_>W	不找	bu-sandhi-reading,bu-tone-coverage
L_>W\O	不找你	bu-sandhi-reading,bu-tone-coverage
L_>]0=>]	不懂裝懂	bu-sandhi-reading,bu-tone-coverage
L_>]L7>P	不懂規矩	bu-sandhi-reading,bu-tone-coverage
L_>]LdPM	不懂愛情	bu-sandhi-reading,bu-tone-coverage
L_>]QdKP	不懂代碼	bu-sandhi-reading,bu-tone-coverage
L_>]Wo	不懂啊	bu-sandhi-reading,bu-tone-coverage
L_>]nq	不懂得	bu-sandhi-reading,bu-tone-coverage
L_>]nq	不懂的	bu-sandhi-reading,bu-tone-coverage
L_>]qq	不懂了	bu-sandhi-reading,bu-tone-coverage
L_>i	不念	bu-sandhi-reading,bu-tone-coverage
L_>i:hPM	不念舊情	bu-sandhi-reading,bu-tone-coverage
L_>im0	不念書	bu-sandhi-reading,bu-tone-coverage
L_>l	不碰	bu-sandhi-reading,bu-tone-coverage
L_?00_	不知是	bu-sandhi-reading,bu-tone-coverage
L_?02f<Ck@	不知為什麼	bu-sandhi-reading,bu-tone-coverage
L_?03@CRUOsI	不知其所以然	bu-sandhi-reading,bu-tone-coverage
L_?03@Em	不知其二	bu-sandhi-reading,bu-tone-coverage
L_?0CR2f	不知所謂	bu-sandhi-reading,bu-tone-coverage
L_?0F0Cb^H6W	不知一個頭腦	bu-sandhi-reading,bu-tone-coverage
L_?0FMnq	不知名的	bu-sandhi-reading,bu-tone-coverage
L_?0Ib	不知這	bu-sandhi-reading,bu-tone-coverage
L_?0J;jP	不知真假	bu-sandhi-reading,bu-tone-coverage
L_?0NX	不知有	bu-sandhi-reading,bu-tone-coverage
L_?0O_	不支付	bu-sandhi-reading,bu-tone-coverage
L_?0PMnq	不知情的	bu-sandhi-reading,bu-tone-coverage
L_?0S_TOWFIX	不知鹿死誰手	bu-sandhi-reading,bu-tone-coverage
L_?0TJ	不支援	bu-sandhi-reading,bu-tone-coverage
L_?0]VuT	不知悔改	bu-sandhi-reading,bu-tone-coverage
L_?0cf03<Ck@	不知道說什麼	bu-sandhi-reading,bu-tone-coverage
L_?0cf0_	不知道是	bu-sandhi-reading,bu-tone-coverage
L_?0cf0_L_0_	不知道是不是	bu-sandhi-reading,bu-tone-coverage
L_?0cf2f<Ck@	不知道為什麼	bu-sandhi-reading,bu-tone-coverage
L_?0cf?1	不知道他	bu-sandhi-reading,bu-tone-coverage
L_?0cfNX	不知道有	bu-sandhi-reading,bu-tone-coverage
L_?0cfWo	不知道啊	bu-sandhi-reading,bu-tone-coverage
L_?0cff5mRk@	不知道該怎麼	bu-sandhi-reading,bu-tone-coverage
L_?0cfmRk@	不知道怎麼	bu-sandhi-reading,bu-tone-coverage
L_?0cfmRk@03	不知道怎麼說	bu-sandhi-reading,bu-tone-coverage
L_?0cfmRk@qq	不知道怎麼了	bu-sandhi-reading,bu-tone-coverage
L_?0cfmRk@}F0_	不知道怎麼回事	bu-sandhi-reading,bu-tone-coverage
L_?0cfoT<Ck@	不知道買什麼	bu-sandhi-reading,bu-tone-coverage
L_?0cfpq	不知道呢	bu-sandhi-reading,bu-tone-coverage
L_?0f5mRk@	不知該怎麼	bu-sandhi-reading,bu-tone-coverage
L_?0iR	不知者	bu-sandhi-reading,bu-tone-coverage
L_?0mRk@	不知怎麼	bu-sandhi-reading,bu-tone-coverage
L_?0mRnq	不知怎的	bu-sandhi-reading,bu-tone-coverage
L_?0o?	不支持	bu-sandhi-reading,bu-tone-coverage
L_?0s2@W	不知多少	bu-sandhi-reading,bu-tone-coverage
L_?0w?oi	不知疲倦	bu-sandhi-reading,bu-tone-coverage
L_?9^P	不優雅	bu-sandhi-reading,bu-tone-coverage
L_?;DkL`	不分上下	bu-sandhi-reading,bu-tone-coverage
L_?;MlMd	不分勝敗	bu-sandhi-reading,bu-tone-coverage
L_?;PMnH	不分情由	bu-sandhi-reading,bu-tone-coverage
L_?;T0	不分析	bu-sandhi-reading,bu-tone-coverage
L_?;`lKD	不分性別	bu-sandhi-reading,bu-tone-coverage
L_?;c[6C	不分場合	bu-sandhi-reading,bu-tone-coverage
L_?;dM	不分紅	bu-sandhi-reading,bu-tone-coverage
L_?;g5	不分開	bu-sandhi-reading,bu-tone-coverage
L_?;p=dMqf>E	不分清紅皂白	bu-sandhi-reading,bu-tone-coverage
L_?;rAwl	不分伯仲	bu-sandhi-reading,bu-tone-coverage
L_?;}?	不分離	bu-sandhi-reading,bu-tone-coverage
L_?;~IKM	不分年齡	bu-sandhi-reading,bu-tone-coverage
L_?>	不鬆	bu-sandhi-reading,bu-tone-coverage
L_?>L`	不鬆下	bu-sandhi-reading,bu-tone-coverage
L_?E	不排	bu-sandhi-reading,bu-tone-coverage
L_?EL@	不排除	bu-sandhi-reading,bu-tone-coverage
L_?E~^	不排斥	bu-sandhi-reading,bu-tone-coverage
L_?P	不娶	bu-sandhi-reading,bu-tone-coverage
L_?WL_ef	不吵不鬧	bu-sandhi-reading,bu-tone-coverage
L_?WtO	不炒股	bu-sandhi-reading,bu-tone-coverage
L_?]F0	不統一	bu-sandhi-reading,bu-tone-coverage
L_?i	不練	bu-sandhi-reading,bu-tone-coverage
L_?i4@	不練習	bu-sandhi-reading,bu-tone-coverage
L_@0BWF:	不吃早餐	bu-sandhi-reading,bu-tone-coverage
L_@0L_V3	不吃不喝	bu-sandhi-reading,bu-tone-coverage
L_@0h<	不吃香	bu-sandhi-reading,bu-tone-coverage
L_@0h<`d	不吃香菜	bu-sandhi-reading,bu-tone-coverage
L_@0k0yg	不吃豬肉	bu-sandhi-reading,bu-tone-coverage
L_@0qq	不吃了	bu-sandhi-reading,bu-tone-coverage
L_@0tf	不吃藥	bu-sandhi-reading,bu-tone-coverage
L_@0th	不吃飯	bu-sandhi-reading,bu-tone-coverage
L_@0yg	不吃肉	bu-sandhi-reading,bu-tone-coverage
L_@0~=T0	不吃東西	bu-sandhi-reading,bu-tone-coverage
L_@@6Ctf{H	不符合要求	bu-sandhi-reading,bu-tone-coverage
L_@@Ef	不服罪	bu-sandhi-reading,bu-tone-coverage
L_@@mM	不服從	bu-sandhi-reading,bu-tone-coverage
L_@@mMkGA_	不服從調劑	bu-sandhi-reading,bu-tone-coverage
L_@PmT`l\YR=	不許百姓點燈	bu-sandhi-reading,bu-tone-coverage
L_@P~l	不許用	bu-sandhi-reading,bu-tone-coverage
L_@W3>`0	不少功夫	bu-sandhi-reading,bu-tone-coverage
L_@W5J	不少錢	bu-sandhi-reading,bu-tone-coverage
L_@W:_H<	不少地方	bu-sandhi-reading,bu-tone-coverage
L_@W?;	不少分	bu-sandhi-reading,bu-tone-coverage
L_@WVj{?	不少問題	bu-sandhi-reading,bu-tone-coverage
L_@WWB[1	不少國家	bu-sandhi-reading,bu-tone-coverage
L_@Wk@eI	不少麻煩	bu-sandhi-reading,bu-tone-coverage
L_@Wp?T:	不少時間	bu-sandhi-reading,bu-tone-coverage
L_@Wqq	不少了	bu-sandhi-reading,bu-tone-coverage
L_@W|J	不少人	bu-sandhi-reading,bu-tone-coverage
L_@Z	不卷	bu-sandhi-reading,bu-tone-coverage
L_A0	不溼	bu-sandhi-reading,bu-tone-coverage
L_A0J;	不失真	bu-sandhi-reading,bu-tone-coverage
L_A1	不拉	bu-sandhi-reading,bu-tone-coverage
L_A:I:	不沾邊	bu-sandhi-reading,bu-tone-coverage
L_A@qq	不讀了	bu-sandhi-reading,bu-tone-coverage
L_AMw[	不曾想	bu-sandhi-reading,bu-tone-coverage
L_A\L_tf	不爽不要	bu-sandhi-reading,bu-tone-coverage
L_A\L_tfpa	不爽不要做	bu-sandhi-reading,bu-tone-coverage
L_A_	不繫	bu-sandhi-reading,bu-tone-coverage
L_A_	不記	bu-sandhi-reading,bu-tone-coverage
L_A_5J6J	不計前嫌	bu-sandhi-reading,bu-tone-coverage
L_A_89	不繫舟	bu-sandhi-reading,bu-tone-coverage
L_A_=MKZ	不計成本	bu-sandhi-reading,bu-tone-coverage
L_A_?;	不計分	bu-sandhi-reading,bu-tone-coverage
L_A_BX	不忌口	bu-sandhi-reading,bu-tone-coverage
L_A_FM	不記名	bu-sandhi-reading,bu-tone-coverage
L_A_FM^Hvf	不記名投票	bu-sandhi-reading,bu-tone-coverage
L_A_QdJ`	不計代價	bu-sandhi-reading,bu-tone-coverage
L_A_nq	不記得	bu-sandhi-reading,bu-tone-coverage
L_A_nqA0	不計得失	bu-sandhi-reading,bu-tone-coverage
L_A_nqqq	不記得了	bu-sandhi-reading,bu-tone-coverage
L_A_rg7R	不計後果	bu-sandhi-reading,bu-tone-coverage
L_B8	不交	bu-sandhi-reading,bu-tone-coverage
L_B85_	不交易	bu-sandhi-reading,bu-tone-coverage
L_B8Cf	不交稅	bu-sandhi-reading,bu-tone-coverage
L_BL	不涼	bu-sandhi-reading,bu-tone-coverage
L_BL0_:W	不良嗜好	bu-sandhi-reading,bu-tone-coverage
L_BL0_c=	不良適應	bu-sandhi-reading,bu-tone-coverage
L_BLC0QY	不良資產	bu-sandhi-reading,bu-tone-coverage
L_BLC0QY{O}^	不良資產處置	bu-sandhi-reading,bu-tone-coverage
L_BLEYc=	不良反應	bu-sandhi-reading,bu-tone-coverage
L_BLEiWk	不良現象	bu-sandhi-reading,bu-tone-coverage
L_BLNj4@	不良信息	bu-sandhi-reading,bu-tone-coverage
L_BLPMo_	不良情緒	bu-sandhi-reading,bu-tone-coverage
L_BLQ=B_	不良風氣	bu-sandhi-reading,bu-tone-coverage
L_BLQM2f	不良行為	bu-sandhi-reading,bu-tone-coverage
L_BLQdwY	不良貸款	bu-sandhi-reading,bu-tone-coverage
L_BLU<[1	不良商家	bu-sandhi-reading,bu-tone-coverage
L_BL[daJ	不良債權	bu-sandhi-reading,bu-tone-coverage
L_BLi_	不良率	bu-sandhi-reading,bu-tone-coverage
L_BLrg7R	不良後果	bu-sandhi-reading,bu-tone-coverage
L_BW03	不早說	bu-sandhi-reading,bu-tone-coverage
L_BWR@	不早於	bu-sandhi-reading,bu-tone-coverage
L_BZ	不選	bu-sandhi-reading,bu-tone-coverage
L_B_	不氣	bu-sandhi-reading,bu-tone-coverage
L_B_|U	不氣餒	bu-sandhi-reading,bu-tone-coverage
L_Bb5_	不樂意	bu-sandhi-reading,bu-tone-coverage
L_BbR@	不樂於	bu-sandhi-reading,bu-tone-coverage
L_C2	不播	bu-sandhi-reading,bu-tone-coverage
L_C:	不刪	bu-sandhi-reading,bu-tone-coverage
L_CE^H	不抬頭	bu-sandhi-reading,bu-tone-coverage
L_CM	不贏	bu-sandhi-reading,bu-tone-coverage
L_CR	不鎖	bu-sandhi-reading,bu-tone-coverage
L_C_	不細	bu-sandhi-reading,bu-tone-coverage
L_Cd<j	不確認	bu-sandhi-reading,bu-tone-coverage
L_CdWl	不確定	bu-sandhi-reading,bu-tone-coverage
L_CdWlJY	不確定感	bu-sandhi-reading,bu-tone-coverage
L_CdWlQ;`_	不確定因素	bu-sandhi-reading,bu-tone-coverage
L_CdWl`l	不確定性	bu-sandhi-reading,bu-tone-coverage
L_CdWl`lTJ]O	不確定性原理	bu-sandhi-reading,bu-tone-coverage
L_CdWlnq	不確定的	bu-sandhi-reading,bu-tone-coverage
L_Cdfc	不確切	bu-sandhi-reading,bu-tone-coverage
L_Cdp?	不確實	bu-sandhi-reading,bu-tone-coverage
L_Cf	不睡	bu-sandhi-reading,bu-tone-coverage
L_Cf3E	不睡覺	bu-sandhi-reading,bu-tone-coverage
L_Ci	不建	bu-sandhi-reading,bu-tone-coverage
L_Ci0C	不見得	bu-sandhi-reading,bu-tone-coverage
L_Ci5_	不建議	bu-sandhi-reading,bu-tone-coverage
L_Ci5_n_	不建議去	bu-sandhi-reading,bu-tone-coverage
L_Ci5_~l	不建議用	bu-sandhi-reading,bu-tone-coverage
L_Ci:W	不見好	bu-sandhi-reading,bu-tone-coverage
L_CiF0\Y=>r\	不見一點蹤影	bu-sandhi-reading,bu-tone-coverage
L_CiN<	不健康	bu-sandhi-reading,bu-tone-coverage
L_CiP;9K	不見森林	bu-sandhi-reading,bu-tone-coverage
L_CiaJ	不健全	bu-sandhi-reading,bu-tone-coverage
L_CibOOb	不見起色	bu-sandhi-reading,bu-tone-coverage
L_Cig:QEL_ea]e	不見棺材不落淚	bu-sandhi-reading,bu-tone-coverage
L_CinqXo	不見得吧	bu-sandhi-reading,bu-tone-coverage
L_Ciqq	不見了	bu-sandhi-reading,bu-tone-coverage
L_Ci|J	不見人	bu-sandhi-reading,bu-tone-coverage
L_Ci|JL`EE	不見人下來	bu-sandhi-reading,bu-tone-coverage
L_Ck	不唱	bu-sandhi-reading,bu-tone-coverage
L_Ck0>	不暢通	bu-sandhi-reading,bu-tone-coverage
L_D8_`	不消化	bu-sandhi-reading,bu-tone-coverage
L_D9	不丟	bu-sandhi-reading,bu-tone-coverage
L_D9{H	不丟球	bu-sandhi-reading,bu-tone-coverage
L_D;?1	不跟他	bu-sandhi-reading,bu-tone-coverage
L_D;Q=	不跟風	bu-sandhi-reading,bu-tone-coverage
L_D;\O	不跟你	bu-sandhi-reading,bu-tone-coverage
L_D;\O\y	不跟你們	bu-sandhi-reading,bu-tone-coverage
L_DJVD	不團結	bu-sandhi-reading,bu-tone-coverage
L_DY5_	不滿意	bu-sandhi-reading,bu-tone-coverage
L_DYO@R@	不滿足於	bu-sandhi-reading,bu-tone-coverage
L_DYPMo_	不滿情緒	bu-sandhi-reading,bu-tone-coverage
L_Db	不氪	bu-sandhi-reading,bu-tone-coverage
L_Db2_}^	不克自制	bu-sandhi-reading,bu-tone-coverage
L_Db];	不氪金	bu-sandhi-reading,bu-tone-coverage
L_Db}^	不剋制	bu-sandhi-reading,bu-tone-coverage
L_Di	不欠	bu-sandhi-reading,bu-tone-coverage
L_Dk0\	不上網	bu-sandhi-reading,bu-tone-coverage
L_Dk0_	不上市	bu-sandhi-reading,bu-tone-coverage
L_Dk3:	不上班	bu-sandhi-reading,bu-tone-coverage
L_DkCE:i	不上台面	bu-sandhi-reading,bu-tone-coverage
L_DkCEcI	不上台盤	bu-sandhi-reading,bu-tone-coverage
L_DkDb	不上課	bu-sandhi-reading,bu-tone-coverage
L_DkEE	不上來	bu-sandhi-reading,bu-tone-coverage
L_Dkcf	不上道	bu-sandhi-reading,bu-tone-coverage
L_Dkn_	不上去	bu-sandhi-reading,bu-tone-coverage
L_Dkqq	不上了	bu-sandhi-reading,bu-tone-coverage
L_E09W	不思考	bu-sandhi-reading,bu-tone-coverage
L_E0BL	不思量	bu-sandhi-reading,bu-tone-coverage
L_E0Lj?P	不思進取	bu-sandhi-reading,bu-tone-coverage
L_E0]VuT	不思悔改	bu-sandhi-reading,bu-tone-coverage
L_E<	不幫	bu-sandhi-reading,bu-tone-coverage
L_E<vK	不幫忙	bu-sandhi-reading,bu-tone-coverage
L_E<}Q	不幫我	bu-sandhi-reading,bu-tone-coverage
L_EEIF	不萊梅	bu-sandhi-reading,bu-tone-coverage
L_EEnq	不來的	bu-sandhi-reading,bu-tone-coverage
L_EEqq	不來了	bu-sandhi-reading,bu-tone-coverage
L_EM	不評	bu-sandhi-reading,bu-tone-coverage
L_EM4L	不平常	bu-sandhi-reading,bu-tone-coverage
L_EM8M`l	不平衡性	bu-sandhi-reading,bu-tone-coverage
L_EM8Mqq	不平衡了	bu-sandhi-reading,bu-tone-coverage
L_EM^l	不平靜	bu-sandhi-reading,bu-tone-coverage
L_EY7f	不反對	bu-sandhi-reading,bu-tone-coverage
L_Ef	不醉	bu-sandhi-reading,bu-tone-coverage
L_EfL_L7	不醉不歸	bu-sandhi-reading,bu-tone-coverage
L_EiR@	不限於	bu-sandhi-reading,bu-tone-coverage
L_EiR@SO	不限於此	bu-sandhi-reading,bu-tone-coverage
L_EiWl	不限定	bu-sandhi-reading,bu-tone-coverage
L_Ei_d	不限在	bu-sandhi-reading,bu-tone-coverage
L_Eim:Yc	不限專業	bu-sandhi-reading,bu-tone-coverage
L_Eip?	不現實	bu-sandhi-reading,bu-tone-coverage
L_Eip?	不限時	bu-sandhi-reading,bu-tone-coverage
L_Eip?nq	不現實的	bu-sandhi-reading,bu-tone-coverage
L_EivHBL	不限流量	bu-sandhi-reading,bu-tone-coverage
L_Ei}^	不限制	bu-sandhi-reading,bu-tone-coverage
L_Ek7k	不讓放	bu-sandhi-reading,bu-tone-coverage
L_Ek?1	不讓他	bu-sandhi-reading,bu-tone-coverage
L_EkLj	不讓進	bu-sandhi-reading,bu-tone-coverage
L_Ekfa	不讓過	bu-sandhi-reading,bu-tone-coverage
L_Ekzh	不讓看	bu-sandhi-reading,bu-tone-coverage
L_Ek|J	不讓人	bu-sandhi-reading,bu-tone-coverage
L_Ek}Qn_	不讓我去	bu-sandhi-reading,bu-tone-coverage
L_Ek~l	不讓用	bu-sandhi-reading,bu-tone-coverage
L_El	不更	bu-sandhi-reading,bu-tone-coverage
L_El:W	不更好	bu-sandhi-reading,bu-tone-coverage
L_EmH<	不二坊	bu-sandhi-reading,bu-tone-coverage
L_Em[1	不二家	bu-sandhi-reading,bu-tone-coverage
L_Em}M	不二雄	bu-sandhi-reading,bu-tone-coverage
L_F03:	不一般	bu-sandhi-reading,bu-tone-coverage
L_F0=f	不一會	bu-sandhi-reading,bu-tone-coverage
L_F0IkWo	不一樣啊	bu-sandhi-reading,bu-tone-coverage
L_F0IkZo	不一樣嗎	bu-sandhi-reading,bu-tone-coverage
L_F0Ikqq	不一樣了	bu-sandhi-reading,bu-tone-coverage
L_F0L_aG	不依不饒	bu-sandhi-reading,bu-tone-coverage
L_F0Td	不依賴	bu-sandhi-reading,bu-tone-coverage
L_F0Wl4M	不一定能	bu-sandhi-reading,bu-tone-coverage
L_F0Wl4Mpg	不一定能夠	bu-sandhi-reading,bu-tone-coverage
L_F0Wl7f	不一定對	bu-sandhi-reading,bu-tone-coverage
L_F0Wl}8	不一定都	bu-sandhi-reading,bu-tone-coverage
L_F0hf	不依靠	bu-sandhi-reading,bu-tone-coverage
L_F0}^`l	不一致性	bu-sandhi-reading,bu-tone-coverage
L_F0}^nq	不一致的	bu-sandhi-reading,bu-tone-coverage
L_F:2P	不參與	bu-sandhi-reading,bu-tone-coverage
L_F:[1	不參加	bu-sandhi-reading,bu-tone-coverage
L_FM03	不明說	bu-sandhi-reading,bu-tone-coverage
L_FM>E	不明白	bu-sandhi-reading,bu-tone-coverage
L_FMCd	不明確	bu-sandhi-reading,bu-tone-coverage
L_FMCdnq	不明確的	bu-sandhi-reading,bu-tone-coverage
L_FMJ;h<	不明真相	bu-sandhi-reading,bu-tone-coverage
L_FMK_[O	不明物體	bu-sandhi-reading,bu-tone-coverage
L_FMMW	不明瞭	bu-sandhi-reading,bu-tone-coverage
L_FMTJQ;	不明原因	bu-sandhi-reading,bu-tone-coverage
L_FM[[	不明朗	bu-sandhi-reading,bu-tone-coverage
L_FMeY	不明顯	bu-sandhi-reading,bu-tone-coverage
L_FMeYnq	不明顯的	bu-sandhi-reading,bu-tone-coverage
L_FM}^nq	不明智的	bu-sandhi-reading,bu-tone-coverage
L_FWRd	不表態	bu-sandhi-reading,bu-tone-coverage
L_G@	不糊	bu-sandhi-reading,bu-tone-coverage
L_GK	不聞	bu-sandhi-reading,bu-tone-coverage
L_GKFM	不文明	bu-sandhi-reading,bu-tone-coverage
L_GKFMQM2f	不文明行為	bu-sandhi-reading,bu-tone-coverage
L_GLL_oa	不強不弱	bu-sandhi-reading,bu-tone-coverage
L_GLac	不強烈	bu-sandhi-reading,bu-tone-coverage
L_GLkG	不強調	bu-sandhi-reading,bu-tone-coverage
L_GL{H	不強求	bu-sandhi-reading,bu-tone-coverage
L_GfC2}?	不碎玻璃	bu-sandhi-reading,bu-tone-coverage
L_H0	不批	bu-sandhi-reading,bu-tone-coverage
L_H06[	不批准	bu-sandhi-reading,bu-tone-coverage
L_H0We	不匹配	bu-sandhi-reading,bu-tone-coverage
L_H<F00_	不妨一試	bu-sandhi-reading,bu-tone-coverage
L_H<Ld	不妨礙	bu-sandhi-reading,bu-tone-coverage
L_H<_d	不妨再	bu-sandhi-reading,bu-tone-coverage
L_H<_d	不妨在	bu-sandhi-reading,bu-tone-coverage
L_H<zhzh	不妨看看	bu-sandhi-reading,bu-tone-coverage
L_HEzU	不還得	bu-sandhi-reading,bu-tone-coverage
L_HF	不賠	bu-sandhi-reading,bu-tone-coverage
L_HF	不陪	bu-sandhi-reading,bu-tone-coverage
L_Hj3_1g	不吝賜教	bu-sandhi-reading,bu-tone-coverage
L_Hj4@	不吝惜	bu-sandhi-reading,bu-tone-coverage
L_HjNOKl	不吝指正	bu-sandhi-reading,bu-tone-coverage
L_I1<i	不插電	bu-sandhi-reading,bu-tone-coverage
L_I7	不推	bu-sandhi-reading,bu-tone-coverage
L_I<0_	不當事	bu-sandhi-reading,bu-tone-coverage
L_I<?0{O	不當之處	bu-sandhi-reading,bu-tone-coverage
L_I<F0}F0_	不當一回事	bu-sandhi-reading,bu-tone-coverage
L_I<QM2f	不當行為	bu-sandhi-reading,bu-tone-coverage
L_I<X[	不當黨	bu-sandhi-reading,bu-tone-coverage
L_I<X[QY	不當黨產	bu-sandhi-reading,bu-tone-coverage
L_I<[1_`_`	不當家化化	bu-sandhi-reading,bu-tone-coverage
L_I<lZ	不當緊	bu-sandhi-reading,bu-tone-coverage
L_I<nq=_	不當得利	bu-sandhi-reading,bu-tone-coverage
L_I<vZ8i	不當穩便	bu-sandhi-reading,bu-tone-coverage
L_I<|O	不當數	bu-sandhi-reading,bu-tone-coverage
L_I<}F0_	不當回事	bu-sandhi-reading,bu-tone-coverage
L_IJIX	不還手	bu-sandhi-reading,bu-tone-coverage
L_IJnq	不還得	bu-sandhi-reading,bu-tone-coverage
L_IM:_03	不停地說	bu-sandhi-reading,bu-tone-coverage
L_IMI<	不停當	bu-sandhi-reading,bu-tone-coverage
L_IMNO	不停止	bu-sandhi-reading,bu-tone-coverage
L_IM[j	不停頓	bu-sandhi-reading,bu-tone-coverage
L_IMnq	不停地	bu-sandhi-reading,bu-tone-coverage
L_IMnq	不停的	bu-sandhi-reading,bu-tone-coverage
L_IX8M	不守恆	bu-sandhi-reading,bu-tone-coverage
L_IXL7>C	不守規則	bu-sandhi-reading,bu-tone-coverage
L_IXV:PO~l	不首先使用	bu-sandhi-reading,bu-tone-coverage
L_Ibk@	不這麼	bu-sandhi-reading,bu-tone-coverage
L_J1	不殺	bu-sandhi-reading,bu-tone-coverage
L_J1L_}O	不殺不辱	bu-sandhi-reading,bu-tone-coverage
L_J1^=	不殺生	bu-sandhi-reading,bu-tone-coverage
L_J:=A	不偏斜	bu-sandhi-reading,bu-tone-coverage
L_J;=M	不真誠	bu-sandhi-reading,bu-tone-coverage
L_J;p?	不真實	bu-sandhi-reading,bu-tone-coverage
L_J;p?nq	不真實的	bu-sandhi-reading,bu-tone-coverage
L_JY03	不敢說	bu-sandhi-reading,bu-tone-coverage
L_JY2_m:	不敢自專	bu-sandhi-reading,bu-tone-coverage
L_JY3>rF	不敢恭維	bu-sandhi-reading,bu-tone-coverage
L_JY4a	不感冒	bu-sandhi-reading,bu-tone-coverage
L_JY:i7f	不敢面對	bu-sandhi-reading,bu-tone-coverage
L_JY>l	不敢碰	bu-sandhi-reading,bu-tone-coverage
L_JYAX_M	不敢苟同	bu-sandhi-reading,bu-tone-coverage
L_JYNj	不敢信	bu-sandhi-reading,bu-tone-coverage
L_JYQdsh	不敢怠慢	bu-sandhi-reading,bu-tone-coverage
L_JYTZWl	不敢肯定	bu-sandhi-reading,bu-tone-coverage
L_JYV3	不敢喝	bu-sandhi-reading,bu-tone-coverage
L_JYVj	不敢問	bu-sandhi-reading,bu-tone-coverage
L_JY\3_k	不敢奢望	bu-sandhi-reading,bu-tone-coverage
L_JYgc	不感謝	bu-sandhi-reading,bu-tone-coverage
L_JYgcQd	不敢懈怠	bu-sandhi-reading,bu-tone-coverage
L_JYh<Nj	不敢相信	bu-sandhi-reading,bu-tone-coverage
L_JYl0	不敢出	bu-sandhi-reading,bu-tone-coverage
L_JYlZ	不趕緊	bu-sandhi-reading,bu-tone-coverage
L_JYml	不敢動	bu-sandhi-reading,bu-tone-coverage
L_JYn_	不敢去	bu-sandhi-reading,bu-tone-coverage
L_JYpO	不敢賭	bu-sandhi-reading,bu-tone-coverage
L_JYqf3_	不敢造次	bu-sandhi-reading,bu-tone-coverage
L_JYu[	不敢講	bu-sandhi-reading,bu-tone-coverage
L_JYwI	不敢言	bu-sandhi-reading,bu-tone-coverage
L_JYw[Wk	不敢想像	bu-sandhi-reading,bu-tone-coverage
L_JYx74:	不敢高攀	bu-sandhi-reading,bu-tone-coverage
L_JYzh	不敢看	bu-sandhi-reading,bu-tone-coverage
L_JY~l	不敢用	bu-sandhi-reading,bu-tone-coverage
L_J`	不嫁	bu-sandhi-reading,bu-tone-coverage
L_JbZO	不徹底	bu-sandhi-reading,bu-tone-coverage
L_K0R@	不低於	bu-sandhi-reading,bu-tone-coverage
L_K0^H	不低頭	bu-sandhi-reading,bu-tone-coverage
L_KMcZ	不靈敏	bu-sandhi-reading,bu-tone-coverage
L_KXlj	不走運	bu-sandhi-reading,bu-tone-coverage
L_KXqq	不走了	bu-sandhi-reading,bu-tone-coverage
L_K_	不誤	bu-sandhi-reading,bu-tone-coverage
L_K`I<	不恰當	bu-sandhi-reading,bu-tone-coverage
L_Kb	不射	bu-sandhi-reading,bu-tone-coverage
L_Kb	不涉	bu-sandhi-reading,bu-tone-coverage
L_Kb	不設	bu-sandhi-reading,bu-tone-coverage
L_Kb2@cf	不涉及到	bu-sandhi-reading,bu-tone-coverage
L_KbEi	不設限	bu-sandhi-reading,bu-tone-coverage
L_KbvgYc	不舍晝夜	bu-sandhi-reading,bu-tone-coverage
L_KbwK	不設防	bu-sandhi-reading,bu-tone-coverage
L_Kl0_	不正式	bu-sandhi-reading,bu-tone-coverage
L_Kl4L	不正常	bu-sandhi-reading,bu-tone-coverage
L_Kl4Lnkik	不正常狀況	bu-sandhi-reading,bu-tone-coverage
L_Kl4Lqq	不正常了	bu-sandhi-reading,bu-tone-coverage
L_Kl:W	不正好	bu-sandhi-reading,bu-tone-coverage
L_Kl=>	不正宗	bu-sandhi-reading,bu-tone-coverage
L_Kl?0Q=	不正之風	bu-sandhi-reading,bu-tone-coverage
L_KlCd	不正確	bu-sandhi-reading,bu-tone-coverage
L_KlI<	不正當	bu-sandhi-reading,bu-tone-coverage
L_KlI<IXRi	不正當手段	bu-sandhi-reading,bu-tone-coverage
L_KlI<^l\=	不正當競爭	bu-sandhi-reading,bu-tone-coverage
L_KlI<^l\=QM2f	不正當競爭行為	bu-sandhi-reading,bu-tone-coverage
L_KlI<g:C_	不正當關係	bu-sandhi-reading,bu-tone-coverage
L_KlI<nq	不正當的	bu-sandhi-reading,bu-tone-coverage
L_Klo=	不正經	bu-sandhi-reading,bu-tone-coverage
L_L1p?	不紮實	bu-sandhi-reading,bu-tone-coverage
L_L1p?nq	不紮實的	bu-sandhi-reading,bu-tone-coverage
L_L7>C4_I:QM	不規則四邊形	bu-sandhi-reading,bu-tone-coverage
L_L7>CG:QWQM	不規則三角形	bu-sandhi-reading,bu-tone-coverage
L_L7>P	不規矩	bu-sandhi-reading,bu-tone-coverage
L_L7IXtf	不龜手藥	bu-sandhi-reading,bu-tone-coverage
L_L7i_	不規律	bu-sandhi-reading,bu-tone-coverage
L_L7tf	不龜藥	bu-sandhi-reading,bu-tone-coverage
L_L7th	不規範	bu-sandhi-reading,bu-tone-coverage
L_L;0]	不申請	bu-sandhi-reading,bu-tone-coverage
L_L;]_	不深入	bu-sandhi-reading,bu-tone-coverage
L_LP?;RO	不法分子	bu-sandhi-reading,bu-tone-coverage
L_LP^;Wd	不法侵害	bu-sandhi-reading,bu-tone-coverage
L_LW}Q	不鳥我	bu-sandhi-reading,bu-tone-coverage
L_LY	不喊	bu-sandhi-reading,bu-tone-coverage
L_L_	不不	bu-sandhi-reading,bu-tone-coverage
L_L`2P	不下雨	bu-sandhi-reading,bu-tone-coverage
L_L`EE	不下來	bu-sandhi-reading,bu-tone-coverage
L_L`R@	不下於	bu-sandhi-reading,bu-tone-coverage
L_L`n_	不下去	bu-sandhi-reading,bu-tone-coverage
L_L`n_qq	不下去了	bu-sandhi-reading,bu-tone-coverage
L_L`qq	不下了	bu-sandhi-reading,bu-tone-coverage
L_Lb	不熱	bu-sandhi-reading,bu-tone-coverage
L_Ld	不愛	bu-sandhi-reading,bu-tone-coverage
L_Ld	不礙	bu-sandhi-reading,bu-tone-coverage
L_Ld03_`	不愛說話	bu-sandhi-reading,bu-tone-coverage
L_Ld5E4@	不愛學習	bu-sandhi-reading,bu-tone-coverage
L_Ld5J	不愛錢	bu-sandhi-reading,bu-tone-coverage
L_Ld>J	不愛玩	bu-sandhi-reading,bu-tone-coverage
L_Ld?1	不愛他	bu-sandhi-reading,bu-tone-coverage
L_Ld@0	不愛吃	bu-sandhi-reading,bu-tone-coverage
L_LdV3cV	不愛喝水	bu-sandhi-reading,bu-tone-coverage
L_LdWB	不愛國	bu-sandhi-reading,bu-tone-coverage
L_Ld\O	不愛你	bu-sandhi-reading,bu-tone-coverage
L_Ldqq	不愛了	bu-sandhi-reading,bu-tone-coverage
L_Ld}Q	不愛我	bu-sandhi-reading,bu-tone-coverage
L_Lj	不近	bu-sandhi-reading,bu-tone-coverage
L_Lj	不進	bu-sandhi-reading,bu-tone-coverage
L_Lj9POb	不近女色	bu-sandhi-reading,bu-tone-coverage
L_Lj>C8f	不進則退	bu-sandhi-reading,bu-tone-coverage
L_LjD;	不盡根	bu-sandhi-reading,bu-tone-coverage
L_LjEE	不進來	bu-sandhi-reading,bu-tone-coverage
L_LjEY8f	不進反退	bu-sandhi-reading,bu-tone-coverage
L_LjL_8f	不進不退	bu-sandhi-reading,bu-tone-coverage
L_LjN@|J5_	不盡如人意	bu-sandhi-reading,bu-tone-coverage
L_LjQM	不進行	bu-sandhi-reading,bu-tone-coverage
L_Ljh<_M	不盡相同	bu-sandhi-reading,bu-tone-coverage
L_Ljn_	不進去	bu-sandhi-reading,bu-tone-coverage
L_Ljp?	不進食	bu-sandhi-reading,bu-tone-coverage
L_LjtfVj	不禁要問	bu-sandhi-reading,bu-tone-coverage
L_Ljw[bO	不禁想起	bu-sandhi-reading,bu-tone-coverage
L_Lj{H	不進球	bu-sandhi-reading,bu-tone-coverage
L_Lj|J5_	不盡人意	bu-sandhi-reading,bu-tone-coverage
L_M1	不擦	bu-sandhi-reading,bu-tone-coverage
L_M94@	不休息	bu-sandhi-reading,bu-tone-coverage
L_MP3>	不打工	bu-sandhi-reading,bu-tone-coverage
L_MP5_hG	不打疫苗	bu-sandhi-reading,bu-tone-coverage
L_MP:C	不打折	bu-sandhi-reading,bu-tone-coverage
L_MPAW	不打擾	bu-sandhi-reading,bu-tone-coverage
L_MPBk	不打仗	bu-sandhi-reading,bu-tone-coverage
L_MPJ;	不打針	bu-sandhi-reading,bu-tone-coverage
L_MPbi	不打算	bu-sandhi-reading,bu-tone-coverage
L_MPqq	不打了	bu-sandhi-reading,bu-tone-coverage
L_MW6T	不瞭解	bu-sandhi-reading,bu-tone-coverage
L_Md	不拜	bu-sandhi-reading,bu-tone-coverage
L_Md	不敗	bu-sandhi-reading,bu-tone-coverage
L_Ml	不剩	bu-sandhi-reading,bu-tone-coverage
L_Ml3@uO	不勝其苦	bu-sandhi-reading,bu-tone-coverage
L_Ml<j	不勝任	bu-sandhi-reading,bu-tone-coverage
L_Ml?0Rd	不勝之態	bu-sandhi-reading,bu-tone-coverage
L_MlF0	不勝衣	bu-sandhi-reading,bu-tone-coverage
L_MlJY<f	不勝感喟	bu-sandhi-reading,bu-tone-coverage
L_MlT011	不勝唏噓	bu-sandhi-reading,bu-tone-coverage
L_Mlw;	不勝春	bu-sandhi-reading,bu-tone-coverage
L_N=	不崩	bu-sandhi-reading,bu-tone-coverage
L_N@03	不如說	bu-sandhi-reading,bu-tone-coverage
L_N@030_	不如說是	bu-sandhi-reading,bu-tone-coverage
L_N@8f6NVD0\	不如退而結網	bu-sandhi-reading,bu-tone-coverage
L_N@F0Cb	不如一個	bu-sandhi-reading,bu-tone-coverage
L_N@\O	不如你	bu-sandhi-reading,bu-tone-coverage
L_N@n_	不如去	bu-sandhi-reading,bu-tone-coverage
L_N@|J	不如人	bu-sandhi-reading,bu-tone-coverage
L_N@}Q	不如我	bu-sandhi-reading,bu-tone-coverage
L_NOF03_	不止一次	bu-sandhi-reading,bu-tone-coverage
L_NONX	不只有	bu-sandhi-reading,bu-tone-coverage
L_NONX	不止有	bu-sandhi-reading,bu-tone-coverage
L_NOR@SO	不止於此	bu-sandhi-reading,bu-tone-coverage
L_NX2i	不友善	bu-sandhi-reading,bu-tone-coverage
L_NX:W	不友好	bu-sandhi-reading,bu-tone-coverage
L_Nj1g	不信教	bu-sandhi-reading,bu-tone-coverage
L_Nj<j	不信任	bu-sandhi-reading,bu-tone-coverage
L_Nj<jJY	不信任感	bu-sandhi-reading,bu-tone-coverage
L_Nj<jml5_	不信任動議	bu-sandhi-reading,bu-tone-coverage
L_NjXD	不信邪	bu-sandhi-reading,bu-tone-coverage
L_Nj{J	不信神	bu-sandhi-reading,bu-tone-coverage
L_Nj}Q	不信我	bu-sandhi-reading,bu-tone-coverage
L_Nj~l	不信用	bu-sandhi-reading,bu-tone-coverage
L_O@1UNj	不足採信	bu-sandhi-reading,bu-tone-coverage
L_O@?0{O	不足之處	bu-sandhi-reading,bu-tone-coverage
L_O@nq:_H<	不足的地方	bu-sandhi-reading,bu-tone-coverage
L_O@pg	不足夠	bu-sandhi-reading,bu-tone-coverage
L_OOnq	不齒的	bu-sandhi-reading,bu-tone-coverage
L_O_	不付	bu-sandhi-reading,bu-tone-coverage
L_O_=1	不復發	bu-sandhi-reading,bu-tone-coverage
L_O_>C	不負責	bu-sandhi-reading,bu-tone-coverage
L_O_>C<j	不負責任	bu-sandhi-reading,bu-tone-coverage
L_O_>C<jnqQM2f	不負責任的行為	bu-sandhi-reading,bu-tone-coverage
L_O_EY	不復返	bu-sandhi-reading,bu-tone-coverage
L_O_NX_;|J	不負有心人	bu-sandhi-reading,bu-tone-coverage
L_O_QM0_>C<j	不負刑事責任	bu-sandhi-reading,bu-tone-coverage
L_O_[K_d	不復存在	bu-sandhi-reading,bu-tone-coverage
L_O_{@	不復雜	bu-sandhi-reading,bu-tone-coverage
L_O_{@nq	不復雜的	bu-sandhi-reading,bu-tone-coverage
L_Ob	不澀	bu-sandhi-reading,bu-tone-coverage
L_ObL_uO	不澀不苦	bu-sandhi-reading,bu-tone-coverage
L_Od	不賣	bu-sandhi-reading,bu-tone-coverage
L_Odqq	不賣了	bu-sandhi-reading,bu-tone-coverage
L_PA	不滑	bu-sandhi-reading,bu-tone-coverage
L_PMci	不情願	bu-sandhi-reading,bu-tone-coverage
L_PO	不使	bu-sandhi-reading,bu-tone-coverage
L_PO~l	不使用	bu-sandhi-reading,bu-tone-coverage
L_PYEEPO	不斬來使	bu-sandhi-reading,bu-tone-coverage
L_Q=6_	不封閉	bu-sandhi-reading,bu-tone-coverage
L_Q=L_J1	不豐不殺	bu-sandhi-reading,bu-tone-coverage
L_QMO1	不行呀	bu-sandhi-reading,bu-tone-coverage
L_QMWo	不行啊	bu-sandhi-reading,bu-tone-coverage
L_QMXo	不行吧	bu-sandhi-reading,bu-tone-coverage
L_QMZo	不行嗎	bu-sandhi-reading,bu-tone-coverage
L_QMnq	不行的	bu-sandhi-reading,bu-tone-coverage
L_QW	不繳	bu-sandhi-reading,bu-tone-coverage
L_QW~_	不繳納	bu-sandhi-reading,bu-tone-coverage
L_QY	不產	bu-sandhi-reading,bu-tone-coverage
L_Qd	不帶	bu-sandhi-reading,bu-tone-coverage
L_Qd	不怠	bu-sandhi-reading,bu-tone-coverage
L_Qd	不戴	bu-sandhi-reading,bu-tone-coverage
L_Qd03	不待說	bu-sandhi-reading,bu-tone-coverage
L_Qd<i	不帶電	bu-sandhi-reading,bu-tone-coverage
L_Qd<j6C	不帶任何	bu-sandhi-reading,bu-tone-coverage
L_QdCi	不待見	bu-sandhi-reading,bu-tone-coverage
L_QdFW	不代表	bu-sandhi-reading,bu-tone-coverage
L_QdKX	不帶走	bu-sandhi-reading,bu-tone-coverage
L_QdKXF09i]K1U	不帶走一片雲彩	bu-sandhi-reading,bu-tone-coverage
L_QdNX	不帶有	bu-sandhi-reading,bu-tone-coverage
L_QdQ;	不帶音	bu-sandhi-reading,bu-tone-coverage
L_QkySy<	不亮也光	bu-sandhi-reading,bu-tone-coverage
L_R02@	不積極	bu-sandhi-reading,bu-tone-coverage
L_R0\VL_	不積跬步	bu-sandhi-reading,bu-tone-coverage
L_R7:h	不追究	bu-sandhi-reading,bu-tone-coverage
L_R=	不登	bu-sandhi-reading,bu-tone-coverage
L_R=6h	不登陸	bu-sandhi-reading,bu-tone-coverage
L_R=S_	不登錄	bu-sandhi-reading,bu-tone-coverage
L_R=S_	不登陸	bu-sandhi-reading,bu-tone-coverage
L_R@3e	不愉快	bu-sandhi-reading,bu-tone-coverage
L_R@3enq	不愉快的	bu-sandhi-reading,bu-tone-coverage
L_RP	不卡	bu-sandhi-reading,bu-tone-coverage
L_R_	不怒	bu-sandhi-reading,bu-tone-coverage
L_Rd	不太	bu-sandhi-reading,bu-tone-coverage
L_Rd0_6C	不太適合	bu-sandhi-reading,bu-tone-coverage
L_Rd11tf	不太需要	bu-sandhi-reading,bu-tone-coverage
L_Rd2_Nj	不太自信	bu-sandhi-reading,bu-tone-coverage
L_Rd4L	不太長	bu-sandhi-reading,bu-tone-coverage
L_Rd4LCi	不太常見	bu-sandhi-reading,bu-tone-coverage
L_Rd4M	不太能	bu-sandhi-reading,bu-tone-coverage
L_Rd4Mv4xg	不太能接受	bu-sandhi-reading,bu-tone-coverage
L_Rd4Z	不太遠	bu-sandhi-reading,bu-tone-coverage
L_Rd6C0_	不太合適	bu-sandhi-reading,bu-tone-coverage
L_Rd6[	不太準	bu-sandhi-reading,bu-tone-coverage
L_Rd7:_;	不太擔心	bu-sandhi-reading,bu-tone-coverage
L_Rd7f	不太對	bu-sandhi-reading,bu-tone-coverage
L_Rd:W	不太好	bu-sandhi-reading,bu-tone-coverage
L_Rd:W03	不太好說	bu-sandhi-reading,bu-tone-coverage
L_Rd:W@0	不太好吃	bu-sandhi-reading,bu-tone-coverage
L_Rd:WXo	不太好吧	bu-sandhi-reading,bu-tone-coverage
L_Rd:Wi=	不太好聽	bu-sandhi-reading,bu-tone-coverage
L_Rd:Wzh	不太好看	bu-sandhi-reading,bu-tone-coverage
L_Rd:W~l	不太好用	bu-sandhi-reading,bu-tone-coverage
L_Rd;:^l	不太乾淨	bu-sandhi-reading,bu-tone-coverage
L_Rd;f	不太貴	bu-sandhi-reading,bu-tone-coverage
L_Rd=M3>	不太成功	bu-sandhi-reading,bu-tone-coverage
L_Rd=f	不太會	bu-sandhi-reading,bu-tone-coverage
L_Rd>>FM	不太聰明	bu-sandhi-reading,bu-tone-coverage
L_Rd>]	不太懂	bu-sandhi-reading,bu-tone-coverage
L_Rd?0cf	不太知道	bu-sandhi-reading,bu-tone-coverage
L_RdA_nq	不太記得	bu-sandhi-reading,bu-tone-coverage
L_RdBbg:	不太樂觀	bu-sandhi-reading,bu-tone-coverage
L_RdEM	不太平	bu-sandhi-reading,bu-tone-coverage
L_RdEip?	不太現實	bu-sandhi-reading,bu-tone-coverage
L_RdF0Ik	不太一樣	bu-sandhi-reading,bu-tone-coverage
L_RdFM>E	不太明白	bu-sandhi-reading,bu-tone-coverage
L_RdFMeY	不太明顯	bu-sandhi-reading,bu-tone-coverage
L_RdGL	不太強	bu-sandhi-reading,bu-tone-coverage
L_RdH<8i	不太方便	bu-sandhi-reading,bu-tone-coverage
L_RdI1	不太差	bu-sandhi-reading,bu-tone-coverage
L_RdJ;p?	不太真實	bu-sandhi-reading,bu-tone-coverage
L_RdKl4L	不太正常	bu-sandhi-reading,bu-tone-coverage
L_RdKlCd	不太正確	bu-sandhi-reading,bu-tone-coverage
L_RdMW6T	不太瞭解	bu-sandhi-reading,bu-tone-coverage
L_RdO_{@	不太複雜	bu-sandhi-reading,bu-tone-coverage
L_RdPAbi	不太划算	bu-sandhi-reading,bu-tone-coverage
L_RdQM	不太行	bu-sandhi-reading,bu-tone-coverage
L_RdWk	不太像	bu-sandhi-reading,bu-tone-coverage
L_Rd]Ow[	不太理想	bu-sandhi-reading,bu-tone-coverage
L_Rd_d5_	不太在意	bu-sandhi-reading,bu-tone-coverage
L_RdcOi:	不太喜歡	bu-sandhi-reading,bu-tone-coverage
L_RdcZJY	不太敏感	bu-sandhi-reading,bu-tone-coverage
L_Rdci5_	不太願意	bu-sandhi-reading,bu-tone-coverage
L_RddR4M	不太可能	bu-sandhi-reading,bu-tone-coverage
L_Rdd\	不太冷	bu-sandhi-reading,bu-tone-coverage
L_Rdg5_;	不太開心	bu-sandhi-reading,bu-tone-coverage
L_Rdgj=_	不太順利	bu-sandhi-reading,bu-tone-coverage
L_Rdh<Nj	不太相信	bu-sandhi-reading,bu-tone-coverage
L_RdhI	不太難	bu-sandhi-reading,bu-tone-coverage
L_RdkM5_	不太容易	bu-sandhi-reading,bu-tone-coverage
L_Rdl0FM	不太出名	bu-sandhi-reading,bu-tone-coverage
L_Rdm0@@	不太舒服	bu-sandhi-reading,bu-tone-coverage
L_Rdm:Yc	不太專業	bu-sandhi-reading,bu-tone-coverage
L_Rdp=	不太清	bu-sandhi-reading,bu-tone-coverage
L_Rdp={O	不太清楚	bu-sandhi-reading,bu-tone-coverage
L_Rdp?~l	不太實用	bu-sandhi-reading,bu-tone-coverage
L_Rds2	不太多	bu-sandhi-reading,bu-tone-coverage
L_RdwIwl	不太嚴重	bu-sandhi-reading,bu-tone-coverage
L_Rdw[	不太想	bu-sandhi-reading,bu-tone-coverage
L_Rdw[n_	不太想去	bu-sandhi-reading,bu-tone-coverage
L_Rdwf	不太妙	bu-sandhi-reading,bu-tone-coverage
L_Rdwltf	不太重要	bu-sandhi-reading,bu-tone-coverage
L_Rdx7	不太高	bu-sandhi-reading,bu-tone-coverage
L_Rdx7`l	不太高興	bu-sandhi-reading,bu-tone-coverage
L_Rd|_	不太大	bu-sandhi-reading,bu-tone-coverage
L_Rd~U=_	不太給力	bu-sandhi-reading,bu-tone-coverage
L_Rd~l	不太用	bu-sandhi-reading,bu-tone-coverage
L_Ri4CUl	不斷革命	bu-sandhi-reading,bu-tone-coverage
L_Ri4CUl^j	不斷革命論	bu-sandhi-reading,bu-tone-coverage
L_Ri5E4@	不斷學習	bu-sandhi-reading,bu-tone-coverage
L_Ri5JLj	不斷前進	bu-sandhi-reading,bu-tone-coverage
L_Ri=1PY	不斷發展	bu-sandhi-reading,bu-tone-coverage
L_Ri=M4L	不斷成長	bu-sandhi-reading,bu-tone-coverage
L_Ri>J2i	不斷完善	bu-sandhi-reading,bu-tone-coverage
L_RiB]T_	不斷鞏固	bu-sandhi-reading,bu-tone-coverage
L_RiEl_;	不斷更新	bu-sandhi-reading,bu-tone-coverage
L_RiGLkG	不斷強調	bu-sandhi-reading,bu-tone-coverage
L_RiI7Lj	不斷推進	bu-sandhi-reading,bu-tone-coverage
L_RiL;]_	不斷深入	bu-sandhi-reading,bu-tone-coverage
L_RiL]VD	不斷總結	bu-sandhi-reading,bu-tone-coverage
L_RiLj?P	不斷進取	bu-sandhi-reading,bu-tone-coverage
L_RiLjL_	不斷進步	bu-sandhi-reading,bu-tone-coverage
L_RiM9uT	不斷修改	bu-sandhi-reading,bu-tone-coverage
L_RiQ=O_	不斷豐富	bu-sandhi-reading,bu-tone-coverage
L_RiR7{H	不斷追求	bu-sandhi-reading,bu-tone-coverage
L_RiWk	不斷向	bu-sandhi-reading,bu-tone-coverage
L_Ri[1GL	不斷加強	bu-sandhi-reading,bu-tone-coverage
L_Ri`=4L	不斷增長	bu-sandhi-reading,bu-tone-coverage
L_Ri`=GL	不斷增強	bu-sandhi-reading,bu-tone-coverage
L_Ri`=[1	不斷增加	bu-sandhi-reading,bu-tone-coverage
L_RicaPY	不斷拓展	bu-sandhi-reading,bu-tone-coverage
L_Rig5ca	不斷開拓	bu-sandhi-reading,bu-tone-coverage
L_Riga|_	不斷擴大	bu-sandhi-reading,bu-tone-coverage
L_RikGk\	不斷調整	bu-sandhi-reading,bu-tone-coverage
L_Ril0Ei	不斷出現	bu-sandhi-reading,bu-tone-coverage
L_Rinq	不斷地	bu-sandhi-reading,bu-tone-coverage
L_Rinq	不斷的	bu-sandhi-reading,bu-tone-coverage
L_Riok_;	不斷創新	bu-sandhi-reading,bu-tone-coverage
L_RirO=_	不斷努力	bu-sandhi-reading,bu-tone-coverage
L_RiuT2@	不斷改革	bu-sandhi-reading,bu-tone-coverage
L_RiuT2i	不斷改善	bu-sandhi-reading,bu-tone-coverage
L_RiuTLj	不斷改進	bu-sandhi-reading,bu-tone-coverage
L_RivhCR	不斷探索	bu-sandhi-reading,bu-tone-coverage
L_RiwlO_	不斷重複	bu-sandhi-reading,bu-tone-coverage
L_Ri{?x7	不斷提高	bu-sandhi-reading,bu-tone-coverage
L_Rl	不硬	bu-sandhi-reading,bu-tone-coverage
L_S0O_	不欺負	bu-sandhi-reading,bu-tone-coverage
L_S7	不吹	bu-sandhi-reading,bu-tone-coverage
L_S<:L	不張揚	bu-sandhi-reading,bu-tone-coverage
L_SBVi	不奪冠	bu-sandhi-reading,bu-tone-coverage
L_SWnq	不小的	bu-sandhi-reading,bu-tone-coverage
L_SWqq	不小了	bu-sandhi-reading,bu-tone-coverage
L_SY	不染	bu-sandhi-reading,bu-tone-coverage
L_S_:i	不露面	bu-sandhi-reading,bu-tone-coverage
L_S_^=Ob	不露聲色	bu-sandhi-reading,bu-tone-coverage
L_S_uJR0	不露痕跡	bu-sandhi-reading,bu-tone-coverage
L_SdLb	不耐熱	bu-sandhi-reading,bu-tone-coverage
L_Sl	不併	bu-sandhi-reading,bu-tone-coverage
L_T0	不吸	bu-sandhi-reading,bu-tone-coverage
L_T0:9	不吸收	bu-sandhi-reading,bu-tone-coverage
L_T0A@	不吸毒	bu-sandhi-reading,bu-tone-coverage
L_T0H:	不吸菸	bu-sandhi-reading,bu-tone-coverage
L_T0H:nq	不吸菸的	bu-sandhi-reading,bu-tone-coverage
L_T0Qd	不攜帶	bu-sandhi-reading,bu-tone-coverage
L_T0_k	不希望	bu-sandhi-reading,bu-tone-coverage
L_T0cV	不吸水	bu-sandhi-reading,bu-tone-coverage
L_T54@	不缺席	bu-sandhi-reading,bu-tone-coverage
L_T5l@	不缺乏	bu-sandhi-reading,bu-tone-coverage
L_T5|J	不缺人	bu-sandhi-reading,bu-tone-coverage
L_T:Ri	不間斷	bu-sandhi-reading,bu-tone-coverage
L_T:Ri<iTJ	不間斷電源	bu-sandhi-reading,bu-tone-coverage
L_T:Wl	不堅定	bu-sandhi-reading,bu-tone-coverage
L_T:kM	不兼容	bu-sandhi-reading,bu-tone-coverage
L_T:kM`l	不兼容性	bu-sandhi-reading,bu-tone-coverage
L_TJ	不圓	bu-sandhi-reading,bu-tone-coverage
L_TJ0>	不圓通	bu-sandhi-reading,bu-tone-coverage
L_TJDY	不圓滿	bu-sandhi-reading,bu-tone-coverage
L_TO?0L;	不死之身	bu-sandhi-reading,bu-tone-coverage
L_TOLW	不死鳥	bu-sandhi-reading,bu-tone-coverage
L_TO|J	不死人	bu-sandhi-reading,bu-tone-coverage
L_TZ03	不肯說	bu-sandhi-reading,bu-tone-coverage
L_TZKX	不肯走	bu-sandhi-reading,bu-tone-coverage
L_T_KD|J	不顧別人	bu-sandhi-reading,bu-tone-coverage
L_T_rg7R	不顧後果	bu-sandhi-reading,bu-tone-coverage
L_T_u?fc	不顧一切	bu-sandhi-reading,bu-tone-coverage
L_T_|_^@	不顧大局	bu-sandhi-reading,bu-tone-coverage
L_U35E	不科學	bu-sandhi-reading,bu-tone-coverage
L_U:	不籤	bu-sandhi-reading,bu-tone-coverage
L_U:11	不謙虛	bu-sandhi-reading,bu-tone-coverage
L_U:6C_M	不籤合同	bu-sandhi-reading,bu-tone-coverage
L_U<Wd	不傷害	bu-sandhi-reading,bu-tone-coverage
L_U<_;	不傷心	bu-sandhi-reading,bu-tone-coverage
L_UO2f5_	不以為意	bu-sandhi-reading,bu-tone-coverage
L_UO2fOO	不以為恥	bu-sandhi-reading,bu-tone-coverage
L_UOrFOO	不以為恥	bu-sandhi-reading,bu-tone-coverage
L_UZ	不很	bu-sandhi-reading,bu-tone-coverage
L_Uk	不降	bu-sandhi-reading,bu-tone-coverage
L_UkEY^=	不降反升	bu-sandhi-reading,bu-tone-coverage
L_V3	不喝	bu-sandhi-reading,bu-tone-coverage
L_V3ZX	不喝酒	bu-sandhi-reading,bu-tone-coverage
L_V3cV	不喝水	bu-sandhi-reading,bu-tone-coverage
L_VD	不潔	bu-sandhi-reading,bu-tone-coverage
L_VD	不結	bu-sandhi-reading,bu-tone-coverage
L_VD7R	不結果	bu-sandhi-reading,bu-tone-coverage
L_VDp?	不節食	bu-sandhi-reading,bu-tone-coverage
L_VDp?	不結實	bu-sandhi-reading,bu-tone-coverage
L_VDr;	不結婚	bu-sandhi-reading,bu-tone-coverage
L_VD}^	不節制	bu-sandhi-reading,bu-tone-coverage
L_VO\O	不比你	bu-sandhi-reading,bu-tone-coverage
L_Ve	不被	bu-sandhi-reading,bu-tone-coverage
L_Ve=[@P	不被允許	bu-sandhi-reading,bu-tone-coverage
L_Vj0_j601n?	不問是非曲直	bu-sandhi-reading,bu-tone-coverage
L_Vj5JQ;rg7R	不問前因後果	bu-sandhi-reading,bu-tone-coverage
L_Vj:W:b	不問好歹	bu-sandhi-reading,bu-tone-coverage
L_Vjp=dMqf>E	不問青紅皂白	bu-sandhi-reading,bu-tone-coverage
L_W=	不吭	bu-sandhi-reading,bu-tone-coverage
L_W=	不坑	bu-sandhi-reading,bu-tone-coverage
L_WG<@ha	不勞無獲	bu-sandhi-reading,bu-tone-coverage
L_WGhf	不牢靠	bu-sandhi-reading,bu-tone-coverage
L_WGml	不勞動	bu-sandhi-reading,bu-tone-coverage
L_WKVD	不純潔	bu-sandhi-reading,bu-tone-coverage
L_WY	不演	bu-sandhi-reading,bu-tone-coverage
L_Wd58	不害臊	bu-sandhi-reading,bu-tone-coverage
L_Wdy_	不害怕	bu-sandhi-reading,bu-tone-coverage
L_We2f|J	不配為人	bu-sandhi-reading,bu-tone-coverage
L_We6C	不配合	bu-sandhi-reading,bu-tone-coverage
L_Wedf	不配套	bu-sandhi-reading,bu-tone-coverage
L_Wenqcf	不配得到	bu-sandhi-reading,bu-tone-coverage
L_Wk	不向	bu-sandhi-reading,bu-tone-coverage
L_Wk	不象	bu-sandhi-reading,bu-tone-coverage
L_Wk0_	不像是	bu-sandhi-reading,bu-tone-coverage
L_WkCE^:	不像台灣	bu-sandhi-reading,bu-tone-coverage
L_Wk\O	不像你	bu-sandhi-reading,bu-tone-coverage
L_Wk_`	不象話	bu-sandhi-reading,bu-tone-coverage
L_Wl0_	不定式	bu-sandhi-reading,bu-tone-coverage
L_Wl3@	不定期	bu-sandhi-reading,bu-tone-coverage
L_WlD;	不定根	bu-sandhi-reading,bu-tone-coverage
L_WlH<=M	不定方程	bu-sandhi-reading,bu-tone-coverage
L_WlQM	不定形	bu-sandhi-reading,bu-tone-coverage
L_WlR0?;	不定積分	bu-sandhi-reading,bu-tone-coverage
L_WlTJ	不定元	bu-sandhi-reading,bu-tone-coverage
L_Wlp?	不定時	bu-sandhi-reading,bu-tone-coverage
L_Wls?	不定詞	bu-sandhi-reading,bu-tone-coverage
L_WlzB	不定額	bu-sandhi-reading,bu-tone-coverage
L_XDI<	不諧當	bu-sandhi-reading,bu-tone-coverage
L_XDkG	不協調	bu-sandhi-reading,bu-tone-coverage
L_XYn?	不貶值	bu-sandhi-reading,bu-tone-coverage
L_XeQ@	不媚俗	bu-sandhi-reading,bu-tone-coverage
L_Xi	不換	bu-sandhi-reading,bu-tone-coverage
L_YB	不活	bu-sandhi-reading,bu-tone-coverage
L_YB6d	不活躍	bu-sandhi-reading,bu-tone-coverage
L_YBD2	不活潑	bu-sandhi-reading,bu-tone-coverage
L_YBml	不活動	bu-sandhi-reading,bu-tone-coverage
L_YP	不傻	bu-sandhi-reading,bu-tone-coverage
L_YU4aXe	不揣冒昧	bu-sandhi-reading,bu-tone-coverage
L_Ye0_	不費事	bu-sandhi-reading,bu-tone-coverage
L_Ye=_B_	不費力氣	bu-sandhi-reading,bu-tone-coverage
L_YeLj	不費勁	bu-sandhi-reading,bu-tone-coverage
L_Yef<6CMitOvH	不廢江河萬古流	bu-sandhi-reading,bu-tone-coverage
L_ZL	不狂	bu-sandhi-reading,bu-tone-coverage
L_ZO=k	不抵抗	bu-sandhi-reading,bu-tone-coverage
L_ZX5J	不久前	bu-sandhi-reading,bu-tone-coverage
L_ZXUOrg	不久以後	bu-sandhi-reading,bu-tone-coverage
L_ZXrg	不久後	bu-sandhi-reading,bu-tone-coverage
L_ZYF0TO	不免一死	bu-sandhi-reading,bu-tone-coverage
L_ZYGL	不勉強	bu-sandhi-reading,bu-tone-coverage
L_Z_5_	不注意	bu-sandhi-reading,bu-tone-coverage
L_Z_Nb	不註冊	bu-sandhi-reading,bu-tone-coverage
L_Z_ci	不住院	bu-sandhi-reading,bu-tone-coverage
L_Z_qq	不住了	bu-sandhi-reading,bu-tone-coverage
L_Z_|J	不住人	bu-sandhi-reading,bu-tone-coverage
L_Zl	不另	bu-sandhi-reading,bu-tone-coverage
L_Zl|JtOkO	不令人鼓舞	bu-sandhi-reading,bu-tone-coverage
L_[12_}^	不加自制	bu-sandhi-reading,bu-tone-coverage
L_[1J`	不加價	bu-sandhi-reading,bu-tone-coverage
L_[1uH3t	不加牛奶	bu-sandhi-reading,bu-tone-coverage
L_[K_dqq	不存在了	bu-sandhi-reading,bu-tone-coverage
L_[O:i	不體面	bu-sandhi-reading,bu-tone-coverage
L_[OQk	不體諒	bu-sandhi-reading,bu-tone-coverage
L_[_N_	不觸目	bu-sandhi-reading,bu-tone-coverage
L_\=L_v[	不爭不搶	bu-sandhi-reading,bu-tone-coverage
L_\Xnq	不朽的	bu-sandhi-reading,bu-tone-coverage
L_\YFM	不點名	bu-sandhi-reading,bu-tone-coverage
L_\YQM	不典型	bu-sandhi-reading,bu-tone-coverage
L_\YQM`=^=	不典型增生	bu-sandhi-reading,bu-tone-coverage
L_\cWli_	不滅定律	bu-sandhi-reading,bu-tone-coverage
L_\i	不賺	bu-sandhi-reading,bu-tone-coverage
L_\i5J	不賺錢	bu-sandhi-reading,bu-tone-coverage
L_\jOb	不褪色	bu-sandhi-reading,bu-tone-coverage
L_]5xq	不挨著	bu-sandhi-reading,bu-tone-coverage
L_]=n?	不稱職	bu-sandhi-reading,bu-tone-coverage
L_]O1U	不理睬	bu-sandhi-reading,bu-tone-coverage
L_]O6T	不理解	bu-sandhi-reading,bu-tone-coverage
L_]O?1	不理他	bu-sandhi-reading,bu-tone-coverage
L_]O\O	不理你	bu-sandhi-reading,bu-tone-coverage
L_]Oaf	不禮貌	bu-sandhi-reading,bu-tone-coverage
L_]Ow[	不理想	bu-sandhi-reading,bu-tone-coverage
L_]O|J	不理人	bu-sandhi-reading,bu-tone-coverage
L_]O}Q	不理我	bu-sandhi-reading,bu-tone-coverage
L_]O}Qqq	不理我了	bu-sandhi-reading,bu-tone-coverage
L_]O}^	不理智	bu-sandhi-reading,bu-tone-coverage
L_]_vODd	不入虎穴	bu-sandhi-reading,bu-tone-coverage
L_]`	不掛	bu-sandhi-reading,bu-tone-coverage
L_]`WY	不掛眼	bu-sandhi-reading,bu-tone-coverage
L_]d	不曬	bu-sandhi-reading,bu-tone-coverage
L_]e	不累	bu-sandhi-reading,bu-tone-coverage
L_^;	不親	bu-sandhi-reading,bu-tone-coverage
L_^;2_	不親自	bu-sandhi-reading,bu-tone-coverage
L_^;th	不侵犯	bu-sandhi-reading,bu-tone-coverage
L_^=	不生	bu-sandhi-reading,bu-tone-coverage
L_^=2@	不升級	bu-sandhi-reading,bu-tone-coverage
L_^=<h	不生鏽	bu-sandhi-reading,bu-tone-coverage
L_^=B_	不生氣	bu-sandhi-reading,bu-tone-coverage
L_^=QY	不生產	bu-sandhi-reading,bu-tone-coverage
L_^=Sl	不生病	bu-sandhi-reading,bu-tone-coverage
L_^@Ei	不侷限	bu-sandhi-reading,bu-tone-coverage
L_^@EiR@	不侷限於	bu-sandhi-reading,bu-tone-coverage
L_^H	不投	bu-sandhi-reading,bu-tone-coverage
L_^P	不亞	bu-sandhi-reading,bu-tone-coverage
L_^j0_	不論是	bu-sandhi-reading,bu-tone-coverage
L_^j0_WF	不論是誰	bu-sandhi-reading,bu-tone-coverage
L_^j6CH]	不論何種	bu-sandhi-reading,bu-tone-coverage
L_^j6Cp?	不論何時	bu-sandhi-reading,bu-tone-coverage
L_^j<Ck@	不論什麼	bu-sandhi-reading,bu-tone-coverage
L_^jN@6C	不論如何	bu-sandhi-reading,bu-tone-coverage
L_^jmRIk	不論怎樣	bu-sandhi-reading,bu-tone-coverage
L_^jmRk@	不論怎麼	bu-sandhi-reading,bu-tone-coverage
L_^l	不敬	bu-sandhi-reading,bu-tone-coverage
L_^l	不淨	bu-sandhi-reading,bu-tone-coverage
L__5	不拍	bu-sandhi-reading,bu-tone-coverage
L__5qq	不拍了	bu-sandhi-reading,bu-tone-coverage
L__;L_:h	不新不舊	bu-sandhi-reading,bu-tone-coverage
L__;V:	不新鮮	bu-sandhi-reading,bu-tone-coverage
L__;d[	不欣賞	bu-sandhi-reading,bu-tone-coverage
L__=	不扔	bu-sandhi-reading,bu-tone-coverage
L__M11{H	不同需求	bu-sandhi-reading,bu-tone-coverage
L__M2@KD	不同級別	bu-sandhi-reading,bu-tone-coverage
L__M3:	不同班	bu-sandhi-reading,bu-tone-coverage
L__M3Ki_	不同頻率	bu-sandhi-reading,bu-tone-coverage
L__M5_Ci	不同意見	bu-sandhi-reading,bu-tone-coverage
L__M:_01	不同地區	bu-sandhi-reading,bu-tone-coverage
L__M:_\Y	不同地點	bu-sandhi-reading,bu-tone-coverage
L__M=M?;	不同成分	bu-sandhi-reading,bu-tone-coverage
L__M=MP_	不同程度	bu-sandhi-reading,bu-tone-coverage
L__M=MP_Dk	不同程度上	bu-sandhi-reading,bu-tone-coverage
L__M?0{O	不同之處	bu-sandhi-reading,bu-tone-coverage
L__MAM3_	不同層次	bu-sandhi-reading,bu-tone-coverage
L__MBYKZ	不同版本	bu-sandhi-reading,bu-tone-coverage
L__MCi6T	不同見解	bu-sandhi-reading,bu-tone-coverage
L__MH<0_	不同方式	bu-sandhi-reading,bu-tone-coverage
L__MH<:i	不同方面	bu-sandhi-reading,bu-tone-coverage
L__MH<LP	不同方法	bu-sandhi-reading,bu-tone-coverage
L__MH]]e	不同種類	bu-sandhi-reading,bu-tone-coverage
L__MJYxg	不同感受	bu-sandhi-reading,bu-tone-coverage
L__ML_2f	不同部位	bu-sandhi-reading,bu-tone-coverage
L__MOOjj	不同尺寸	bu-sandhi-reading,bu-tone-coverage
L__MPM	不同情	bu-sandhi-reading,bu-tone-coverage
L__MPMik	不同情況	bu-sandhi-reading,bu-tone-coverage
L__MQ=2f	不同風味	bu-sandhi-reading,bu-tone-coverage
L__MQ=4C	不同風格	bu-sandhi-reading,bu-tone-coverage
L__MQM0_	不同形式	bu-sandhi-reading,bu-tone-coverage
L__MQMYc	不同行業	bu-sandhi-reading,bu-tone-coverage
L__MQMif	不同型號	bu-sandhi-reading,bu-tone-coverage
L__MQMnk	不同形狀	bu-sandhi-reading,bu-tone-coverage
L__MQWOb	不同角色	bu-sandhi-reading,bu-tone-coverage
L__MQWP_	不同角度	bu-sandhi-reading,bu-tone-coverage
L__MVD7R	不同結果	bu-sandhi-reading,bu-tone-coverage
L__MWB[1	不同國家	bu-sandhi-reading,bu-tone-coverage
L__M]e	不同類	bu-sandhi-reading,bu-tone-coverage
L__M]eQM	不同類型	bu-sandhi-reading,bu-tone-coverage
L__M^=Q;	不同聲音	bu-sandhi-reading,bu-tone-coverage
L__M`0Ob	不同膚色	bu-sandhi-reading,bu-tone-coverage
L__M`l4C	不同性格	bu-sandhi-reading,bu-tone-coverage
L__M`ln?	不同性質	bu-sandhi-reading,bu-tone-coverage
L__MbZ?E	不同品牌	bu-sandhi-reading,bu-tone-coverage
L__Mc[6C	不同場合	bu-sandhi-reading,bu-tone-coverage
L__Mg:\Y	不同觀點	bu-sandhi-reading,bu-tone-coverage
L__Mg;P_	不同溫度	bu-sandhi-reading,bu-tone-coverage
L__MkG	不同調	bu-sandhi-reading,bu-tone-coverage
L__MkK4L	不同尋常	bu-sandhi-reading,bu-tone-coverage
L__Mnq	不同的	bu-sandhi-reading,bu-tone-coverage
L__Mnq0_	不同的是	bu-sandhi-reading,bu-tone-coverage
L__Mnq|J^=	不同的人生	bu-sandhi-reading,bu-tone-coverage
L__Mp?3@	不同時期	bu-sandhi-reading,bu-tone-coverage
L__Mp?T:	不同時間	bu-sandhi-reading,bu-tone-coverage
L__Mqq	不同了	bu-sandhi-reading,bu-tone-coverage
L__Mv4Ri	不同階段	bu-sandhi-reading,bu-tone-coverage
L__MwIOb	不同顏色	bu-sandhi-reading,bu-tone-coverage
L__MzhLP	不同看法	bu-sandhi-reading,bu-tone-coverage
L__M{O	不同處	bu-sandhi-reading,bu-tone-coverage
L__M|J	不同人	bu-sandhi-reading,bu-tone-coverage
L__M~IKM	不同年齡	bu-sandhi-reading,bu-tone-coverage
L__YdM	不臉紅	bu-sandhi-reading,bu-tone-coverage
L__`	不化	bu-sandhi-reading,bu-tone-coverage
L__`0=	不化妝	bu-sandhi-reading,bu-tone-coverage
L__d0_	不再是	bu-sandhi-reading,bu-tone-coverage
L__d11tf	不再需要	bu-sandhi-reading,bu-tone-coverage
L__d2P	不再與	bu-sandhi-reading,bu-tone-coverage
L__d3@2f	不在其位	bu-sandhi-reading,bu-tone-coverage
L__d4L	不在場	bu-sandhi-reading,bu-tone-coverage
L__d4M	不再能	bu-sandhi-reading,bu-tone-coverage
L__d@>NX	不再擁有	bu-sandhi-reading,bu-tone-coverage
L__dEE	不再來	bu-sandhi-reading,bu-tone-coverage
L__dEi	不在線	bu-sandhi-reading,bu-tone-coverage
L__dIb]O	不在這裡	bu-sandhi-reading,bu-tone-coverage
L__dNX	不再有	bu-sandhi-reading,bu-tone-coverage
L__dNj<j	不再信任	bu-sandhi-reading,bu-tone-coverage
L__dPO~l	不再使用	bu-sandhi-reading,bu-tone-coverage
L__dR@	不在於	bu-sandhi-reading,bu-tone-coverage
L__dR@SO	不在於此	bu-sandhi-reading,bu-tone-coverage
L__dSOEi	不在此限	bu-sandhi-reading,bu-tone-coverage
L__dSOac	不在此列	bu-sandhi-reading,bu-tone-coverage
L__dWk	不再像	bu-sandhi-reading,bu-tone-coverage
L__d[1	不在家	bu-sandhi-reading,bu-tone-coverage
L__d_MF0	不在同一	bu-sandhi-reading,bu-tone-coverage
L__dcOi:	不再喜歡	bu-sandhi-reading,bu-tone-coverage
L__dc[	不在場	bu-sandhi-reading,bu-tone-coverage
L__de0A@	不再孤獨	bu-sandhi-reading,bu-tone-coverage
L__dg0qq	不在乎了	bu-sandhi-reading,bu-tone-coverage
L__dh<Nj	不再相信	bu-sandhi-reading,bu-tone-coverage
L__dl0BY	不再出版	bu-sandhi-reading,bu-tone-coverage
L__dnHa_	不再猶豫	bu-sandhi-reading,bu-tone-coverage
L__dnkRd	不在狀態	bu-sandhi-reading,bu-tone-coverage
L__dpa	不再做	bu-sandhi-reading,bu-tone-coverage
L__dwltf	不再重要	bu-sandhi-reading,bu-tone-coverage
L__d~Ip=	不再年輕	bu-sandhi-reading,bu-tone-coverage
L__d~l	不再用	bu-sandhi-reading,bu-tone-coverage
L__f	不報	bu-sandhi-reading,bu-tone-coverage
L__f	不抱	bu-sandhi-reading,bu-tone-coverage
L__k	不忘	bu-sandhi-reading,bu-tone-coverage
L__o	不啦	bu-sandhi-reading,bu-tone-coverage
L_`=L_cY	不增不減	bu-sandhi-reading,bu-tone-coverage
L_`M	不濃	bu-sandhi-reading,bu-tone-coverage
L_`ZbO	不引起	bu-sandhi-reading,bu-tone-coverage
L_`_	不速	bu-sandhi-reading,bu-tone-coverage
L_`_6N}^	不速而至	bu-sandhi-reading,bu-tone-coverage
L_`j	不困	bu-sandhi-reading,bu-tone-coverage
L_`l0_0_	不幸逝世	bu-sandhi-reading,bu-tone-coverage
L_`l38a_	不幸遭遇	bu-sandhi-reading,bu-tone-coverage
L_`l9>?0	不幸中之	bu-sandhi-reading,bu-tone-coverage
L_`l9>?0|_`l	不幸中之大幸	bu-sandhi-reading,bu-tone-coverage
L_`l9>nqMi`l	不幸中的萬幸	bu-sandhi-reading,bu-tone-coverage
L_`l9>nq|_`l	不幸中的大幸	bu-sandhi-reading,bu-tone-coverage
L_`l?00_	不幸之事	bu-sandhi-reading,bu-tone-coverage
L_`l@@	不幸福	bu-sandhi-reading,bu-tone-coverage
L_`la_hI	不幸遇難	bu-sandhi-reading,bu-tone-coverage
L_`lnq	不幸的	bu-sandhi-reading,bu-tone-coverage
L_`lnq0_	不幸的是	bu-sandhi-reading,bu-tone-coverage
L_`lnq|J	不幸的人	bu-sandhi-reading,bu-tone-coverage
L_`lxgWd	不幸受害	bu-sandhi-reading,bu-tone-coverage
L_aG|J	不饒人	bu-sandhi-reading,bu-tone-coverage
L_aJ7f	不全對	bu-sandhi-reading,bu-tone-coverage
L_aJ:i	不全面	bu-sandhi-reading,bu-tone-coverage
L_a\?1	不等他	bu-sandhi-reading,bu-tone-coverage
L_a\I:G:QWQM	不等邊三角形	bu-sandhi-reading,bu-tone-coverage
L_a\J`	不等價	bu-sandhi-reading,bu-tone-coverage
L_a\R@	不等於	bu-sandhi-reading,bu-tone-coverage
L_a\}Q	不等我	bu-sandhi-reading,bu-tone-coverage
L_a_	不欲	bu-sandhi-reading,bu-tone-coverage
L_a_	不育	bu-sandhi-reading,bu-tone-coverage
L_a_>CYe	不預則廢	bu-sandhi-reading,bu-tone-coverage
L_a_Kl	不育症	bu-sandhi-reading,bu-tone-coverage
L_a_Nb	不預測	bu-sandhi-reading,bu-tone-coverage
L_a_`l	不育性	bu-sandhi-reading,bu-tone-coverage
L_ac	不列	bu-sandhi-reading,bu-tone-coverage
L_acM:T3OKVO^P	不列顛哥倫比亞	bu-sandhi-reading,bu-tone-coverage
L_acM:k04W	不列顛諸島	bu-sandhi-reading,bu-tone-coverage
L_af	不冒	bu-sandhi-reading,bu-tone-coverage
L_bO`_	不起訴	bu-sandhi-reading,bu-tone-coverage
L_bOpa~l	不起作用	bu-sandhi-reading,bu-tone-coverage
L_bOqq	不起了	bu-sandhi-reading,bu-tone-coverage
L_b[J`	不漲價	bu-sandhi-reading,bu-tone-coverage
L_bi0_	不算是	bu-sandhi-reading,bu-tone-coverage
L_bi3e	不算快	bu-sandhi-reading,bu-tone-coverage
L_bi4L	不算長	bu-sandhi-reading,bu-tone-coverage
L_bi;f	不算貴	bu-sandhi-reading,bu-tone-coverage
L_bi<Ck@	不算什麼	bu-sandhi-reading,bu-tone-coverage
L_bi_`	不算話	bu-sandhi-reading,bu-tone-coverage
L_bis2	不算多	bu-sandhi-reading,bu-tone-coverage
L_bi|_	不算大	bu-sandhi-reading,bu-tone-coverage
L_c:Kl	不端正	bu-sandhi-reading,bu-tone-coverage
L_c=08fa	不應超過	bu-sandhi-reading,bu-tone-coverage
L_c=0_	不應是	bu-sandhi-reading,bu-tone-coverage
L_c=I<	不應當	bu-sandhi-reading,bu-tone-coverage
L_c=NX	不應有	bu-sandhi-reading,bu-tone-coverage
L_cI	不胖	bu-sandhi-reading,bu-tone-coverage
L_cO	不洗	bu-sandhi-reading,bu-tone-coverage
L_cOIX	不洗手	bu-sandhi-reading,bu-tone-coverage
L_cOi:?1	不喜歡他	bu-sandhi-reading,bu-tone-coverage
L_cY7:nq	不簡單的	bu-sandhi-reading,bu-tone-coverage
L_cY>C;f	不儉則匱	bu-sandhi-reading,bu-tone-coverage
L_cYNb	不檢測	bu-sandhi-reading,bu-tone-coverage
L_cY\Y	不檢點	bu-sandhi-reading,bu-tone-coverage
L_cZJY	不敏感	bu-sandhi-reading,bu-tone-coverage
L_cf2f	不到位	bu-sandhi-reading,bu-tone-coverage
L_cf4L=Mj6:W{h	不到長城非好漢	bu-sandhi-reading,bu-tone-coverage
L_cf6_	不倒閉	bu-sandhi-reading,bu-tone-coverage
L_cfF0qh	不到一半	bu-sandhi-reading,bu-tone-coverage
L_cf\Y	不到點	bu-sandhi-reading,bu-tone-coverage
L_cfp?N:	不到十天	bu-sandhi-reading,bu-tone-coverage
L_ci5_i=	不願意聽	bu-sandhi-reading,bu-tone-coverage
L_ci}?g5	不願離開	bu-sandhi-reading,bu-tone-coverage
L_ci~U	不願給	bu-sandhi-reading,bu-tone-coverage
L_dM	不紅	bu-sandhi-reading,bu-tone-coverage
L_dR	不渴	bu-sandhi-reading,bu-tone-coverage
L_dR0>G5	不可通約	bu-sandhi-reading,bu-tone-coverage
L_dR4M0_	不可能是	bu-sandhi-reading,bu-tone-coverage
L_dR4MIP	不可能把	bu-sandhi-reading,bu-tone-coverage
L_dR4ML_?0cf	不可能不知道	bu-sandhi-reading,bu-tone-coverage
L_dR4MNX	不可能有	bu-sandhi-reading,bu-tone-coverage
L_dR4MWo	不可能啊	bu-sandhi-reading,bu-tone-coverage
L_dR4MXo	不可能吧	bu-sandhi-reading,bu-tone-coverage
L_dR4M`l	不可能性	bu-sandhi-reading,bu-tone-coverage
L_dR4Mnq	不可能的	bu-sandhi-reading,bu-tone-coverage
L_dR4Mnq0_	不可能的事	bu-sandhi-reading,bu-tone-coverage
L_dR4Mqq	不可能了	bu-sandhi-reading,bu-tone-coverage
L_dR6T	不可解	bu-sandhi-reading,bu-tone-coverage
L_dR6Tnq	不可解的	bu-sandhi-reading,bu-tone-coverage
L_dR;_Qd	不可替代	bu-sandhi-reading,bu-tone-coverage
L_dR<X<j	不可否認	bu-sandhi-reading,bu-tone-coverage
L_dR<_	不可逆	bu-sandhi-reading,bu-tone-coverage
L_dR<_`l	不可逆性	bu-sandhi-reading,bu-tone-coverage
L_dR<_nq	不可逆的	bu-sandhi-reading,bu-tone-coverage
L_dR<_|Y	不可逆轉	bu-sandhi-reading,bu-tone-coverage
L_dR?;	不可分	bu-sandhi-reading,bu-tone-coverage
L_dR?;T3	不可分割	bu-sandhi-reading,bu-tone-coverage
L_dR?;nq	不可分的	bu-sandhi-reading,bu-tone-coverage
L_dR?;}?	不可分離	bu-sandhi-reading,bu-tone-coverage
L_dR?P	不可取	bu-sandhi-reading,bu-tone-coverage
L_dRCi	不可見	bu-sandhi-reading,bu-tone-coverage
L_dREl_;C0TJ	不可更新資源	bu-sandhi-reading,bu-tone-coverage
L_dREluT	不可更改	bu-sandhi-reading,bu-tone-coverage
L_dRGK	不可聞	bu-sandhi-reading,bu-tone-coverage
L_dRGL{H	不可強求	bu-sandhi-reading,bu-tone-coverage
L_dRH<K_	不可方物	bu-sandhi-reading,bu-tone-coverage
L_dRI7gc	不可推卸	bu-sandhi-reading,bu-tone-coverage
L_dRJbD8	不可撤銷	bu-sandhi-reading,bu-tone-coverage
L_dRJbD8Nj~lKl	不可撤銷信用證	bu-sandhi-reading,bu-tone-coverage
L_dRK0e0	不可低估	bu-sandhi-reading,bu-tone-coverage
L_dRL_A@	不可不讀	bu-sandhi-reading,bu-tone-coverage
L_dRL_x@yS	不可不察也	bu-sandhi-reading,bu-tone-coverage
L_dRLd	不可愛	bu-sandhi-reading,bu-tone-coverage
L_dRN7O_	不可恢復	bu-sandhi-reading,bu-tone-coverage
L_dRNj	不可信	bu-sandhi-reading,bu-tone-coverage
L_dRNj<j	不可信任	bu-sandhi-reading,bu-tone-coverage
L_dRQM	不可行	bu-sandhi-reading,bu-tone-coverage
L_dRSWn_	不可小覷	bu-sandhi-reading,bu-tone-coverage
L_dRT5@W	不可缺少	bu-sandhi-reading,bu-tone-coverage
L_dRT:nq	不可兼得	bu-sandhi-reading,bu-tone-coverage
L_dRTJQk	不可原諒	bu-sandhi-reading,bu-tone-coverage
L_dRUOZo	不可以嗎	bu-sandhi-reading,bu-tone-coverage
L_dRVO	不可比	bu-sandhi-reading,bu-tone-coverage
L_dR^;th	不可侵犯	bu-sandhi-reading,bu-tone-coverage
L_dR_d^=C0TJ	不可再生資源	bu-sandhi-reading,bu-tone-coverage
L_dRaG\_	不可饒恕	bu-sandhi-reading,bu-tone-coverage
L_dRa_Nb	不可預測	bu-sandhi-reading,bu-tone-coverage
L_dRc:|?	不可端倪	bu-sandhi-reading,bu-tone-coverage
L_dRe0BL	不可估量	bu-sandhi-reading,bu-tone-coverage
L_dRg00_	不可忽視	bu-sandhi-reading,bu-tone-coverage
L_dRkG{h	不可調和	bu-sandhi-reading,bu-tone-coverage
L_dRkM\Z	不可容忍	bu-sandhi-reading,bu-tone-coverage
L_dRmY}F	不可挽回	bu-sandhi-reading,bu-tone-coverage
L_dRmleG	不可動搖	bu-sandhi-reading,bu-tone-coverage
L_dRnq	不可得	bu-sandhi-reading,bu-tone-coverage
L_dRuT8i	不可改變	bu-sandhi-reading,bu-tone-coverage
L_dRuT8inq	不可改變的	bu-sandhi-reading,bu-tone-coverage
L_dRv4xg	不可接受	bu-sandhi-reading,bu-tone-coverage
L_dRwINJ	不可言傳	bu-sandhi-reading,bu-tone-coverage
L_dRwInk	不可言狀	bu-sandhi-reading,bu-tone-coverage
L_dRwlO_A@	不可重複讀	bu-sandhi-reading,bu-tone-coverage
L_dR|O2@	不可數集	bu-sandhi-reading,bu-tone-coverage
L_dR|OFMs?	不可數名詞	bu-sandhi-reading,bu-tone-coverage
L_dR}^Nj	不可置信	bu-sandhi-reading,bu-tone-coverage
L_dR~OX[	不可阻擋	bu-sandhi-reading,bu-tone-coverage
L_dR~l	不可用	bu-sandhi-reading,bu-tone-coverage
L_d\L_Lb	不冷不熱	bu-sandhi-reading,bu-tone-coverage
L_d\^l	不冷靜	bu-sandhi-reading,bu-tone-coverage
L_e07:	不孤單	bu-sandhi-reading,bu-tone-coverage
L_e0O_	不辜負	bu-sandhi-reading,bu-tone-coverage
L_e1	不挖	bu-sandhi-reading,bu-tone-coverage
L_eY	不顯	bu-sandhi-reading,bu-tone-coverage
L_eY0_	不顯示	bu-sandhi-reading,bu-tone-coverage
L_eYC:L_S_cV	不顯山不露水	bu-sandhi-reading,bu-tone-coverage
L_eYWY	不顯眼	bu-sandhi-reading,bu-tone-coverage
L_eYnq	不顯得	bu-sandhi-reading,bu-tone-coverage
L_eYxq	不顯著	bu-sandhi-reading,bu-tone-coverage
L_ea:_WB	不落帝國	bu-sandhi-reading,bu-tone-coverage
L_eanq	不落地	bu-sandhi-reading,bu-tone-coverage
L_eanq	不落的	bu-sandhi-reading,bu-tone-coverage
L_earg	不落後	bu-sandhi-reading,bu-tone-coverage
L_eauJR0	不落痕跡	bu-sandhi-reading,bu-tone-coverage
L_ec]_	不介入	bu-sandhi-reading,bu-tone-coverage
L_ef	不鬧	bu-sandhi-reading,bu-tone-coverage
L_f0	不哭	bu-sandhi-reading,bu-tone-coverage
L_f0L_ef	不哭不鬧	bu-sandhi-reading,bu-tone-coverage
L_f50_	不該是	bu-sandhi-reading,bu-tone-coverage
L_f5EE	不該來	bu-sandhi-reading,bu-tone-coverage
L_f5NX	不該有	bu-sandhi-reading,bu-tone-coverage
L_f5oT	不該買	bu-sandhi-reading,bu-tone-coverage
L_f5vY	不該管	bu-sandhi-reading,bu-tone-coverage
L_f5~l	不該用	bu-sandhi-reading,bu-tone-coverage
L_fa:WWk	不過好像	bu-sandhi-reading,bu-tone-coverage
L_fa:h	不過就	bu-sandhi-reading,bu-tone-coverage
L_fa?;	不過分	bu-sandhi-reading,bu-tone-coverage
L_faEE	不過來	bu-sandhi-reading,bu-tone-coverage
L_faEi_d	不過現在	bu-sandhi-reading,bu-tone-coverage
L_faHE0_	不過還是	bu-sandhi-reading,bu-tone-coverage
L_faIb	不過這	bu-sandhi-reading,bu-tone-coverage
L_faIbCb	不過這個	bu-sandhi-reading,bu-tone-coverage
L_faNX	不過有	bu-sandhi-reading,bu-tone-coverage
L_faP_	不過度	bu-sandhi-reading,bu-tone-coverage
L_faQ;2f	不過因為	bu-sandhi-reading,bu-tone-coverage
L_faRl	不過硬	bu-sandhi-reading,bu-tone-coverage
L_fa\O	不過你	bu-sandhi-reading,bu-tone-coverage
L_fa`Z	不過癮	bu-sandhi-reading,bu-tone-coverage
L_fag:	不過關	bu-sandhi-reading,bu-tone-coverage
L_fan_	不過去	bu-sandhi-reading,bu-tone-coverage
L_fayS0_	不過也是	bu-sandhi-reading,bu-tone-coverage
L_fa}Q	不過我	bu-sandhi-reading,bu-tone-coverage
L_fa}Q\y	不過我們	bu-sandhi-reading,bu-tone-coverage
L_fc	不切	bu-sandhi-reading,bu-tone-coverage
L_fc6Cp?A_	不切合實際	bu-sandhi-reading,bu-tone-coverage
L_fcc[	不怯場	bu-sandhi-reading,bu-tone-coverage
L_fc{?	不切題	bu-sandhi-reading,bu-tone-coverage
L_g52g	不開竅	bu-sandhi-reading,bu-tone-coverage
L_g57k	不開放	bu-sandhi-reading,bu-tone-coverage
L_g5>J3g	不開玩笑	bu-sandhi-reading,bu-tone-coverage
L_g5BX	不開口	bu-sandhi-reading,bu-tone-coverage
L_g5L@	不開除	bu-sandhi-reading,bu-tone-coverage
L_g5_;	不開心	bu-sandhi-reading,bu-tone-coverage
L_g5mJ	不開門	bu-sandhi-reading,bu-tone-coverage
L_g5t7	不開刀	bu-sandhi-reading,bu-tone-coverage
L_g:6_	不關閉	bu-sandhi-reading,bu-tone-coverage
L_g:Z_	不關注	bu-sandhi-reading,bu-tone-coverage
L_g;L_9R	不溫不火	bu-sandhi-reading,bu-tone-coverage
L_g;L_9R	不瘟不火	bu-sandhi-reading,bu-tone-coverage
L_gc	不謝	bu-sandhi-reading,bu-tone-coverage
L_gcQd	不懈怠	bu-sandhi-reading,bu-tone-coverage
L_gcR7{H	不懈追求	bu-sandhi-reading,bu-tone-coverage
L_gcR@	不屑於	bu-sandhi-reading,bu-tone-coverage
L_gcnq	不懈地	bu-sandhi-reading,bu-tone-coverage
L_gcnq	不懈的	bu-sandhi-reading,bu-tone-coverage
L_gcrO=_	不懈努力	bu-sandhi-reading,bu-tone-coverage
L_gcu?T_	不屑一顧	bu-sandhi-reading,bu-tone-coverage
L_gc}^8i	不屑置辯	bu-sandhi-reading,bu-tone-coverage
L_gc}ilg	不懈奮鬥	bu-sandhi-reading,bu-tone-coverage
L_gf	不告	bu-sandhi-reading,bu-tone-coverage
L_gf`_	不告訴	bu-sandhi-reading,bu-tone-coverage
L_gf`_?1	不告訴他	bu-sandhi-reading,bu-tone-coverage
L_gf`_\O	不告訴你	bu-sandhi-reading,bu-tone-coverage
L_gj=_	不順利	bu-sandhi-reading,bu-tone-coverage
L_gjCk	不順暢	bu-sandhi-reading,bu-tone-coverage
L_gj_;	不順心	bu-sandhi-reading,bu-tone-coverage
L_gjmM	不順從	bu-sandhi-reading,bu-tone-coverage
L_h:	不寬	bu-sandhi-reading,bu-tone-coverage
L_h:kM	不寬容	bu-sandhi-reading,bu-tone-coverage
L_h<	不香	bu-sandhi-reading,bu-tone-coverage
L_h<0_c=	不相適應	bu-sandhi-reading,bu-tone-coverage
L_h<;:nq	不相干的	bu-sandhi-reading,bu-tone-coverage
L_h<@@	不相符	bu-sandhi-reading,bu-tone-coverage
L_h<Ci	不相見	bu-sandhi-reading,bu-tone-coverage
L_h<Nj	不相信	bu-sandhi-reading,bu-tone-coverage
L_h<NjLdPM	不相信愛情	bu-sandhi-reading,bu-tone-coverage
L_h<Zo	不香嗎	bu-sandhi-reading,bu-tone-coverage
L_h<]=	不相稱	bu-sandhi-reading,bu-tone-coverage
L_h<_M	不相同	bu-sandhi-reading,bu-tone-coverage
L_h<a\	不相等	bu-sandhi-reading,bu-tone-coverage
L_h<kMTJ]O	不相容原理	bu-sandhi-reading,bu-tone-coverage
L_h<rAwl	不相伯仲	bu-sandhi-reading,bu-tone-coverage
L_h=	不盯	bu-sandhi-reading,bu-tone-coverage
L_hHOd	不愁賣	bu-sandhi-reading,bu-tone-coverage
L_hI=1Ei	不難發現	bu-sandhi-reading,bu-tone-coverage
L_hI>W	不難找	bu-sandhi-reading,bu-tone-coverage
L_hI]O6T	不難理解	bu-sandhi-reading,bu-tone-coverage
L_hIfa	不難過	bu-sandhi-reading,bu-tone-coverage
L_hIw[Wk	不難想像	bu-sandhi-reading,bu-tone-coverage
L_hIzh	不難看	bu-sandhi-reading,bu-tone-coverage
L_hIzhl0	不難看出	bu-sandhi-reading,bu-tone-coverage
L_ha?0~I	不惑之年	bu-sandhi-reading,bu-tone-coverage
L_hf	不靠	bu-sandhi-reading,bu-tone-coverage
L_hfmO	不靠譜	bu-sandhi-reading,bu-tone-coverage
L_i:	不歡	bu-sandhi-reading,bu-tone-coverage
L_i:CM	不歡迎	bu-sandhi-reading,bu-tone-coverage
L_i=Ul	不聽命	bu-sandhi-reading,bu-tone-coverage
L_i=mM	不聽從	bu-sandhi-reading,bu-tone-coverage
L_i[	不癢	bu-sandhi-reading,bu-tone-coverage
L_i[	不養	bu-sandhi-reading,bu-tone-coverage
L_j6	不菲	bu-sandhi-reading,bu-tone-coverage
L_j6	不飛	bu-sandhi-reading,bu-tone-coverage
L_jR	不扯	bu-sandhi-reading,bu-tone-coverage
L_jRqq	不扯了	bu-sandhi-reading,bu-tone-coverage
L_k@eI	不麻煩	bu-sandhi-reading,bu-tone-coverage
L_kG{h	不調和	bu-sandhi-reading,bu-tone-coverage
L_kKE0PM	不徇私情	bu-sandhi-reading,bu-tone-coverage
L_kM	不溶	bu-sandhi-reading,bu-tone-coverage
L_kM5_Wo	不容易啊	bu-sandhi-reading,bu-tone-coverage
L_kM5_qq	不容易了	bu-sandhi-reading,bu-tone-coverage
L_kM@P	不容許	bu-sandhi-reading,bu-tone-coverage
L_kMBbg:	不容樂觀	bu-sandhi-reading,bu-tone-coverage
L_kMR@	不溶於	bu-sandhi-reading,bu-tone-coverage
L_kM`l	不溶性	bu-sandhi-reading,bu-tone-coverage
L_kMg00_	不容忽視	bu-sandhi-reading,bu-tone-coverage
L_kMqafa	不容錯過	bu-sandhi-reading,bu-tone-coverage
L_kRnq	不捨的	bu-sandhi-reading,bu-tone-coverage
L_k\3@	不整齊	bu-sandhi-reading,bu-tone-coverage
L_k\VD	不整潔	bu-sandhi-reading,bu-tone-coverage
L_l05_xd	不出意外	bu-sandhi-reading,bu-tone-coverage
L_l0FM	不出名	bu-sandhi-reading,bu-tone-coverage
L_l0Ob	不出色	bu-sandhi-reading,bu-tone-coverage
L_l0Vj{?	不出問題	bu-sandhi-reading,bu-tone-coverage
L_l0^=	不出聲	bu-sandhi-reading,bu-tone-coverage
L_l0eY	不出險	bu-sandhi-reading,bu-tone-coverage
L_l0mJ	不出門	bu-sandhi-reading,bu-tone-coverage
L_l0qa	不出錯	bu-sandhi-reading,bu-tone-coverage
L_lI	不寒	bu-sandhi-reading,bu-tone-coverage
L_lINX	不含有	bu-sandhi-reading,bu-tone-coverage
L_lO	不補	bu-sandhi-reading,bu-tone-coverage
L_lODb	不補課	bu-sandhi-reading,bu-tone-coverage
L_lZ;j	不謹慎	bu-sandhi-reading,bu-tone-coverage
L_lZL_sh	不緊不慢	bu-sandhi-reading,bu-tone-coverage
L_lZN@SO	不僅如此	bu-sandhi-reading,bu-tone-coverage
L_lZS<	不緊張	bu-sandhi-reading,bu-tone-coverage
L_lZlZ_dR@	不僅僅在於	bu-sandhi-reading,bu-tone-coverage
L_lg	不鬥	bu-sandhi-reading,bu-tone-coverage
L_lj	不暈	bu-sandhi-reading,bu-tone-coverage
L_ljL_9R	不慍不火	bu-sandhi-reading,bu-tone-coverage
L_ljL_a_	不孕不育	bu-sandhi-reading,bu-tone-coverage
L_m00_	不舒適	bu-sandhi-reading,bu-tone-coverage
L_m0@@	不舒服	bu-sandhi-reading,bu-tone-coverage
L_m0@@qq	不舒服了	bu-sandhi-reading,bu-tone-coverage
L_m5	不拆	bu-sandhi-reading,bu-tone-coverage
L_m:_;	不專心	bu-sandhi-reading,bu-tone-coverage
L_m@	不答	bu-sandhi-reading,bu-tone-coverage
L_m@78	不達標	bu-sandhi-reading,bu-tone-coverage
L_m@]O	不答理	bu-sandhi-reading,bu-tone-coverage
L_m@c=	不答應	bu-sandhi-reading,bu-tone-coverage
L_mO0>nq	不普通的	bu-sandhi-reading,bu-tone-coverage
L_mRIk	不怎樣	bu-sandhi-reading,bu-tone-coverage
L_mRk@:W	不怎麼好	bu-sandhi-reading,bu-tone-coverage
L_mRk@Ik	不怎麼樣	bu-sandhi-reading,bu-tone-coverage
L_mT	不擺	bu-sandhi-reading,bu-tone-coverage
L_mYR@	不晚於	bu-sandhi-reading,bu-tone-coverage
L_m_	不懼	bu-sandhi-reading,bu-tone-coverage
L_m_NX	不具有	bu-sandhi-reading,bu-tone-coverage
L_m_Ve	不具備	bu-sandhi-reading,bu-tone-coverage
L_m_mg	不劇透	bu-sandhi-reading,bu-tone-coverage
L_mf	不照	bu-sandhi-reading,bu-tone-coverage
L_mg	不透	bu-sandhi-reading,bu-tone-coverage
L_mgB_	不透氣	bu-sandhi-reading,bu-tone-coverage
L_mgFM	不透明	bu-sandhi-reading,bu-tone-coverage
L_mgFMP_	不透明度	bu-sandhi-reading,bu-tone-coverage
L_mgFM`l	不透明性	bu-sandhi-reading,bu-tone-coverage
L_mgcV	不透水	bu-sandhi-reading,bu-tone-coverage
L_mgy<	不透光	bu-sandhi-reading,bu-tone-coverage
L_ml	不動	bu-sandhi-reading,bu-tone-coverage
L_ml6W];	不動腦筋	bu-sandhi-reading,bu-tone-coverage
L_mlIX	不動手	bu-sandhi-reading,bu-tone-coverage
L_ml\Y	不動點	bu-sandhi-reading,bu-tone-coverage
L_ml\YWl]O	不動點定理	bu-sandhi-reading,bu-tone-coverage
L_ml\[BX	不凍港口	bu-sandhi-reading,bu-tone-coverage
L_ml_;	不動心	bu-sandhi-reading,bu-tone-coverage
L_mleG	不動搖	bu-sandhi-reading,bu-tone-coverage
L_mlnq	不動地	bu-sandhi-reading,bu-tone-coverage
L_mlqq	不動了	bu-sandhi-reading,bu-tone-coverage
L_n:	不穿	bu-sandhi-reading,bu-tone-coverage
L_n:F0@@	不穿衣服	bu-sandhi-reading,bu-tone-coverage
L_n:XD	不穿鞋	bu-sandhi-reading,bu-tone-coverage
L_n?QM	不執行	bu-sandhi-reading,bu-tone-coverage
L_n?nqF0{?	不值得一提	bu-sandhi-reading,bu-tone-coverage
L_n?u?	不質疑	bu-sandhi-reading,bu-tone-coverage
L_n?v4	不直接	bu-sandhi-reading,bu-tone-coverage
L_nH	不油	bu-sandhi-reading,bu-tone-coverage
L_nHa_	不猶豫	bu-sandhi-reading,bu-tone-coverage
L_n_Dk3:	不去上班	bu-sandhi-reading,bu-tone-coverage
L_n_]O	不去理	bu-sandhi-reading,bu-tone-coverage
L_n_qq	不去了	bu-sandhi-reading,bu-tone-coverage
L_n_zh	不去看	bu-sandhi-reading,bu-tone-coverage
L_nkhIGLL_}F^H	不撞南牆不回頭	bu-sandhi-reading,bu-tone-coverage
L_nl	不痛	bu-sandhi-reading,bu-tone-coverage
L_nl3e	不痛快	bu-sandhi-reading,bu-tone-coverage
L_nlqq	不痛了	bu-sandhi-reading,bu-tone-coverage
L_nluO	不痛苦	bu-sandhi-reading,bu-tone-coverage
L_nq08fa	不得超過	bu-sandhi-reading,bu-tone-coverage
L_nq2P	不得與	bu-sandhi-reading,bu-tone-coverage
L_nq2i2_	不得擅自	bu-sandhi-reading,bu-tone-coverage
L_nq2i9>	不得善終	bu-sandhi-reading,bu-tone-coverage
L_nq5_	不得意	bu-sandhi-reading,bu-tone-coverage
L_nq6J	不得閒	bu-sandhi-reading,bu-tone-coverage
L_nqCEcI	不得台盤	bu-sandhi-reading,bu-tone-coverage
L_nqI<	不得當	bu-sandhi-reading,bu-tone-coverage
L_nqK0R@	不得低於	bu-sandhi-reading,bu-tone-coverage
L_nqLP	不得法	bu-sandhi-reading,bu-tone-coverage
L_nqL_1U?P	不得不採取	bu-sandhi-reading,bu-tone-coverage
L_nqL_7kB_	不得不放棄	bu-sandhi-reading,bu-tone-coverage
L_nqL_pa	不得不做	bu-sandhi-reading,bu-tone-coverage
L_nqLj	不得勁	bu-sandhi-reading,bu-tone-coverage
L_nqQM	不得行	bu-sandhi-reading,bu-tone-coverage
L_nqUO	不得以	bu-sandhi-reading,bu-tone-coverage
L_nqUO6N2f?0	不得已而為之	bu-sandhi-reading,bu-tone-coverage
L_nqUOnq	不得已的	bu-sandhi-reading,bu-tone-coverage
L_nq[O	不得體	bu-sandhi-reading,bu-tone-coverage
L_nq_d	不得在	bu-sandhi-reading,bu-tone-coverage
L_nqqqnq	不得了的	bu-sandhi-reading,bu-tone-coverage
L_nq}^	不得志	bu-sandhi-reading,bu-tone-coverage
L_o0	不租	bu-sandhi-reading,bu-tone-coverage
L_o1S<	不誇張	bu-sandhi-reading,bu-tone-coverage
L_o=	不精	bu-sandhi-reading,bu-tone-coverage
L_o=	不驚	bu-sandhi-reading,bu-tone-coverage
L_o=0>	不精通	bu-sandhi-reading,bu-tone-coverage
L_o=4L	不經常	bu-sandhi-reading,bu-tone-coverage
L_o=5_T:	不經意間	bu-sandhi-reading,bu-tone-coverage
L_o==_	不經歷	bu-sandhi-reading,bu-tone-coverage
L_o=Cd	不精確	bu-sandhi-reading,bu-tone-coverage
L_o=Cdnq	不精確的	bu-sandhi-reading,bu-tone-coverage
L_o=F06:Q=2=uO	不經一番風霜苦	bu-sandhi-reading,bu-tone-coverage
L_o=fa	不經過	bu-sandhi-reading,bu-tone-coverage
L_o?cf	不遲到	bu-sandhi-reading,bu-tone-coverage
L_oT	不買	bu-sandhi-reading,bu-tone-coverage
L_oTBk	不買賬	bu-sandhi-reading,bu-tone-coverage
L_oTqq	不買了	bu-sandhi-reading,bu-tone-coverage
L_oTwK	不買房	bu-sandhi-reading,bu-tone-coverage
L_oT~=T0	不買東西	bu-sandhi-reading,bu-tone-coverage
L_o_G5	不續約	bu-sandhi-reading,bu-tone-coverage
L_o_|JwI	不恤人言	bu-sandhi-reading,bu-tone-coverage
L_og	不漏	bu-sandhi-reading,bu-tone-coverage
L_ol	不弄	bu-sandhi-reading,bu-tone-coverage
L_p0	不粗	bu-sandhi-reading,bu-tone-coverage
L_p1	不花	bu-sandhi-reading,bu-tone-coverage
L_p15J	不花錢	bu-sandhi-reading,bu-tone-coverage
L_p4	不貼	bu-sandhi-reading,bu-tone-coverage
L_p7	不包	bu-sandhi-reading,bu-tone-coverage
L_p7ga	不包括	bu-sandhi-reading,bu-tone-coverage
L_p7lI	不包含	bu-sandhi-reading,bu-tone-coverage
L_p7nH	不包郵	bu-sandhi-reading,bu-tone-coverage
L_p=5_	不輕易	bu-sandhi-reading,bu-tone-coverage
L_p=L_wl	不輕不重	bu-sandhi-reading,bu-tone-coverage
L_p=T0	不清晰	bu-sandhi-reading,bu-tone-coverage
L_p={O	不清楚	bu-sandhi-reading,bu-tone-coverage
L_p={Oqq	不清楚了	bu-sandhi-reading,bu-tone-coverage
L_p?A_	不實際	bu-sandhi-reading,bu-tone-coverage
L_p?Ci	不實踐	bu-sandhi-reading,bu-tone-coverage
L_p?NX	不時有	bu-sandhi-reading,bu-tone-coverage
L_p?QM	不實行	bu-sandhi-reading,bu-tone-coverage
L_p?nq	不實的	bu-sandhi-reading,bu-tone-coverage
L_p?~l	不實用	bu-sandhi-reading,bu-tone-coverage
L_pO[3	不堵車	bu-sandhi-reading,bu-tone-coverage
L_pa	不做	bu-sandhi-reading,bu-tone-coverage
L_pa	不坐	bu-sandhi-reading,bu-tone-coverage
L_pa0_	不做事	bu-sandhi-reading,bu-tone-coverage
L_pa2f	不作為	bu-sandhi-reading,bu-tone-coverage
L_pa:_Em	不作第二	bu-sandhi-reading,bu-tone-coverage
L_pa:_Em|Jw[	不作第二人想	bu-sandhi-reading,bu-tone-coverage
L_paM7_;0_	不做虧心事	bu-sandhi-reading,bu-tone-coverage
L_pa[1K_	不做家務	bu-sandhi-reading,bu-tone-coverage
L_papa	不做作	bu-sandhi-reading,bu-tone-coverage
L_paqq	不做了	bu-sandhi-reading,bu-tone-coverage
L_path	不做飯	bu-sandhi-reading,bu-tone-coverage
L_pa|J	不做人	bu-sandhi-reading,bu-tone-coverage
L_pa|O	不作數	bu-sandhi-reading,bu-tone-coverage
L_pg5_E0	不夠意思	bu-sandhi-reading,bu-tone-coverage
L_pg:>?;	不夠充分	bu-sandhi-reading,bu-tone-coverage
L_pg:W	不夠好	bu-sandhi-reading,bu-tone-coverage
L_pg=M	不構成	bu-sandhi-reading,bu-tone-coverage
L_pg=MthEf	不構成犯罪	bu-sandhi-reading,bu-tone-coverage
L_pg>JxU	不夠完美	bu-sandhi-reading,bu-tone-coverage
L_pgO]JY	不夠勇敢	bu-sandhi-reading,bu-tone-coverage
L_pgT:GL	不夠堅強	bu-sandhi-reading,bu-tone-coverage
L_pgoT	不購買	bu-sandhi-reading,bu-tone-coverage
L_pgp1	不夠花	bu-sandhi-reading,bu-tone-coverage
L_pgs2	不夠多	bu-sandhi-reading,bu-tone-coverage
L_pgzh	不夠看	bu-sandhi-reading,bu-tone-coverage
L_pg~l	不夠用	bu-sandhi-reading,bu-tone-coverage
L_ph	不按	bu-sandhi-reading,bu-tone-coverage
L_ph?E]O	不按牌理	bu-sandhi-reading,bu-tone-coverage
L_phmf	不按照	bu-sandhi-reading,bu-tone-coverage
L_php?	不按時	bu-sandhi-reading,bu-tone-coverage
L_q5	不猜	bu-sandhi-reading,bu-tone-coverage
L_q6	不黑	bu-sandhi-reading,bu-tone-coverage
L_qOB_	不吐氣	bu-sandhi-reading,bu-tone-coverage
L_qT	不逮	bu-sandhi-reading,bu-tone-coverage
L_qTlO@baJ	不逮捕特權	bu-sandhi-reading,bu-tone-coverage
L_qaB2	不錯喔	bu-sandhi-reading,bu-tone-coverage
L_qaJD	不錯耶	bu-sandhi-reading,bu-tone-coverage
L_qaWo	不錯啊	bu-sandhi-reading,bu-tone-coverage
L_qaXo	不錯吧	bu-sandhi-reading,bu-tone-coverage
L_qafa	不錯過	bu-sandhi-reading,bu-tone-coverage
L_qanq	不錯的	bu-sandhi-reading,bu-tone-coverage
L_qanqzO5_	不錯的主意	bu-sandhi-reading,bu-tone-coverage
L_qaqA	不錯哦	bu-sandhi-reading,bu-tone-coverage
L_qaqq	不錯了	bu-sandhi-reading,bu-tone-coverage
L_qg	不扣	bu-sandhi-reading,bu-tone-coverage
L_qh	不辦	bu-sandhi-reading,bu-tone-coverage
L_qlQdN:?0hH	不共戴天之仇	bu-sandhi-reading,bu-tone-coverage
L_qq2_aO	不了自己	bu-sandhi-reading,bu-tone-coverage
L_qq6T	不了解	bu-sandhi-reading,bu-tone-coverage
L_qq?0^@	不了之局	bu-sandhi-reading,bu-tone-coverage
L_qqqq	不了了	bu-sandhi-reading,bu-tone-coverage
L_qq{h	不了漢	bu-sandhi-reading,bu-tone-coverage
L_r;	不婚	bu-sandhi-reading,bu-tone-coverage
L_r;L_a_	不婚不育	bu-sandhi-reading,bu-tone-coverage
L_rF	不唯	bu-sandhi-reading,bu-tone-coverage
L_rFF0	不唯一	bu-sandhi-reading,bu-tone-coverage
L_rFg6	不違背	bu-sandhi-reading,bu-tone-coverage
L_rO=_	不努力	bu-sandhi-reading,bu-tone-coverage
L_rYqq	不短了	bu-sandhi-reading,bu-tone-coverage
L_r\w[	不影響	bu-sandhi-reading,bu-tone-coverage
L_rg	不厚	bu-sandhi-reading,bu-tone-coverage
L_rg]V	不後悔	bu-sandhi-reading,bu-tone-coverage
L_rgcf	不厚道	bu-sandhi-reading,bu-tone-coverage
L_s203	不多說	bu-sandhi-reading,bu-tone-coverage
L_s2Wo	不多啊	bu-sandhi-reading,bu-tone-coverage
L_s2qq	不多了	bu-sandhi-reading,bu-tone-coverage
L_s:L_0`	不酸不辣	bu-sandhi-reading,bu-tone-coverage
L_sI=f	不然會	bu-sandhi-reading,bu-tone-coverage
L_sI\O	不然你	bu-sandhi-reading,bu-tone-coverage
L_sI\O\y	不然你們	bu-sandhi-reading,bu-tone-coverage
L_sInq_`	不然的話	bu-sandhi-reading,bu-tone-coverage
L_sI}Q	不然我	bu-sandhi-reading,bu-tone-coverage
L_sh	不慢	bu-sandhi-reading,bu-tone-coverage
L_t1	不抓	bu-sandhi-reading,bu-tone-coverage
L_t2	不脫	bu-sandhi-reading,bu-tone-coverage
L_t2}?	不脫離	bu-sandhi-reading,bu-tone-coverage
L_t2}_	不拖沓	bu-sandhi-reading,bu-tone-coverage
L_t:	不冤	bu-sandhi-reading,bu-tone-coverage
L_tEu?	不懷疑	bu-sandhi-reading,bu-tone-coverage
L_tf03	不要說	bu-sandhi-reading,bu-tone-coverage
L_tf2@	不要急	bu-sandhi-reading,bu-tone-coverage
L_tf2_aO	不要自己	bu-sandhi-reading,bu-tone-coverage
L_tf2e}Q	不要怪我	bu-sandhi-reading,bu-tone-coverage
L_tf2f	不要為	bu-sandhi-reading,bu-tone-coverage
L_tf3@_k	不要期望	bu-sandhi-reading,bu-tone-coverage
L_tf5E	不要學	bu-sandhi-reading,bu-tone-coverage
L_tf5J	不要錢	bu-sandhi-reading,bu-tone-coverage
L_tf5_n?	不要一直	bu-sandhi-reading,bu-tone-coverage
L_tf7W0_	不要老是	bu-sandhi-reading,bu-tone-coverage
L_tf7f	不要對	bu-sandhi-reading,bu-tone-coverage
L_tf9Wi_	不要考慮	bu-sandhi-reading,bu-tone-coverage
L_tf;kYe	不要浪費	bu-sandhi-reading,bu-tone-coverage
L_tf<Ck@	不要什麼	bu-sandhi-reading,bu-tone-coverage
L_tf>l	不要碰	bu-sandhi-reading,bu-tone-coverage
L_tf@0	不要吃	bu-sandhi-reading,bu-tone-coverage
L_tfB8i_	不要焦慮	bu-sandhi-reading,bu-tone-coverage
L_tfBZ	不要選	bu-sandhi-reading,bu-tone-coverage
L_tfC]{<	不要恐慌	bu-sandhi-reading,bu-tone-coverage
L_tfD;	不要跟	bu-sandhi-reading,bu-tone-coverage
L_tfDkI<	不要上當	bu-sandhi-reading,bu-tone-coverage
L_tfEE	不要來	bu-sandhi-reading,bu-tone-coverage
L_tfEk	不要讓	bu-sandhi-reading,bu-tone-coverage
L_tfIM	不要停	bu-sandhi-reading,bu-tone-coverage
L_tfIP	不要把	bu-sandhi-reading,bu-tone-coverage
L_tfIbIk	不要這樣	bu-sandhi-reading,bu-tone-coverage
L_tfIblq	不要這麼	bu-sandhi-reading,bu-tone-coverage
L_tfKX	不要走	bu-sandhi-reading,bu-tone-coverage
L_tfL_>]0=>]	不要不懂裝懂	bu-sandhi-reading,bu-tone-coverage
L_tfL_Nj	不要不信	bu-sandhi-reading,bu-tone-coverage
L_tfMP	不要打	bu-sandhi-reading,bu-tone-coverage
L_tfNOzh	不要只看	bu-sandhi-reading,bu-tone-coverage
L_tfN]	不要慫	bu-sandhi-reading,bu-tone-coverage
L_tfQ;2f	不要因為	bu-sandhi-reading,bu-tone-coverage
L_tfRd	不要太	bu-sandhi-reading,bu-tone-coverage
L_tfRd4L	不要太長	bu-sandhi-reading,bu-tone-coverage
L_tfRdL_DY	不要太不滿	bu-sandhi-reading,bu-tone-coverage
L_tfRdlZS<	不要太緊張	bu-sandhi-reading,bu-tone-coverage
L_tfRds2	不要太多	bu-sandhi-reading,bu-tone-coverage
L_tfRd|_	不要太大	bu-sandhi-reading,bu-tone-coverage
L_tfSWzh	不要小看	bu-sandhi-reading,bu-tone-coverage
L_tfUO2f	不要以為	bu-sandhi-reading,bu-tone-coverage
L_tfUi	不要亂	bu-sandhi-reading,bu-tone-coverage
L_tfUl	不要命	bu-sandhi-reading,bu-tone-coverage
L_tfVe	不要被	bu-sandhi-reading,bu-tone-coverage
L_tfVj	不要問	bu-sandhi-reading,bu-tone-coverage
L_tfVj}Q	不要問我	bu-sandhi-reading,bu-tone-coverage
L_tfWdy_	不要害怕	bu-sandhi-reading,bu-tone-coverage
L_tfWk	不要像	bu-sandhi-reading,bu-tone-coverage
L_tfWo	不要啊	bu-sandhi-reading,bu-tone-coverage
L_tfZYGL	不要勉強	bu-sandhi-reading,bu-tone-coverage
L_tf\O	不要你	bu-sandhi-reading,bu-tone-coverage
L_tf]O	不要理	bu-sandhi-reading,bu-tone-coverage
L_tf_Ynq	不要臉的	bu-sandhi-reading,bu-tone-coverage
L_tf_d	不要再	bu-sandhi-reading,bu-tone-coverage
L_tf_d	不要在	bu-sandhi-reading,bu-tone-coverage
L_tf_dEE	不要再來	bu-sandhi-reading,bu-tone-coverage
L_tf_dVj	不要再問	bu-sandhi-reading,bu-tone-coverage
L_tf_d{?	不要再提	bu-sandhi-reading,bu-tone-coverage
L_tf_fci	不要抱怨	bu-sandhi-reading,bu-tone-coverage
L_tf_kA_	不要忘記	bu-sandhi-reading,bu-tone-coverage
L_tf_kqq	不要忘了	bu-sandhi-reading,bu-tone-coverage
L_tfcf	不要到	bu-sandhi-reading,bu-tone-coverage
L_tfec5_	不要介意	bu-sandhi-reading,bu-tone-coverage
L_tff0	不要哭	bu-sandhi-reading,bu-tone-coverage
L_tfhfLj	不要靠近	bu-sandhi-reading,bu-tone-coverage
L_tfi=	不要聽	bu-sandhi-reading,bu-tone-coverage
L_tfl0EE	不要出來	bu-sandhi-reading,bu-tone-coverage
L_tflZS<	不要緊張	bu-sandhi-reading,bu-tone-coverage
L_tfmJvf	不要門票	bu-sandhi-reading,bu-tone-coverage
L_tfml	不要動	bu-sandhi-reading,bu-tone-coverage
L_tfn_	不要去	bu-sandhi-reading,bu-tone-coverage
L_tfo@	不要拿	bu-sandhi-reading,bu-tone-coverage
L_tfoT	不要買	bu-sandhi-reading,bu-tone-coverage
L_tfp1	不要花	bu-sandhi-reading,bu-tone-coverage
L_tfp=5_	不要輕易	bu-sandhi-reading,bu-tone-coverage
L_tfpa	不要做	bu-sandhi-reading,bu-tone-coverage
L_tfqafa	不要錯過	bu-sandhi-reading,bu-tone-coverage
L_tfqq	不要了	bu-sandhi-reading,bu-tone-coverage
L_tfs2	不要多	bu-sandhi-reading,bu-tone-coverage
L_tfw[	不要想	bu-sandhi-reading,bu-tone-coverage
L_tfxq2@	不要著急	bu-sandhi-reading,bu-tone-coverage
L_tfy_	不要怕	bu-sandhi-reading,bu-tone-coverage
L_tfzh	不要看	bu-sandhi-reading,bu-tone-coverage
L_tfzhqq	不要看了	bu-sandhi-reading,bu-tone-coverage
L_tf{<	不要慌	bu-sandhi-reading,bu-tone-coverage
L_tf{H	不要求	bu-sandhi-reading,bu-tone-coverage
L_tf}?g5	不要離開	bu-sandhi-reading,bu-tone-coverage
L_tf}F^H	不要回頭	bu-sandhi-reading,bu-tone-coverage
L_tf~l	不要用	bu-sandhi-reading,bu-tone-coverage
L_thL7	不犯規	bu-sandhi-reading,bu-tone-coverage
L_u?@0	不宜吃	bu-sandhi-reading,bu-tone-coverage
L_uO	不苦	bu-sandhi-reading,bu-tone-coverage
L_uT2@	不改革	bu-sandhi-reading,bu-tone-coverage
L_uT8i	不改變	bu-sandhi-reading,bu-tone-coverage
L_u[kO0C	不講武德	bu-sandhi-reading,bu-tone-coverage
L_u[qq	不講了	bu-sandhi-reading,bu-tone-coverage
L_uh0_	不但是	bu-sandhi-reading,bu-tone-coverage
L_uhN@SO	不但如此	bu-sandhi-reading,bu-tone-coverage
L_v1	不刷	bu-sandhi-reading,bu-tone-coverage
L_v1~@	不刷牙	bu-sandhi-reading,bu-tone-coverage
L_v4:9	不接收	bu-sandhi-reading,bu-tone-coverage
L_v4<i_`	不接電話	bu-sandhi-reading,bu-tone-coverage
L_v4[_	不接觸	bu-sandhi-reading,bu-tone-coverage
L_v4xg	不接受	bu-sandhi-reading,bu-tone-coverage
L_vH5_	不留意	bu-sandhi-reading,bu-tone-coverage
L_vH=_	不流利	bu-sandhi-reading,bu-tone-coverage
L_vHCknq	不流暢的	bu-sandhi-reading,bu-tone-coverage
L_vHFM	不留名	bu-sandhi-reading,bu-tone-coverage
L_vHQM	不流行	bu-sandhi-reading,bu-tone-coverage
L_vHml	不流動	bu-sandhi-reading,bu-tone-coverage
L_vHuJR0	不留痕跡	bu-sandhi-reading,bu-tone-coverage
L_vY0_<X	不管是否	bu-sandhi-reading,bu-tone-coverage
L_vY<Ck@	不管什麼	bu-sandhi-reading,bu-tone-coverage
L_vY?1	不管他	bu-sandhi-reading,bu-tone-coverage
L_vY?1\y	不管他們	bu-sandhi-reading,bu-tone-coverage
L_vYIbCb	不管這個	bu-sandhi-reading,bu-tone-coverage
L_vYN@6C	不管如何	bu-sandhi-reading,bu-tone-coverage
L_vYUOrg	不管以後	bu-sandhi-reading,bu-tone-coverage
L_vY_dOP]O	不管在哪裡	bu-sandhi-reading,bu-tone-coverage
L_vYmRIk	不管怎樣	bu-sandhi-reading,bu-tone-coverage
L_vYmRk@	不管怎麼	bu-sandhi-reading,bu-tone-coverage
L_vYmRk@03	不管怎麼說	bu-sandhi-reading,bu-tone-coverage
L_vYmRk@Ik	不管怎麼樣	bu-sandhi-reading,bu-tone-coverage
L_vYqq	不管了	bu-sandhi-reading,bu-tone-coverage
L_vY~l	不管用	bu-sandhi-reading,bu-tone-coverage
L_vZ6C	不吻合	bu-sandhi-reading,bu-tone-coverage
L_vZEM8M	不穩平衡	bu-sandhi-reading,bu-tone-coverage
L_vZT_	不穩固	bu-sandhi-reading,bu-tone-coverage
L_vZWl	不穩定	bu-sandhi-reading,bu-tone-coverage
L_vZWlB_vH	不穩定氣流	bu-sandhi-reading,bu-tone-coverage
L_vZWl`l	不穩定性	bu-sandhi-reading,bu-tone-coverage
L_vZ`l	不穩性	bu-sandhi-reading,bu-tone-coverage
L_v[	不搶	bu-sandhi-reading,bu-tone-coverage
L_wI	不嚴	bu-sandhi-reading,bu-tone-coverage
L_wI	不言	bu-sandhi-reading,bu-tone-coverage
L_wI2P	不言語	bu-sandhi-reading,bu-tone-coverage
L_wI2_FM	不言自明	bu-sandhi-reading,bu-tone-coverage
L_wI3@	不延期	bu-sandhi-reading,bu-tone-coverage
L_wI4C	不嚴格	bu-sandhi-reading,bu-tone-coverage
L_wI8_	不嚴密	bu-sandhi-reading,bu-tone-coverage
L_wIlZ	不嚴謹	bu-sandhi-reading,bu-tone-coverage
L_wIwl	不嚴重	bu-sandhi-reading,bu-tone-coverage
L_wKIX	不防守	bu-sandhi-reading,bu-tone-coverage
L_w[	不響	bu-sandhi-reading,bu-tone-coverage
L_w[03	不想說	bu-sandhi-reading,bu-tone-coverage
L_w[03_`	不想說話	bu-sandhi-reading,bu-tone-coverage
L_w[03qq	不想說了	bu-sandhi-reading,bu-tone-coverage
L_w[4L|_	不想長大	bu-sandhi-reading,bu-tone-coverage
L_w[5E	不想學	bu-sandhi-reading,bu-tone-coverage
L_w[8W	不想搞	bu-sandhi-reading,bu-tone-coverage
L_w[>J	不想玩	bu-sandhi-reading,bu-tone-coverage
L_w[>Jqq	不想玩了	bu-sandhi-reading,bu-tone-coverage
L_w[?0cf	不想知道	bu-sandhi-reading,bu-tone-coverage
L_w[@0	不想吃	bu-sandhi-reading,bu-tone-coverage
L_w[Cf	不想睡	bu-sandhi-reading,bu-tone-coverage
L_w[Ci	不想見	bu-sandhi-reading,bu-tone-coverage
L_w[Dk	不想上	bu-sandhi-reading,bu-tone-coverage
L_w[Ek\O	不想讓你	bu-sandhi-reading,bu-tone-coverage
L_w[I<	不想當	bu-sandhi-reading,bu-tone-coverage
L_w[I<7WA0	不想當老師	bu-sandhi-reading,bu-tone-coverage
L_w[TO	不想死	bu-sandhi-reading,bu-tone-coverage
L_w[\O	不想你	bu-sandhi-reading,bu-tone-coverage
L_w[gI	不想談	bu-sandhi-reading,bu-tone-coverage
L_w[l0	不想出	bu-sandhi-reading,bu-tone-coverage
L_w[l0n_	不想出去	bu-sandhi-reading,bu-tone-coverage
L_w[n_	不想去	bu-sandhi-reading,bu-tone-coverage
L_w[pa	不想做	bu-sandhi-reading,bu-tone-coverage
L_w[tf	不想要	bu-sandhi-reading,bu-tone-coverage
L_w[v4	不想接	bu-sandhi-reading,bu-tone-coverage
L_w[w[	不想想	bu-sandhi-reading,bu-tone-coverage
L_w[yh	不想幹	bu-sandhi-reading,bu-tone-coverage
L_w[yhqq	不想幹了	bu-sandhi-reading,bu-tone-coverage
L_w[zh	不想看	bu-sandhi-reading,bu-tone-coverage
L_w[}F[1	不想回家	bu-sandhi-reading,bu-tone-coverage
L_w[~U	不想給	bu-sandhi-reading,bu-tone-coverage
L_w[~l	不想用	bu-sandhi-reading,bu-tone-coverage
L_w\	不頂	bu-sandhi-reading,bu-tone-coverage
L_wg	不臭	bu-sandhi-reading,bu-tone-coverage
L_wl0_	不重視	bu-sandhi-reading,bu-tone-coverage
L_wlIk	不重樣	bu-sandhi-reading,bu-tone-coverage
L_wlOD	不重疊	bu-sandhi-reading,bu-tone-coverage
L_wlO_	不重複	bu-sandhi-reading,bu-tone-coverage
L_wlR@wY	不中於款	bu-sandhi-reading,bu-tone-coverage
L_wltf	不重要	bu-sandhi-reading,bu-tone-coverage
L_wltfnq	不重要的	bu-sandhi-reading,bu-tone-coverage
L_wl~l	不中用	bu-sandhi-reading,bu-tone-coverage
L_x7R@	不高於	bu-sandhi-reading,bu-tone-coverage
L_x7`lqq	不高興了	bu-sandhi-reading,bu-tone-coverage
L_x7qq	不高了	bu-sandhi-reading,bu-tone-coverage
L_x?Nj	不迷信	bu-sandhi-reading,bu-tone-coverage
L_xUg:	不美觀	bu-sandhi-reading,bu-tone-coverage
L_xd0_	不外是	bu-sandhi-reading,bu-tone-coverage
L_xdNJ	不外傳	bu-sandhi-reading,bu-tone-coverage
L_xdS_	不外露	bu-sandhi-reading,bu-tone-coverage
L_xdec	不外借	bu-sandhi-reading,bu-tone-coverage
L_xdg00_	不外乎是	bu-sandhi-reading,bu-tone-coverage
L_xg	不瘦	bu-sandhi-reading,bu-tone-coverage
L_xg;:AW	不受干擾	bu-sandhi-reading,bu-tone-coverage
L_xgEi}^	不受限制	bu-sandhi-reading,bu-tone-coverage
L_xgG5\_	不受約束	bu-sandhi-reading,bu-tone-coverage
L_xgLPi_0WV_	不受法律保護	bu-sandhi-reading,bu-tone-coverage
L_xgU<	不受傷	bu-sandhi-reading,bu-tone-coverage
L_xgU<Wd	不受傷害	bu-sandhi-reading,bu-tone-coverage
L_xg\_@@	不受束縛	bu-sandhi-reading,bu-tone-coverage
L_xg^;th	不受侵犯	bu-sandhi-reading,bu-tone-coverage
L_xgi:CM	不受歡迎	bu-sandhi-reading,bu-tone-coverage
L_xgr\w[	不受影響	bu-sandhi-reading,bu-tone-coverage
L_xgrl	不受控	bu-sandhi-reading,bu-tone-coverage
L_xgrl}^	不受控制	bu-sandhi-reading,bu-tone-coverage
L_xgvY\_	不受管束	bu-sandhi-reading,bu-tone-coverage
L_xgwl0_	不受重視	bu-sandhi-reading,bu-tone-coverage
L_xh	不爛	bu-sandhi-reading,bu-tone-coverage
L_xhnq	不爛的	bu-sandhi-reading,bu-tone-coverage
L_xq2@	不著急	bu-sandhi-reading,bu-tone-coverage
L_xqkG	不著調	bu-sandhi-reading,bu-tone-coverage
L_y<1U	不光彩	bu-sandhi-reading,bu-tone-coverage
L_y<PA	不光滑	bu-sandhi-reading,bu-tone-coverage
L_yS:h	不也就	bu-sandhi-reading,bu-tone-coverage
L_y_@0uO	不怕吃苦	bu-sandhi-reading,bu-tone-coverage
L_y_IFME18	不怕沒柴燒	bu-sandhi-reading,bu-tone-coverage
L_y_L_y_	不怕不怕	bu-sandhi-reading,bu-tone-coverage
L_y_T0^=	不怕犧牲	bu-sandhi-reading,bu-tone-coverage
L_y_TO	不怕死	bu-sandhi-reading,bu-tone-coverage
L_y_TOnq	不怕死的	bu-sandhi-reading,bu-tone-coverage
L_y_[VC8mJ	不怕鬼敲門	bu-sandhi-reading,bu-tone-coverage
L_y_]e	不怕累	bu-sandhi-reading,bu-tone-coverage
L_y_`jhI	不怕困難	bu-sandhi-reading,bu-tone-coverage
L_y_g:NOy_vY	不怕官只怕管	bu-sandhi-reading,bu-tone-coverage
L_y_hI	不怕難	bu-sandhi-reading,bu-tone-coverage
L_y_k@eI	不怕麻煩	bu-sandhi-reading,bu-tone-coverage
L_y_uO	不怕苦	bu-sandhi-reading,bu-tone-coverage
L_yf	不吊	bu-sandhi-reading,bu-tone-coverage
L_yf	不掉	bu-sandhi-reading,bu-tone-coverage
L_yf	不調	bu-sandhi-reading,bu-tone-coverage
L_yf	不釣	bu-sandhi-reading,bu-tone-coverage
L_yh0_	不幹事	bu-sandhi-reading,bu-tone-coverage
L_yhYB	不幹活	bu-sandhi-reading,bu-tone-coverage
L_yhqq	不幹了	bu-sandhi-reading,bu-tone-coverage
L_z;IX	不遵守	bu-sandhi-reading,bu-tone-coverage
L_z;^l	不尊敬	bu-sandhi-reading,bu-tone-coverage
L_z;mM	不遵從	bu-sandhi-reading,bu-tone-coverage
L_z;wl	不尊重	bu-sandhi-reading,bu-tone-coverage
L_z;wl9P`l	不尊重女性	bu-sandhi-reading,bu-tone-coverage
L_zI	不眠	bu-sandhi-reading,bu-tone-coverage
L_zI?0Yc	不眠之夜	bu-sandhi-reading,bu-tone-coverage
L_zJ	不沉	bu-sandhi-reading,bu-tone-coverage
L_zf	不跳	bu-sandhi-reading,bu-tone-coverage
L_zg	不奏	bu-sandhi-reading,bu-tone-coverage
L_zg	不揍	bu-sandhi-reading,bu-tone-coverage
L_zg3g	不奏效	bu-sandhi-reading,bu-tone-coverage
L_zh	不看	bu-sandhi-reading,bu-tone-coverage
L_zh:W	不看好	bu-sandhi-reading,bu-tone-coverage
L_zhqq	不看了	bu-sandhi-reading,bu-tone-coverage
L_zhySx_	不看也罷	bu-sandhi-reading,bu-tone-coverage
L_zh{H	不看球	bu-sandhi-reading,bu-tone-coverage
L_zi	不笨	bu-sandhi-reading,bu-tone-coverage
L_zjOb	不遜色	bu-sandhi-reading,bu-tone-coverage
L_zjR@	不遜於	bu-sandhi-reading,bu-tone-coverage
L_{<S<	不慌張	bu-sandhi-reading,bu-tone-coverage
L_{?1]	不提醒	bu-sandhi-reading,bu-tone-coverage
L_{?3>	不提供	bu-sandhi-reading,bu-tone-coverage
L_{?Ck	不提倡	bu-sandhi-reading,bu-tone-coverage
L_{?qq	不提了	bu-sandhi-reading,bu-tone-coverage
L_{@	不砸	bu-sandhi-reading,bu-tone-coverage
L_{Hs2	不求多	bu-sandhi-reading,bu-tone-coverage
L_{O]O	不處理	bu-sandhi-reading,bu-tone-coverage
L_{gRW	不湊巧	bu-sandhi-reading,bu-tone-coverage
L_{h?1	不和他	bu-sandhi-reading,bu-tone-coverage
L_{hN_	不和睦	bu-sandhi-reading,bu-tone-coverage
L_{hXD	不和諧	bu-sandhi-reading,bu-tone-coverage
L_{hXDQ;	不和諧音	bu-sandhi-reading,bu-tone-coverage
L_{h\O	不和你	bu-sandhi-reading,bu-tone-coverage
L_|J`l	不人性	bu-sandhi-reading,bu-tone-coverage
L_|M	不窮	bu-sandhi-reading,bu-tone-coverage
L_|Y	不轉	bu-sandhi-reading,bu-tone-coverage
L_|_:W	不大好	bu-sandhi-reading,bu-tone-coverage
L_|_F0Ik	不大一樣	bu-sandhi-reading,bu-tone-coverage
L_|_R@	不大於	bu-sandhi-reading,bu-tone-coverage
L_|_dR4M	不大可能	bu-sandhi-reading,bu-tone-coverage
L_|_p={O	不大清楚	bu-sandhi-reading,bu-tone-coverage
L_|_qq	不大了	bu-sandhi-reading,bu-tone-coverage
L_|_w[	不大想	bu-sandhi-reading,bu-tone-coverage
L_|_}?6N	不大離兒	bu-sandhi-reading,bu-tone-coverage
L_}8	不都	bu-sandhi-reading,bu-tone-coverage
L_}803	不都說	bu-sandhi-reading,bu-tone-coverage
L_}80_	不都是	bu-sandhi-reading,bu-tone-coverage
L_}8IbIk	不都這樣	bu-sandhi-reading,bu-tone-coverage
L_}?6N	不離兒	bu-sandhi-reading,bu-tone-coverage
L_}?IX	不離手	bu-sandhi-reading,bu-tone-coverage
L_}?L_B_	不離不棄	bu-sandhi-reading,bu-tone-coverage
L_}?g5	不離開	bu-sandhi-reading,bu-tone-coverage
L_}F	不回	bu-sandhi-reading,bu-tone-coverage
L_}F6_	不迴避	bu-sandhi-reading,bu-tone-coverage
L_}FEE	不回來	bu-sandhi-reading,bu-tone-coverage
L_}FO_	不回覆	bu-sandhi-reading,bu-tone-coverage
L_}F[1	不回家	bu-sandhi-reading,bu-tone-coverage
L_}F^H	不回頭	bu-sandhi-reading,bu-tone-coverage
L_}Fm@	不回答	bu-sandhi-reading,bu-tone-coverage
L_}Fn_	不回去	bu-sandhi-reading,bu-tone-coverage
L_}Fn_qq	不回去了	bu-sandhi-reading,bu-tone-coverage
L_}Fqq	不回了	bu-sandhi-reading,bu-tone-coverage
L_}I	不填	bu-sandhi-reading,bu-tone-coverage
L_}I	不甜	bu-sandhi-reading,bu-tone-coverage
L_}O	不辱	bu-sandhi-reading,bu-tone-coverage
L_}^	不至	bu-sandhi-reading,bu-tone-coverage
L_}^6NTO	不治而死	bu-sandhi-reading,bu-tone-coverage
L_}^6Na_	不治而愈	bu-sandhi-reading,bu-tone-coverage
L_}^?0>P	不智之舉	bu-sandhi-reading,bu-tone-coverage
L_}^R@Xo	不至於吧	bu-sandhi-reading,bu-tone-coverage
L_}^TO	不致死	bu-sandhi-reading,bu-tone-coverage
L_}^Ul	不致命	bu-sandhi-reading,bu-tone-coverage
L_}iL_bO	不憤不啟	bu-sandhi-reading,bu-tone-coverage
L_}l	不送	bu-sandhi-reading,bu-tone-coverage
L_}l]O	不送禮	bu-sandhi-reading,bu-tone-coverage
L_~0F04CUk|JQE	不拘一格降人才	bu-sandhi-reading,bu-tone-coverage
L_~0|?	不拘泥	bu-sandhi-reading,bu-tone-coverage
L_~0|?R@	不拘泥於	bu-sandhi-reading,bu-tone-coverage
L_~8	不偷	bu-sandhi-reading,bu-tone-coverage
L_~8L_v[	不偷不搶	bu-sandhi-reading,bu-tone-coverage
L_~U	不給	bu-sandhi-reading,bu-tone-coverage
L_~U2P	不給予	bu-sandhi-reading,bu-tone-coverage
L_~U5J	不給錢	bu-sandhi-reading,bu-tone-coverage
L_~U=_	不給力	bu-sandhi-reading,bu-tone-coverage
L_~U=_Wo	不給力啊	bu-sandhi-reading,bu-tone-coverage
L_~U?1	不給他	bu-sandhi-reading,bu-tone-coverage
L_~U?1\y	不給他們	bu-sandhi-reading,bu-tone-coverage
L_~U\O	不給你	bu-sandhi-reading,bu-tone-coverage
L_~U\O\y	不給你們	bu-sandhi-reading,bu-tone-coverage
L_~Ul0	不給出	bu-sandhi-reading,bu-tone-coverage
L_~Uzh	不給看	bu-sandhi-reading,bu-tone-coverage
L_~U|J	不給人	bu-sandhi-reading,bu-tone-coverage
L_~U}Q	不給我	bu-sandhi-reading,bu-tone-coverage
L_~_k@	不那麼	bu-sandhi-reading,bu-tone-coverage
L_~l1W	不用跑	bu-sandhi-reading,bu-tone-coverage
L_~l2@	不用急	bu-sandhi-reading,bu-tone-coverage
L_~l2_aO	不用自己	bu-sandhi-reading,bu-tone-coverage
L_~l3@Qd	不用期待	bu-sandhi-reading,bu-tone-coverage
L_~l5J	不用錢	bu-sandhi-reading,bu-tone-coverage
L_~l6T0_	不用解釋	bu-sandhi-reading,bu-tone-coverage
L_~l7:_;	不用擔心	bu-sandhi-reading,bu-tone-coverage
L_~l9Wi_	不用考慮	bu-sandhi-reading,bu-tone-coverage
L_~l>W	不用找	bu-sandhi-reading,bu-tone-coverage
L_~l@bKD	不用特別	bu-sandhi-reading,bu-tone-coverage
L_~lD;	不用跟	bu-sandhi-reading,bu-tone-coverage
L_~lEE	不用來	bu-sandhi-reading,bu-tone-coverage
L_~lF0n?	不用一直	bu-sandhi-reading,bu-tone-coverage
L_~lMP	不用打	bu-sandhi-reading,bu-tone-coverage
L_~lR@	不用於	bu-sandhi-reading,bu-tone-coverage
L_~lRd7:_;	不用太擔心	bu-sandhi-reading,bu-tone-coverage
L_~lVj	不用問	bu-sandhi-reading,bu-tone-coverage
L_~lZ_Nb	不用註冊	bu-sandhi-reading,bu-tone-coverage
L_~l\O	不用你	bu-sandhi-reading,bu-tone-coverage
L_~l]O	不用理	bu-sandhi-reading,bu-tone-coverage
L_~l_d	不用再	bu-sandhi-reading,bu-tone-coverage
L_~l_d	不用在	bu-sandhi-reading,bu-tone-coverage
L_~la\	不用等	bu-sandhi-reading,bu-tone-coverage
L_~lgc	不用謝	bu-sandhi-reading,bu-tone-coverage
L_~ll0	不用出	bu-sandhi-reading,bu-tone-coverage
L_~llO	不用補	bu-sandhi-reading,bu-tone-coverage
L_~ln_	不用去	bu-sandhi-reading,bu-tone-coverage
L_~loT	不用買	bu-sandhi-reading,bu-tone-coverage
L_~lqq	不用了	bu-sandhi-reading,bu-tone-coverage
L_~ls203	不用多說	bu-sandhi-reading,bu-tone-coverage
L_~ltEu?	不用懷疑	bu-sandhi-reading,bu-tone-coverage
L_~ltf	不用藥	bu-sandhi-reading,bu-tone-coverage
L_~lu[	不用講	bu-sandhi-reading,bu-tone-coverage
L_~lvY?1	不用管他	bu-sandhi-reading,bu-tone-coverage
L_~lw[	不用想	bu-sandhi-reading,bu-tone-coverage
L_~ly_	不用怕	bu-sandhi-reading,bu-tone-coverage
L_~l}Q	不用我	bu-sandhi-reading,bu-tone-coverage
L_~l~_k@	不用那麼	bu-sandhi-reading,bu-tone-coverage
L`L_qq	下不了	bu-sandhi-reading,bu-tone-coverage
L`L_qqIX	下不了手	bu-sandhi-reading,bu-tone-coverage
L`_dL_qq	下載不了	bu-sandhi-reading,bu-tone-coverage
L`iML_dRUO2Pd=	夏蟲不可以語冰	bu-sandhi-reading,bu-tone-coverage
Ld2PL_Ld	愛與不愛	bu-sandhi-reading,bu-tone-coverage
Ld>1L_]O	愛搭不理	bu-sandhi-reading,bu-tone-coverage
LdEEL_EE	愛來不來	bu-sandhi-reading,bu-tone-coverage
LdL_Ld	愛不愛	bu-sandhi-reading,bu-tone-coverage
LdNjL_Nj	愛信不信	bu-sandhi-reading,bu-tone-coverage
LdXeL_FM	曖昧不明	bu-sandhi-reading,bu-tone-coverage
Lj8fL_nq	進退不得	bu-sandhi-reading,bu-tone-coverage
LjL_n_	進不去	bu-sandhi-reading,bu-tone-coverage
LjL_n_qq	進不去了	bu-sandhi-reading,bu-tone-coverage
LjL_qq{H	進不了球	bu-sandhi-reading,bu-tone-coverage
M1L_yf	擦不掉	bu-sandhi-reading,bu-tone-coverage
M7L_Lj	虧不盡	bu-sandhi-reading,bu-tone-coverage
M7L_qq	虧不了	bu-sandhi-reading,bu-tone-coverage
M7sIL_ml	巋然不動	bu-sandhi-reading,bu-tone-coverage
M9L_qq	修不了	bu-sandhi-reading,bu-tone-coverage
M<L_Z_	扛不住	bu-sandhi-reading,bu-tone-coverage
M<n?L_91	剛直不阿	bu-sandhi-reading,bu-tone-coverage
MPL_	打不	bu-sandhi-reading,bu-tone-coverage
MPL_0>	打不通	bu-sandhi-reading,bu-tone-coverage
MPL_6[	打不準	bu-sandhi-reading,bu-tone-coverage
MPL_:W	打不好	bu-sandhi-reading,bu-tone-coverage
MPL_=M	打不成	bu-sandhi-reading,bu-tone-coverage
MPL_CM	打不贏	bu-sandhi-reading,bu-tone-coverage
MPL_Dk	打不上	bu-sandhi-reading,bu-tone-coverage
MPL_L`n_	打不下去	bu-sandhi-reading,bu-tone-coverage
MPL_Lj	打不進	bu-sandhi-reading,bu-tone-coverage
MPL_MP	打不打	bu-sandhi-reading,bu-tone-coverage
MPL_TO	打不死	bu-sandhi-reading,bu-tone-coverage
MPL_Z_	打不住	bu-sandhi-reading,bu-tone-coverage
MPL_bO	打不起	bu-sandhi-reading,bu-tone-coverage
MPL_bOEE	打不起來	bu-sandhi-reading,bu-tone-coverage
MPL_cf	打不到	bu-sandhi-reading,bu-tone-coverage
MPL_fa	打不過	bu-sandhi-reading,bu-tone-coverage
MPL_fa?1	打不過他	bu-sandhi-reading,bu-tone-coverage
MPL_fa}Q	打不過我	bu-sandhi-reading,bu-tone-coverage
MPL_l0	打不出	bu-sandhi-reading,bu-tone-coverage
MPL_l0EE	打不出來	bu-sandhi-reading,bu-tone-coverage
MPL_qq	打不了	bu-sandhi-reading,bu-tone-coverage
MPL_xq	打不著	bu-sandhi-reading,bu-tone-coverage
MW6TL_L;	瞭解不深	bu-sandhi-reading,bu-tone-coverage
MW6TL_pg	瞭解不夠	bu-sandhi-reading,bu-tone-coverage
MWL_=M	了不成	bu-sandhi-reading,bu-tone-coverage
MWL_nq	了不得	bu-sandhi-reading,bu-tone-coverage
M_y<L_O@	曝光不足	bu-sandhi-reading,bu-tone-coverage
MdL_|U	敗不餒	bu-sandhi-reading,bu-tone-coverage
Mdt2L_tf	拜託不要	bu-sandhi-reading,bu-tone-coverage
MiMiL_4M	萬萬不能	bu-sandhi-reading,bu-tone-coverage
MlL_B8MdL_|U	勝不驕敗不餒	bu-sandhi-reading,bu-tone-coverage
MlL_cf	剩不到	bu-sandhi-reading,bu-tone-coverage
N7L_6hD9	灰不溜丟	bu-sandhi-reading,bu-tone-coverage
N7L_A12@	灰不喇唧	bu-sandhi-reading,bu-tone-coverage
N:L_	天不	bu-sandhi-reading,bu-tone-coverage
N:L_y_	天不怕	bu-sandhi-reading,bu-tone-coverage
N:L_y_:_L_y_	天不怕地不怕	bu-sandhi-reading,bu-tone-coverage
N=L_Z_	繃不住	bu-sandhi-reading,bu-tone-coverage
N=L_Z_qq	繃不住了	bu-sandhi-reading,bu-tone-coverage
N@7RL_	如果不	bu-sandhi-reading,bu-tone-coverage
N@7RL_0_	如果不是	bu-sandhi-reading,bu-tone-coverage
N@L_	如不	bu-sandhi-reading,bu-tone-coverage
N@L_MlF0	如不勝衣	bu-sandhi-reading,bu-tone-coverage
NJL_DkEE	傳不上來	bu-sandhi-reading,bu-tone-coverage
NJL_cf	傳不到	bu-sandhi-reading,bu-tone-coverage
NJL_qq	傳不了	bu-sandhi-reading,bu-tone-coverage
NO03L_pa	只說不做	bu-sandhi-reading,bu-tone-coverage
NOL_L_5J	止步不前	bu-sandhi-reading,bu-tone-coverage
NOL_Wl	指不定	bu-sandhi-reading,bu-tone-coverage
NOL_Z_nq	止不住地	bu-sandhi-reading,bu-tone-coverage
NOL_Z_nq	止不住的	bu-sandhi-reading,bu-tone-coverage
NOL_Z_qq	止不住了	bu-sandhi-reading,bu-tone-coverage
NOL_fa	只不過	bu-sandhi-reading,bu-tone-coverage
NOL_fa0_	只不過是	bu-sandhi-reading,bu-tone-coverage
NOL_faaO~I5J	只不過幾年前	bu-sandhi-reading,bu-tone-coverage
NOL_qq	止不了	bu-sandhi-reading,bu-tone-coverage
NONX\Ow[L_cf	只有你想不到	bu-sandhi-reading,bu-tone-coverage
NOo0L_Od	只租不賣	bu-sandhi-reading,bu-tone-coverage
NOtfL_0_	只要不是	bu-sandhi-reading,bu-tone-coverage
NOtf\OL_	只要你不	bu-sandhi-reading,bu-tone-coverage
NO}lL_Od	只送不賣	bu-sandhi-reading,bu-tone-coverage
NX5JL_oTqh~I6J	有錢不買半年閒	bu-sandhi-reading,bu-tone-coverage
NX5_p5p1p1L_=1	有意栽花花不發	bu-sandhi-reading,bu-tone-coverage
NX6CL_4R	有何不妥	bu-sandhi-reading,bu-tone-coverage
NX6CL__M	有何不同	bu-sandhi-reading,bu-tone-coverage
NX<Ck@L__M	有什麼不同	bu-sandhi-reading,bu-tone-coverage
NXCR2fNXCRL_2f	有所為有所不為	bu-sandhi-reading,bu-tone-coverage
NXCRL_DY	有所不滿	bu-sandhi-reading,bu-tone-coverage
NXL_	有不	bu-sandhi-reading,bu-tone-coverage
NXL_>]	有不懂	bu-sandhi-reading,bu-tone-coverage
NXL_@W	有不少	bu-sandhi-reading,bu-tone-coverage
NXL_BL	有不良	bu-sandhi-reading,bu-tone-coverage
NXL_SW	有不小	bu-sandhi-reading,bu-tone-coverage
NXL__M	有不同	bu-sandhi-reading,bu-tone-coverage
NXL_p={O	有不清楚	bu-sandhi-reading,bu-tone-coverage
NXLjL_NO	有禁不止	bu-sandhi-reading,bu-tone-coverage
NXWYL_0_	有眼不識	bu-sandhi-reading,bu-tone-coverage
NX\YL_	有點不	bu-sandhi-reading,bu-tone-coverage
NX\YL__M	有點不同	bu-sandhi-reading,bu-tone-coverage
NXhHL__fj6:<RO	有仇不報非君子	bu-sandhi-reading,bu-tone-coverage
N_5JIJL_p={O	目前還不清楚	bu-sandhi-reading,bu-tone-coverage
NbL_6[	測不準	bu-sandhi-reading,bu-tone-coverage
NbL_cf	測不到	bu-sandhi-reading,bu-tone-coverage
NbL_l0	測不出	bu-sandhi-reading,bu-tone-coverage
NbL_l0EE	測不出來	bu-sandhi-reading,bu-tone-coverage
Nj4@L_7f]=	信息不對稱	bu-sandhi-reading,bu-tone-coverage
NjL_Nj	信不信	bu-sandhi-reading,bu-tone-coverage
NjL_NjnH\O	信不信由你	bu-sandhi-reading,bu-tone-coverage
NjL_fa	信不過	bu-sandhi-reading,bu-tone-coverage
O16NL_@@	壓而不服	bu-sandhi-reading,bu-tone-coverage
O1L_Gf	壓不碎	bu-sandhi-reading,bu-tone-coverage
O1L_Z_	壓不住	bu-sandhi-reading,bu-tone-coverage
OGL_Z_	熬不住	bu-sandhi-reading,bu-tone-coverage
OGL_cf	熬不到	bu-sandhi-reading,bu-tone-coverage
OGL_fa	熬不過	bu-sandhi-reading,bu-tone-coverage
OKL_Dk	輪不上	bu-sandhi-reading,bu-tone-coverage
OKL_cf	輪不到	bu-sandhi-reading,bu-tone-coverage
OPCbL_0_	哪個不是	bu-sandhi-reading,bu-tone-coverage
OPG@L_g5{?OPG@	哪壺不開提哪壺	bu-sandhi-reading,bu-tone-coverage
O]4ZL_4M	永遠不能	bu-sandhi-reading,bu-tone-coverage
O]4ZL_=f	永遠不會	bu-sandhi-reading,bu-tone-coverage
O]8ML_8i	永恆不變	bu-sandhi-reading,bu-tone-coverage
O]L_2fC@	永不為奴	bu-sandhi-reading,bu-tone-coverage
O]L_4@\c	永不熄滅	bu-sandhi-reading,bu-tone-coverage
O]L_7kB_	永不放棄	bu-sandhi-reading,bu-tone-coverage
O]L_@@m0	永不服輸	bu-sandhi-reading,bu-tone-coverage
O]L_IM4@	永不停息	bu-sandhi-reading,bu-tone-coverage
O]L_IMNO	永不停止	bu-sandhi-reading,bu-tone-coverage
O]}^L__k	永志不忘	bu-sandhi-reading,bu-tone-coverage
O_4@L_>J	複習不完	bu-sandhi-reading,bu-tone-coverage
O_6CL_qq	負荷不了	bu-sandhi-reading,bu-tone-coverage
O_7:L_bO	負擔不起	bu-sandhi-reading,bu-tone-coverage
O_L_faG:Qd	富不過三代	bu-sandhi-reading,bu-tone-coverage
O_L_qq	付不了	bu-sandhi-reading,bu-tone-coverage
O_nO_dL_4ZnH	父母在不遠游	bu-sandhi-reading,bu-tone-coverage
OdL_Dk	賣不上	bu-sandhi-reading,bu-tone-coverage
OdL_Od	賣不賣	bu-sandhi-reading,bu-tone-coverage
OdL_cf	賣不到	bu-sandhi-reading,bu-tone-coverage
OdL_l0	賣不出	bu-sandhi-reading,bu-tone-coverage
OdL_ml	賣不動	bu-sandhi-reading,bu-tone-coverage
OdL_qq	賣不了	bu-sandhi-reading,bu-tone-coverage
OdL_yf	賣不掉	bu-sandhi-reading,bu-tone-coverage
PAL_2@6h	滑不唧溜	bu-sandhi-reading,bu-tone-coverage
PML_2_Lj	情不自禁	bu-sandhi-reading,bu-tone-coverage
PML_2_Ml	情不自勝	bu-sandhi-reading,bu-tone-coverage
PML_ci	情不願	bu-sandhi-reading,bu-tone-coverage
PML_dRCd	情不可卻	bu-sandhi-reading,bu-tone-coverage
PMo_L_:W	情緒不好	bu-sandhi-reading,bu-tone-coverage
PO9>L_8i	始終不變	bu-sandhi-reading,bu-tone-coverage
POL_nq	使不得	bu-sandhi-reading,bu-tone-coverage
PO}QL_nqg5_;wI	使我不得開心顏	bu-sandhi-reading,bu-tone-coverage
PO}^L_R@	矢志不渝	bu-sandhi-reading,bu-tone-coverage
PO~lL_I<	使用不當	bu-sandhi-reading,bu-tone-coverage
PY6NL_zg	斬而不奏	bu-sandhi-reading,bu-tone-coverage
Q;L_DY	因不滿	bu-sandhi-reading,bu-tone-coverage
Q=4CL_?]F0	風格不統一	bu-sandhi-reading,bu-tone-coverage
Q=C2L_Ri	風波不斷	bu-sandhi-reading,bu-tone-coverage
Q=D2L_Ri	風波不斷	bu-sandhi-reading,bu-tone-coverage
Q=DkL__M	風尚不同	bu-sandhi-reading,bu-tone-coverage
Q=y<L__d	風光不再	bu-sandhi-reading,bu-tone-coverage
QEL_0_	才不是	bu-sandhi-reading,bu-tone-coverage
QEL_=f	才不會	bu-sandhi-reading,bu-tone-coverage
QEL_cf	才不到	bu-sandhi-reading,bu-tone-coverage
QM2fL_c:	行為不端	bu-sandhi-reading,bu-tone-coverage
QM2iL_a_|J?0	行善不欲人知	bu-sandhi-reading,bu-tone-coverage
QM=>L_Wl	行蹤不定	bu-sandhi-reading,bu-tone-coverage
QML_	行不	bu-sandhi-reading,bu-tone-coverage
QML_0>nq	行不通的	bu-sandhi-reading,bu-tone-coverage
QML_=M	形不成	bu-sandhi-reading,bu-tone-coverage
QML_QMWo	行不行啊	bu-sandhi-reading,bu-tone-coverage
QML_mM^l	行不從徑	bu-sandhi-reading,bu-tone-coverage
QML_nq	行不得	bu-sandhi-reading,bu-tone-coverage
QML_nqyS	行不得也	bu-sandhi-reading,bu-tone-coverage
QMmlL_8i	行動不便	bu-sandhi-reading,bu-tone-coverage
QWKlL_y_XD:6	腳正不怕鞋歪	bu-sandhi-reading,bu-tone-coverage
QWL_A:nq	腳不沾地	bu-sandhi-reading,bu-tone-coverage
QWg<L_J1	繳槍不殺	bu-sandhi-reading,bu-tone-coverage
Q_RORV:14LL_qq	兔子尾巴長不了	bu-sandhi-reading,bu-tone-coverage
Qd;_L_qq	代替不了	bu-sandhi-reading,bu-tone-coverage
QdL_KX	帶不走	bu-sandhi-reading,bu-tone-coverage
QdL_L`n_	待不下去	bu-sandhi-reading,bu-tone-coverage
QdL_Qd	帶不帶	bu-sandhi-reading,bu-tone-coverage
QdL_qq	帶不了	bu-sandhi-reading,bu-tone-coverage
R0=fL_s2	機會不多	bu-sandhi-reading,bu-tone-coverage
R0H1L_Ri	嘰喳不斷	bu-sandhi-reading,bu-tone-coverage
R0KZL_@0	基本不吃	bu-sandhi-reading,bu-tone-coverage
R0KZL_dR4M	基本不可能	bu-sandhi-reading,bu-tone-coverage
R0mlL_UO	激動不已	bu-sandhi-reading,bu-tone-coverage
R0{OL_:W	基礎不好	bu-sandhi-reading,bu-tone-coverage
R7L_Dk	追不上	bu-sandhi-reading,bu-tone-coverage
R7L_cf	追不到	bu-sandhi-reading,bu-tone-coverage
R=L_Ljn_	登不進去	bu-sandhi-reading,bu-tone-coverage
R=S_L_qq	登錄不了	bu-sandhi-reading,bu-tone-coverage
R@9jL_Ri	餘震不斷	bu-sandhi-reading,bu-tone-coverage
R@p?L_rg	逾時不候	bu-sandhi-reading,bu-tone-coverage
R@zBL_O@	餘額不足	bu-sandhi-reading,bu-tone-coverage
ROL_2P	子不語	bu-sandhi-reading,bu-tone-coverage
RVx?L_9j	委靡不振	bu-sandhi-reading,bu-tone-coverage
RWL_RW	巧不巧	bu-sandhi-reading,bu-tone-coverage
RYnaL_Wl	閃爍不定	bu-sandhi-reading,bu-tone-coverage
R_3@L_\=	怒其不爭	bu-sandhi-reading,bu-tone-coverage
Rd:LO]L_ea	太陽永不落	bu-sandhi-reading,bu-tone-coverage
RdL_	太不	bu-sandhi-reading,bu-tone-coverage
RdL_:Wqq	太不好了	bu-sandhi-reading,bu-tone-coverage
RdL_Wk_`	太不像話	bu-sandhi-reading,bu-tone-coverage
RdL_kM5_	太不容易	bu-sandhi-reading,bu-tone-coverage
RdP_L_:W	態度不好	bu-sandhi-reading,bu-tone-coverage
RiL_qq	斷不了	bu-sandhi-reading,bu-tone-coverage
RlL_bOEE	硬不起來	bu-sandhi-reading,bu-tone-coverage
S0x?L_9j	淒迷不振	bu-sandhi-reading,bu-tone-coverage
S7L_cf	吹不到	bu-sandhi-reading,bu-tone-coverage
S7L_l0	吹不出	bu-sandhi-reading,bu-tone-coverage
S;L_fa	拼不過	bu-sandhi-reading,bu-tone-coverage
SWL_qq	小不了	bu-sandhi-reading,bu-tone-coverage
SWmlL_pO	小洞不堵	bu-sandhi-reading,bu-tone-coverage
SWySL_nHxU	小野不由美	bu-sandhi-reading,bu-tone-coverage
Sd6CL_qq	奈何不了	bu-sandhi-reading,bu-tone-coverage
SlL_	並不	bu-sandhi-reading,bu-tone-coverage
SlL_0_6C	並不適合	bu-sandhi-reading,bu-tone-coverage
SlL_0_}Q	並不是我	bu-sandhi-reading,bu-tone-coverage
SlL_11tf	並不需要	bu-sandhi-reading,bu-tone-coverage
SlL_2ffa	並不為過	bu-sandhi-reading,bu-tone-coverage
SlL_3@2e	並不奇怪	bu-sandhi-reading,bu-tone-coverage
SlL_4L	並不長	bu-sandhi-reading,bu-tone-coverage
SlL_4e	並不壞	bu-sandhi-reading,bu-tone-coverage
SlL_5_2f	並不意味	bu-sandhi-reading,bu-tone-coverage
SlL_6C0_	並不合適	bu-sandhi-reading,bu-tone-coverage
SlL_6[	並不准	bu-sandhi-reading,bu-tone-coverage
SlL_8iu?	並不便宜	bu-sandhi-reading,bu-tone-coverage
SlL_:W	並不好	bu-sandhi-reading,bu-tone-coverage
SlL_<j2f	並不認為	bu-sandhi-reading,bu-tone-coverage
SlL_=f	並不會	bu-sandhi-reading,bu-tone-coverage
SlL_>JaJ	並不完全	bu-sandhi-reading,bu-tone-coverage
SlL_?0cf	並不知道	bu-sandhi-reading,bu-tone-coverage
SlL_B@l0	並不突出	bu-sandhi-reading,bu-tone-coverage
SlL_F0Wl	並不一定	bu-sandhi-reading,bu-tone-coverage
SlL_F0}^	並不一致	bu-sandhi-reading,bu-tone-coverage
SlL_FMeY	並不明顯	bu-sandhi-reading,bu-tone-coverage
SlL_I1	並不差	bu-sandhi-reading,bu-tone-coverage
SlL_K0	並不低	bu-sandhi-reading,bu-tone-coverage
SlL_Kb2@	並不涉及	bu-sandhi-reading,bu-tone-coverage
SlL_LYCi	並不罕見	bu-sandhi-reading,bu-tone-coverage
SlL_MW6T	並不瞭解	bu-sandhi-reading,bu-tone-coverage
SlL_N@	並不如	bu-sandhi-reading,bu-tone-coverage
SlL_NO	並不止	bu-sandhi-reading,bu-tone-coverage
SlL_O_a_	並不富裕	bu-sandhi-reading,bu-tone-coverage
SlL_QdFW	並不代表	bu-sandhi-reading,bu-tone-coverage
SlL_RG[j	並不矛盾	bu-sandhi-reading,bu-tone-coverage
SlL_Rd	並不太	bu-sandhi-reading,bu-tone-coverage
SlL_Sl	併不併	bu-sandhi-reading,bu-tone-coverage
SlL_T0_k	並不希望	bu-sandhi-reading,bu-tone-coverage
SlL_UZ	並不很	bu-sandhi-reading,bu-tone-coverage
SlL_VO	並不比	bu-sandhi-reading,bu-tone-coverage
SlL_Wk	並不像	bu-sandhi-reading,bu-tone-coverage
SlL_]Ow[	並不理想	bu-sandhi-reading,bu-tone-coverage
SlL__d	並不在	bu-sandhi-reading,bu-tone-coverage
SlL__d5_	並不在意	bu-sandhi-reading,bu-tone-coverage
SlL__dg0	並不在乎	bu-sandhi-reading,bu-tone-coverage
SlL_aJ	並不全	bu-sandhi-reading,bu-tone-coverage
SlL_a\R@	並不等於	bu-sandhi-reading,bu-tone-coverage
SlL_bi	並不算	bu-sandhi-reading,bu-tone-coverage
SlL_cOi:	並不喜歡	bu-sandhi-reading,bu-tone-coverage
SlL_ec5_	並不介意	bu-sandhi-reading,bu-tone-coverage
SlL_h<0>	並不相通	bu-sandhi-reading,bu-tone-coverage
SlL_h<Nj	並不相信	bu-sandhi-reading,bu-tone-coverage
SlL_h<_M	並不相同	bu-sandhi-reading,bu-tone-coverage
SlL_h<g:	並不相關	bu-sandhi-reading,bu-tone-coverage
SlL_hI	並不難	bu-sandhi-reading,bu-tone-coverage
SlL_kM5_	並不容易	bu-sandhi-reading,bu-tone-coverage
SlL_lZlZ	並不僅僅	bu-sandhi-reading,bu-tone-coverage
SlL_m_NX	並不具有	bu-sandhi-reading,bu-tone-coverage
SlL_n?nq	並不值得	bu-sandhi-reading,bu-tone-coverage
SlL_p={O	並不清楚	bu-sandhi-reading,bu-tone-coverage
SlL_p??;	並不十分	bu-sandhi-reading,bu-tone-coverage
SlL_pg=M	並不構成	bu-sandhi-reading,bu-tone-coverage
SlL_s2	並不多	bu-sandhi-reading,bu-tone-coverage
SlL_s2Ci	並不多見	bu-sandhi-reading,bu-tone-coverage
SlL_w[	並不想	bu-sandhi-reading,bu-tone-coverage
SlL_wl	並不重	bu-sandhi-reading,bu-tone-coverage
SlL_|OR@	並不屬於	bu-sandhi-reading,bu-tone-coverage
SlL_|_	並不大	bu-sandhi-reading,bu-tone-coverage
T011L_UO	唏噓不已	bu-sandhi-reading,bu-tone-coverage
T0_kL_|_	希望不大	bu-sandhi-reading,bu-tone-coverage
T0`ZL_qq	吸引不了	bu-sandhi-reading,bu-tone-coverage
T3L_0_	哥不是	bu-sandhi-reading,bu-tone-coverage
T3kRL_L`	割捨不下	bu-sandhi-reading,bu-tone-coverage
T3rAy\L_fa|_XV	胳膊擰不過大腿	bu-sandhi-reading,bu-tone-coverage
T3xqL_ml	擱著不動	bu-sandhi-reading,bu-tone-coverage
T5L_qq	缺不了	bu-sandhi-reading,bu-tone-coverage
T:3EL_TZ	堅決不肯	bu-sandhi-reading,bu-tone-coverage
T:BXL_2P	緘口不語	bu-sandhi-reading,bu-tone-coverage
T:J;L_R@	堅貞不渝	bu-sandhi-reading,bu-tone-coverage
T:NjL_u?	堅信不疑	bu-sandhi-reading,bu-tone-coverage
T:o?L_L`	堅持不下	bu-sandhi-reading,bu-tone-coverage
T:vYL_=_	監管不力	bu-sandhi-reading,bu-tone-coverage
TJ:_L_ml	原地不動	bu-sandhi-reading,bu-tone-coverage
TJEEL_0_	原來不是	bu-sandhi-reading,bu-tone-coverage
TO6NL_f<	死而不僵	bu-sandhi-reading,bu-tone-coverage
TOL_Qdn_	死不帶去	bu-sandhi-reading,bu-tone-coverage
TOL_TO	死不死	bu-sandhi-reading,bu-tone-coverage
TOL_]VuT	死不悔改	bu-sandhi-reading,bu-tone-coverage
TOL_qq_;	死不了心	bu-sandhi-reading,bu-tone-coverage
TOU<L_A_3@\_	死傷不計其數	bu-sandhi-reading,bu-tone-coverage
TOYBL_TZ	死活不肯	bu-sandhi-reading,bu-tone-coverage
TOYBL_T_	死活不顧	bu-sandhi-reading,bu-tone-coverage
TOk0L_y_g5cV9k	死豬不怕開水燙	bu-sandhi-reading,bu-tone-coverage
TOqIL_7k	死纏不放	bu-sandhi-reading,bu-tone-coverage
TQL_L`_Y	抹不下臉	bu-sandhi-reading,bu-tone-coverage
TQL_g5:iRO	抹不開面子	bu-sandhi-reading,bu-tone-coverage
TQL_yfnq	抹不掉的	bu-sandhi-reading,bu-tone-coverage
TZWlL_	肯定不	bu-sandhi-reading,bu-tone-coverage
TZWlL_0_	肯定不是	bu-sandhi-reading,bu-tone-coverage
T_L_4M	故不能	bu-sandhi-reading,bu-tone-coverage
T_L_cf	顧不到	bu-sandhi-reading,bu-tone-coverage
T_WlL_8i	固定不變	bu-sandhi-reading,bu-tone-coverage
T_WlL_ml	固定不動	bu-sandhi-reading,bu-tone-coverage
U:MiL_4M	千萬不能	bu-sandhi-reading,bu-tone-coverage
U:MiL_dR	千萬不可	bu-sandhi-reading,bu-tone-coverage
U:MiL_tf	千萬不要	bu-sandhi-reading,bu-tone-coverage
U<L_bO	傷不起	bu-sandhi-reading,bu-tone-coverage
U<L_cf	傷不到	bu-sandhi-reading,bu-tone-coverage
U<L_qq	傷不了	bu-sandhi-reading,bu-tone-coverage
UBL_ml	挪不動	bu-sandhi-reading,bu-tone-coverage
UGL_fa	逃不過	bu-sandhi-reading,bu-tone-coverage
UGL_l0n_	逃不出去	bu-sandhi-reading,bu-tone-coverage
UGL_t2	逃不脫	bu-sandhi-reading,bu-tone-coverage
UGL_yf	逃不掉	bu-sandhi-reading,bu-tone-coverage
UG]OL_wI	桃李不言	bu-sandhi-reading,bu-tone-coverage
UO5JL_0_	以前不是	bu-sandhi-reading,bu-tone-coverage
UOCRL_a_	已所不欲	bu-sandhi-reading,bu-tone-coverage
UOL_	以不	bu-sandhi-reading,bu-tone-coverage
UOL_	已不	bu-sandhi-reading,bu-tone-coverage
UOL_0_	已不是	bu-sandhi-reading,bu-tone-coverage
UOL_8iRlMi8i	以不變應萬變	bu-sandhi-reading,bu-tone-coverage
UOL_O_[K_d	已不復存在	bu-sandhi-reading,bu-tone-coverage
UOL__M	以不同	bu-sandhi-reading,bu-tone-coverage
UOL__d	已不再	bu-sandhi-reading,bu-tone-coverage
UOL__d0_	已不再是	bu-sandhi-reading,bu-tone-coverage
UOVeL_Nb	以備不測	bu-sandhi-reading,bu-tone-coverage
UOo=L_0_	已經不是	bu-sandhi-reading,bu-tone-coverage
UOo=L_4M	已經不能	bu-sandhi-reading,bu-tone-coverage
UOo=L__d	已經不再	bu-sandhi-reading,bu-tone-coverage
UOrgL_	以後不	bu-sandhi-reading,bu-tone-coverage
UOrgL_4M	以後不能	bu-sandhi-reading,bu-tone-coverage
UOrgL_tf	以後不要	bu-sandhi-reading,bu-tone-coverage
UY38L_`l	慘遭不幸	bu-sandhi-reading,bu-tone-coverage
UZL_7f	很不對	bu-sandhi-reading,bu-tone-coverage
UZL_:W	很不好	bu-sandhi-reading,bu-tone-coverage
UZL_=_	很不利	bu-sandhi-reading,bu-tone-coverage
UZL_>J2i	很不完善	bu-sandhi-reading,bu-tone-coverage
UZL_A\	很不爽	bu-sandhi-reading,bu-tone-coverage
UZL_L`_;	狠不下心	bu-sandhi-reading,bu-tone-coverage
UZL_XDkG	很不協調	bu-sandhi-reading,bu-tone-coverage
UZL_]Ow[	很不理想	bu-sandhi-reading,bu-tone-coverage
UZL_`l	很不幸	bu-sandhi-reading,bu-tone-coverage
UZL_cOi:	很不喜歡	bu-sandhi-reading,bu-tone-coverage
UZL_cY7:	很不簡單	bu-sandhi-reading,bu-tone-coverage
UZL_m0@@	很不舒服	bu-sandhi-reading,bu-tone-coverage
UZL_qa	很不錯	bu-sandhi-reading,bu-tone-coverage
UZL_qaqq	很不錯了	bu-sandhi-reading,bu-tone-coverage
UZL_w[	很不想	bu-sandhi-reading,bu-tone-coverage
UZL_x7`l	很不高興	bu-sandhi-reading,bu-tone-coverage
U_[KL_O@	庫存不足	bu-sandhi-reading,bu-tone-coverage
Ud>iL_p=	概念不清	bu-sandhi-reading,bu-tone-coverage
UdL_O_>C	概不負責	bu-sandhi-reading,bu-tone-coverage
UdL_Z_	蓋不住	bu-sandhi-reading,bu-tone-coverage
UlL_ZXUO	命不久已	bu-sandhi-reading,bu-tone-coverage
V3L_V3	喝不喝	bu-sandhi-reading,bu-tone-coverage
V3L_cf	喝不到	bu-sandhi-reading,bu-tone-coverage
V3L_qq	喝不了	bu-sandhi-reading,bu-tone-coverage
V:L_	先不	bu-sandhi-reading,bu-tone-coverage
V:L_03	先不說	bu-sandhi-reading,bu-tone-coverage
V:L_V:	先不先	bu-sandhi-reading,bu-tone-coverage
V:L_gI	先不談	bu-sandhi-reading,bu-tone-coverage
V:L_tf	先不要	bu-sandhi-reading,bu-tone-coverage
V:L_~l	先不用	bu-sandhi-reading,bu-tone-coverage
V:L_~lvY	先不用管	bu-sandhi-reading,bu-tone-coverage
VDL_VDr;	結不結婚	bu-sandhi-reading,bu-tone-coverage
VDOGL_zj	桀驁不遜	bu-sandhi-reading,bu-tone-coverage
VO1gL_	比較不	bu-sandhi-reading,bu-tone-coverage
VO1gL_=f	比較不會	bu-sandhi-reading,bu-tone-coverage
VOL_fa	比不過	bu-sandhi-reading,bu-tone-coverage
VOL_qq	比不了	bu-sandhi-reading,bu-tone-coverage
VOV=L_ma	筆耕不輟	bu-sandhi-reading,bu-tone-coverage
V_L_Z_	護不住	bu-sandhi-reading,bu-tone-coverage
V_L_h<0_	互不相識	bu-sandhi-reading,bu-tone-coverage
VeL_@W	被不少	bu-sandhi-reading,bu-tone-coverage
VeL_Z_	備不住	bu-sandhi-reading,bu-tone-coverage
VjL_cf	問不到	bu-sandhi-reading,bu-tone-coverage
VjL_l0	問不出	bu-sandhi-reading,bu-tone-coverage
VjL_l0EE	問不出來	bu-sandhi-reading,bu-tone-coverage
WFL_	誰不	bu-sandhi-reading,bu-tone-coverage
WFySL_	誰也不	bu-sandhi-reading,bu-tone-coverage
WGL_cf	撈不到	bu-sandhi-reading,bu-tone-coverage
WGL_xq	撈不著	bu-sandhi-reading,bu-tone-coverage
WY0_L_Z_	掩飾不住	bu-sandhi-reading,bu-tone-coverage
WY8LL_Z_	掩藏不住	bu-sandhi-reading,bu-tone-coverage
WYL_L`	演不下	bu-sandhi-reading,bu-tone-coverage
WYL_qq	演不了	bu-sandhi-reading,bu-tone-coverage
WYL_|Yo=	眼不轉睛	bu-sandhi-reading,bu-tone-coverage
WY]OL_jHJ1RO	眼裡不揉沙子	bu-sandhi-reading,bu-tone-coverage
WY]OjHL_L`J1RO	眼裡揉不下沙子	bu-sandhi-reading,bu-tone-coverage
WY{JL_:W	眼神不好	bu-sandhi-reading,bu-tone-coverage
WY{JL_A_	眼神不濟	bu-sandhi-reading,bu-tone-coverage
WY{JL_aO	眼神不濟	bu-sandhi-reading,bu-tone-coverage
W[VjL_qq	訪問不了	bu-sandhi-reading,bu-tone-coverage
WeL_Dk	配不上	bu-sandhi-reading,bu-tone-coverage
WeL_Dk?1	配不上他	bu-sandhi-reading,bu-tone-coverage
WkL_Wk	像不像	bu-sandhi-reading,bu-tone-coverage
WlL_cf	訂不到	bu-sandhi-reading,bu-tone-coverage
WoL_	啊不	bu-sandhi-reading,bu-tone-coverage
X7L_	雖不	bu-sandhi-reading,bu-tone-coverage
X7L_0_	雖不是	bu-sandhi-reading,bu-tone-coverage
X7L_4M	雖不能	bu-sandhi-reading,bu-tone-coverage
X7sIL_0_	雖然不是	bu-sandhi-reading,bu-tone-coverage
XDL_O1Kl	邪不壓正	bu-sandhi-reading,bu-tone-coverage
XOL_NXl0	靡不有初	bu-sandhi-reading,bu-tone-coverage
X[L_qq	擋不了	bu-sandhi-reading,bu-tone-coverage
XiL_cf	換不到	bu-sandhi-reading,bu-tone-coverage
XiL_qq	換不了	bu-sandhi-reading,bu-tone-coverage
YBL_	活不	bu-sandhi-reading,bu-tone-coverage
YBL_4L	活不長	bu-sandhi-reading,bu-tone-coverage
YBL_L`n_	活不下去	bu-sandhi-reading,bu-tone-coverage
YBL_cf	活不到	bu-sandhi-reading,bu-tone-coverage
YPL_	傻不	bu-sandhi-reading,bu-tone-coverage
YPL_YP	傻不傻	bu-sandhi-reading,bu-tone-coverage
YcL_0_	業不是	bu-sandhi-reading,bu-tone-coverage
YcL_L7`_	夜不歸宿	bu-sandhi-reading,bu-tone-coverage
Ye=_L_5W:W	費力不討好	bu-sandhi-reading,bu-tone-coverage
Z3L_Z_	遮不住	bu-sandhi-reading,bu-tone-coverage
Z@WKL_7fKPeV	驢唇不對馬嘴	bu-sandhi-reading,bu-tone-coverage
ZGL_0WvH	毫不保留	bu-sandhi-reading,bu-tone-coverage
ZGL_2fm_	毫不畏懼	bu-sandhi-reading,bu-tone-coverage
ZGL_5_xd	毫不意外	bu-sandhi-reading,bu-tone-coverage
ZGL_6_=f	毫不避諱	bu-sandhi-reading,bu-tone-coverage
ZGL_8f43	毫不退縮	bu-sandhi-reading,bu-tone-coverage
ZGL_=fwI	毫不諱言	bu-sandhi-reading,bu-tone-coverage
ZGL_DbB_	毫不客氣	bu-sandhi-reading,bu-tone-coverage
ZGL_HjOb	毫不吝嗇	bu-sandhi-reading,bu-tone-coverage
ZGL_IX0Z	毫不手軟	bu-sandhi-reading,bu-tone-coverage
ZGL_Ye=_	毫不費力	bu-sandhi-reading,bu-tone-coverage
ZGL__d5_	毫不在意	bu-sandhi-reading,bu-tone-coverage
ZGL__d6o	毫不在乎	bu-sandhi-reading,bu-tone-coverage
ZGL__dg0	毫不在乎	bu-sandhi-reading,bu-tone-coverage
ZGL_bOWY	毫不起眼	bu-sandhi-reading,bu-tone-coverage
ZGL_ec5_	毫不介意	bu-sandhi-reading,bu-tone-coverage
ZGL_g:_;	毫不關心	bu-sandhi-reading,bu-tone-coverage
ZGL_h<g:	毫不相關	bu-sandhi-reading,bu-tone-coverage
ZGL_lIG@	毫不含糊	bu-sandhi-reading,bu-tone-coverage
ZGL_mleG	毫不動搖	bu-sandhi-reading,bu-tone-coverage
ZGL_tEu?	毫不懷疑	bu-sandhi-reading,bu-tone-coverage
ZL7kL_R0	狂放不羈	bu-sandhi-reading,bu-tone-coverage
ZOB_L_O@	底氣不足	bu-sandhi-reading,bu-tone-coverage
ZOL_Dk	抵不上	bu-sandhi-reading,bu-tone-coverage
ZOL_fa	抵不過	bu-sandhi-reading,bu-tone-coverage
ZOX[L_Z_	抵擋不住	bu-sandhi-reading,bu-tone-coverage
ZOX[L_qq	抵擋不了	bu-sandhi-reading,bu-tone-coverage
ZX3>L_L`	久攻不下	bu-sandhi-reading,bu-tone-coverage
ZXs:L_xg	酒酸不售	bu-sandhi-reading,bu-tone-coverage
ZXt2L_3E	久拖不決	bu-sandhi-reading,bu-tone-coverage
ZX}^L_a_	久治不愈	bu-sandhi-reading,bu-tone-coverage
ZYL_nq	免不得	bu-sandhi-reading,bu-tone-coverage
Z_L_L`	住不下	bu-sandhi-reading,bu-tone-coverage
Z_L_bO	住不起	bu-sandhi-reading,bu-tone-coverage
Z_L_qq	住不了	bu-sandhi-reading,bu-tone-coverage
Z_NbL_qq	註冊不了	bu-sandhi-reading,bu-tone-coverage
ZlL_@W	令不少	bu-sandhi-reading,bu-tone-coverage
Zl|JL_2:	令人不安	bu-sandhi-reading,bu-tone-coverage
Zl|JL_3e	令人不快	bu-sandhi-reading,bu-tone-coverage
[1HXL_dRxdNJ	家醜不可外傳	bu-sandhi-reading,bu-tone-coverage
[1L_0_	家不是	bu-sandhi-reading,bu-tone-coverage
[1L_[13:	加不加班	bu-sandhi-reading,bu-tone-coverage
[1L_qq	加不了	bu-sandhi-reading,bu-tone-coverage
[H^=L_5_	謀生不易	bu-sandhi-reading,bu-tone-coverage
[KL_[K	存不存	bu-sandhi-reading,bu-tone-coverage
[K_dL_O@	存在不足	bu-sandhi-reading,bu-tone-coverage
[LN:L_O_NX_;|J	皇天不負有心人	bu-sandhi-reading,bu-tone-coverage
[LqOL_S_N:	黃土不露天	bu-sandhi-reading,bu-tone-coverage
[_L_cf	觸不到	bu-sandhi-reading,bu-tone-coverage
\=L_g5	睜不開	bu-sandhi-reading,bu-tone-coverage
\=L_g5WY	睜不開眼	bu-sandhi-reading,bu-tone-coverage
\=^jL_M9	爭論不休	bu-sandhi-reading,bu-tone-coverage
\=n?L_L`	爭執不下	bu-sandhi-reading,bu-tone-coverage
\O030_L_0_	你說是不是	bu-sandhi-reading,bu-tone-coverage
\O0_L_0_	你是不是	bu-sandhi-reading,bu-tone-coverage
\O7`L_03	你咋不說	bu-sandhi-reading,bu-tone-coverage
\O:hL_	你就不	bu-sandhi-reading,bu-tone-coverage
\O=fL_=f	你會不會	bu-sandhi-reading,bu-tone-coverage
\O>]L_>]	你懂不懂	bu-sandhi-reading,bu-tone-coverage
\O?0L_?0cf	你知不知道	bu-sandhi-reading,bu-tone-coverage
\O?0cfL_	你知道不	bu-sandhi-reading,bu-tone-coverage
\OIJL_	你還不	bu-sandhi-reading,bu-tone-coverage
\OJYL_JY	你敢不敢	bu-sandhi-reading,bu-tone-coverage
\OL_	你不	bu-sandhi-reading,bu-tone-coverage
\OL_0_	你不是	bu-sandhi-reading,bu-tone-coverage
\OL_0_tf	你不是要	bu-sandhi-reading,bu-tone-coverage
\OL_6_	你不必	bu-sandhi-reading,bu-tone-coverage
\OL_:h	你不就	bu-sandhi-reading,bu-tone-coverage
\OL_<j0_	你不認識	bu-sandhi-reading,bu-tone-coverage
\OL_<j0_nq	你不認識的	bu-sandhi-reading,bu-tone-coverage
\OL_=f	你不會	bu-sandhi-reading,bu-tone-coverage
\OL_>]	你不懂	bu-sandhi-reading,bu-tone-coverage
\OL_?0cf	你不知道	bu-sandhi-reading,bu-tone-coverage
\OL_?0cfZo	你不知道嗎	bu-sandhi-reading,bu-tone-coverage
\OL_?0cfnq	你不知道的	bu-sandhi-reading,bu-tone-coverage
\OL_@P	你不許	bu-sandhi-reading,bu-tone-coverage
\OL_Dk	你不上	bu-sandhi-reading,bu-tone-coverage
\OL_EE	你不來	bu-sandhi-reading,bu-tone-coverage
\OL_F0Wl	你不一定	bu-sandhi-reading,bu-tone-coverage
\OL_Nj	你不信	bu-sandhi-reading,bu-tone-coverage
\OL__d	你不在	bu-sandhi-reading,bu-tone-coverage
\OL_cOi:	你不喜歡	bu-sandhi-reading,bu-tone-coverage
\OL_h<Nj	你不相信	bu-sandhi-reading,bu-tone-coverage
\OL_oT	你不買	bu-sandhi-reading,bu-tone-coverage
\OL_tf	你不要	bu-sandhi-reading,bu-tone-coverage
\OL_~U}Q	你不給我	bu-sandhi-reading,bu-tone-coverage
\OL_~l	你不用	bu-sandhi-reading,bu-tone-coverage
\ONjL_	你信不	bu-sandhi-reading,bu-tone-coverage
\OR@L_OK	擬於不倫	bu-sandhi-reading,bu-tone-coverage
\O_dL_	你再不	bu-sandhi-reading,bu-tone-coverage
\OoTL_oT	你買不買	bu-sandhi-reading,bu-tone-coverage
\OtfL_	你要不	bu-sandhi-reading,bu-tone-coverage
\OtfL_tf	你要不要	bu-sandhi-reading,bu-tone-coverage
\Ow[L_w[	你想不想	bu-sandhi-reading,bu-tone-coverage
\OySL_tf	你也不要	bu-sandhi-reading,bu-tone-coverage
\OzhL_Ci	你看不見	bu-sandhi-reading,bu-tone-coverage
\OzhL_bO	你看不起	bu-sandhi-reading,bu-tone-coverage
\O}gL_0_	你又不是	bu-sandhi-reading,bu-tone-coverage
\X2@L_;8	朽棘不雕	bu-sandhi-reading,bu-tone-coverage
\YL_qq	點不了	bu-sandhi-reading,bu-tone-coverage
\Z2;L_Lj	忍悛不禁	bu-sandhi-reading,bu-tone-coverage
\ZL_Z_03	忍不住說	bu-sandhi-reading,bu-tone-coverage
\ZL_Z_3g	忍不住笑	bu-sandhi-reading,bu-tone-coverage
\ZL_Z_IP	忍不住把	bu-sandhi-reading,bu-tone-coverage
\ZL_Z__d	忍不住再	bu-sandhi-reading,bu-tone-coverage
\ZL_Z__d	忍不住在	bu-sandhi-reading,bu-tone-coverage
\ZL_Z_nq	忍不住地	bu-sandhi-reading,bu-tone-coverage
\ZL_Z_qq	忍不住了	bu-sandhi-reading,bu-tone-coverage
\ZL_Z_tf	忍不住要	bu-sandhi-reading,bu-tone-coverage
\ZL_Z_w[	忍不住想	bu-sandhi-reading,bu-tone-coverage
\ZL_Z_}g	忍不住又	bu-sandhi-reading,bu-tone-coverage
\ZL_qq	忍不了	bu-sandhi-reading,bu-tone-coverage
\ZL_qqqq	忍不了了	bu-sandhi-reading,bu-tone-coverage
\ZSdL_Z_	忍耐不住	bu-sandhi-reading,bu-tone-coverage
\ZxgL_qq	忍受不了	bu-sandhi-reading,bu-tone-coverage
\_6NL_A0	疏而不失	bu-sandhi-reading,bu-tone-coverage
\_L_Ci^;	疏不見親	bu-sandhi-reading,bu-tone-coverage
\cL_qq	滅不了	bu-sandhi-reading,bu-tone-coverage
\e>PL_6_^;	內舉不避親	bu-sandhi-reading,bu-tone-coverage
\e[KL_O@	內存不足	bu-sandhi-reading,bu-tone-coverage
\iL_cf	賺不到	bu-sandhi-reading,bu-tone-coverage
\iL_qq	賺不了	bu-sandhi-reading,bu-tone-coverage
]53@L_`l	哀其不幸	bu-sandhi-reading,bu-tone-coverage
]5L_Dk	挨不上	bu-sandhi-reading,bu-tone-coverage
];M<L_4e	金剛不壞	bu-sandhi-reading,bu-tone-coverage
];N:L_0_	今天不是	bu-sandhi-reading,bu-tone-coverage
];WBL_Ek11IF	巾幗不讓鬚眉	bu-sandhi-reading,bu-tone-coverage
]=L_Dk	稱不上	bu-sandhi-reading,bu-tone-coverage
]=L_L`n_	撐不下去	bu-sandhi-reading,bu-tone-coverage
]=L_Z_qq	撐不住了	bu-sandhi-reading,bu-tone-coverage
]=L_qq	撐不了	bu-sandhi-reading,bu-tone-coverage
]BtAL_mg	琢磨不透	bu-sandhi-reading,bu-tone-coverage
]OL_Mls?	理不勝辭	bu-sandhi-reading,bu-tone-coverage
]V|JL_oi	誨人不倦	bu-sandhi-reading,bu-tone-coverage
]ZL_0_	怎不是	bu-sandhi-reading,bu-tone-coverage
]ZL_=f	怎不會	bu-sandhi-reading,bu-tone-coverage
]ZcpL_n_	怎麼不去	bu-sandhi-reading,bu-tone-coverage
]_L_qq	入不了	bu-sandhi-reading,bu-tone-coverage
]`L_Dk	掛不上	bu-sandhi-reading,bu-tone-coverage
]`L_L`	掛不下	bu-sandhi-reading,bu-tone-coverage
]`L_cf	掛不到	bu-sandhi-reading,bu-tone-coverage
]`L_qq	掛不了	bu-sandhi-reading,bu-tone-coverage
]aL_2:	臥不安	bu-sandhi-reading,bu-tone-coverage
]aL_6[	握不準	bu-sandhi-reading,bu-tone-coverage
]aL_Z_	握不住	bu-sandhi-reading,bu-tone-coverage
]a`LL_bO	臥床不起	bu-sandhi-reading,bu-tone-coverage
]dL_cf	曬不到	bu-sandhi-reading,bu-tone-coverage
]e1gL_uT	累教不改	bu-sandhi-reading,bu-tone-coverage
]eL_]e	累不累	bu-sandhi-reading,bu-tone-coverage
]eL_]eWo	累不累啊	bu-sandhi-reading,bu-tone-coverage
^=L_Dkn_	升不上去	bu-sandhi-reading,bu-tone-coverage
^=L_QdEE	生不帶來	bu-sandhi-reading,bu-tone-coverage
^=L_l0	生不出	bu-sandhi-reading,bu-tone-coverage
^=L_qq	升不了	bu-sandhi-reading,bu-tone-coverage
^=T3L_ma	笙歌不輟	bu-sandhi-reading,bu-tone-coverage
^=TOL_FM	生死不明	bu-sandhi-reading,bu-tone-coverage
^=YBL_N@5_	生活不如意	bu-sandhi-reading,bu-tone-coverage
^=^=L_}g	生生不祐	bu-sandhi-reading,bu-tone-coverage
^HL_CM	投不贏	bu-sandhi-reading,bu-tone-coverage
^HL_Ljn_	投不進去	bu-sandhi-reading,bu-tone-coverage
^HL_cf	投不到	bu-sandhi-reading,bu-tone-coverage
^H]_L_O@	投入不足	bu-sandhi-reading,bu-tone-coverage
^HiIL_wl	投籃不中	bu-sandhi-reading,bu-tone-coverage
^HySL_}F	頭也不回	bu-sandhi-reading,bu-tone-coverage
^fL_fa	拗不過	bu-sandhi-reading,bu-tone-coverage
^lL_	竟不	bu-sandhi-reading,bu-tone-coverage
^lL_0_	竟不是	bu-sandhi-reading,bu-tone-coverage
^lL_?0	竟不知	bu-sandhi-reading,bu-tone-coverage
^lL_L`EE	靜不下來	bu-sandhi-reading,bu-tone-coverage
^lNOL_ml	靜止不動	bu-sandhi-reading,bu-tone-coverage
^lpaL_4M	靜坐不能	bu-sandhi-reading,bu-tone-coverage
^lpaL_ml	靜坐不動	bu-sandhi-reading,bu-tone-coverage
_5L_l0	拍不出	bu-sandhi-reading,bu-tone-coverage
_5L_l0EE	拍不出來	bu-sandhi-reading,bu-tone-coverage
_5L_qq	拍不了	bu-sandhi-reading,bu-tone-coverage
_;9>L_{<	心中不慌	bu-sandhi-reading,bu-tone-coverage
_;L_;:PML_ci	心不甘情不願	bu-sandhi-reading,bu-tone-coverage
_;L_acM:4W	新不列顛島	bu-sandhi-reading,bu-tone-coverage
_;L_cf	薪不到	bu-sandhi-reading,bu-tone-coverage
_;PML_:W	心情不好	bu-sandhi-reading,bu-tone-coverage
_;PML_qa	心情不錯	bu-sandhi-reading,bu-tone-coverage
_;[KL_DY	心存不滿	bu-sandhi-reading,bu-tone-coverage
_;i_L_3@	心律不齊	bu-sandhi-reading,bu-tone-coverage
_;mlL_N@QMml	心動不如行動	bu-sandhi-reading,bu-tone-coverage
_;mlL_UO	心動不已	bu-sandhi-reading,bu-tone-coverage
_;nqL_EE	新的不來	bu-sandhi-reading,bu-tone-coverage
_;{JL_2:	心神不安	bu-sandhi-reading,bu-tone-coverage
_GL_i_C_	朝不慮夕	bu-sandhi-reading,bu-tone-coverage
_MIkL_4M	同樣不能	bu-sandhi-reading,bu-tone-coverage
_YObL_:W	臉色不好	bu-sandhi-reading,bu-tone-coverage
_\L_h=	猛不丁	bu-sandhi-reading,bu-tone-coverage
_\L_wK	猛不防	bu-sandhi-reading,bu-tone-coverage
_`48]OL_48	話糙理不糙	bu-sandhi-reading,bu-tone-coverage
_`s2L_}I	話多不甜	bu-sandhi-reading,bu-tone-coverage
_d:WL_fa	再好不過	bu-sandhi-reading,bu-tone-coverage
_d:WySL_fa	再好也不過	bu-sandhi-reading,bu-tone-coverage
_dCRL_A_	在所不計	bu-sandhi-reading,bu-tone-coverage
_dL_	在不	bu-sandhi-reading,bu-tone-coverage
_dL_4M	再不能	bu-sandhi-reading,bu-tone-coverage
_dL_4Z	在不遠	bu-sandhi-reading,bu-tone-coverage
_dL_IM	在不停	bu-sandhi-reading,bu-tone-coverage
_dL_Ri	在不斷	bu-sandhi-reading,bu-tone-coverage
_dL_ZX	在不久	bu-sandhi-reading,bu-tone-coverage
_dL__M	在不同	bu-sandhi-reading,bu-tone-coverage
_dL__d	在不在	bu-sandhi-reading,bu-tone-coverage
_dL_cf	再不到	bu-sandhi-reading,bu-tone-coverage
_dL_cf	在不到	bu-sandhi-reading,bu-tone-coverage
_dL_n_	再不去	bu-sandhi-reading,bu-tone-coverage
_dL_o=5_	在不經意	bu-sandhi-reading,bu-tone-coverage
_dL_sI	再不然	bu-sandhi-reading,bu-tone-coverage
_d^=L_BL`l3K8T	再生不良性貧血	bu-sandhi-reading,bu-tone-coverage
_dySL_0_	再也不是	bu-sandhi-reading,bu-tone-coverage
_dySL_=f	再也不會	bu-sandhi-reading,bu-tone-coverage
_dySL_w[	再也不想	bu-sandhi-reading,bu-tone-coverage
_dySL_zh	再也不看	bu-sandhi-reading,bu-tone-coverage
_dyS}FL_n_	再也回不去	bu-sandhi-reading,bu-tone-coverage
_fL_Dk	報不上	bu-sandhi-reading,bu-tone-coverage
_fL_Z_	抱不住	bu-sandhi-reading,bu-tone-coverage
_fL_qq	報不了	bu-sandhi-reading,bu-tone-coverage
_fc=L_A\	報應不爽	bu-sandhi-reading,bu-tone-coverage
_kL_cf	望不到	bu-sandhi-reading,bu-tone-coverage
_kL_cf^H	望不到頭	bu-sandhi-reading,bu-tone-coverage
_kL_yf	忘不掉	bu-sandhi-reading,bu-tone-coverage
`=ObL_@W	增色不少	bu-sandhi-reading,bu-tone-coverage
`M6NL_ac	濃而不烈	bu-sandhi-reading,bu-tone-coverage
`ZL_bO	引不起	bu-sandhi-reading,bu-tone-coverage
`ZPML__f	隱情不報	bu-sandhi-reading,bu-tone-coverage
`Z\ZL_=1	隱忍不發	bu-sandhi-reading,bu-tone-coverage
`ZdIL_Z_	隱瞞不住	bu-sandhi-reading,bu-tone-coverage
`_n?L_x7	素質不高	bu-sandhi-reading,bu-tone-coverage
`jhaL_6T	困惑不解	bu-sandhi-reading,bu-tone-coverage
`l4CL_6C	性格不合	bu-sandhi-reading,bu-tone-coverage
`lL_}OUl	幸不辱命	bu-sandhi-reading,bu-tone-coverage
`ln_L_|_	興趣不大	bu-sandhi-reading,bu-tone-coverage
`l}iL_UO	興奮不已	bu-sandhi-reading,bu-tone-coverage
aJL_0_	全不是	bu-sandhi-reading,bu-tone-coverage
aJL_=f	全不會	bu-sandhi-reading,bu-tone-coverage
aJsIL_T_	全然不顧	bu-sandhi-reading,bu-tone-coverage
aM_;L_6d	龍心不悅	bu-sandhi-reading,bu-tone-coverage
aMwIL_6d	龍顏不悅	bu-sandhi-reading,bu-tone-coverage
aOCRL_a_	己所不欲	bu-sandhi-reading,bu-tone-coverage
aOL_Lj	擠不進	bu-sandhi-reading,bu-tone-coverage
aOL_l0	擠不出	bu-sandhi-reading,bu-tone-coverage
aOg0L_	幾乎不	bu-sandhi-reading,bu-tone-coverage
aOg0L_4M	幾乎不能	bu-sandhi-reading,bu-tone-coverage
aOg0L_dR4M	幾乎不可能	bu-sandhi-reading,bu-tone-coverage
aOg0L_~l	幾乎不用	bu-sandhi-reading,bu-tone-coverage
aOg0mML_	幾乎從不	bu-sandhi-reading,bu-tone-coverage
a\2@L_pg	等級不夠	bu-sandhi-reading,bu-tone-coverage
a\89L_a\0_	等周不等式	bu-sandhi-reading,bu-tone-coverage
a\L_2@qq	等不及了	bu-sandhi-reading,bu-tone-coverage
a\L_cf	等不到	bu-sandhi-reading,bu-tone-coverage
a\L_qq	等不了	bu-sandhi-reading,bu-tone-coverage
a_L_cf	遇不到	bu-sandhi-reading,bu-tone-coverage
a_`_6NL_m@	欲速而不達	bu-sandhi-reading,bu-tone-coverage
a_|fL_cf	預料不到	bu-sandhi-reading,bu-tone-coverage
a_|iL_Bb	鬱悶不樂	bu-sandhi-reading,bu-tone-coverage
af4_L_0_	貌似不是	bu-sandhi-reading,bu-tone-coverage
ajL_L`n_	混不下去	bu-sandhi-reading,bu-tone-coverage
b5L_L`n_	呆不下去	bu-sandhi-reading,bu-tone-coverage
b5L_Z_	待不住	bu-sandhi-reading,bu-tone-coverage
bO@@L_Wl	起伏不定	bu-sandhi-reading,bu-tone-coverage
bOL_cf	起不到	bu-sandhi-reading,bu-tone-coverage
bOL_qq	起不了	bu-sandhi-reading,bu-tone-coverage
bZQML_c:	品行不端	bu-sandhi-reading,bu-tone-coverage
b[L_bOEE	漲不起來	bu-sandhi-reading,bu-tone-coverage
b[L_b[	漲不漲	bu-sandhi-reading,bu-tone-coverage
b[L_ml	漲不動	bu-sandhi-reading,bu-tone-coverage
biL_Dk	算不上	bu-sandhi-reading,bu-tone-coverage
biL_bi	算不算	bu-sandhi-reading,bu-tone-coverage
biL_l0	算不出	bu-sandhi-reading,bu-tone-coverage
c=f5L_	應該不	bu-sandhi-reading,bu-tone-coverage
c=f5L_0_	應該不是	bu-sandhi-reading,bu-tone-coverage
c=f5L_=f	應該不會	bu-sandhi-reading,bu-tone-coverage
c=f5L_=fXo	應該不會吧	bu-sandhi-reading,bu-tone-coverage
c=f5L_NO	應該不止	bu-sandhi-reading,bu-tone-coverage
cGL_`l	曹不興	bu-sandhi-reading,bu-tone-coverage
cOIXL_;:	洗手不乾	bu-sandhi-reading,bu-tone-coverage
cOL_2_Lj	喜不自禁	bu-sandhi-reading,bu-tone-coverage
cOL_;:^l	洗不乾淨	bu-sandhi-reading,bu-tone-coverage
cOL_cOi:	喜不喜歡	bu-sandhi-reading,bu-tone-coverage
cOL_qq	洗不了	bu-sandhi-reading,bu-tone-coverage
cOL_yf	洗不掉	bu-sandhi-reading,bu-tone-coverage
cVEML_x7	水平不高	bu-sandhi-reading,bu-tone-coverage
cVL_cV	水不水	bu-sandhi-reading,bu-tone-coverage
cYL_Ri	剪不斷	bu-sandhi-reading,bu-tone-coverage
cYNbL_l0EE	檢測不出來	bu-sandhi-reading,bu-tone-coverage
c[L_Md	場不敗	bu-sandhi-reading,bu-tone-coverage
cfL_	倒不	bu-sandhi-reading,bu-tone-coverage
cfL_=f	倒不會	bu-sandhi-reading,bu-tone-coverage
cfL_N@03	倒不如說	bu-sandhi-reading,bu-tone-coverage
cfL_nq	道不得	bu-sandhi-reading,bu-tone-coverage
cfL_qq	到不了	bu-sandhi-reading,bu-tone-coverage
cfL_qq	道不了	bu-sandhi-reading,bu-tone-coverage
cfySL_0_	倒也不是	bu-sandhi-reading,bu-tone-coverage
cfySL_=f	倒也不會	bu-sandhi-reading,bu-tone-coverage
ci5_L_ci5_	願意不願意	bu-sandhi-reading,bu-tone-coverage
ciL_ci	願不願	bu-sandhi-reading,bu-tone-coverage
ciL_ci5_	願不願意	bu-sandhi-reading,bu-tone-coverage
d=vhL_wI	冰炭不言	bu-sandhi-reading,bu-tone-coverage
dIL_Z_	瞞不住	bu-sandhi-reading,bu-tone-coverage
dIL_Z_qq	瞞不住了	bu-sandhi-reading,bu-tone-coverage
dIL_fa	瞞不過	bu-sandhi-reading,bu-tone-coverage
dIL_u[]O	蠻不講理	bu-sandhi-reading,bu-tone-coverage
dML_Ek	紅不讓	bu-sandhi-reading,bu-tone-coverage
dR4ML_	可能不	bu-sandhi-reading,bu-tone-coverage
dR4ML_0_	可能不是	bu-sandhi-reading,bu-tone-coverage
dRL_0_	可不是	bu-sandhi-reading,bu-tone-coverage
dRL_:W	可不好	bu-sandhi-reading,bu-tone-coverage
dRL_:h	可不就	bu-sandhi-reading,bu-tone-coverage
dRL_=f	可不會	bu-sandhi-reading,bu-tone-coverage
dRL_SW	可不小	bu-sandhi-reading,bu-tone-coverage
dRL_dR4M	可不可能	bu-sandhi-reading,bu-tone-coverage
dRMWL_nq	可了不得	bu-sandhi-reading,bu-tone-coverage
dRUOL_	可以不	bu-sandhi-reading,bu-tone-coverage
dRUOL_tf	可以不要	bu-sandhi-reading,bu-tone-coverage
dRUOL_xg	可以不受	bu-sandhi-reading,bu-tone-coverage
dRUOL_~l	可以不用	bu-sandhi-reading,bu-tone-coverage
dRa_L_dR{H	可遇不可求	bu-sandhi-reading,bu-tone-coverage
dRoTdRL_oT	可買可不買	bu-sandhi-reading,bu-tone-coverage
dRqqL_nq	可了不得	bu-sandhi-reading,bu-tone-coverage
e07TL_03	姑且不說	bu-sandhi-reading,bu-tone-coverage
e0A_L_O@	估計不足	bu-sandhi-reading,bu-tone-coverage
e0KlL_=_	孤證不立	bu-sandhi-reading,bu-tone-coverage
eIL_MleI	煩不勝煩	bu-sandhi-reading,bu-tone-coverage
eIL_eI	煩不煩	bu-sandhi-reading,bu-tone-coverage
eYsIL_0_	顯然不是	bu-sandhi-reading,bu-tone-coverage
eaL_0_	落不是	bu-sandhi-reading,bu-tone-coverage
ecL_cf	借不到	bu-sandhi-reading,bu-tone-coverage
ecL_qq	戒不了	bu-sandhi-reading,bu-tone-coverage
ecL_yf	戒不掉	bu-sandhi-reading,bu-tone-coverage
f0L_l0EE	哭不出來	bu-sandhi-reading,bu-tone-coverage
f5L_0_	該不是	bu-sandhi-reading,bu-tone-coverage
f5L_=f	該不會	bu-sandhi-reading,bu-tone-coverage
f5L_f5	該不該	bu-sandhi-reading,bu-tone-coverage
fa6NL_]_	過而不入	bu-sandhi-reading,bu-tone-coverage
faL_L`	過不下	bu-sandhi-reading,bu-tone-coverage
faL_L`n_	過不下去	bu-sandhi-reading,bu-tone-coverage
faL_fa	過不過	bu-sandhi-reading,bu-tone-coverage
faL_n_	過不去	bu-sandhi-reading,bu-tone-coverage
faL_n_qq	過不去了	bu-sandhi-reading,bu-tone-coverage
fc6NL_Kb	鍥而不舍	bu-sandhi-reading,bu-tone-coverage
g0>dL_A_	忽略不計	bu-sandhi-reading,bu-tone-coverage
g5L_cf	開不到	bu-sandhi-reading,bu-tone-coverage
g5L_g5	開不開	bu-sandhi-reading,bu-tone-coverage
g5L_ml	開不動	bu-sandhi-reading,bu-tone-coverage
g5L_qq	開不了	bu-sandhi-reading,bu-tone-coverage
g5L_qqBX	開不了口	bu-sandhi-reading,bu-tone-coverage
g6L_2_Ml	悲不自勝	bu-sandhi-reading,bu-tone-coverage
g6L_l0EE	背不出來	bu-sandhi-reading,bu-tone-coverage
g6L_ml	背不動	bu-sandhi-reading,bu-tone-coverage
g6L_qq	背不了	bu-sandhi-reading,bu-tone-coverage
g:3>L_=_	矜功不立	bu-sandhi-reading,bu-tone-coverage
g:3@L_2P	觀棋不語	bu-sandhi-reading,bu-tone-coverage
g:C_L_|_	關係不大	bu-sandhi-reading,bu-tone-coverage
g:L_Dk	關不上	bu-sandhi-reading,bu-tone-coverage
g:L_Z_	關不住	bu-sandhi-reading,bu-tone-coverage
g:L_wI	關不嚴	bu-sandhi-reading,bu-tone-coverage
g:L_yf	關不掉	bu-sandhi-reading,bu-tone-coverage
gIL_cf	談不到	bu-sandhi-reading,bu-tone-coverage
gjc=L_BL	順應不良	bu-sandhi-reading,bu-tone-coverage
h<6NL_<_	香而不膩	bu-sandhi-reading,bu-tone-coverage
h<I1L_4Z	相差不遠	bu-sandhi-reading,bu-tone-coverage
h<I1L_|_	相差不大	bu-sandhi-reading,bu-tone-coverage
h<I<L_qa	相當不錯	bu-sandhi-reading,bu-tone-coverage
h<L_h<	香不香	bu-sandhi-reading,bu-tone-coverage
h<zhq[L_7i	相看兩不厭	bu-sandhi-reading,bu-tone-coverage
hGL_6[	瞄不準	bu-sandhi-reading,bu-tone-coverage
hI6NNX]eL_p=uh	男兒有淚不輕彈	bu-sandhi-reading,bu-tone-coverage
hIL_Z_	難不住	bu-sandhi-reading,bu-tone-coverage
hIcfL_0_	難道不是	bu-sandhi-reading,bu-tone-coverage
hIcfL_0_Zo	難道不是嗎	bu-sandhi-reading,bu-tone-coverage
hI|JL_	男人不	bu-sandhi-reading,bu-tone-coverage
haL_	或不	bu-sandhi-reading,bu-tone-coverage
hfL_Z_nq	靠不住的	bu-sandhi-reading,bu-tone-coverage
i=L_	聽不	bu-sandhi-reading,bu-tone-coverage
i=L_Ci	聽不見	bu-sandhi-reading,bu-tone-coverage
i=L_Lj	聽不進	bu-sandhi-reading,bu-tone-coverage
i=L_Ljn_	聽不進去	bu-sandhi-reading,bu-tone-coverage
i=L_Vi	聽不慣	bu-sandhi-reading,bu-tone-coverage
i=L_cf	聽不到	bu-sandhi-reading,bu-tone-coverage
i=L_cfqq	聽不到了	bu-sandhi-reading,bu-tone-coverage
i=L_i=	聽不聽	bu-sandhi-reading,bu-tone-coverage
i=L_qq	聽不了	bu-sandhi-reading,bu-tone-coverage
i@L_cf	拔不到	bu-sandhi-reading,bu-tone-coverage
i@L_l0EE	拔不出來	bu-sandhi-reading,bu-tone-coverage
i@L_l0XVEE	拔不出腿來	bu-sandhi-reading,bu-tone-coverage
iIL_Z_	攔不住	bu-sandhi-reading,bu-tone-coverage
iIL_Z_nq	攔不住的	bu-sandhi-reading,bu-tone-coverage
i[6NL_1g	養而不教	bu-sandhi-reading,bu-tone-coverage
i[L_qq	養不了	bu-sandhi-reading,bu-tone-coverage
j64LL_qa	非常不錯	bu-sandhi-reading,bu-tone-coverage
j6L_bOEE	飛不起來	bu-sandhi-reading,bu-tone-coverage
j6L_l0	飛不出	bu-sandhi-reading,bu-tone-coverage
j@L_Dkn_	爬不上去	bu-sandhi-reading,bu-tone-coverage
j@L_l0EE	爬不出來	bu-sandhi-reading,bu-tone-coverage
j@L_ml	爬不動	bu-sandhi-reading,bu-tone-coverage
jRL_Dk	扯不上	bu-sandhi-reading,bu-tone-coverage
jjE0L_]`	寸絲不掛	bu-sandhi-reading,bu-tone-coverage
jjL_L_Ek	寸步不讓	bu-sandhi-reading,bu-tone-coverage
jjqOL_Ek	寸土不讓	bu-sandhi-reading,bu-tone-coverage
k0AXL_N@	豬狗不如	bu-sandhi-reading,bu-tone-coverage
k0s2L_8i	諸多不便	bu-sandhi-reading,bu-tone-coverage
k4L_Z_qq	憋不住了	bu-sandhi-reading,bu-tone-coverage
kGL_l0EE	調不出來	bu-sandhi-reading,bu-tone-coverage
kKL_cf	尋不到	bu-sandhi-reading,bu-tone-coverage
kML_L`	容不下	bu-sandhi-reading,bu-tone-coverage
kML_nq	容不得	bu-sandhi-reading,bu-tone-coverage
kOL_:hEf	五不救罪	bu-sandhi-reading,bu-tone-coverage
kRL_nq@0	捨不得吃	bu-sandhi-reading,bu-tone-coverage
l03>L_l0=_	出工不出力	bu-sandhi-reading,bu-tone-coverage
l04aL_Wl	出沒不定	bu-sandhi-reading,bu-tone-coverage
l0IXL_eI	出手不凡	bu-sandhi-reading,bu-tone-coverage
l0L_n_	出不去	bu-sandhi-reading,bu-tone-coverage
l0L_qq	出不了	bu-sandhi-reading,bu-tone-coverage
l0\0|?6NL_SY	出汙泥而不染	bu-sandhi-reading,bu-tone-coverage
l0^=?0A@L_y_vO	初生之犢不怕虎	bu-sandhi-reading,bu-tone-coverage
l0^=uHA@L_y_vO	初生牛犢不怕虎	bu-sandhi-reading,bu-tone-coverage
l0_;L_uT	初心不改	bu-sandhi-reading,bu-tone-coverage
l0{OL_N@m_{O	出處不如聚處	bu-sandhi-reading,bu-tone-coverage
lIL_lI	含不含	bu-sandhi-reading,bu-tone-coverage
lOL_qq	補不了	bu-sandhi-reading,bu-tone-coverage
lRL_bOnq	惹不起的	bu-sandhi-reading,bu-tone-coverage
lTL_0_	欸不是	bu-sandhi-reading,bu-tone-coverage
lgL_fa	鬥不過	bu-sandhi-reading,bu-tone-coverage
ljB_L_:W	運氣不好	bu-sandhi-reading,bu-tone-coverage
ljB_L_[1	運氣不佳	bu-sandhi-reading,bu-tone-coverage
m0CML_A_	輸贏不計	bu-sandhi-reading,bu-tone-coverage
m0L_Lj	書不盡	bu-sandhi-reading,bu-tone-coverage
m0|OL_5_	殊屬不易	bu-sandhi-reading,bu-tone-coverage
m0|OL_8k	殊屬不當	bu-sandhi-reading,bu-tone-coverage
m:YcL_7fBX	專業不對口	bu-sandhi-reading,bu-tone-coverage
m:YcL_Ei	專業不限	bu-sandhi-reading,bu-tone-coverage
m@L_DkEE	答不上來	bu-sandhi-reading,bu-tone-coverage
m@L_cf	達不到	bu-sandhi-reading,bu-tone-coverage
m@L_l0	答不出	bu-sandhi-reading,bu-tone-coverage
m@L_l0EE	答不出來	bu-sandhi-reading,bu-tone-coverage
mGL_L`n_	聊不下去	bu-sandhi-reading,bu-tone-coverage
mGL_cf	聊不到	bu-sandhi-reading,bu-tone-coverage
mMEE:hL_	從來就不	bu-sandhi-reading,bu-tone-coverage
mMEEL_n_	從來不去	bu-sandhi-reading,bu-tone-coverage
mMEEL_~l	從來不用	bu-sandhi-reading,bu-tone-coverage
mMEE}8L_	從來都不	bu-sandhi-reading,bu-tone-coverage
mML_7kB_	從不放棄	bu-sandhi-reading,bu-tone-coverage
mML_=f	從不會	bu-sandhi-reading,bu-tone-coverage
mML_HjOb	從不吝嗇	bu-sandhi-reading,bu-tone-coverage
mML_JY	從不敢	bu-sandhi-reading,bu-tone-coverage
mML_T:Ri	從不間斷	bu-sandhi-reading,bu-tone-coverage
mML__M	從不同	bu-sandhi-reading,bu-tone-coverage
mML__d	從不在	bu-sandhi-reading,bu-tone-coverage
mMSOL__d	從此不再	bu-sandhi-reading,bu-tone-coverage
mR4ML_	怎能不	bu-sandhi-reading,bu-tone-coverage
mRL_0_	怎不是	bu-sandhi-reading,bu-tone-coverage
mRL_=f	怎不會	bu-sandhi-reading,bu-tone-coverage
mRk@L_	怎麼不	bu-sandhi-reading,bu-tone-coverage
mRk@L_0_	怎麼不是	bu-sandhi-reading,bu-tone-coverage
mRk@L_4M	怎麼不能	bu-sandhi-reading,bu-tone-coverage
mRk@L_:W	怎麼不好	bu-sandhi-reading,bu-tone-coverage
mTL_7`	百不咋	bu-sandhi-reading,bu-tone-coverage
mTL_L`	擺不下	bu-sandhi-reading,bu-tone-coverage
mTi=L_7i	百聽不厭	bu-sandhi-reading,bu-tone-coverage
mTt2L_qq	擺脫不了	bu-sandhi-reading,bu-tone-coverage
mY}FL_qq	挽回不了	bu-sandhi-reading,bu-tone-coverage
m\L_qq	省不了	bu-sandhi-reading,bu-tone-coverage
m_L_	拒不	bu-sandhi-reading,bu-tone-coverage
m_L_:PQM	拒不履行	bu-sandhi-reading,bu-tone-coverage
m_L_=M<j	拒不承認	bu-sandhi-reading,bu-tone-coverage
m_L_>JaJ?]A_	據不完全統計	bu-sandhi-reading,bu-tone-coverage
m_L_n?QM	拒不執行	bu-sandhi-reading,bu-tone-coverage
m_L_v4xg	拒不接受	bu-sandhi-reading,bu-tone-coverage
mf03L_K_	照說不誤	bu-sandhi-reading,bu-tone-coverage
mf08L_K_	照抄不誤	bu-sandhi-reading,bu-tone-coverage
mf0]L_K_	照請不誤	bu-sandhi-reading,bu-tone-coverage
mf8TL_K_	照寫不誤	bu-sandhi-reading,bu-tone-coverage
mf>JL_K_	照玩不誤	bu-sandhi-reading,bu-tone-coverage
mf?WL_K_	照炒不誤	bu-sandhi-reading,bu-tone-coverage
mfI1L_K_	照插不誤	bu-sandhi-reading,bu-tone-coverage
mfL_Z_	罩不住	bu-sandhi-reading,bu-tone-coverage
mfL_cf	照不到	bu-sandhi-reading,bu-tone-coverage
mfU:L_K_	照簽不誤	bu-sandhi-reading,bu-tone-coverage
mf^=L_K_	照生不誤	bu-sandhi-reading,bu-tone-coverage
mfbiL_K_	照算不誤	bu-sandhi-reading,bu-tone-coverage
mfg:L_K_	照關不誤	bu-sandhi-reading,bu-tone-coverage
mfqhL_K_	照辦不誤	bu-sandhi-reading,bu-tone-coverage
mfx@L_K_	照查不誤	bu-sandhi-reading,bu-tone-coverage
mfzhL_K_	照看不誤	bu-sandhi-reading,bu-tone-coverage
mf~lL_K_	照用不誤	bu-sandhi-reading,bu-tone-coverage
mgL_fa	透不過	bu-sandhi-reading,bu-tone-coverage
mgL_faB_EE	透不過氣來	bu-sandhi-reading,bu-tone-coverage
ml8kL_Wl	動盪不定	bu-sandhi-reading,bu-tone-coverage
ml=_L_O@	動力不足	bu-sandhi-reading,bu-tone-coverage
mlL_ml:h	動不動就	bu-sandhi-reading,bu-tone-coverage
mlL_qq	動不了	bu-sandhi-reading,bu-tone-coverage
mls?L_Wl0_	動詞不定式	bu-sandhi-reading,bu-tone-coverage
n1L_;:^l	刮不乾淨	bu-sandhi-reading,bu-tone-coverage
n1}IL_~_:P	瓜田不納履	bu-sandhi-reading,bu-tone-coverage
n:L_L`	穿不下	bu-sandhi-reading,bu-tone-coverage
n:L_bO	穿不起	bu-sandhi-reading,bu-tone-coverage
n:L_qq	穿不了	bu-sandhi-reading,bu-tone-coverage
n?BLL_:W	質量不好	bu-sandhi-reading,bu-tone-coverage
n?BLL_x7	質量不高	bu-sandhi-reading,bu-tone-coverage
n?L_0_	職不是	bu-sandhi-reading,bu-tone-coverage
n?L_n?	值不值	bu-sandhi-reading,bu-tone-coverage
n?QkL_\c	質量不滅	bu-sandhi-reading,bu-tone-coverage
n?QkL_\cWli_	質量不滅定律	bu-sandhi-reading,bu-tone-coverage
n?wIL_=fnq	直言不諱地	bu-sandhi-reading,bu-tone-coverage
nH6NL_<_	油而不膩	bu-sandhi-reading,bu-tone-coverage
nHL_nq	由不得	bu-sandhi-reading,bu-tone-coverage
nHL_nq\O	油不得你	bu-sandhi-reading,bu-tone-coverage
nHa_L_Wl	猶豫不定	bu-sandhi-reading,bu-tone-coverage
nHu?L_3E	遊移不決	bu-sandhi-reading,bu-tone-coverage
nHu?L_Wl	遊移不定	bu-sandhi-reading,bu-tone-coverage
n_L_n_	去不去	bu-sandhi-reading,bu-tone-coverage
n_L_nq	去不得	bu-sandhi-reading,bu-tone-coverage
n_L_qq	去不了	bu-sandhi-reading,bu-tone-coverage
nkRdL_:W	狀態不好	bu-sandhi-reading,bu-tone-coverage
nkRdL_[1	狀態不佳	bu-sandhi-reading,bu-tone-coverage
nlL_nl	痛不痛	bu-sandhi-reading,bu-tone-coverage
nq6[L_6[	得準不準	bu-sandhi-reading,bu-tone-coverage
nqEEaJL_Ye3>`0	得來全不費工夫	bu-sandhi-reading,bu-tone-coverage
nqIJL_qa	得還不錯	bu-sandhi-reading,bu-tone-coverage
nqL_	得不	bu-sandhi-reading,bu-tone-coverage
nqL_cfnq	得不到的	bu-sandhi-reading,bu-tone-coverage
nqL_qa	得不錯	bu-sandhi-reading,bu-tone-coverage
o0L_bO	租不起	bu-sandhi-reading,bu-tone-coverage
o0L_cf	租不到	bu-sandhi-reading,bu-tone-coverage
o==_L_A_	精力不濟	bu-sandhi-reading,bu-tone-coverage
o==_L_aO	精力不濟	bu-sandhi-reading,bu-tone-coverage
o=>`L_UO	驚訝不已	bu-sandhi-reading,bu-tone-coverage
o=CML_2i	經營不善	bu-sandhi-reading,bu-tone-coverage
o=L_Z_	經不住	bu-sandhi-reading,bu-tone-coverage
o=L_bOI7:h	經不起推究	bu-sandhi-reading,bu-tone-coverage
o={JL_9j	精神不振	bu-sandhi-reading,bu-tone-coverage
o={JL_:W	精神不好	bu-sandhi-reading,bu-tone-coverage
o={JL_Kl4L	精神不正常	bu-sandhi-reading,bu-tone-coverage
o?L@L_Lj	踟躕不進	bu-sandhi-reading,bu-tone-coverage
o?L__M	持不同	bu-sandhi-reading,bu-tone-coverage
o?L__M5_Ci	持不同意見	bu-sandhi-reading,bu-tone-coverage
o?L__MKlCi	持不同政見	bu-sandhi-reading,bu-tone-coverage
o?L__MKlCiiR	持不同政見者	bu-sandhi-reading,bu-tone-coverage
o?o?L_EE	遲遲不來	bu-sandhi-reading,bu-tone-coverage
o?o_L_Ri	持續不斷	bu-sandhi-reading,bu-tone-coverage
o@L_	拿不	bu-sandhi-reading,bu-tone-coverage
o@L_cf	拿不到	bu-sandhi-reading,bu-tone-coverage
o@L_l0	拿不出	bu-sandhi-reading,bu-tone-coverage
o@L_l05J	拿不出錢	bu-sandhi-reading,bu-tone-coverage
o@L_l0EE	拿不出來	bu-sandhi-reading,bu-tone-coverage
o@L_l0IX	拿不出手	bu-sandhi-reading,bu-tone-coverage
o@L_ml	拿不動	bu-sandhi-reading,bu-tone-coverage
o@L_qq	拿不了	bu-sandhi-reading,bu-tone-coverage
o@L_}F	拿不回	bu-sandhi-reading,bu-tone-coverage
oTL_	買不	bu-sandhi-reading,bu-tone-coverage
oTL_Dk	買不上	bu-sandhi-reading,bu-tone-coverage
oTL_cf	買不到	bu-sandhi-reading,bu-tone-coverage
oTL_oT	買不買	bu-sandhi-reading,bu-tone-coverage
oTL_qq	買不了	bu-sandhi-reading,bu-tone-coverage
oTL_qq@0M7	買不了吃虧	bu-sandhi-reading,bu-tone-coverage
oTL_qqDkI<	買不了上當	bu-sandhi-reading,bu-tone-coverage
oTL_xq	買不著	bu-sandhi-reading,bu-tone-coverage
oT_;L_oT:h	買新不買舊	bu-sandhi-reading,bu-tone-coverage
oTqqL_@W	買了不少	bu-sandhi-reading,bu-tone-coverage
oaL_	若不	bu-sandhi-reading,bu-tone-coverage
oaL_4M	若不能	bu-sandhi-reading,bu-tone-coverage
of~IL_0_hHC02f	少年不識愁滋味	bu-sandhi-reading,bu-tone-coverage
olL_	弄不	bu-sandhi-reading,bu-tone-coverage
olL_:W	弄不好	bu-sandhi-reading,bu-tone-coverage
olL_>]	弄不懂	bu-sandhi-reading,bu-tone-coverage
olL_FM>E	弄不明白	bu-sandhi-reading,bu-tone-coverage
olL_cf	弄不到	bu-sandhi-reading,bu-tone-coverage
olL_l0EE	弄不出來	bu-sandhi-reading,bu-tone-coverage
olL_p=	弄不清	bu-sandhi-reading,bu-tone-coverage
olL_p={O	弄不清楚	bu-sandhi-reading,bu-tone-coverage
olL_qq	弄不了	bu-sandhi-reading,bu-tone-coverage
p1L_5MR=	花不稜登	bu-sandhi-reading,bu-tone-coverage
p1L_>Jnq5J	花不完的錢	bu-sandhi-reading,bu-tone-coverage
p1L_bO	花不起	bu-sandhi-reading,bu-tone-coverage
p1L_qq	花不了	bu-sandhi-reading,bu-tone-coverage
p7L_Z_	包不住	bu-sandhi-reading,bu-tone-coverage
p7XYL_F0	褒貶不一	bu-sandhi-reading,bu-tone-coverage
p=L_p={O	清不清楚	bu-sandhi-reading,bu-tone-coverage
p=w;L__d	青春不再	bu-sandhi-reading,bu-tone-coverage
p=w;vHL_Z_	青春留不住	bu-sandhi-reading,bu-tone-coverage
p?=_L_QM	實力不行	bu-sandhi-reading,bu-tone-coverage
p?=_L_pg	實力不夠	bu-sandhi-reading,bu-tone-coverage
p??;L_DY	十分不滿	bu-sandhi-reading,bu-tone-coverage
p?L_7io=	食不厭精	bu-sandhi-reading,bu-tone-coverage
p?L_nq	拾不得	bu-sandhi-reading,bu-tone-coverage
p?QdL__M	時代不同	bu-sandhi-reading,bu-tone-coverage
p?R0L__d	時機不再	bu-sandhi-reading,bu-tone-coverage
p?T:L_O@	時間不足	bu-sandhi-reading,bu-tone-coverage
p?a_L_9j	食欲不振	bu-sandhi-reading,bu-tone-coverage
p?|OL_5_	實屬不易	bu-sandhi-reading,bu-tone-coverage
pOL_Z_	堵不住	bu-sandhi-reading,bu-tone-coverage
pOL_bO	賭不起	bu-sandhi-reading,bu-tone-coverage
paL_7f	做不對	bu-sandhi-reading,bu-tone-coverage
paL_:W	做不好	bu-sandhi-reading,bu-tone-coverage
paL_=M	做不成	bu-sandhi-reading,bu-tone-coverage
paL_>J	做不完	bu-sandhi-reading,bu-tone-coverage
paL_EE	做不來	bu-sandhi-reading,bu-tone-coverage
paL_L`	坐不下	bu-sandhi-reading,bu-tone-coverage
paL_L`EE	做不下來	bu-sandhi-reading,bu-tone-coverage
paL_L`n_	做不下去	bu-sandhi-reading,bu-tone-coverage
paL_Z_	坐不住	bu-sandhi-reading,bu-tone-coverage
paL_Z_nq	坐不住的	bu-sandhi-reading,bu-tone-coverage
paL_Z_qq	坐不住了	bu-sandhi-reading,bu-tone-coverage
paL_bOEE	做不起來	bu-sandhi-reading,bu-tone-coverage
paL_cf	做不到	bu-sandhi-reading,bu-tone-coverage
paL_l0	做不出	bu-sandhi-reading,bu-tone-coverage
paL_l0EE	做不出來	bu-sandhi-reading,bu-tone-coverage
paL_pa	做不做	bu-sandhi-reading,bu-tone-coverage
paL_qq	做不了	bu-sandhi-reading,bu-tone-coverage
paL_qq	坐不了	bu-sandhi-reading,bu-tone-coverage
paL_qqzO	做不了主	bu-sandhi-reading,bu-tone-coverage
paL_uT`l	坐不改姓	bu-sandhi-reading,bu-tone-coverage
paiRL_HL	作者不詳	bu-sandhi-reading,bu-tone-coverage
panqL_pg	做得不夠	bu-sandhi-reading,bu-tone-coverage
paxqL_ml	坐著不動	bu-sandhi-reading,bu-tone-coverage
pfL_fan_	繞不過去	bu-sandhi-reading,bu-tone-coverage
pgL_cf	夠不到	bu-sandhi-reading,bu-tone-coverage
pgL_pg	夠不夠	bu-sandhi-reading,bu-tone-coverage
pgL_xq	夠不著	bu-sandhi-reading,bu-tone-coverage
phL_Z_	按不住	bu-sandhi-reading,bu-tone-coverage
phL__M	按不同	bu-sandhi-reading,bu-tone-coverage
phO1L_Z_	按壓不住	bu-sandhi-reading,bu-tone-coverage
phZ_L_7k	按住不放	bu-sandhi-reading,bu-tone-coverage
piL_Z_	勸不住	bu-sandhi-reading,bu-tone-coverage
q4L_6[	捏不準	bu-sandhi-reading,bu-tone-coverage
q5L_cf	猜不到	bu-sandhi-reading,bu-tone-coverage
q5L_l0	猜不出	bu-sandhi-reading,bu-tone-coverage
q5L_l0EE	猜不出來	bu-sandhi-reading,bu-tone-coverage
q5L_mg	猜不透	bu-sandhi-reading,bu-tone-coverage
qAL_	哦不	bu-sandhi-reading,bu-tone-coverage
qI;AL_p=	纏夾不清	bu-sandhi-reading,bu-tone-coverage
qOL_l0	吐不出	bu-sandhi-reading,bu-tone-coverage
qOL_l0EE	吐不出來	bu-sandhi-reading,bu-tone-coverage
q[L_K_	兩不誤	bu-sandhi-reading,bu-tone-coverage
q[e]L_GK1=xd0_	兩耳不聞窗外事	bu-sandhi-reading,bu-tone-coverage
qaL_qq	錯不了	bu-sandhi-reading,bu-tone-coverage
qaeaL_3@	錯落不齊	bu-sandhi-reading,bu-tone-coverage
qas?L_8k	措詞不當	bu-sandhi-reading,bu-tone-coverage
qas?L_8k	措辭不當	bu-sandhi-reading,bu-tone-coverage
qfL_l0	造不出	bu-sandhi-reading,bu-tone-coverage
qfL_l0EE	造不出來	bu-sandhi-reading,bu-tone-coverage
qfL_qq	造不了	bu-sandhi-reading,bu-tone-coverage
qfmlL_2:	躁動不安	bu-sandhi-reading,bu-tone-coverage
qh0_L_ea	辦事不犖	bu-sandhi-reading,bu-tone-coverage
qh5EL_=_	辦學不力	bu-sandhi-reading,bu-tone-coverage
qhFML_\c	半明不滅	bu-sandhi-reading,bu-tone-coverage
qhL_:W	辦不好	bu-sandhi-reading,bu-tone-coverage
qhL_cf	辦不到	bu-sandhi-reading,bu-tone-coverage
qhL_qq	辦不了	bu-sandhi-reading,bu-tone-coverage
qhT:L_ec	半間不界	bu-sandhi-reading,bu-tone-coverage
qqI<L_nq	了當不得	bu-sandhi-reading,bu-tone-coverage
qqL_=M	了不成	bu-sandhi-reading,bu-tone-coverage
qqL_nqqq	了不得了	bu-sandhi-reading,bu-tone-coverage
qqsIL_ha	了然不惑	bu-sandhi-reading,bu-tone-coverage
r5L_L`	塞不下	bu-sandhi-reading,bu-tone-coverage
r5L_Ljn_	塞不進去	bu-sandhi-reading,bu-tone-coverage
rF6NL_o?	危而不持	bu-sandhi-reading,bu-tone-coverage
rFC]N:L`L_Ui	唯恐天下不亂	bu-sandhi-reading,bu-tone-coverage
rFC]N:L`L_Ui	惟恐天下不亂	bu-sandhi-reading,bu-tone-coverage
rFF0L_8i	唯一不變	bu-sandhi-reading,bu-tone-coverage
rFWdL_|_	危害不大	bu-sandhi-reading,bu-tone-coverage
rFo?L_8i	維持不變	bu-sandhi-reading,bu-tone-coverage
rGL_6[	瞧不準	bu-sandhi-reading,bu-tone-coverage
rGL_bO?1	瞧不起他	bu-sandhi-reading,bu-tone-coverage
rGL_bO|J	瞧不起人	bu-sandhi-reading,bu-tone-coverage
r\w[L_qq	影響不了	bu-sandhi-reading,bu-tone-coverage
r\w[L_|_	影響不大	bu-sandhi-reading,bu-tone-coverage
rgL_2f=_	後不為例	bu-sandhi-reading,bu-tone-coverage
rgL_=f	後不會	bu-sandhi-reading,bu-tone-coverage
rgL_ZX	後不久	bu-sandhi-reading,bu-tone-coverage
rgLjL_O@	後勁不足	bu-sandhi-reading,bu-tone-coverage
rg]VL_UO	後悔不已	bu-sandhi-reading,bu-tone-coverage
rlL_Ljn_	控不進去	bu-sandhi-reading,bu-tone-coverage
rl}^L_Z_	控制不住	bu-sandhi-reading,bu-tone-coverage
rl}^L_qq	控制不了	bu-sandhi-reading,bu-tone-coverage
s21_L_Ci	多日不見	bu-sandhi-reading,bu-tone-coverage
s2L_0W{h?0H<s:	多不飽和脂肪酸	bu-sandhi-reading,bu-tone-coverage
s2L_Ml|O	多不勝數	bu-sandhi-reading,bu-tone-coverage
s2QML_5_	多行不義	bu-sandhi-reading,bu-tone-coverage
s2qhL_0_	多半不是	bu-sandhi-reading,bu-tone-coverage
s2~IL_Ci	多年不見	bu-sandhi-reading,bu-tone-coverage
s:L_6hD9	酸不溜丟	bu-sandhi-reading,bu-tone-coverage
s:L_G9D9	酸不溜丟	bu-sandhi-reading,bu-tone-coverage
sIrgL_tf	然後不要	bu-sandhi-reading,bu-tone-coverage
t1L_6[	抓不準	bu-sandhi-reading,bu-tone-coverage
t1L_Z_	抓不住	bu-sandhi-reading,bu-tone-coverage
t1L_cf	抓不到	bu-sandhi-reading,bu-tone-coverage
t1xqL_7k	抓著不放	bu-sandhi-reading,bu-tone-coverage
t2L_g5	脫不開	bu-sandhi-reading,bu-tone-coverage
t2L_qqL;	脫不了身	bu-sandhi-reading,bu-tone-coverage
t2}?L_qq	脫離不了	bu-sandhi-reading,bu-tone-coverage
tAL_g5	磨不開	bu-sandhi-reading,bu-tone-coverage
tAW[L_EE	模仿不來	bu-sandhi-reading,bu-tone-coverage
tAt7L_K_KYME3>	磨刀不誤砍柴工	bu-sandhi-reading,bu-tone-coverage
tEu?0_L_0_	懷疑是不是	bu-sandhi-reading,bu-tone-coverage
tf0_L_	要是不	bu-sandhi-reading,bu-tone-coverage
tfK_L_BLEYc=	藥物不良反應	bu-sandhi-reading,bu-tone-coverage
tfL_03	要不說	bu-sandhi-reading,bu-tone-coverage
tfL_0_	要不是	bu-sandhi-reading,bu-tone-coverage
tfL_0_}Q	要不是我	bu-sandhi-reading,bu-tone-coverage
tfL_:h	要不就	bu-sandhi-reading,bu-tone-coverage
tfL_IbIk	要不這樣	bu-sandhi-reading,bu-tone-coverage
tfL_cf	要不到	bu-sandhi-reading,bu-tone-coverage
tfL_n_	要不去	bu-sandhi-reading,bu-tone-coverage
tfL_qq	要不了	bu-sandhi-reading,bu-tone-coverage
tfL_tf	要不要	bu-sandhi-reading,bu-tone-coverage
tfL_tfXi	要不要換	bu-sandhi-reading,bu-tone-coverage
tfL_tfoT	要不要買	bu-sandhi-reading,bu-tone-coverage
tfL_tfpa	要不要做	bu-sandhi-reading,bu-tone-coverage
tfTOL_YB	要死不活	bu-sandhi-reading,bu-tone-coverage
u7L_l0	掏不出	bu-sandhi-reading,bu-tone-coverage
u?1_L_Ci	一日不見	bu-sandhi-reading,bu-tone-coverage
u?2_L_0_	一字不識	bu-sandhi-reading,bu-tone-coverage
u?2_L_og	一字不漏	bu-sandhi-reading,bu-tone-coverage
u?mlL_ml	一動不動	bu-sandhi-reading,bu-tone-coverage
u?n_L_O_	一去不復	bu-sandhi-reading,bu-tone-coverage
u?n_L_O_EY	一去不復返	bu-sandhi-reading,bu-tone-coverage
u?|JL_~l	疑人不用	bu-sandhi-reading,bu-tone-coverage
uI3aL_<:	殘破不堪	bu-sandhi-reading,bu-tone-coverage
uOBbL_:<	苦樂不均	bu-sandhi-reading,bu-tone-coverage
uOL_uO	苦不苦	bu-sandhi-reading,bu-tone-coverage
uT8iL_qq	改變不了	bu-sandhi-reading,bu-tone-coverage
u[L_0>	講不通	bu-sandhi-reading,bu-tone-coverage
u[L_l0	講不出	bu-sandhi-reading,bu-tone-coverage
u[L_l0EE	講不出來	bu-sandhi-reading,bu-tone-coverage
u[L_qq	講不了	bu-sandhi-reading,bu-tone-coverage
uh0_L_0_	但是不是	bu-sandhi-reading,bu-tone-coverage
uh0_L_4M	但是不能	bu-sandhi-reading,bu-tone-coverage
uh0_L_tf	但是不要	bu-sandhi-reading,bu-tone-coverage
uh3EL_	但絕不	bu-sandhi-reading,bu-tone-coverage
uhIbL_0_	但這不是	bu-sandhi-reading,bu-tone-coverage
uhL_0_	但不是	bu-sandhi-reading,bu-tone-coverage
uhL_4M	但不能	bu-sandhi-reading,bu-tone-coverage
uhL_EiR@	但不限於	bu-sandhi-reading,bu-tone-coverage
uhL_F0Wl	但不一定	bu-sandhi-reading,bu-tone-coverage
uhL_JY	但不敢	bu-sandhi-reading,bu-tone-coverage
uhL_ZX	但不久	bu-sandhi-reading,bu-tone-coverage
uhL_`l	但不幸	bu-sandhi-reading,bu-tone-coverage
uhL_cf	但不到	bu-sandhi-reading,bu-tone-coverage
uhL_tf	但不要	bu-sandhi-reading,bu-tone-coverage
uhL_vY	但不管	bu-sandhi-reading,bu-tone-coverage
uhL_}^R@	但不至於	bu-sandhi-reading,bu-tone-coverage
uhSlL_	但並不	bu-sandhi-reading,bu-tone-coverage
uhSlL_0_	但並不是	bu-sandhi-reading,bu-tone-coverage
uh}QL_	但我不	bu-sandhi-reading,bu-tone-coverage
uh}QL_w[	但我不想	bu-sandhi-reading,bu-tone-coverage
v4L_	皆不	bu-sandhi-reading,bu-tone-coverage
v4L_Dk	接不上	bu-sandhi-reading,bu-tone-coverage
v4L_Z_	接不住	bu-sandhi-reading,bu-tone-coverage
v4L_cf	接不到	bu-sandhi-reading,bu-tone-coverage
v4L_qq	接不了	bu-sandhi-reading,bu-tone-coverage
v4L_v4	接不接	bu-sandhi-reading,bu-tone-coverage
v4[_L_BL	接觸不良	bu-sandhi-reading,bu-tone-coverage
v4xgL_qq	接受不了	bu-sandhi-reading,bu-tone-coverage
vHL_Z_	留不住	bu-sandhi-reading,bu-tone-coverage
vHL_Z_|J	留不住人	bu-sandhi-reading,bu-tone-coverage
vHL_qq	留不了	bu-sandhi-reading,bu-tone-coverage
vKL_vK	忙不忙	bu-sandhi-reading,bu-tone-coverage
vOL_A1	虎不拉	bu-sandhi-reading,bu-tone-coverage
vTL_?0	豈不知	bu-sandhi-reading,bu-tone-coverage
vYL_:W	管不好	bu-sandhi-reading,bu-tone-coverage
vYL_Z_eV	管不住嘴	bu-sandhi-reading,bu-tone-coverage
vYL_vY	管不管	bu-sandhi-reading,bu-tone-coverage
vY]OL_2i	管理不善	bu-sandhi-reading,bu-tone-coverage
vZL_L_5J	穩步不前	bu-sandhi-reading,bu-tone-coverage
vZL_Z_	穩不住	bu-sandhi-reading,bu-tone-coverage
vZ\iL_M7	穩賺不虧	bu-sandhi-reading,bu-tone-coverage
v[L_cf	搶不到	bu-sandhi-reading,bu-tone-coverage
v[L_fa	搶不過	bu-sandhi-reading,bu-tone-coverage
w??0L_[K	皮之不存	bu-sandhi-reading,bu-tone-coverage
w?B_L_:W	脾氣不好	bu-sandhi-reading,bu-tone-coverage
wIL_wIwl	嚴不嚴重	bu-sandhi-reading,bu-tone-coverage
wIwlL_O@	嚴重不足	bu-sandhi-reading,bu-tone-coverage
wKL_MlwK	防不勝防	bu-sandhi-reading,bu-tone-coverage
wKL_Z_	防不住	bu-sandhi-reading,bu-tone-coverage
wKL_qq	防不了	bu-sandhi-reading,bu-tone-coverage
w[L_	想不	bu-sandhi-reading,bu-tone-coverage
w[L_FM>E	想不明白	bu-sandhi-reading,bu-tone-coverage
w[L_bO	想不起	bu-sandhi-reading,bu-tone-coverage
w[L_cfXo	想不到吧	bu-sandhi-reading,bu-tone-coverage
w[L_l0EE	想不出來	bu-sandhi-reading,bu-tone-coverage
w[L_w[	想不想	bu-sandhi-reading,bu-tone-coverage
w[L_w[n_	想不想去	bu-sandhi-reading,bu-tone-coverage
w[WkL_cf	想像不到	bu-sandhi-reading,bu-tone-coverage
w\L_Z_	頂不住	bu-sandhi-reading,bu-tone-coverage
wf_dL_wI9>	妙在不言中	bu-sandhi-reading,bu-tone-coverage
wlL_wl	重不重	bu-sandhi-reading,bu-tone-coverage
wlL_}^	重不治	bu-sandhi-reading,bu-tone-coverage
wll@L_~l	重罰不用	bu-sandhi-reading,bu-tone-coverage
wln?L_wlQk	重質不重量	bu-sandhi-reading,bu-tone-coverage
wlzhL_wli=	中看不中聽	bu-sandhi-reading,bu-tone-coverage
wlzhL_wl~l	中看不中用	bu-sandhi-reading,bu-tone-coverage
x718L_8f	高燒不退	bu-sandhi-reading,bu-tone-coverage
x7K0L_:h	高低不就	bu-sandhi-reading,bu-tone-coverage
x7L_	高不	bu-sandhi-reading,bu-tone-coverage
x7L_=MK0L_:h	高不成低不就	bu-sandhi-reading,bu-tone-coverage
x7L_qq	高不了	bu-sandhi-reading,bu-tone-coverage
x7L_x7	高不高	bu-sandhi-reading,bu-tone-coverage
x7L_{gK0L_:h	高不湊低不就	bu-sandhi-reading,bu-tone-coverage
x7P_L_pg	高度不夠	bu-sandhi-reading,bu-tone-coverage
x?L_?0EY	迷不知返	bu-sandhi-reading,bu-tone-coverage
x@L_cf	查不到	bu-sandhi-reading,bu-tone-coverage
xUL_xU	美不美	bu-sandhi-reading,bu-tone-coverage
x\L_	挺不	bu-sandhi-reading,bu-tone-coverage
x\L_Z_	挺不住	bu-sandhi-reading,bu-tone-coverage
x\L_Z_qq	挺不住了	bu-sandhi-reading,bu-tone-coverage
x\L_qa	挺不錯	bu-sandhi-reading,bu-tone-coverage
xgL_L`EE	瘦不下來	bu-sandhi-reading,bu-tone-coverage
xgL_Z_	受不住	bu-sandhi-reading,bu-tone-coverage
xgL_bO	受不起	bu-sandhi-reading,bu-tone-coverage
xgL_nq	受不得	bu-sandhi-reading,bu-tone-coverage
xgL_qqqq	受不了了	bu-sandhi-reading,bu-tone-coverage
xgL_xg	受不受	bu-sandhi-reading,bu-tone-coverage
xgxgL_^;	授受不親	bu-sandhi-reading,bu-tone-coverage
xg~lL_Lj	受用不盡	bu-sandhi-reading,bu-tone-coverage
xhL_xh	爛不爛	bu-sandhi-reading,bu-tone-coverage
xq4aL_s2	著墨不多	bu-sandhi-reading,bu-tone-coverage
xqG:L_xqq[	著三不著兩	bu-sandhi-reading,bu-tone-coverage
y<}lL_Od	光送不賣	bu-sandhi-reading,bu-tone-coverage
y@ySyhL_qq	啥也幹不了	bu-sandhi-reading,bu-tone-coverage
yS03L_:W	也說不好	bu-sandhi-reading,bu-tone-coverage
yS7kL_L`	也放不下	bu-sandhi-reading,bu-tone-coverage
yS9R18L_Lj	野火燒不盡	bu-sandhi-reading,bu-tone-coverage
yS>JL_qq	也玩不了	bu-sandhi-reading,bu-tone-coverage
yS@0L_L`	也吃不下	bu-sandhi-reading,bu-tone-coverage
ySCfL_xq	也睡不著	bu-sandhi-reading,bu-tone-coverage
ySDkL_n_	也上不去	bu-sandhi-reading,bu-tone-coverage
ySI1L_s2	也差不多	bu-sandhi-reading,bu-tone-coverage
ySL_0_	也不是	bu-sandhi-reading,bu-tone-coverage
ySL_0_<Ccp	也不是什麼	bu-sandhi-reading,bu-tone-coverage
ySL_0_Cb	也不是個	bu-sandhi-reading,bu-tone-coverage
ySL_2@	也不及	bu-sandhi-reading,bu-tone-coverage
ySL_2@	也不急	bu-sandhi-reading,bu-tone-coverage
ySL_3Enq	也不覺得	bu-sandhi-reading,bu-tone-coverage
ySL_3e	也不快	bu-sandhi-reading,bu-tone-coverage
ySL_4Mpa	也不能做	bu-sandhi-reading,bu-tone-coverage
ySL_4Z	也不遠	bu-sandhi-reading,bu-tone-coverage
ySL_4_	也不似	bu-sandhi-reading,bu-tone-coverage
ySL_6C0_	也不合適	bu-sandhi-reading,bu-tone-coverage
ySL_6[	也不準	bu-sandhi-reading,bu-tone-coverage
ySL_6_	也不必	bu-sandhi-reading,bu-tone-coverage
ySL_7k	也不放	bu-sandhi-reading,bu-tone-coverage
ySL_9W	也不考	bu-sandhi-reading,bu-tone-coverage
ySL_:W	也不好	bu-sandhi-reading,bu-tone-coverage
ySL_:Wpa	也不好做	bu-sandhi-reading,bu-tone-coverage
ySL_;f	也不貴	bu-sandhi-reading,bu-tone-coverage
ySL_<j0_	也不認識	bu-sandhi-reading,bu-tone-coverage
ySL_=_xd	也不例外	bu-sandhi-reading,bu-tone-coverage
ySL_=f	也不會	bu-sandhi-reading,bu-tone-coverage
ySL_=fn_	也不會去	bu-sandhi-reading,bu-tone-coverage
ySL_>]	也不懂	bu-sandhi-reading,bu-tone-coverage
ySL_?0cf	也不知道	bu-sandhi-reading,bu-tone-coverage
ySL_?EL@	也不排除	bu-sandhi-reading,bu-tone-coverage
ySL_@0	也不吃	bu-sandhi-reading,bu-tone-coverage
ySL_@P	也不許	bu-sandhi-reading,bu-tone-coverage
ySL_@W	也不少	bu-sandhi-reading,bu-tone-coverage
ySL_AM	也不曾	bu-sandhi-reading,bu-tone-coverage
ySL_Bbg:	也不樂觀	bu-sandhi-reading,bu-tone-coverage
ySL_CdWl	也不確定	bu-sandhi-reading,bu-tone-coverage
ySL_Cinq	也不見得	bu-sandhi-reading,bu-tone-coverage
ySL_Eip?	也不現實	bu-sandhi-reading,bu-tone-coverage
ySL_F0Wl	也不一定	bu-sandhi-reading,bu-tone-coverage
ySL_MP	也不打	bu-sandhi-reading,bu-tone-coverage
ySL_N@	也不如	bu-sandhi-reading,bu-tone-coverage
ySL_Nj	也不信	bu-sandhi-reading,bu-tone-coverage
ySL_Od	也不賣	bu-sandhi-reading,bu-tone-coverage
ySL_QM	也不行	bu-sandhi-reading,bu-tone-coverage
ySL_Qd	也不帶	bu-sandhi-reading,bu-tone-coverage
ySL_Rd	也不太	bu-sandhi-reading,bu-tone-coverage
ySL_SWnq	也不曉得	bu-sandhi-reading,bu-tone-coverage
ySL_T0_k	也不希望	bu-sandhi-reading,bu-tone-coverage
ySL_VO	也不比	bu-sandhi-reading,bu-tone-coverage
ySL_Wk	也不像	bu-sandhi-reading,bu-tone-coverage
ySL__M	也不同	bu-sandhi-reading,bu-tone-coverage
ySL__d	也不在	bu-sandhi-reading,bu-tone-coverage
ySL__dg0	也不在乎	bu-sandhi-reading,bu-tone-coverage
ySL_aJ	也不全	bu-sandhi-reading,bu-tone-coverage
ySL_aJ0_	也不全是	bu-sandhi-reading,bu-tone-coverage
ySL_bi	也不算	bu-sandhi-reading,bu-tone-coverage
ySL_bi;f	也不算貴	bu-sandhi-reading,bu-tone-coverage
ySL_cf	也不到	bu-sandhi-reading,bu-tone-coverage
ySL_ci	也不願	bu-sandhi-reading,bu-tone-coverage
ySL_dR4M	也不可能	bu-sandhi-reading,bu-tone-coverage
ySL_dRUO	也不可以	bu-sandhi-reading,bu-tone-coverage
ySL_fa	也不過	bu-sandhi-reading,bu-tone-coverage
ySL_hI	也不難	bu-sandhi-reading,bu-tone-coverage
ySL_i=	也不聽	bu-sandhi-reading,bu-tone-coverage
ySL_k@eI	也不麻煩	bu-sandhi-reading,bu-tone-coverage
ySL_m0@@	也不舒服	bu-sandhi-reading,bu-tone-coverage
ySL_mY	也不晚	bu-sandhi-reading,bu-tone-coverage
ySL_n?	也不值	bu-sandhi-reading,bu-tone-coverage
ySL_oT	也不買	bu-sandhi-reading,bu-tone-coverage
ySL_p={O	也不清楚	bu-sandhi-reading,bu-tone-coverage
ySL_pa	也不做	bu-sandhi-reading,bu-tone-coverage
ySL_qa	也不錯	bu-sandhi-reading,bu-tone-coverage
ySL_s2	也不多	bu-sandhi-reading,bu-tone-coverage
ySL_tf	也不要	bu-sandhi-reading,bu-tone-coverage
ySL_tflZ	也不要緊	bu-sandhi-reading,bu-tone-coverage
ySL_vY	也不管	bu-sandhi-reading,bu-tone-coverage
ySL_w[vY	也不想管	bu-sandhi-reading,bu-tone-coverage
ySL_x7	也不高	bu-sandhi-reading,bu-tone-coverage
ySL_y_	也不怕	bu-sandhi-reading,bu-tone-coverage
ySL_yh	也不幹	bu-sandhi-reading,bu-tone-coverage
ySL_|_	也不大	bu-sandhi-reading,bu-tone-coverage
ySL_|_qq	也不大了	bu-sandhi-reading,bu-tone-coverage
ySL_}F	也不回	bu-sandhi-reading,bu-tone-coverage
ySL_~U}Q	也不給我	bu-sandhi-reading,bu-tone-coverage
ySL_~l	也不用	bu-sandhi-reading,bu-tone-coverage
ySM7L_qq	也虧不了	bu-sandhi-reading,bu-tone-coverage
ySMPL_g5	也打不開	bu-sandhi-reading,bu-tone-coverage
ySNXL_@W	也有不少	bu-sandhi-reading,bu-tone-coverage
ySkRL_nq	也捨不得	bu-sandhi-reading,bu-tone-coverage
ySoTL_bO	也買不起	bu-sandhi-reading,bu-tone-coverage
ySoTL_qq	也買不了	bu-sandhi-reading,bu-tone-coverage
ySpaL_cf	也做不到	bu-sandhi-reading,bu-tone-coverage
ySvYL_qq	也管不了	bu-sandhi-reading,bu-tone-coverage
ySw[L_cf	也想不到	bu-sandhi-reading,bu-tone-coverage
ySx\L_kM5_	也挺不容易	bu-sandhi-reading,bu-tone-coverage
ySzhL_>]	也看不懂	bu-sandhi-reading,bu-tone-coverage
y_L_y_	怕不怕	bu-sandhi-reading,bu-tone-coverage
yhL_	幹不	bu-sandhi-reading,bu-tone-coverage
yhL_L`	幹不下	bu-sandhi-reading,bu-tone-coverage
yhL_fa	幹不過	bu-sandhi-reading,bu-tone-coverage
yhL_ml	幹不動	bu-sandhi-reading,bu-tone-coverage
yhL_mlqq	幹不動了	bu-sandhi-reading,bu-tone-coverage
yhL_qq	幹不了	bu-sandhi-reading,bu-tone-coverage
yhL_yh	幹不幹	bu-sandhi-reading,bu-tone-coverage
yhYBL_]e	幹活不累	bu-sandhi-reading,bu-tone-coverage
yhk@L_	幹嘛不	bu-sandhi-reading,bu-tone-coverage
z?L_Z_	敵不住	bu-sandhi-reading,bu-tone-coverage
z?L_fa	敵不過	bu-sandhi-reading,bu-tone-coverage
zIwIL_Lj	綿延不盡	bu-sandhi-reading,bu-tone-coverage
zIwIL_Ri	綿延不斷	bu-sandhi-reading,bu-tone-coverage
zJ4aL_2P	沉默不語	bu-sandhi-reading,bu-tone-coverage
zJL_Z_B_	沈不住氣	bu-sandhi-reading,bu-tone-coverage
zJL_Z_B_	沉不住氣	bu-sandhi-reading,bu-tone-coverage
zO3_L_?;	主次不分	bu-sandhi-reading,bu-tone-coverage
z\L_cf	領不到	bu-sandhi-reading,bu-tone-coverage
zfL_l0	跳不出	bu-sandhi-reading,bu-tone-coverage
zh4ML_4M	看能不能	bu-sandhi-reading,bu-tone-coverage
zhL_	看不	bu-sandhi-reading,bu-tone-coverage
zhL_0C	看不得	bu-sandhi-reading,bu-tone-coverage
zhL_4@Vi	看不習慣	bu-sandhi-reading,bu-tone-coverage
zhL_6[	看不準	bu-sandhi-reading,bu-tone-coverage
zhL_9>	看不中	bu-sandhi-reading,bu-tone-coverage
zhL_>]	看不懂	bu-sandhi-reading,bu-tone-coverage
zhL_>]Wo	看不懂啊	bu-sandhi-reading,bu-tone-coverage
zhL_Ci	看不見	bu-sandhi-reading,bu-tone-coverage
zhL_Ci\O	看不見你	bu-sandhi-reading,bu-tone-coverage
zhL_Cinq	看不見的	bu-sandhi-reading,bu-tone-coverage
zhL_CinqIX	看不見的手	bu-sandhi-reading,bu-tone-coverage
zhL_Ciqq	看不見了	bu-sandhi-reading,bu-tone-coverage
zhL_Dk	看不上	bu-sandhi-reading,bu-tone-coverage
zhL_DkWY	看不上眼	bu-sandhi-reading,bu-tone-coverage
zhL_Dk}Q	看不上我	bu-sandhi-reading,bu-tone-coverage
zhL_L`n_	看不下去	bu-sandhi-reading,bu-tone-coverage
zhL_Ljn_	看不進去	bu-sandhi-reading,bu-tone-coverage
zhL_Ljn_m0	看不進去書	bu-sandhi-reading,bu-tone-coverage
zhL_Vi	看不慣	bu-sandhi-reading,bu-tone-coverage
zhL_Z_	看不住	bu-sandhi-reading,bu-tone-coverage
zhL_bO?1	看不起他	bu-sandhi-reading,bu-tone-coverage
zhL_bO|J	看不起人	bu-sandhi-reading,bu-tone-coverage
zhL_cf	看不到	bu-sandhi-reading,bu-tone-coverage
zhL_cfZo	看不到嗎	bu-sandhi-reading,bu-tone-coverage
zhL_cf\O	看不到你	bu-sandhi-reading,bu-tone-coverage
zhL_cfqq	看不到了	bu-sandhi-reading,bu-tone-coverage
zhL_fa	看不過	bu-sandhi-reading,bu-tone-coverage
zhL_faWY	看不過眼	bu-sandhi-reading,bu-tone-coverage
zhL_fan_	看不過去	bu-sandhi-reading,bu-tone-coverage
zhL_gjWY	看不順眼	bu-sandhi-reading,bu-tone-coverage
zhL_l0?1	看不出他	bu-sandhi-reading,bu-tone-coverage
zhL_mg	看不透	bu-sandhi-reading,bu-tone-coverage
zhL_n:	看不穿	bu-sandhi-reading,bu-tone-coverage
zhL_nq	看不得	bu-sandhi-reading,bu-tone-coverage
zhL_p=	看不清	bu-sandhi-reading,bu-tone-coverage
zhL_p={O	看不清楚	bu-sandhi-reading,bu-tone-coverage
zhL_qq	看不了	bu-sandhi-reading,bu-tone-coverage
zhL_xq	看不著	bu-sandhi-reading,bu-tone-coverage
zhL_zh	看不看	bu-sandhi-reading,bu-tone-coverage
zhtfL_tf	看要不要	bu-sandhi-reading,bu-tone-coverage
zhxqL_vY	看著不管	bu-sandhi-reading,bu-tone-coverage
zhySL_zh	看也不看	bu-sandhi-reading,bu-tone-coverage
zh}8L_zh	看都不看	bu-sandhi-reading,bu-tone-coverage
{?L_cf	提不到	bu-sandhi-reading,bu-tone-coverage
{?L_l0EE	提不出來	bu-sandhi-reading,bu-tone-coverage
{?L_qq	提不了	bu-sandhi-reading,bu-tone-coverage
{JE0L_Wl	神思不定	bu-sandhi-reading,bu-tone-coverage
{JRKL_Wl	神魂不定	bu-sandhi-reading,bu-tone-coverage
{Jo=L_Kl4L	神經不正常	bu-sandhi-reading,bu-tone-coverage
{O]OL_I<	處理不當	bu-sandhi-reading,bu-tone-coverage
{fL_A0	尿不溼	bu-sandhi-reading,bu-tone-coverage
{gL_l0	湊不出	bu-sandhi-reading,bu-tone-coverage
{h6NL__M	和而不同	bu-sandhi-reading,bu-tone-coverage
{hL_O@	和不足	bu-sandhi-reading,bu-tone-coverage
{lPOh<1Mc=L_0_	縱使相逢應不識	bu-sandhi-reading,bu-tone-coverage
|?tOL__`	泥古不化	bu-sandhi-reading,bu-tone-coverage
|JBXL_O@	人口不足	bu-sandhi-reading,bu-tone-coverage
|JCRL_OO	人所不齒	bu-sandhi-reading,bu-tone-coverage
|JIXL_pg	人手不夠	bu-sandhi-reading,bu-tone-coverage
|JL_	人不	bu-sandhi-reading,bu-tone-coverage
|JL_0_	人不是	bu-sandhi-reading,bu-tone-coverage
|JL_2faO	人不為己	bu-sandhi-reading,bu-tone-coverage
|JL_=f	人不會	bu-sandhi-reading,bu-tone-coverage
|JL_?0	人不知	bu-sandhi-reading,bu-tone-coverage
|JL_Wk|J	人不像人	bu-sandhi-reading,bu-tone-coverage
|JL__d	人不在	bu-sandhi-reading,bu-tone-coverage
|JL_s2	人不多	bu-sandhi-reading,bu-tone-coverage
|JL_th}Q	人不犯我	bu-sandhi-reading,bu-tone-coverage
|JTJL_O@	人員不足	bu-sandhi-reading,bu-tone-coverage
|J[1L_0_	人家不是	bu-sandhi-reading,bu-tone-coverage
|J^=:iL_iH	人生面不熟	bu-sandhi-reading,bu-tone-coverage
|J^=L_N@5_	人生不如意	bu-sandhi-reading,bu-tone-coverage
|O?0L_Lj	數之不盡	bu-sandhi-reading,bu-tone-coverage
|OBLL_O@	數量不足	bu-sandhi-reading,bu-tone-coverage
|OL_0_	數不是	bu-sandhi-reading,bu-tone-coverage
|OL_Dk	數不上	bu-sandhi-reading,bu-tone-coverage
|OL_Lj	數不盡	bu-sandhi-reading,bu-tone-coverage
|OL_Ljnq	數不盡的	bu-sandhi-reading,bu-tone-coverage
|OL_Ml|O	數不勝數	bu-sandhi-reading,bu-tone-coverage
|OL_cf	數不到	bu-sandhi-reading,bu-tone-coverage
|OL_p=nq	數不清的	bu-sandhi-reading,bu-tone-coverage
|OL_s2	數不多	bu-sandhi-reading,bu-tone-coverage
|OL_xq	數不著	bu-sandhi-reading,bu-tone-coverage
|O}8|OL_p=	數都數不清	bu-sandhi-reading,bu-tone-coverage
|YL_fa	轉不過	bu-sandhi-reading,bu-tone-coverage
|YL_qq	轉不了	bu-sandhi-reading,bu-tone-coverage
|_6NL_GL	大而不強	bu-sandhi-reading,bu-tone-coverage
|_L_F0Ik	大不一樣	bu-sandhi-reading,bu-tone-coverage
|_L_RV	大不韙	bu-sandhi-reading,bu-tone-coverage
|_L_]O0_	大不里士	bu-sandhi-reading,bu-tone-coverage
|_L__M	大不同	bu-sandhi-reading,bu-tone-coverage
|_L_|_	大不大	bu-sandhi-reading,bu-tone-coverage
|fL_6[	料不準	bu-sandhi-reading,bu-tone-coverage
|fw[L_cf	料想不到	bu-sandhi-reading,bu-tone-coverage
|i>;L_Bb	悶悶不樂	bu-sandhi-reading,bu-tone-coverage
}2E2L_mg	捉摸不透	bu-sandhi-reading,bu-tone-coverage
}2L_6[	捉不準	bu-sandhi-reading,bu-tone-coverage
}8>WL_cf	都找不到	bu-sandhi-reading,bu-tone-coverage
}8I1L_s2	都差不多	bu-sandhi-reading,bu-tone-coverage
}8L_0_	都不是	bu-sandhi-reading,bu-tone-coverage
}8L_0_:W	都不是好	bu-sandhi-reading,bu-tone-coverage
}8L_4M@W	都不能少	bu-sandhi-reading,bu-tone-coverage
}8L_4M~l	都不能用	bu-sandhi-reading,bu-tone-coverage
}8L_4Z	都不遠	bu-sandhi-reading,bu-tone-coverage
}8L_6_	都不必	bu-sandhi-reading,bu-tone-coverage
}8L_7f	都不對	bu-sandhi-reading,bu-tone-coverage
}8L_7k	都不放	bu-sandhi-reading,bu-tone-coverage
}8L_8T	都不寫	bu-sandhi-reading,bu-tone-coverage
}8L_=f	都不會	bu-sandhi-reading,bu-tone-coverage
}8L_=fn_	都不會去	bu-sandhi-reading,bu-tone-coverage
}8L_>Jqq	都不玩了	bu-sandhi-reading,bu-tone-coverage
}8L_>]	都不懂	bu-sandhi-reading,bu-tone-coverage
}8L_?0cf	都不知道	bu-sandhi-reading,bu-tone-coverage
}8L_Ci	都不見	bu-sandhi-reading,bu-tone-coverage
}8L_F:[1	都不參加	bu-sandhi-reading,bu-tone-coverage
}8L_JY	都不敢	bu-sandhi-reading,bu-tone-coverage
}8L_K0	都不低	bu-sandhi-reading,bu-tone-coverage
}8L_N@	都不如	bu-sandhi-reading,bu-tone-coverage
}8L_Od	都不賣	bu-sandhi-reading,bu-tone-coverage
}8L_QM	都不行	bu-sandhi-reading,bu-tone-coverage
}8L_Qd	都不戴	bu-sandhi-reading,bu-tone-coverage
}8L_Rd	都不太	bu-sandhi-reading,bu-tone-coverage
}8L_T5	都不缺	bu-sandhi-reading,bu-tone-coverage
}8L_T_	都不顧	bu-sandhi-reading,bu-tone-coverage
}8L_VO	都不比	bu-sandhi-reading,bu-tone-coverage
}8L_[1	都不加	bu-sandhi-reading,bu-tone-coverage
}8L__M	都不同	bu-sandhi-reading,bu-tone-coverage
}8L__d	都不在	bu-sandhi-reading,bu-tone-coverage
}8L__dg0	都不在乎	bu-sandhi-reading,bu-tone-coverage
}8L_cf	都不到	bu-sandhi-reading,bu-tone-coverage
}8L_ci	都不願	bu-sandhi-reading,bu-tone-coverage
}8L_ci5_	都不願意	bu-sandhi-reading,bu-tone-coverage
}8L_dRUO	都不可以	bu-sandhi-reading,bu-tone-coverage
}8L_h<_M	都不相同	bu-sandhi-reading,bu-tone-coverage
}8L_ml	都不動	bu-sandhi-reading,bu-tone-coverage
}8L_n?	都不值	bu-sandhi-reading,bu-tone-coverage
}8L_nq	都不得	bu-sandhi-reading,bu-tone-coverage
}8L_pg	都不夠	bu-sandhi-reading,bu-tone-coverage
}8L_qa	都不錯	bu-sandhi-reading,bu-tone-coverage
}8L_s2	都不多	bu-sandhi-reading,bu-tone-coverage
}8L_tf	都不要	bu-sandhi-reading,bu-tone-coverage
}8L_vY	都不管	bu-sandhi-reading,bu-tone-coverage
}8L_w[n_	都不想去	bu-sandhi-reading,bu-tone-coverage
}8L_w[tf	都不想要	bu-sandhi-reading,bu-tone-coverage
}8L_y_	都不怕	bu-sandhi-reading,bu-tone-coverage
}8L_zU	都不得	bu-sandhi-reading,bu-tone-coverage
}8L_~U	都不給	bu-sandhi-reading,bu-tone-coverage
}8L_~l	都不用	bu-sandhi-reading,bu-tone-coverage
}8MPL_cf	都打不到	bu-sandhi-reading,bu-tone-coverage
}8MPL_fa	都打不過	bu-sandhi-reading,bu-tone-coverage
}8_kL_qq	都忘不了	bu-sandhi-reading,bu-tone-coverage
}8zhL_cf	都看不到	bu-sandhi-reading,bu-tone-coverage
}8}?L_g5	都離不開	bu-sandhi-reading,bu-tone-coverage
}?L_g5?1	離不開他	bu-sandhi-reading,bu-tone-coverage
}?L_g5\O	離不開你	bu-sandhi-reading,bu-tone-coverage
}FL_	回不	bu-sandhi-reading,bu-tone-coverage
}FL_EE	回不來	bu-sandhi-reading,bu-tone-coverage
}FL_cf	回不到	bu-sandhi-reading,bu-tone-coverage
}FL_n_	回不去	bu-sandhi-reading,bu-tone-coverage
}FL_n_qq	回不去了	bu-sandhi-reading,bu-tone-coverage
}FL_qq	回不了	bu-sandhi-reading,bu-tone-coverage
}FL_}F	回不回	bu-sandhi-reading,bu-tone-coverage
}I6NL_<_	甜而不膩	bu-sandhi-reading,bu-tone-coverage
}IL_qq	填不了	bu-sandhi-reading,bu-tone-coverage
}M`lL_a_	雄性不育	bu-sandhi-reading,bu-tone-coverage
}OyKL_SdKl	乳糖不耐症	bu-sandhi-reading,bu-tone-coverage
}Q0_L_0_	我是不是	bu-sandhi-reading,bu-tone-coverage
}Q0_L_=f	我是不會	bu-sandhi-reading,bu-tone-coverage
}Q0_L_Nj	我是不信	bu-sandhi-reading,bu-tone-coverage
}Q2_M7sIL_ml	我自巋然不動	bu-sandhi-reading,bu-tone-coverage
}Q3EL_	我絕不	bu-sandhi-reading,bu-tone-coverage
}Q:hL_	我就不	bu-sandhi-reading,bu-tone-coverage
}Q:hL_4M	我就不能	bu-sandhi-reading,bu-tone-coverage
}Q:hL_h<Nj	我就不相信	bu-sandhi-reading,bu-tone-coverage
}Q:hL_n_	我就不去	bu-sandhi-reading,bu-tone-coverage
}Q>WL_cf	我找不到	bu-sandhi-reading,bu-tone-coverage
}QA_L_p=	我記不清	bu-sandhi-reading,bu-tone-coverage
}QCfL_xq	我睡不著	bu-sandhi-reading,bu-tone-coverage
}QIJL_?0cf	我還不知道	bu-sandhi-reading,bu-tone-coverage
}QIbL_0_	我這不是	bu-sandhi-reading,bu-tone-coverage
}QJ;nqL_?0cf	我真的不知道	bu-sandhi-reading,bu-tone-coverage
}QL]L_4M	我總不能	bu-sandhi-reading,bu-tone-coverage
}QL_03	我不說	bu-sandhi-reading,bu-tone-coverage
}QL_03_`	我不說話	bu-sandhi-reading,bu-tone-coverage
}QL_0_	我不是	bu-sandhi-reading,bu-tone-coverage
}QL_0_6C	我不適合	bu-sandhi-reading,bu-tone-coverage
}QL_0_F0Cb|J	我不是一個人	bu-sandhi-reading,bu-tone-coverage
}QL_0_T_5_	我不是故意	bu-sandhi-reading,bu-tone-coverage
}QL_3Enq	我不覺得	bu-sandhi-reading,bu-tone-coverage
}QL_4M03	我不能說	bu-sandhi-reading,bu-tone-coverage
}QL_:W5_E0	我不好意思	bu-sandhi-reading,bu-tone-coverage
}QL_<j0_	我不認識	bu-sandhi-reading,bu-tone-coverage
}QL_<j0_\O	我不認識你	bu-sandhi-reading,bu-tone-coverage
}QL_=f	我不會	bu-sandhi-reading,bu-tone-coverage
}QL_=f8T	我不會寫	bu-sandhi-reading,bu-tone-coverage
}QL_>J	我不玩	bu-sandhi-reading,bu-tone-coverage
}QL_>]	我不懂	bu-sandhi-reading,bu-tone-coverage
}QL_?0cf	我不知道	bu-sandhi-reading,bu-tone-coverage
}QL_?0cfWo	我不知道啊	bu-sandhi-reading,bu-tone-coverage
}QL_A\	我不爽	bu-sandhi-reading,bu-tone-coverage
}QL_A_nq	我不記得	bu-sandhi-reading,bu-tone-coverage
}QL_A_nqqq	我不記得了	bu-sandhi-reading,bu-tone-coverage
}QL_FM>E	我不明白	bu-sandhi-reading,bu-tone-coverage
}QL_JY	我不敢	bu-sandhi-reading,bu-tone-coverage
}QL_JY03	我不敢說	bu-sandhi-reading,bu-tone-coverage
}QL_JYzh	我不敢看	bu-sandhi-reading,bu-tone-coverage
}QL_Ld	我不愛	bu-sandhi-reading,bu-tone-coverage
}QL_Ld\O	我不愛你	bu-sandhi-reading,bu-tone-coverage
}QL_MP	我不打	bu-sandhi-reading,bu-tone-coverage
}QL_Nj	我不信	bu-sandhi-reading,bu-tone-coverage
}QL_QM	我不行	bu-sandhi-reading,bu-tone-coverage
}QL_QMqq	我不行了	bu-sandhi-reading,bu-tone-coverage
}QL_Rd	我不太	bu-sandhi-reading,bu-tone-coverage
}QL_Rd=f	我不太會	bu-sandhi-reading,bu-tone-coverage
}QL_RdMW6T	我不太瞭解	bu-sandhi-reading,bu-tone-coverage
}QL_RdcOi:	我不太喜歡	bu-sandhi-reading,bu-tone-coverage
}QL_SWnq	我不曉得	bu-sandhi-reading,bu-tone-coverage
}QL_SdeI	我不耐煩	bu-sandhi-reading,bu-tone-coverage
}QL_V3	我不喝	bu-sandhi-reading,bu-tone-coverage
}QL_Wdy_	我不害怕	bu-sandhi-reading,bu-tone-coverage
}QL_We	我不配	bu-sandhi-reading,bu-tone-coverage
}QL__M5_	我不同意	bu-sandhi-reading,bu-tone-coverage
}QL__d	我不在	bu-sandhi-reading,bu-tone-coverage
}QL__d5_	我不在意	bu-sandhi-reading,bu-tone-coverage
}QL__dg0	我不在乎	bu-sandhi-reading,bu-tone-coverage
}QL_c=f5	我不應該	bu-sandhi-reading,bu-tone-coverage
}QL_cOi:	我不喜歡	bu-sandhi-reading,bu-tone-coverage
}QL_ci	我不願	bu-sandhi-reading,bu-tone-coverage
}QL_ci5_	我不願意	bu-sandhi-reading,bu-tone-coverage
}QL_dRUO	我不可以	bu-sandhi-reading,bu-tone-coverage
}QL_ec5_	我不介意	bu-sandhi-reading,bu-tone-coverage
}QL_gf`_\O	我不告訴你	bu-sandhi-reading,bu-tone-coverage
}QL_h<Nj	我不相信	bu-sandhi-reading,bu-tone-coverage
}QL_hIfa	我不難過	bu-sandhi-reading,bu-tone-coverage
}QL_i=	我不聽	bu-sandhi-reading,bu-tone-coverage
}QL_nH	我不由	bu-sandhi-reading,bu-tone-coverage
}QL_n_	我不去	bu-sandhi-reading,bu-tone-coverage
}QL_nq	我不得	bu-sandhi-reading,bu-tone-coverage
}QL_nqL_	我不得不	bu-sandhi-reading,bu-tone-coverage
}QL_oT	我不買	bu-sandhi-reading,bu-tone-coverage
}QL_p={O	我不清楚	bu-sandhi-reading,bu-tone-coverage
}QL_pa	我不做	bu-sandhi-reading,bu-tone-coverage
}QL_rg]V	我不後悔	bu-sandhi-reading,bu-tone-coverage
}QL_tf	我不要	bu-sandhi-reading,bu-tone-coverage
}QL_tf\O	我不要你	bu-sandhi-reading,bu-tone-coverage
}QL_tfqq	我不要了	bu-sandhi-reading,bu-tone-coverage
}QL_vY	我不管	bu-sandhi-reading,bu-tone-coverage
}QL_w[	我不想	bu-sandhi-reading,bu-tone-coverage
}QL_w[03	我不想說	bu-sandhi-reading,bu-tone-coverage
}QL_w[n_	我不想去	bu-sandhi-reading,bu-tone-coverage
}QL_w[tf	我不想要	bu-sandhi-reading,bu-tone-coverage
}QL_w[zh	我不想看	bu-sandhi-reading,bu-tone-coverage
}QL_y_	我不怕	bu-sandhi-reading,bu-tone-coverage
}QL_zh	我不看	bu-sandhi-reading,bu-tone-coverage
}QL_~l	我不用	bu-sandhi-reading,bu-tone-coverage
}QNOL_fa	我只不過	bu-sandhi-reading,bu-tone-coverage
}QNOL_fa0_	我只不過是	bu-sandhi-reading,bu-tone-coverage
}QQEL_tf	我才不要	bu-sandhi-reading,bu-tone-coverage
}QSlL_	我並不	bu-sandhi-reading,bu-tone-coverage
}QSlL_0_	我並不是	bu-sandhi-reading,bu-tone-coverage
}QZGL_	我毫不	bu-sandhi-reading,bu-tone-coverage
}Q\ZL_Z_	我忍不住	bu-sandhi-reading,bu-tone-coverage
}Q\yL_	我們不	bu-sandhi-reading,bu-tone-coverage
}Q\yL_H<	我們不妨	bu-sandhi-reading,bu-tone-coverage
}Q\yL_tf	我們不要	bu-sandhi-reading,bu-tone-coverage
}Q\yL_vY	我們不管	bu-sandhi-reading,bu-tone-coverage
}Q\yL_y_	我們不怕	bu-sandhi-reading,bu-tone-coverage
}Q_;PML_:W	我心情不好	bu-sandhi-reading,bu-tone-coverage
}QdRL_	我可不	bu-sandhi-reading,bu-tone-coverage
}QdRL_0_	我可不是	bu-sandhi-reading,bu-tone-coverage
}QdRL_JY	我可不敢	bu-sandhi-reading,bu-tone-coverage
}Qi=L_Ci	我聽不見	bu-sandhi-reading,bu-tone-coverage
}QkRL_nq	我捨不得	bu-sandhi-reading,bu-tone-coverage
}QmMEEL_	我從來不	bu-sandhi-reading,bu-tone-coverage
}QmML_	我從不	bu-sandhi-reading,bu-tone-coverage
}QmRk@L_?0cf	我怎麼不知道	bu-sandhi-reading,bu-tone-coverage
}QpaL_cf	我做不到	bu-sandhi-reading,bu-tone-coverage
}QtfL_0_	我要不是	bu-sandhi-reading,bu-tone-coverage
}QvYL_qq	我管不了	bu-sandhi-reading,bu-tone-coverage
}QxgL_qq	我受不了	bu-sandhi-reading,bu-tone-coverage
}QyS03L_p={O	我也說不清楚	bu-sandhi-reading,bu-tone-coverage
}QySI1L_s2	我也差不多	bu-sandhi-reading,bu-tone-coverage
}QySL_=f	我也不會	bu-sandhi-reading,bu-tone-coverage
}QySL_>]	我也不懂	bu-sandhi-reading,bu-tone-coverage
}QySL_?0cf	我也不知道	bu-sandhi-reading,bu-tone-coverage
}QySL_?0cfWo	我也不知道啊	bu-sandhi-reading,bu-tone-coverage
}QySL_?0cfqq	我也不知道了	bu-sandhi-reading,bu-tone-coverage
}QySL_MW6T	我也不瞭解	bu-sandhi-reading,bu-tone-coverage
}QySL_Rdp={O	我也不太清楚	bu-sandhi-reading,bu-tone-coverage
}QySL_SWnq	我也不曉得	bu-sandhi-reading,bu-tone-coverage
}QySL_p={O	我也不清楚	bu-sandhi-reading,bu-tone-coverage
}QySL_vY	我也不管	bu-sandhi-reading,bu-tone-coverage
}QySL_w[	我也不想	bu-sandhi-reading,bu-tone-coverage
}QySL_~l	我也不用	bu-sandhi-reading,bu-tone-coverage
}QySzhL_>]	我也看不懂	bu-sandhi-reading,bu-tone-coverage
}QzhL_>]	我看不懂	bu-sandhi-reading,bu-tone-coverage
}QzhL_Ci	我看不見	bu-sandhi-reading,bu-tone-coverage
}QzhL_cf	我看不到	bu-sandhi-reading,bu-tone-coverage
}QzhL_l0	我看不出	bu-sandhi-reading,bu-tone-coverage
}QzhL_p=	我看不清	bu-sandhi-reading,bu-tone-coverage
}Q}8L_?0cf	我都不知道	bu-sandhi-reading,bu-tone-coverage
}Q}8L_JY	我都不敢	bu-sandhi-reading,bu-tone-coverage
}Q}8L_Nj	我都不信	bu-sandhi-reading,bu-tone-coverage
}Q}gL_	我又不	bu-sandhi-reading,bu-tone-coverage
}Q}gL_0_	我又不是	bu-sandhi-reading,bu-tone-coverage
}YL_fa	喘不過	bu-sandhi-reading,bu-tone-coverage
}YL_faB_	喘不過氣	bu-sandhi-reading,bu-tone-coverage
}YL_faB_EE	喘不過氣來	bu-sandhi-reading,bu-tone-coverage
}^78L_}^KZ	治標不治本	bu-sandhi-reading,bu-tone-coverage
}^?0L_Vj	置之不問	bu-sandhi-reading,bu-tone-coverage
}^L__dSO	志不在此	bu-sandhi-reading,bu-tone-coverage
}^L_qq	治不了	bu-sandhi-reading,bu-tone-coverage
}^TOL_8i	至死不變	bu-sandhi-reading,bu-tone-coverage
}^sIL_Vj	秩然不紊	bu-sandhi-reading,bu-tone-coverage
}_L_L_5J	踏步不前	bu-sandhi-reading,bu-tone-coverage
}gL_	又不	bu-sandhi-reading,bu-tone-coverage
}gL_0_	又不是	bu-sandhi-reading,bu-tone-coverage
}gL_4M	又不能	bu-sandhi-reading,bu-tone-coverage
}gL_:W	又不好	bu-sandhi-reading,bu-tone-coverage
}gL_=f	又不會	bu-sandhi-reading,bu-tone-coverage
}gL_>]	又不懂	bu-sandhi-reading,bu-tone-coverage
}gL_?0	又不知	bu-sandhi-reading,bu-tone-coverage
}gL_Rd	又不太	bu-sandhi-reading,bu-tone-coverage
}gL_Ri	又不斷	bu-sandhi-reading,bu-tone-coverage
}gL_Wk	又不像	bu-sandhi-reading,bu-tone-coverage
}gL_bi	又不算	bu-sandhi-reading,bu-tone-coverage
}gL_w[	又不想	bu-sandhi-reading,bu-tone-coverage
}gL_x7	又不高	bu-sandhi-reading,bu-tone-coverage
}gL_~l	又不用	bu-sandhi-reading,bu-tone-coverage
}i0iL_gc	奮戰不懈	bu-sandhi-reading,bu-tone-coverage
}lL_cf	送不到	bu-sandhi-reading,bu-tone-coverage
~2L_Z_	戳不住	bu-sandhi-reading,bu-tone-coverage
~7L_cf	招不到	bu-sandhi-reading,bu-tone-coverage
~8R0L_xq	偷雞不著	bu-sandhi-reading,bu-tone-coverage
~=H<L_QkT0H<Qk	東方不亮西方亮	bu-sandhi-reading,bu-tone-coverage
~=L_A1	冬不拉	bu-sandhi-reading,bu-tone-coverage
~OX[L_qq	阻擋不了	bu-sandhi-reading,bu-tone-coverage
~UL_bO	給不起	bu-sandhi-reading,bu-tone-coverage
~UL_l0	給不出	bu-sandhi-reading,bu-tone-coverage
~UL_qq	給不了	bu-sandhi-reading,bu-tone-coverage
~UL_qq\O	給不了你	bu-sandhi-reading,bu-tone-coverage
~U_YL_tf_Y	給臉不要臉	bu-sandhi-reading,bu-tone-coverage
~_0_L_dR4Mnq	那是不可能的	bu-sandhi-reading,bu-tone-coverage
~_:hL_	那就不	bu-sandhi-reading,bu-tone-coverage
~_:hL_0_	那就不是	bu-sandhi-reading,bu-tone-coverage
~_CbifROL_~8nH	那個耗子不偷油	bu-sandhi-reading,bu-tone-coverage
~_Cbr76NL_@0q=	那個貓兒不吃腥	bu-sandhi-reading,bu-tone-coverage
~_IJL_0_	那還不是	bu-sandhi-reading,bu-tone-coverage
~_L_	那不	bu-sandhi-reading,bu-tone-coverage
~_L_0_	那不是	bu-sandhi-reading,bu-tone-coverage
~_L_0_Ld	那不是愛	bu-sandhi-reading,bu-tone-coverage
~_L_:h0_	那不就是	bu-sandhi-reading,bu-tone-coverage
~_L_BbE0PLWB	那不勒斯王國	bu-sandhi-reading,bu-tone-coverage
~_L_QM	那不行	bu-sandhi-reading,bu-tone-coverage
~_L_nq	那不得	bu-sandhi-reading,bu-tone-coverage
~_dRL_	那可不	bu-sandhi-reading,bu-tone-coverage
~_dRL_0_	那可不是	bu-sandhi-reading,bu-tone-coverage
~_dRL_QM	那可不行	bu-sandhi-reading,bu-tone-coverage
~_rqifROL_~8nH	那個耗子不偷油	bu-sandhi-reading,bu-tone-coverage
~_ySL_4M	那也不能	bu-sandhi-reading,bu-tone-coverage
~_ySL_QM	那也不行	bu-sandhi-reading,bu-tone-coverage
~l2_L_8k	用字不當	bu-sandhi-reading,bu-tone-coverage
~lL_Dk	用不上	bu-sandhi-reading,bu-tone-coverage
~lL_Vi	用不慣	bu-sandhi-reading,bu-tone-coverage
~lL_bO	用不起	bu-sandhi-reading,bu-tone-coverage
~lL_cf	用不到	bu-sandhi-reading,bu-tone-coverage
~lL_~l	用不用	bu-sandhi-reading,bu-tone-coverage
~ls?L_8k	用詞不當	bu-sandhi-reading,bu-tone-coverage
~l|JL_u?	用人不疑	bu-sandhi-reading,bu-tone-coverage
