# qstring	phrase	weight	tags
# Japan_Travel board: manually reviewed Japanese place names and travel terms.
# Weights use a log-continuous mapping of combined corpus count 3..545 onto -2.4..-2.0.
# This combines the current crawl with the cached PTT-pretrain-zhtw Japan_Travel corpus.
4_kG	四条	-2.101808	chiaki-modern-overlay,manual,reviewed,japan-travel
4_kG0>	四条通	-2.233955	chiaki-modern-overlay,manual,reviewed,japan-travel
4_kG|_3>	四条大宮	-2.281554	chiaki-modern-overlay,manual,reviewed,japan-travel
?0TJ4_kG	祇園四条	-2.334850	chiaki-modern-overlay,manual,reviewed,japan-travel
4_kG\0>J	四条烏丸	-2.346703	chiaki-modern-overlay,manual,reviewed,japan-travel
4_kG|_rG	四条大橋	-2.360722	chiaki-modern-overlay,manual,reviewed,japan-travel
vUCi	北見	-2.130377	chiaki-modern-overlay,manual,reviewed,japan-travel
vHd=	流冰	-2.082248	chiaki-modern-overlay,manual,reviewed,japan-travel
X<`0	倉敷	-2.152498	chiaki-modern-overlay,manual,reviewed,japan-travel
?>KZ=M	松本城	-2.149482	chiaki-modern-overlay,manual,reviewed,japan-travel
]iS_	釧路	-2.162327	chiaki-modern-overlay,manual,reviewed,japan-travel
WBA_0>	國際通	-2.162327	chiaki-modern-overlay,manual,reviewed,japan-travel
nHL_ci?0P;	由布院之森	-2.206826	chiaki-modern-overlay,manual,reviewed,japan-travel
R0S_	姬路	-2.043881	chiaki-modern-overlay,manual,reviewed,japan-travel
mJE0	門司	-2.211099	chiaki-modern-overlay,manual,reviewed,japan-travel
FMV_	名護	-2.222952	chiaki-modern-overlay,manual,reviewed,japan-travel
dM5J	弘前	-2.169655	chiaki-modern-overlay,manual,reviewed,japan-travel
wIWB	岩國	-2.236971	chiaki-modern-overlay,manual,reviewed,japan-travel
IJ{Hr\=M	環球影城	-2.128105	chiaki-modern-overlay,manual,reviewed,japan-travel
M<C:=M	岡山城	-2.246800	chiaki-modern-overlay,manual,reviewed,japan-travel
rgBbTJ	後樂園	-2.144705	chiaki-modern-overlay,manual,reviewed,japan-travel
CWU:]O	草千里	-2.236971	chiaki-modern-overlay,manual,reviewed,japan-travel
N:DY3>	天滿宮	-2.075936	chiaki-modern-overlay,manual,reviewed,japan-travel
mJE0\[	門司港	-2.231053	chiaki-modern-overlay,manual,reviewed,japan-travel
AM]K=A	層雲峽	-2.211099	chiaki-modern-overlay,manual,reviewed,japan-travel
g:T0WBA_R0c[	關西國際機場	-2.225559	chiaki-modern-overlay,manual,reviewed,japan-travel
LW~0	鳥居	-2.000000	chiaki-modern-overlay,manual,reviewed,japan-travel
NOWl4@	指定席	-2.164693	chiaki-modern-overlay,manual,reviewed,japan-travel
x7U:Gf	高千穗	-2.254129	chiaki-modern-overlay,manual,reviewed,japan-travel
9K4>=M	臨空城	-2.254129	chiaki-modern-overlay,manual,reviewed,japan-travel
xUWB{;	美國村	-2.161171	chiaki-modern-overlay,manual,reviewed,japan-travel
];}^	今治	-2.258073	chiaki-modern-overlay,manual,reviewed,japan-travel
FMp?	明石	-2.123049	chiaki-modern-overlay,manual,reviewed,japan-travel
}MKZ=M	熊本城	-2.233955	chiaki-modern-overlay,manual,reviewed,japan-travel
vUyS5_|JvY	北野異人館	-2.197080	chiaki-modern-overlay,manual,reviewed,japan-travel
hIwT<i0T	南海電鐵	-2.186813	chiaki-modern-overlay,manual,reviewed,japan-travel
PM4>NP	晴空塔	-2.262230	chiaki-modern-overlay,manual,reviewed,japan-travel
n?4W	直島	-2.236971	chiaki-modern-overlay,manual,reviewed,japan-travel
_;|_BY	新大阪	-2.148502	chiaki-modern-overlay,manual,reviewed,japan-travel
SW}ITJ=M	小田原城	-2.213328	chiaki-modern-overlay,manual,reviewed,japan-travel
cfEb	稻荷	-2.054291	chiaki-modern-overlay,manual,reviewed,japan-travel
xU=_wTcVO@vY	美麗海水族館	-2.266625	chiaki-modern-overlay,manual,reviewed,japan-travel
|_BYwhD2	大阪難波	-2.250377	chiaki-modern-overlay,manual,reviewed,japan-travel
=_C:0JQ=	立山連峰	-2.266625	chiaki-modern-overlay,manual,reviewed,japan-travel
S_6N4WEi	鹿兒島縣	-2.324583	chiaki-modern-overlay,manual,reviewed,japan-travel
T0n1RP	西瓜卡	-2.236971	chiaki-modern-overlay,manual,reviewed,japan-travel
FMtO\0=M	名古屋城	-2.293407	chiaki-modern-overlay,manual,reviewed,japan-travel
2P}^	宇治	-2.006780	chiaki-modern-overlay,manual,reviewed,japan-travel
PY_kCE	展望台	-2.021139	chiaki-modern-overlay,manual,reviewed,japan-travel
o=a0[30i	京都車站	-2.040702	chiaki-modern-overlay,manual,reviewed,japan-travel
^;ROFY	親子丼	-2.063383	chiaki-modern-overlay,manual,reviewed,japan-travel
C_vH	汐留	-2.065009	chiaki-modern-overlay,manual,reviewed,japan-travel
cf[j3E	道頓堀	-2.086474	chiaki-modern-overlay,manual,reviewed,japan-travel
F01_pi	一日券	-2.062742	chiaki-modern-overlay,manual,reviewed,japan-travel
_;l5rG	心齋橋	-2.067344	chiaki-modern-overlay,manual,reviewed,japan-travel
FM}^{J3>	明治神宮	-2.078243	chiaki-modern-overlay,manual,reviewed,japan-travel
~=|_4_	東大寺	-2.078243	chiaki-modern-overlay,manual,reviewed,japan-travel
6CTJx\	河原町	-2.087348	chiaki-modern-overlay,manual,reviewed,japan-travel
O1n:	鴨川	-2.088678	chiaki-modern-overlay,manual,reviewed,japan-travel
g:T04>\[	關西空港	-2.094721	chiaki-modern-overlay,manual,reviewed,japan-travel
F0iIA1:i	一蘭拉麵	-2.096680	chiaki-modern-overlay,manual,reviewed,japan-travel
|_BY18	大阪燒	-2.091872	chiaki-modern-overlay,manual,reviewed,japan-travel
w;1_|_Kb	春日大社	-2.102876	chiaki-modern-overlay,manual,reviewed,japan-travel
:C5E?0cf	哲學之道	-2.106735	chiaki-modern-overlay,manual,reviewed,japan-travel
G:c=	三鷹	-2.107874	chiaki-modern-overlay,manual,reviewed,japan-travel
K@:_0_c[	築地市場	-2.109030	chiaki-modern-overlay,manual,reviewed,japan-travel
N:aM4_	天龍寺	-2.110204	chiaki-modern-overlay,manual,reviewed,japan-travel
wTnHvY	海遊館	-2.101808	chiaki-modern-overlay,manual,reviewed,japan-travel
K@L`0>	竹下通	-2.111396	chiaki-modern-overlay,manual,reviewed,japan-travel
x7CE4_	高台寺	-2.115720	chiaki-modern-overlay,manual,reviewed,japan-travel
lZ0_c[	錦市場	-2.113220	chiaki-modern-overlay,manual,reviewed,japan-travel
:_zO{JKb	地主神社	-2.120980	chiaki-modern-overlay,manual,reviewed,japan-travel
EMa\ci	平等院	-2.118305	chiaki-modern-overlay,manual,reviewed,japan-travel
xUc=	美瑛	-2.120303	chiaki-modern-overlay,manual,reviewed,japan-travel
=fKP	繪馬	-2.118965	chiaki-modern-overlay,manual,reviewed,japan-travel
:1BY{JKb	八坂神社	-2.125897	chiaki-modern-overlay,manual,reviewed,japan-travel
91xU8M	阿美橫	-2.124460	chiaki-modern-overlay,manual,reviewed,japan-travel
G:p?G:T:yK	三十三間堂	-2.131150	chiaki-modern-overlay,manual,reviewed,japan-travel
p1CiSWS_	花見小路	-2.128105	chiaki-modern-overlay,manual,reviewed,japan-travel
NFmJ	雷門	-2.131150	chiaki-modern-overlay,manual,reviewed,japan-travel
[L~0	皇居	-2.132720	chiaki-modern-overlay,manual,reviewed,japan-travel
z?0_|?wT:L	迪士尼海洋	-2.138479	chiaki-modern-overlay,manual,reviewed,japan-travel
}F|YxgE0	迴轉壽司	-2.138479	chiaki-modern-overlay,manual,reviewed,japan-travel
O_0_<i0_CE	富士電視台	-2.141085	chiaki-modern-overlay,manual,reviewed,japan-travel
g;aJ:PvY	溫泉旅館	-2.137629	chiaki-modern-overlay,manual,reviewed,japan-travel
|_f<V_Ei	大江戶線	-2.141974	chiaki-modern-overlay,manual,reviewed,japan-travel
@@CicfEb|_Kb	伏見稻荷大社	-2.143784	chiaki-modern-overlay,manual,reviewed,japan-travel
N:PL4_	天王寺	-2.139338	chiaki-modern-overlay,manual,reviewed,japan-travel
EmkG=M	二條城	-2.170948	chiaki-modern-overlay,manual,reviewed,japan-travel
# Second review pass over the same two corpora: boundary-tested n-gram candidates,
# same count -> weight mapping. Readings hand-corrected where the automatic pass
# picked a wrong polyphone reading.
01XDS_G@	屈斜路湖	-2.271286	chiaki-modern-overlay,manual,reviewed,japan-travel
0>N:4C	通天閣	-2.139338	chiaki-modern-overlay,manual,reviewed,japan-travel
0>N:rG	通天橋	-2.300097	chiaki-modern-overlay,manual,reviewed,japan-travel
0>TJx@\0	通圓茶屋	-2.346703	chiaki-modern-overlay,manual,reviewed,japan-travel
0>yKA1:i	通堂拉麵	-2.346703	chiaki-modern-overlay,manual,reviewed,japan-travel
0JX<x73g	鎌倉高校	-2.346703	chiaki-modern-overlay,manual,reviewed,japan-travel
0JX<|_uA	鎌倉大佛	-2.324583	chiaki-modern-overlay,manual,reviewed,japan-travel
0ML_[[	蒙布朗	-2.215624	chiaki-modern-overlay,manual,reviewed,japan-travel
0M[L?0vY	萌黃之館	-2.287252	chiaki-modern-overlay,manual,reviewed,japan-travel
0T9RFY	鐵火丼	-2.213328	chiaki-modern-overlay,manual,reviewed,japan-travel
0W];=A	保津峽	-2.271286	chiaki-modern-overlay,manual,reviewed,japan-travel
0W];n:	保津川	-2.191775	chiaki-modern-overlay,manual,reviewed,japan-travel
0\KX	網走	-2.077854	chiaki-modern-overlay,manual,reviewed,japan-travel
0\KXT:a_	網走監獄	-2.360722	chiaki-modern-overlay,manual,reviewed,japan-travel
0_YcxgE0	柿葉壽司	-2.324583	chiaki-modern-overlay,manual,reviewed,japan-travel
0_yK	室堂	-2.150474	chiaki-modern-overlay,manual,reviewed,japan-travel
0ic[?0TJ	戰場之原	-2.250377	chiaki-modern-overlay,manual,reviewed,japan-travel
1K4C4_cf	銀閣寺道	-2.287252	chiaki-modern-overlay,manual,reviewed,japan-travel
1KC:g;aJ	銀山溫泉	-2.300097	chiaki-modern-overlay,manual,reviewed,japan-travel
1Kpa0>	銀座通	-2.281554	chiaki-modern-overlay,manual,reviewed,japan-travel
1Kpa4_h=N_	銀座四丁目	-2.346703	chiaki-modern-overlay,manual,reviewed,japan-travel
1KpaEi	銀座線	-2.182152	chiaki-modern-overlay,manual,reviewed,japan-travel
1UdM|_rG	彩虹大橋	-2.172262	chiaki-modern-overlay,manual,reviewed,japan-travel
1_0_IMTJ	日式庭園	-2.240110	chiaki-modern-overlay,manual,reviewed,japan-travel
1_KZIJ{Hr\=M	日本環球影城	-2.324583	chiaki-modern-overlay,manual,reviewed,japan-travel
1_KZrG	日本橋	-2.093283	chiaki-modern-overlay,manual,reviewed,japan-travel
1_N_]O	日暮里	-2.225559	chiaki-modern-overlay,manual,reviewed,japan-travel
1_VOtO	日比谷	-2.167134	chiaki-modern-overlay,manual,reviewed,japan-travel
1_VOtOEi	日比谷線	-2.186813	chiaki-modern-overlay,manual,reviewed,japan-travel
1_y<~=mf3>	日光東照宮	-2.307425	chiaki-modern-overlay,manual,reviewed,japan-travel
2:KP4_	鞍馬寺	-2.300097	chiaki-modern-overlay,manual,reviewed,japan-travel
2:KPC:	鞍馬山	-2.307425	chiaki-modern-overlay,manual,reviewed,japan-travel
2:VePMFM	安倍晴明	-2.233955	chiaki-modern-overlay,manual,reviewed,japan-travel
2@lO=_xU\_vY	吉卜力美術館	-2.225559	chiaki-modern-overlay,manual,reviewed,japan-travel
2P6C4W	宇和島	-2.198933	chiaki-modern-overlay,manual,reviewed,japan-travel
2P6C4W=M	宇和島城	-2.346703	chiaki-modern-overlay,manual,reviewed,japan-travel
2PR=:P	宇登呂	-2.243382	chiaki-modern-overlay,manual,reviewed,japan-travel
2P}^Dk{JKb	宇治上神社	-2.222952	chiaki-modern-overlay,manual,reviewed,japan-travel
2P}^TQx@	宇治抹茶	-2.324583	chiaki-modern-overlay,manual,reviewed,japan-travel
2P}^n:	宇治川	-2.163501	chiaki-modern-overlay,manual,reviewed,japan-travel
2P}^rG	宇治橋	-2.220431	chiaki-modern-overlay,manual,reviewed,japan-travel
2P}^{JKb	宇治神社	-2.231053	chiaki-modern-overlay,manual,reviewed,japan-travel
2_nH3;	自由軒	-2.208933	chiaki-modern-overlay,manual,reviewed,japan-travel
2f\=A1:i	味噌拉麵	-2.250377	chiaki-modern-overlay,manual,reviewed,japan-travel
2i>C	扇澤	-2.243382	chiaki-modern-overlay,manual,reviewed,japan-travel
2iy<4_	善光寺	-2.258073	chiaki-modern-overlay,manual,reviewed,japan-travel
3:K9A1:i	斑鳩拉麵	-2.281554	chiaki-modern-overlay,manual,reviewed,japan-travel
3>3@xjxU\_vY	宮崎駿美術館	-2.271286	chiaki-modern-overlay,manual,reviewed,japan-travel
3>4W	宮島	-2.117651	chiaki-modern-overlay,manual,reviewed,japan-travel
3>4WBX	宮島口	-2.287252	chiaki-modern-overlay,manual,reviewed,japan-travel
3En:0>	堀川通	-2.334850	chiaki-modern-overlay,manual,reviewed,japan-travel
3Es\	蕨餅	-2.228257	chiaki-modern-overlay,manual,reviewed,japan-travel
43~\TJ	縮景園	-2.360722	chiaki-modern-overlay,manual,reviewed,japan-travel
4>9>IMTJ	空中庭園	-2.190086	chiaki-modern-overlay,manual,reviewed,japan-travel
4L2@y<4_	常寂光寺	-2.208933	chiaki-modern-overlay,manual,reviewed,japan-travel
4L3ErG	長堀橋	-2.360722	chiaki-modern-overlay,manual,reviewed,japan-travel
4LcIEi	常磐線	-2.360722	chiaki-modern-overlay,manual,reviewed,japan-travel
4LtO4_	長谷寺	-2.222952	chiaki-modern-overlay,manual,reviewed,japan-travel
4WC2wTcf	島波海道	-2.258073	chiaki-modern-overlay,manual,reviewed,japan-travel
4_A_1U?0L9	四季彩之丘	-2.307425	chiaki-modern-overlay,manual,reviewed,japan-travel
4_Mip?n:	四萬十川	-2.293407	chiaki-modern-overlay,manual,reviewed,japan-travel
4_N:PL4_	四天王寺	-2.197080	chiaki-modern-overlay,manual,reviewed,japan-travel
4_N:PLA1:i	四天王拉麵	-2.334850	chiaki-modern-overlay,manual,reviewed,japan-travel
4_kG0>	四條通	-2.307425	chiaki-modern-overlay,manual,reviewed,japan-travel
4_kG6CTJx\	四條河原町	-2.233955	chiaki-modern-overlay,manual,reviewed,japan-travel
4_kG\0>J	四條烏丸	-2.300097	chiaki-modern-overlay,manual,reviewed,japan-travel
4_x\0>	寺町通	-2.243382	chiaki-modern-overlay,manual,reviewed,japan-travel
4i3@\0aM:i	讚岐烏龍麵	-2.254129	chiaki-modern-overlay,manual,reviewed,japan-travel
5JJ<	錢湯	-2.258073	chiaki-modern-overlay,manual,reviewed,japan-travel
5_|JvY	異人館	-2.136789	chiaki-modern-overlay,manual,reviewed,japan-travel
6C@@[O7i	和服體驗	-2.195271	chiaki-modern-overlay,manual,reviewed,japan-travel
6CBXG@|_rG	河口湖大橋	-2.346703	chiaki-modern-overlay,manual,reviewed,japan-travel
6CMK^=R@9i	河豚生魚片	-2.324583	chiaki-modern-overlay,manual,reviewed,japan-travel
6CTJx\0>	河原町通	-2.334850	chiaki-modern-overlay,manual,reviewed,japan-travel
6C];S02=	河津七瀧	-2.346703	chiaki-modern-overlay,manual,reviewed,japan-travel
6C];n:	河津川	-2.360722	chiaki-modern-overlay,manual,reviewed,japan-travel
6C_MxgE0	河童壽司	-2.346703	chiaki-modern-overlay,manual,reviewed,japan-travel
6Cb[\0	合掌屋	-2.231053	chiaki-modern-overlay,manual,reviewed,japan-travel
6Cb[qf	合掌造	-2.246800	chiaki-modern-overlay,manual,reviewed,japan-travel
6Cb[{;	合掌村	-2.154576	chiaki-modern-overlay,manual,reviewed,japan-travel
6CiIvY	荷蘭館	-2.334850	chiaki-modern-overlay,manual,reviewed,japan-travel
6J4W	賢島	-2.360722	chiaki-modern-overlay,manual,reviewed,japan-travel
6drgJ<>C	越後湯澤	-2.262230	chiaki-modern-overlay,manual,reviewed,japan-travel
6hKZN_?0L9	六本木之丘	-2.215624	chiaki-modern-overlay,manual,reviewed,japan-travel
6hNJ\0	六傳屋	-2.276249	chiaki-modern-overlay,manual,reviewed,japan-travel
6hjPC:	六甲山	-2.197080	chiaki-modern-overlay,manual,reviewed,japan-travel
6hjPC:N_c[	六甲山牧場	-2.307425	chiaki-modern-overlay,manual,reviewed,japan-travel
6hjPNXKP	六甲有馬	-2.360722	chiaki-modern-overlay,manual,reviewed,japan-travel
6hp1IM	六花亭	-2.204776	chiaki-modern-overlay,manual,reviewed,japan-travel
78x@	標茶	-2.213328	chiaki-modern-overlay,manual,reviewed,japan-travel
7:C2	丹波	-2.220431	chiaki-modern-overlay,manual,reviewed,japan-travel
7:C2rG	丹波橋	-2.307425	chiaki-modern-overlay,manual,reviewed,japan-travel
7:[V<i[3	單軌電車	-2.211099	chiaki-modern-overlay,manual,reviewed,japan-travel
7`k0?EWlp?	炸豬排定食	-2.334850	chiaki-modern-overlay,manual,reviewed,japan-travel
7iD;	彥根	-2.197080	chiaki-modern-overlay,manual,reviewed,japan-travel
7iD;=M	彥根城	-2.276249	chiaki-modern-overlay,manual,reviewed,japan-travel
7ip?IM	硯石亭	-2.334850	chiaki-modern-overlay,manual,reviewed,japan-travel
8M11EbEi	橫須賀線	-2.276249	chiaki-modern-overlay,manual,reviewed,japan-travel
8MR;\[	橫濱港	-2.266625	chiaki-modern-overlay,manual,reviewed,japan-travel
8Mh=	橫丁	-2.125897	chiaki-modern-overlay,manual,reviewed,japan-travel
91C2o?}I	阿波池田	-2.293407	chiaki-modern-overlay,manual,reviewed,japan-travel
91VeyS	阿倍野	-2.360722	chiaki-modern-overlay,manual,reviewed,japan-travel
91lIG@	阿寒湖	-2.211099	chiaki-modern-overlay,manual,reviewed,japan-travel
91q0{JKb	阿蘇神社	-2.307425	chiaki-modern-overlay,manual,reviewed,japan-travel
9>?04W	中之島	-2.228257	chiaki-modern-overlay,manual,reviewed,japan-travel
9>?04W3>TJ	中之島公園	-2.360722	chiaki-modern-overlay,manual,reviewed,japan-travel
9>F0lg	中伊豆	-2.287252	chiaki-modern-overlay,manual,reviewed,japan-travel
9>L_R0c[	中部機場	-2.360722	chiaki-modern-overlay,manual,reviewed,japan-travel
9>L_WBA_R0c[	中部國際機場	-2.271286	chiaki-modern-overlay,manual,reviewed,japan-travel
9>N_q6	中目黑	-2.262230	chiaki-modern-overlay,manual,reviewed,japan-travel
9>];n:	中津川	-2.281554	chiaki-modern-overlay,manual,reviewed,japan-travel
9>qI4_G@	中禪寺湖	-2.182152	chiaki-modern-overlay,manual,reviewed,japan-travel
9>tOyK	中谷堂	-2.281554	chiaki-modern-overlay,manual,reviewed,japan-travel
9>{;3M2@KZ<i	中村藤吉本店	-2.271286	chiaki-modern-overlay,manual,reviewed,japan-travel
9KwTEi	臨海線	-2.293407	chiaki-modern-overlay,manual,reviewed,japan-travel
9PJ<	女湯	-2.202779	chiaki-modern-overlay,manual,reviewed,japan-travel
9\4W=M	廣島城	-2.293407	chiaki-modern-overlay,manual,reviewed,japan-travel
9j<h	振袖	-2.213328	chiaki-modern-overlay,manual,reviewed,japan-travel
9j\0	陣屋	-2.271286	chiaki-modern-overlay,manual,reviewed,japan-travel
:16:BY	八幡坂	-2.324583	chiaki-modern-overlay,manual,reviewed,japan-travel
:16CN_	八合目	-2.228257	chiaki-modern-overlay,manual,reviewed,japan-travel
:1BY?0NP	八坂之塔	-2.307425	chiaki-modern-overlay,manual,reviewed,japan-travel
:1BYNP	八坂塔	-2.315527	chiaki-modern-overlay,manual,reviewed,japan-travel
:1iM89	八重洲	-2.236971	chiaki-modern-overlay,manual,reviewed,japan-travel
:1iM89BX	八重洲口	-2.324583	chiaki-modern-overlay,manual,reviewed,japan-travel
:>>M:i	沖繩麵	-2.334850	chiaki-modern-overlay,manual,reviewed,japan-travel
:LFMmJ	陽明門	-2.281554	chiaki-modern-overlay,manual,reviewed,japan-travel
:L{?C:	羊蹄山	-2.236971	chiaki-modern-overlay,manual,reviewed,japan-travel
:_9>wT\[^:	地中海港灣	-2.271286	chiaki-modern-overlay,manual,reviewed,japan-travel
:h2PC:	鷲羽山	-2.324583	chiaki-modern-overlay,manual,reviewed,japan-travel
:hp=~\>C	舊輕井澤	-2.276249	chiaki-modern-overlay,manual,reviewed,japan-travel
:i\0kO8L	麵屋武藏	-2.240110	chiaki-modern-overlay,manual,reviewed,japan-travel
;8Db?0P;	雕刻之森	-2.300097	chiaki-modern-overlay,manual,reviewed,japan-travel
;8R@^=R@9i	鯛魚生魚片	-2.346703	chiaki-modern-overlay,manual,reviewed,japan-travel
;fNJ	貴船	-2.137629	chiaki-modern-overlay,manual,reviewed,japan-travel
;fNJn:	貴船川	-2.315527	chiaki-modern-overlay,manual,reviewed,japan-travel
;fNJ{JKb	貴船神社	-2.236971	chiaki-modern-overlay,manual,reviewed,japan-travel
;fn:	桂川	-2.258073	chiaki-modern-overlay,manual,reviewed,japan-travel
<<F0CWp1}I	薰衣草花田	-2.334850	chiaki-modern-overlay,manual,reviewed,japan-travel
<@S0rG	吾妻橋	-2.258073	chiaki-modern-overlay,manual,reviewed,japan-travel
<@z?[1	無敵家	-2.138479	chiaki-modern-overlay,manual,reviewed,japan-travel
<_O_0_	逆富士	-2.266625	chiaki-modern-overlay,manual,reviewed,japan-travel
<i\0rG	淀屋橋	-2.281554	chiaki-modern-overlay,manual,reviewed,japan-travel
=1Ei\[	發現港	-2.334850	chiaki-modern-overlay,manual,reviewed,japan-travel
=M3@g;aJ	城崎溫泉	-2.243382	chiaki-modern-overlay,manual,reviewed,japan-travel
=M3@wTph	城崎海岸	-2.334850	chiaki-modern-overlay,manual,reviewed,japan-travel
=MR0	城跡	-2.211099	chiaki-modern-overlay,manual,reviewed,japan-travel
=M[3pi	乘車券	-2.182152	chiaki-modern-overlay,manual,reviewed,japan-travel
=M}I@b3e	成田特快	-2.293407	chiaki-modern-overlay,manual,reviewed,japan-travel
=_9K3>TJ	栗林公園	-2.266625	chiaki-modern-overlay,manual,reviewed,japan-travel
=_C:0_yK	立山室堂	-2.315527	chiaki-modern-overlay,manual,reviewed,japan-travel
=_N_];:10_	利木津巴士	-2.177757	chiaki-modern-overlay,manual,reviewed,japan-travel
=_QdjP	立待岬	-2.360722	chiaki-modern-overlay,manual,reviewed,japan-travel
=fVOxgp1TJ	惠比壽花園	-2.293407	chiaki-modern-overlay,manual,reviewed,japan-travel
=f];	會津	-2.179194	chiaki-modern-overlay,manual,reviewed,japan-travel
>EOb?i|J	白色戀人	-2.222952	chiaki-modern-overlay,manual,reviewed,japan-travel
>ER;	白濱	-2.360722	chiaki-modern-overlay,manual,reviewed,japan-travel
>En:0>	白川通	-2.346703	chiaki-modern-overlay,manual,reviewed,japan-travel
>J?0\e	丸之內	-2.153530	chiaki-modern-overlay,manual,reviewed,japan-travel
>J?0\eEi	丸之內線	-2.271286	chiaki-modern-overlay,manual,reviewed,japan-travel
>J?0\ewl0>	丸之內仲通	-2.346703	chiaki-modern-overlay,manual,reviewed,japan-travel
>J?0\e|_`H	丸之內大樓	-2.307425	chiaki-modern-overlay,manual,reviewed,japan-travel
>JL7=M	丸龜城	-2.346703	chiaki-modern-overlay,manual,reviewed,japan-travel
>J~\mTha	丸井百貨	-2.300097	chiaki-modern-overlay,manual,reviewed,japan-travel
?03>TJ	芝公園	-2.262230	chiaki-modern-overlay,manual,reviewed,japan-travel
?03Gc=	枝垂櫻	-2.240110	chiaki-modern-overlay,manual,reviewed,japan-travel
?0;;ci	知恩院	-2.156712	chiaki-modern-overlay,manual,reviewed,japan-travel
?0V_G@	支笏湖	-2.215624	chiaki-modern-overlay,manual,reviewed,japan-travel
?0`L	知床	-2.141085	chiaki-modern-overlay,manual,reviewed,japan-travel
?0`LXD]O	知床斜里	-2.271286	chiaki-modern-overlay,manual,reviewed,japan-travel
?0`LkOG@	知床五湖	-2.360722	chiaki-modern-overlay,manual,reviewed,japan-travel
?0`Lqh4W	知床半島	-2.346703	chiaki-modern-overlay,manual,reviewed,japan-travel
?0c=	芝櫻	-2.236971	chiaki-modern-overlay,manual,reviewed,japan-travel
?9KM3>vY	幽靈公館	-2.254129	chiaki-modern-overlay,manual,reviewed,japan-travel
?>C:0_	松山市	-2.236971	chiaki-modern-overlay,manual,reviewed,japan-travel
?>KZ0_	松本市	-2.293407	chiaki-modern-overlay,manual,reviewed,japan-travel
?>KZp=	松本清	-2.172262	chiaki-modern-overlay,manual,reviewed,japan-travel
?>Ycgc	松葉蟹	-2.222952	chiaki-modern-overlay,manual,reviewed,japan-travel
?>f<=M	松江城	-2.254129	chiaki-modern-overlay,manual,reviewed,japan-travel
?itPIM	煉瓦亭	-2.300097	chiaki-modern-overlay,manual,reviewed,japan-travel
?lXiBbTJ	夢幻樂園	-2.346703	chiaki-modern-overlay,manual,reviewed,japan-travel
@@?0C:	福知山	-2.334850	chiaki-modern-overlay,manual,reviewed,japan-travel
@@M<m_uh	福岡巨蛋	-2.324583	chiaki-modern-overlay,manual,reviewed,japan-travel
@b2@ac[3	特急列車	-2.182152	chiaki-modern-overlay,manual,reviewed,japan-travel
A1:iSWS_	拉麵小路	-2.179194	chiaki-modern-overlay,manual,reviewed,japan-travel
A1:iql6CWB	拉麵共和國	-2.315527	chiaki-modern-overlay,manual,reviewed,japan-travel
A1:irAK_vY	拉麵博物館	-2.195271	chiaki-modern-overlay,manual,reviewed,japan-travel
ARP_	佐渡	-2.228257	chiaki-modern-overlay,manual,reviewed,japan-travel
AZC:=M	犬山城	-2.262230	chiaki-modern-overlay,manual,reviewed,japan-travel
BW]KC:	早雲山	-2.204776	chiaki-modern-overlay,manual,reviewed,japan-travel
BWwIC:	藻岩山	-2.346703	chiaki-modern-overlay,manual,reviewed,japan-travel
BY2@<i0T	阪急電鐵	-2.307425	chiaki-modern-overlay,manual,reviewed,japan-travel
BY2@<i[3	阪急電車	-2.346703	chiaki-modern-overlay,manual,reviewed,japan-travel
BY2@G:6:v4	阪急三番街	-2.400000	chiaki-modern-overlay,manual,reviewed,japan-travel
BY2@mTha	阪急百貨	-2.307425	chiaki-modern-overlay,manual,reviewed,japan-travel
BY{J<i[3	阪神電車	-2.360722	chiaki-modern-overlay,manual,reviewed,japan-travel
BY{JmTha	阪神百貨	-2.324583	chiaki-modern-overlay,manual,reviewed,japan-travel
Bb:i\0	樂麵屋	-2.315527	chiaki-modern-overlay,manual,reviewed,japan-travel
Bbx7BbTJ	樂高樂園	-2.250377	chiaki-modern-overlay,manual,reviewed,japan-travel
C2Dk3>	波上宮	-2.293407	chiaki-modern-overlay,manual,reviewed,japan-travel
C2ln?0P;	玻璃之森	-2.315527	chiaki-modern-overlay,manual,reviewed,japan-travel
C:9>G@	山中湖	-2.334850	chiaki-modern-overlay,manual,reviewed,japan-travel
C::LKZEi	山陽本線	-2.346703	chiaki-modern-overlay,manual,reviewed,japan-travel
C:L`3>TJ	山下公園	-2.246800	chiaki-modern-overlay,manual,reviewed,japan-travel
C:Q;KZEi	山陰本線	-2.293407	chiaki-modern-overlay,manual,reviewed,japan-travel
C:U3	山科	-2.250377	chiaki-modern-overlay,manual,reviewed,japan-travel
C:^H9R	山頭火	-2.250377	chiaki-modern-overlay,manual,reviewed,japan-travel
CEc[wTR;3>TJ	台場海濱公園	-2.266625	chiaki-modern-overlay,manual,reviewed,japan-travel
C_[1IM	夕佳亭	-2.360722	chiaki-modern-overlay,manual,reviewed,japan-travel
Ci4L4_	建長寺	-2.334850	chiaki-modern-overlay,manual,reviewed,japan-travel
Ci<<{JKb	建勳神社	-2.346703	chiaki-modern-overlay,manual,reviewed,japan-travel
Ci|J4_	建仁寺	-2.246800	chiaki-modern-overlay,manual,reviewed,japan-travel
D@?0G@	蘆之湖	-2.179194	chiaki-modern-overlay,manual,reviewed,japan-travel
DfC:<i0T	叡山電鐵	-2.287252	chiaki-modern-overlay,manual,reviewed,japan-travel
Dk6d	上越	-2.250377	chiaki-modern-overlay,manual,reviewed,japan-travel
DkEbaf{JKb	上賀茂神社	-2.246800	chiaki-modern-overlay,manual,reviewed,japan-travel
DkO_BLyS	上富良野	-2.346703	chiaki-modern-overlay,manual,reviewed,japan-travel
Dkx7:_	上高地	-2.164693	chiaki-modern-overlay,manual,reviewed,japan-travel
DkyS3>TJ	上野公園	-2.200832	chiaki-modern-overlay,manual,reviewed,japan-travel
DkyS;;3_3>TJ	上野恩賜公園	-2.307425	chiaki-modern-overlay,manual,reviewed,japan-travel
DkySa_B@x\	上野御徒町	-2.334850	chiaki-modern-overlay,manual,reviewed,japan-travel
DkySmlK_TJ	上野動物園	-2.315527	chiaki-modern-overlay,manual,reviewed,japan-travel
EM=M3>R0	平城宮跡	-2.258073	chiaki-modern-overlay,manual,reviewed,japan-travel
EMJ<g;aJ	平湯溫泉	-2.307425	chiaki-modern-overlay,manual,reviewed,japan-travel
EMa\ciFWF:cf	平等院表參道	-2.307425	chiaki-modern-overlay,manual,reviewed,japan-travel
EMyS{JKb	平野神社	-2.334850	chiaki-modern-overlay,manual,reviewed,japan-travel
Eb?0=M	鶴之城	-2.225559	chiaki-modern-overlay,manual,reviewed,japan-travel
EbM<:16:3>	鶴岡八幡宮	-2.266625	chiaki-modern-overlay,manual,reviewed,japan-travel
EbrG	鶴橋	-2.225559	chiaki-modern-overlay,manual,reviewed,japan-travel
Em0_tO	二世谷	-2.281554	chiaki-modern-overlay,manual,reviewed,japan-travel
Em1_pi	二日券	-2.231053	chiaki-modern-overlay,manual,reviewed,japan-travel
Em?0>J	二之丸	-2.208933	chiaki-modern-overlay,manual,reviewed,japan-travel
EmKbF04_	二社一寺	-2.231053	chiaki-modern-overlay,manual,reviewed,japan-travel
EmiMrG	二重橋	-2.293407	chiaki-modern-overlay,manual,reviewed,japan-travel
EmkG=M	二条城	-2.135958	chiaki-modern-overlay,manual,reviewed,japan-travel
Em{<C:{JKb	二荒山神社	-2.211099	chiaki-modern-overlay,manual,reviewed,japan-travel
Em~IBY	二年坂	-2.208933	chiaki-modern-overlay,manual,reviewed,japan-travel
F00_0_	伊勢市	-2.315527	chiaki-modern-overlay,manual,reviewed,japan-travel
F00_7:mTha	伊勢丹百貨	-2.208933	chiaki-modern-overlay,manual,reviewed,japan-travel
F00_aM]1	伊勢龍蝦	-2.307425	chiaki-modern-overlay,manual,reviewed,japan-travel
F0?0J<	一之湯	-2.315527	chiaki-modern-overlay,manual,reviewed,japan-travel
F0Q=yK	一風堂	-2.195271	chiaki-modern-overlay,manual,reviewed,japan-travel
F0rAEmp?	一泊二食	-2.220431	chiaki-modern-overlay,manual,reviewed,japan-travel
FM0T	名鐵	-2.236971	chiaki-modern-overlay,manual,reviewed,japan-travel
FMCR	名所	-2.167134	chiaki-modern-overlay,manual,reviewed,japan-travel
FMV_@l}?TJ	名護鳳梨園	-2.346703	chiaki-modern-overlay,manual,reviewed,japan-travel
FMp?|_rG	明石大橋	-2.188432	chiaki-modern-overlay,manual,reviewed,japan-travel
FWF:cf?0L9	表參道之丘	-2.293407	chiaki-modern-overlay,manual,reviewed,japan-travel
FkPL	藏王	-2.191775	chiaki-modern-overlay,manual,reviewed,japan-travel
G:4WIM	三嶋亭	-2.276249	chiaki-modern-overlay,manual,reviewed,japan-travel
G:6dmTha	三越百貨	-2.287252	chiaki-modern-overlay,manual,reviewed,japan-travel
G:U:ci	三千院	-2.204776	chiaki-modern-overlay,manual,reviewed,japan-travel
G:c=0_	三鷹市	-2.293407	chiaki-modern-overlay,manual,reviewed,japan-travel
G:c=?0P;	三鷹之森	-2.271286	chiaki-modern-overlay,manual,reviewed,japan-travel
G:kG	三条	-2.128105	chiaki-modern-overlay,manual,reviewed,japan-travel
G:kG0>	三条通	-2.217990	chiaki-modern-overlay,manual,reviewed,japan-travel
G:kGo=BY	三条京阪	-2.324583	chiaki-modern-overlay,manual,reviewed,japan-travel
G:kG|_rG	三条大橋	-2.281554	chiaki-modern-overlay,manual,reviewed,japan-travel
G:}IEi	三田線	-2.324583	chiaki-modern-overlay,manual,reviewed,japan-travel
G:~IBY	三年坂	-2.156712	chiaki-modern-overlay,manual,reviewed,japan-travel
G@\00>	壺屋通	-2.400000	chiaki-modern-overlay,manual,reviewed,japan-travel
GK2_18	文字燒	-2.211099	chiaki-modern-overlay,manual,reviewed,japan-travel
GKFMyK	文明堂	-2.293407	chiaki-modern-overlay,manual,reviewed,japan-travel
GK_`QE	文化財	-2.179194	chiaki-modern-overlay,manual,reviewed,japan-travel
GLVB	強羅	-2.149482	chiaki-modern-overlay,manual,reviewed,japan-travel
GLVB3>TJ	強羅公園	-2.281554	chiaki-modern-overlay,manual,reviewed,japan-travel
H<BkIMTJ	方丈庭園	-2.293407	chiaki-modern-overlay,manual,reviewed,japan-travel
I118A1:i	叉燒拉麵	-2.276249	chiaki-modern-overlay,manual,reviewed,japan-travel
IF}I4>9>IMTJ	梅田空中庭園	-2.360722	chiaki-modern-overlay,manual,reviewed,japan-travel
IJcV3>TJ	環水公園	-2.360722	chiaki-modern-overlay,manual,reviewed,japan-travel
IX3>Ei	手宮線	-2.307425	chiaki-modern-overlay,manual,reviewed,japan-travel
IX]O=M	首里城	-2.217990	chiaki-modern-overlay,manual,reviewed,japan-travel
IX]OmJ	守禮門	-2.346703	chiaki-modern-overlay,manual,reviewed,japan-travel
IY[30i	纜車站	-2.190086	chiaki-modern-overlay,manual,reviewed,japan-travel
J<?0G@	湯之湖	-2.287252	chiaki-modern-overlay,manual,reviewed,japan-travel
J<?0n:	湯之川	-2.250377	chiaki-modern-overlay,manual,reviewed,japan-travel
J<?0n:g;aJ	湯之川溫泉	-2.324583	chiaki-modern-overlay,manual,reviewed,japan-travel
J<B1]O	湯咖哩	-2.188432	chiaki-modern-overlay,manual,reviewed,japan-travel
J<L_ci	湯布院	-2.334850	chiaki-modern-overlay,manual,reviewed,japan-travel
J<TJg;aJ	湯元溫泉	-2.258073	chiaki-modern-overlay,manual,reviewed,japan-travel
J<\0	湯屋	-2.233955	chiaki-modern-overlay,manual,reviewed,japan-travel
J<lgoO	湯豆腐	-2.186813	chiaki-modern-overlay,manual,reviewed,japan-travel
JMJM?0cf	寧寧之道	-2.225559	chiaki-modern-overlay,manual,reviewed,japan-travel
JYIY3>TJ	橄欖公園	-2.346703	chiaki-modern-overlay,manual,reviewed,japan-travel
K9~0yK	鳩居堂	-2.334850	chiaki-modern-overlay,manual,reviewed,japan-travel
K@:_KZci4_	築地本願寺	-2.324583	chiaki-modern-overlay,manual,reviewed,japan-travel
K@:_c[\e0_c[	築地場內市場	-2.360722	chiaki-modern-overlay,manual,reviewed,japan-travel
K@:_c[xd0_c[	築地場外市場	-2.315527	chiaki-modern-overlay,manual,reviewed,japan-travel
KDoO:_a_	別府地獄	-2.324583	chiaki-modern-overlay,manual,reviewed,japan-travel
KP[3cf	馬車道	-2.246800	chiaki-modern-overlay,manual,reviewed,japan-travel
KZ<i	本殿	-2.102876	chiaki-modern-overlay,manual,reviewed,japan-travel
KZ>J	本丸	-2.168384	chiaki-modern-overlay,manual,reviewed,japan-travel
KZS0G@	本栖湖	-2.243382	chiaki-modern-overlay,manual,reviewed,japan-travel
KZx\	本町	-2.215624	chiaki-modern-overlay,manual,reviewed,japan-travel
K_4W	霧島	-2.377880	chiaki-modern-overlay,manual,reviewed,japan-travel
L7M<	龜岡	-2.161171	chiaki-modern-overlay,manual,reviewed,japan-travel
L;`M|_x\	信濃大町	-2.206826	chiaki-modern-overlay,manual,reviewed,japan-travel
LP2i4_	法善寺	-2.215624	chiaki-modern-overlay,manual,reviewed,japan-travel
LW2PcVO@vY	鳥羽水族館	-2.293407	chiaki-modern-overlay,manual,reviewed,japan-travel
L`1_A_\Y	夏日祭典	-2.346703	chiaki-modern-overlay,manual,reviewed,japan-travel
L`:Pg;aJ	下呂溫泉	-2.307425	chiaki-modern-overlay,manual,reviewed,japan-travel
L`O1{JKb	下鴨神社	-2.153530	chiaki-modern-overlay,manual,reviewed,japan-travel
Lb}I{J3>	熱田神宮	-2.231053	chiaki-modern-overlay,manual,reviewed,japan-travel
Lj0TmTha	近鐵百貨	-2.360722	chiaki-modern-overlay,manual,reviewed,japan-travel
Lj0TwhD2	近鐵難波	-2.315527	chiaki-modern-overlay,manual,reviewed,japan-travel
Ljf<	近江	-2.198933	chiaki-modern-overlay,manual,reviewed,japan-travel
M92i4_	修善寺	-2.293407	chiaki-modern-overlay,manual,reviewed,japan-travel
MKFY	豚丼	-2.250377	chiaki-modern-overlay,manual,reviewed,japan-travel
MKtOA1:i	豚骨拉麵	-2.206826	chiaki-modern-overlay,manual,reviewed,japan-travel
Md<i	拜殿	-2.233955	chiaki-modern-overlay,manual,reviewed,japan-travel
MiYcn?K_TJ	萬葉植物園	-2.346703	chiaki-modern-overlay,manual,reviewed,japan-travel
N:0WC:	天保山	-2.141974	chiaki-modern-overlay,manual,reviewed,japan-travel
N:4>\_	天空樹	-2.215624	chiaki-modern-overlay,manual,reviewed,japan-travel
N:FY	天丼	-2.161171	chiaki-modern-overlay,manual,reviewed,japan-travel
N:L`x@\0	天下茶屋	-2.276249	chiaki-modern-overlay,manual,reviewed,japan-travel
NJS0xgE0	傳七壽司	-2.346703	chiaki-modern-overlay,manual,reviewed,japan-travel
NO`_	指宿	-2.315527	chiaki-modern-overlay,manual,reviewed,japan-travel
NP?0>C	塔之澤	-2.307425	chiaki-modern-overlay,manual,reviewed,japan-travel
NXKPg;aJ	有馬溫泉	-2.206826	chiaki-modern-overlay,manual,reviewed,japan-travel
N_AM	木曾	-2.228257	chiaki-modern-overlay,manual,reviewed,japan-travel
N_AMn:	木曾川	-2.307425	chiaki-modern-overlay,manual,reviewed,japan-travel
N_\0x\0>	木屋町通	-2.334850	chiaki-modern-overlay,manual,reviewed,japan-travel
N_q6n:	目黑川	-2.334850	chiaki-modern-overlay,manual,reviewed,japan-travel
N_{;[1	木村家	-2.220431	chiaki-modern-overlay,manual,reviewed,japan-travel
O@J<	足湯	-2.193503	chiaki-modern-overlay,manual,reviewed,japan-travel
OKPL4_	輪王寺	-2.258073	chiaki-modern-overlay,manual,reviewed,japan-travel
O]EM4_	永平寺	-2.360722	chiaki-modern-overlay,manual,reviewed,japan-travel
O]g:yK	永觀堂	-2.206826	chiaki-modern-overlay,manual,reviewed,japan-travel
O]}Ix\	永田町	-2.334850	chiaki-modern-overlay,manual,reviewed,japan-travel
O_0_2@:10_	富士急巴士	-2.324583	chiaki-modern-overlay,manual,reviewed,japan-travel
O_0_2@BbTJ	富士急樂園	-2.300097	chiaki-modern-overlay,manual,reviewed,japan-travel
O_0_C:w\	富士山頂	-2.293407	chiaki-modern-overlay,manual,reviewed,japan-travel
O_BLyS	富良野	-2.109030	chiaki-modern-overlay,manual,reviewed,japan-travel
O_C::_H<0Tcf	富山地方鐵道	-2.400000	chiaki-modern-overlay,manual,reviewed,japan-travel
O_C:=M	富山城	-2.377880	chiaki-modern-overlay,manual,reviewed,japan-travel
O_C:^:	富山灣	-2.307425	chiaki-modern-overlay,manual,reviewed,japan-travel
O_a0_;Ei	副都心線	-2.254129	chiaki-modern-overlay,manual,reviewed,japan-travel
P;xU\_vY	森美術館	-2.190086	chiaki-modern-overlay,manual,reviewed,japan-travel
PAwIM_L_	華嚴瀑布	-2.293407	chiaki-modern-overlay,manual,reviewed,japan-travel
PGyS	薄野	-2.262230	chiaki-modern-overlay,manual,reviewed,japan-travel
PLJ;}^rAK_vY	王貞治博物館	-2.377880	chiaki-modern-overlay,manual,reviewed,japan-travel
PMFM{JKb	晴明神社	-2.165904	chiaki-modern-overlay,manual,reviewed,japan-travel
P_6drG	渡月橋	-2.154576	chiaki-modern-overlay,manual,reviewed,japan-travel
Q;6d6CvY	音樂盒館	-2.360722	chiaki-modern-overlay,manual,reviewed,japan-travel
Q=89	豐洲	-2.246800	chiaki-modern-overlay,manual,reviewed,japan-travel
Q=CiR0vY	風見雞館	-2.293407	chiaki-modern-overlay,manual,reviewed,japan-travel
QWvY	角館	-2.300097	chiaki-modern-overlay,manual,reviewed,japan-travel
QYJMBY	產寧坂	-2.246800	chiaki-modern-overlay,manual,reviewed,japan-travel
Qd9\	帶廣	-2.204776	chiaki-modern-overlay,manual,reviewed,japan-travel
QdQdN_	代代木	-2.231053	chiaki-modern-overlay,manual,reviewed,japan-travel
QdQdN_3>TJ	代代木公園	-2.287252	chiaki-modern-overlay,manual,reviewed,japan-travel
R07:qh4W	積丹半島	-2.346703	chiaki-modern-overlay,manual,reviewed,japan-travel
R0>EJ<A1:i	雞白湯拉麵	-2.360722	chiaki-modern-overlay,manual,reviewed,japan-travel
R0c[:10_	機場巴士	-2.266625	chiaki-modern-overlay,manual,reviewed,japan-travel
R=C::10_	登山巴士	-2.240110	chiaki-modern-overlay,manual,reviewed,japan-travel
R=C:<i[3	登山電車	-2.236971	chiaki-modern-overlay,manual,reviewed,japan-travel
R=C:IY[3	登山纜車	-2.208933	chiaki-modern-overlay,manual,reviewed,japan-travel
R=KD:_a_tO	登別地獄谷	-2.324583	chiaki-modern-overlay,manual,reviewed,japan-travel
R=KDg;aJ	登別溫泉	-2.281554	chiaki-modern-overlay,manual,reviewed,japan-travel
R@}In:	隅田川	-2.185228	chiaki-modern-overlay,manual,reviewed,japan-travel
RG=_IMTJ	毛利庭園	-2.293407	chiaki-modern-overlay,manual,reviewed,japan-travel
RO:Lp1	紫陽花	-2.236971	chiaki-modern-overlay,manual,reviewed,japan-travel
RP0>=M	卡通城	-2.315527	chiaki-modern-overlay,manual,reviewed,japan-travel
RVR@FY	鮪魚丼	-2.300097	chiaki-modern-overlay,manual,reviewed,japan-travel
RVcf	尾道	-2.155636	chiaki-modern-overlay,manual,reviewed,japan-travel
RVcfA1:i	尾道拉麵	-2.400000	chiaki-modern-overlay,manual,reviewed,japan-travel
Rd0UoO	太宰府	-2.246800	chiaki-modern-overlay,manual,reviewed,japan-travel
Rd4>C:	太空山	-2.213328	chiaki-modern-overlay,manual,reviewed,japan-travel
SWO]tO	小涌谷	-2.307425	chiaki-modern-overlay,manual,reviewed,japan-travel
SWPLROrAK_vY	小王子博物館	-2.346703	chiaki-modern-overlay,manual,reviewed,japan-travel
SWX<=M	小倉城	-2.360722	chiaki-modern-overlay,manual,reviewed,japan-travel
SWp?n:rgBbTJ	小石川後樂園	-2.300097	chiaki-modern-overlay,manual,reviewed,japan-travel
SWz;lj6C	小樽運河	-2.215624	chiaki-modern-overlay,manual,reviewed,japan-travel
SW}I2@Ei	小田急線	-2.307425	chiaki-modern-overlay,manual,reviewed,japan-travel
S_6N4W9>Z<	鹿兒島中央	-2.334850	chiaki-modern-overlay,manual,reviewed,japan-travel
S_:i<i[3	路面電車	-2.183674	chiaki-modern-overlay,manual,reviewed,japan-travel
S_N:Q=:P	露天風呂	-2.141085	chiaki-modern-overlay,manual,reviewed,japan-travel
SdBL3>TJ	奈良公園	-2.174960	chiaki-modern-overlay,manual,reviewed,japan-travel
SdBLx\	奈良町	-2.266625	chiaki-modern-overlay,manual,reviewed,japan-travel
SdBL~\`_	奈良井宿	-2.334850	chiaki-modern-overlay,manual,reviewed,japan-travel
T0?0>J	西之丸	-2.204776	chiaki-modern-overlay,manual,reviewed,japan-travel
T0?0>JIMTJ	西之丸庭園	-2.266625	chiaki-modern-overlay,manual,reviewed,japan-travel
T0F0lg	西伊豆	-2.281554	chiaki-modern-overlay,manual,reviewed,japan-travel
T0IF}I	西梅田	-2.346703	chiaki-modern-overlay,manual,reviewed,japan-travel
T0KZci4_	西本願寺	-2.180658	chiaki-modern-overlay,manual,reviewed,japan-travel
T0L_BbTJ	西部樂園	-2.334850	chiaki-modern-overlay,manual,reviewed,japan-travel
T0kOmTha	西武百貨	-2.276249	chiaki-modern-overlay,manual,reviewed,japan-travel
T0|_4_	西大寺	-2.287252	chiaki-modern-overlay,manual,reviewed,japan-travel
T3`Z	割引	-2.246800	chiaki-modern-overlay,manual,reviewed,japan-travel
T3kOA_x\	歌舞伎町	-2.188432	chiaki-modern-overlay,manual,reviewed,japan-travel
TJ0_K_2PrAK_vY	源氏物語博物館	-2.307425	chiaki-modern-overlay,manual,reviewed,japan-travel
TJ>Co?	猿澤池	-2.293407	chiaki-modern-overlay,manual,reviewed,japan-travel
TJ_fA_>ivY	原爆紀念館	-2.346703	chiaki-modern-overlay,manual,reviewed,japan-travel
TJh<D;	元箱根	-2.225559	chiaki-modern-overlay,manual,reviewed,japan-travel
TJx\3>TJ	元町公園	-2.300097	chiaki-modern-overlay,manual,reviewed,japan-travel
TJx\U<<iv4	元町商店街	-2.307425	chiaki-modern-overlay,manual,reviewed,japan-travel
TQx@2=3@9K	抹茶霜淇淋	-2.258073	chiaki-modern-overlay,manual,reviewed,japan-travel
TQx@MlQd	抹茶聖代	-2.254129	chiaki-modern-overlay,manual,reviewed,japan-travel
TQx@dMlg	抹茶紅豆	-2.324583	chiaki-modern-overlay,manual,reviewed,japan-travel
TQx@o@0T	抹茶拿鐵	-2.281554	chiaki-modern-overlay,manual,reviewed,japan-travel
TQx@uhx7	抹茶蛋糕	-2.262230	chiaki-modern-overlay,manual,reviewed,japan-travel
TdV_|_rG	瀨戶大橋	-2.400000	chiaki-modern-overlay,manual,reviewed,japan-travel
U:KZLW~0	千本鳥居	-2.197080	chiaki-modern-overlay,manual,reviewed,japan-travel
U:Qd}IEi	千代田線	-2.271286	chiaki-modern-overlay,manual,reviewed,japan-travel
U:y<4_	千光寺	-2.377880	chiaki-modern-overlay,manual,reviewed,japan-travel
UGTJCE	桃源台	-2.233955	chiaki-modern-overlay,manual,reviewed,japan-travel
UknHA1:i	醬油拉麵	-2.215624	chiaki-modern-overlay,manual,reviewed,japan-travel
V:=Xx\	先斗町	-2.198933	chiaki-modern-overlay,manual,reviewed,japan-travel
VD}I{JKb	櫛田神社	-2.334850	chiaki-modern-overlay,manual,reviewed,japan-travel
VODfC:	比叡山	-2.200832	chiaki-modern-overlay,manual,reviewed,japan-travel
VY?>3>TJ	傘松公園	-2.334850	chiaki-modern-overlay,manual,reviewed,japan-travel
WB=f5_0_yK	國會議事堂	-2.334850	chiaki-modern-overlay,manual,reviewed,japan-travel
WBA_~K0i	國際航站	-2.163501	chiaki-modern-overlay,manual,reviewed,japan-travel
WB\e~K0i	國內航站	-2.246800	chiaki-modern-overlay,manual,reviewed,japan-travel
WlC:T0	定山溪	-2.240110	chiaki-modern-overlay,manual,reviewed,japan-travel
WlM91_	定休日	-2.228257	chiaki-modern-overlay,manual,reviewed,japan-travel
X<`0xUg:	倉敷美觀	-2.293407	chiaki-modern-overlay,manual,reviewed,japan-travel
X<`0xUg::_01	倉敷美觀地區	-2.346703	chiaki-modern-overlay,manual,reviewed,japan-travel
XD]O	斜里	-2.195271	chiaki-modern-overlay,manual,reviewed,japan-travel
XO>C	米澤	-2.334850	chiaki-modern-overlay,manual,reviewed,japan-travel
XORO	米子	-2.287252	chiaki-modern-overlay,manual,reviewed,japan-travel
XOTJ	米原	-2.231053	chiaki-modern-overlay,manual,reviewed,japan-travel
YcQM:10_	夜行巴士	-2.258073	chiaki-modern-overlay,manual,reviewed,japan-travel
ZXRiL`	九段下	-2.246800	chiaki-modern-overlay,manual,reviewed,japan-travel
ZYYev4rA:10_	免費接駁巴士	-2.324583	chiaki-modern-overlay,manual,reviewed,japan-travel
[13M{JKb	加藤神社	-2.400000	chiaki-modern-overlay,manual,reviewed,japan-travel
[L~0xdci	皇居外苑	-2.271286	chiaki-modern-overlay,manual,reviewed,japan-travel
[VR_n:	鬼怒川	-2.197080	chiaki-modern-overlay,manual,reviewed,japan-travel
\0>J0>	烏丸通	-2.307425	chiaki-modern-overlay,manual,reviewed,japan-travel
\0>JEi	烏丸線	-2.334850	chiaki-modern-overlay,manual,reviewed,japan-travel
\0>JkOkG	烏丸五条	-2.315527	chiaki-modern-overlay,manual,reviewed,japan-travel
\0CE	屋台	-2.120980	chiaki-modern-overlay,manual,reviewed,japan-travel
\0ZX4W	屋久島	-2.243382	chiaki-modern-overlay,manual,reviewed,japan-travel
\[012fEEEi	港區未來線	-2.315527	chiaki-modern-overlay,manual,reviewed,japan-travel
\eJ<	內湯	-2.324583	chiaki-modern-overlay,manual,reviewed,japan-travel
\exd3>	內外宮	-2.360722	chiaki-modern-overlay,manual,reviewed,japan-travel
]1u?	蝦夷	-2.250377	chiaki-modern-overlay,manual,reviewed,japan-travel
];9KG@	金鱗湖	-2.258073	chiaki-modern-overlay,manual,reviewed,japan-travel
];P;X<U_jK	金森倉庫群	-2.250377	chiaki-modern-overlay,manual,reviewed,japan-travel
];aMA1:i	金龍拉麵	-2.222952	chiaki-modern-overlay,manual,reviewed,japan-travel
];p=wT=A	津輕海峽	-2.246800	chiaki-modern-overlay,manual,reviewed,japan-travel
]Kc[o?	雲場池	-2.276249	chiaki-modern-overlay,manual,reviewed,japan-travel
]OTJ`_	裏原宿	-2.300097	chiaki-modern-overlay,manual,reviewed,japan-travel
]i0\KZEi	釧網本線	-2.324583	chiaki-modern-overlay,manual,reviewed,japan-travel
^=:1rG	生八橋	-2.250377	chiaki-modern-overlay,manual,reviewed,japan-travel
^=}I{JKb	生田神社	-2.307425	chiaki-modern-overlay,manual,reviewed,japan-travel
^f1_y<	奧日光	-2.281554	chiaki-modern-overlay,manual,reviewed,japan-travel
^f2PKZEi	奧羽本線	-2.334850	chiaki-modern-overlay,manual,reviewed,japan-travel
^f3>	奧宮	-2.250377	chiaki-modern-overlay,manual,reviewed,japan-travel
^f]_TdT0	奧入瀨溪	-2.262230	chiaki-modern-overlay,manual,reviewed,japan-travel
^fkO4W	奧武島	-2.377880	chiaki-modern-overlay,manual,reviewed,japan-travel
^fkOC:3>TJ	奧武山公園	-2.346703	chiaki-modern-overlay,manual,reviewed,japan-travel
_;8MR;	新橫濱	-2.233955	chiaki-modern-overlay,manual,reviewed,japan-travel
_;>J?0\e|_`H	新丸之內大樓	-2.360722	chiaki-modern-overlay,manual,reviewed,japan-travel
_;Gfx7IY[3	新穗高纜車	-2.307425	chiaki-modern-overlay,manual,reviewed,japan-travel
_;IF}I	新梅田	-2.254129	chiaki-modern-overlay,manual,reviewed,japan-travel
_;U:Gf	新千歲	-2.164693	chiaki-modern-overlay,manual,reviewed,japan-travel
_;U:GfR0c[	新千歲機場	-2.217990	chiaki-modern-overlay,manual,reviewed,japan-travel
_;];3>	新今宮	-2.258073	chiaki-modern-overlay,manual,reviewed,japan-travel
_;`_F00_7:	新宿伊勢丹	-2.300097	chiaki-modern-overlay,manual,reviewed,japan-travel
_;`_a_ci	新宿御苑	-2.197080	chiaki-modern-overlay,manual,reviewed,japan-travel
_;`_x74W\0	新宿高島屋	-2.287252	chiaki-modern-overlay,manual,reviewed,japan-travel
_;l5rG];	心齋橋筋	-2.228257	chiaki-modern-overlay,manual,reviewed,japan-travel
_;o=2@	新京極	-2.190086	chiaki-modern-overlay,manual,reviewed,japan-travel
_;o=2@0>	新京極通	-2.293407	chiaki-modern-overlay,manual,reviewed,japan-travel
_;{JV_	新神戶	-2.300097	chiaki-modern-overlay,manual,reviewed,japan-travel
_GK_rG	朝霧橋	-2.258073	chiaki-modern-overlay,manual,reviewed,japan-travel
_GO1	巢鴨	-2.208933	chiaki-modern-overlay,manual,reviewed,japan-travel
_GQ=3>TJ	潮風公園	-2.307425	chiaki-modern-overlay,manual,reviewed,japan-travel
`=Dk4_	增上寺	-2.144705	chiaki-modern-overlay,manual,reviewed,japan-travel
`Mj6:10_	濃飛巴士	-2.246800	chiaki-modern-overlay,manual,reviewed,japan-travel
`l@@4_	興福寺	-2.165904	chiaki-modern-overlay,manual,reviewed,japan-travel
`lMl4_	興聖寺	-2.315527	chiaki-modern-overlay,manual,reviewed,japan-travel
aJn?	泉質	-2.222952	chiaki-modern-overlay,manual,reviewed,japan-travel
aMPL=A	龍王峽	-2.293407	chiaki-modern-overlay,manual,reviewed,japan-travel
aMr73>[3	龍貓公車	-2.198933	chiaki-modern-overlay,manual,reviewed,japan-travel
a_<ic[	御殿場	-2.220431	chiaki-modern-overlay,manual,reviewed,japan-travel
a_B@x\	御徒町	-2.228257	chiaki-modern-overlay,manual,reviewed,japan-travel
a_BW3>TJ	玉藻公園	-2.377880	chiaki-modern-overlay,manual,reviewed,japan-travel
a_CEc[	御台場	-2.324583	chiaki-modern-overlay,manual,reviewed,japan-travel
a_LP{JKb	御髮神社	-2.346703	chiaki-modern-overlay,manual,reviewed,japan-travel
a_k0@j	御朱印	-2.163501	chiaki-modern-overlay,manual,reviewed,japan-travel
a_l0080_	玉出超市	-2.346703	chiaki-modern-overlay,manual,reviewed,japan-travel
a_o?0>	御池通	-2.300097	chiaki-modern-overlay,manual,reviewed,japan-travel
a_yK];	御堂筋	-2.197080	chiaki-modern-overlay,manual,reviewed,japan-travel
a_yK];Ei	御堂筋線	-2.211099	chiaki-modern-overlay,manual,reviewed,japan-travel
a_{JU:	御神籤	-2.334850	chiaki-modern-overlay,manual,reviewed,japan-travel
bBzByS	嵯峨野	-2.153530	chiaki-modern-overlay,manual,reviewed,japan-travel
bBzBySEi	嵯峨野線	-2.346703	chiaki-modern-overlay,manual,reviewed,japan-travel
c=N_x\	櫻木町	-2.243382	chiaki-modern-overlay,manual,reviewed,japan-travel
c=WBvY	英國館	-2.315527	chiaki-modern-overlay,manual,reviewed,japan-travel
c=}ImJ	櫻田門	-2.287252	chiaki-modern-overlay,manual,reviewed,japan-travel
cI6dT0Ei	磐越西線	-2.346703	chiaki-modern-overlay,manual,reviewed,japan-travel
cO\irG	喜撰橋	-2.346703	chiaki-modern-overlay,manual,reviewed,japan-travel
cVDk:10_	水上巴士	-2.228257	chiaki-modern-overlay,manual,reviewed,japan-travel
cVS_4C	水路閣	-2.346703	chiaki-modern-overlay,manual,reviewed,japan-travel
cVcfrG	水道橋	-2.250377	chiaki-modern-overlay,manual,reviewed,japan-travel
cZX<C:	皿倉山	-2.360722	chiaki-modern-overlay,manual,reviewed,japan-travel
caJ;vY	拓真館	-2.307425	chiaki-modern-overlay,manual,reviewed,japan-travel
cfEbC:	稻荷山	-2.266625	chiaki-modern-overlay,manual,reviewed,japan-travel
cfEbxgE0	稻荷壽司	-2.315527	chiaki-modern-overlay,manual,reviewed,japan-travel
cf[j3En:	道頓堀川	-2.271286	chiaki-modern-overlay,manual,reviewed,japan-travel
cfhI:10_	道南巴士	-2.307425	chiaki-modern-overlay,manual,reviewed,japan-travel
cfrg	道後	-2.168384	chiaki-modern-overlay,manual,reviewed,japan-travel
cfrgg;aJ	道後溫泉	-2.262230	chiaki-modern-overlay,manual,reviewed,japan-travel
dIR@th	鰻魚飯	-2.111396	chiaki-modern-overlay,manual,reviewed,japan-travel
dM5J=M	弘前城	-2.315527	chiaki-modern-overlay,manual,reviewed,japan-travel
dMYcFMCR	紅葉名所	-2.334850	chiaki-modern-overlay,manual,reviewed,japan-travel
dMm:X<U_	紅磚倉庫	-2.213328	chiaki-modern-overlay,manual,reviewed,japan-travel
dT?0|_tO	雪之大谷	-2.315527	chiaki-modern-overlay,manual,reviewed,japan-travel
dYCW4_	淺草寺	-2.143784	chiaki-modern-overlay,manual,reviewed,japan-travel
dYCWEi	淺草線	-2.206826	chiaki-modern-overlay,manual,reviewed,japan-travel
dYCWrG	淺草橋	-2.246800	chiaki-modern-overlay,manual,reviewed,japan-travel
d[Q=FMCR	賞楓名所	-2.287252	chiaki-modern-overlay,manual,reviewed,japan-travel
d[c=FMCR	賞櫻名所	-2.300097	chiaki-modern-overlay,manual,reviewed,japan-travel
ec];Ei	堺筋線	-2.300097	chiaki-modern-overlay,manual,reviewed,japan-travel
ec];KZx\	堺筋本町	-2.360722	chiaki-modern-overlay,manual,reviewed,japan-travel
ecx\0>	堺町通	-2.315527	chiaki-modern-overlay,manual,reviewed,japan-travel
f0C:cVIMTJ	枯山水庭園	-2.324583	chiaki-modern-overlay,manual,reviewed,japan-travel
f<?04W	江之島	-2.117002	chiaki-modern-overlay,manual,reviewed,japan-travel
f<?0<i	江之電	-2.167134	chiaki-modern-overlay,manual,reviewed,japan-travel
g:mJwT=A	關門海峽	-2.360722	chiaki-modern-overlay,manual,reviewed,japan-travel
g:y<:10_	觀光巴士	-2.193503	chiaki-modern-overlay,manual,reviewed,japan-travel
g:y<ac[3	觀光列車	-2.220431	chiaki-modern-overlay,manual,reviewed,japan-travel
g:y<ph\eCR	觀光案內所	-2.172262	chiaki-modern-overlay,manual,reviewed,japan-travel
g;aJdIMw	溫泉饅頭	-2.287252	chiaki-modern-overlay,manual,reviewed,japan-travel
h<CWTJ	香草園	-2.360722	chiaki-modern-overlay,manual,reviewed,japan-travel
h<D;J<KZ	箱根湯本	-2.197080	chiaki-modern-overlay,manual,reviewed,japan-travel
h<D;R=C:0Tcf	箱根登山鐵道	-2.315527	chiaki-modern-overlay,manual,reviewed,japan-travel
h<D;R=C:<i[3	箱根登山電車	-2.293407	chiaki-modern-overlay,manual,reviewed,japan-travel
h<D;R=C:IY[3	箱根登山纜車	-2.281554	chiaki-modern-overlay,manual,reviewed,japan-travel
h<D;TJ	箱根園	-2.307425	chiaki-modern-overlay,manual,reviewed,japan-travel
h<D;x\	箱根町	-2.236971	chiaki-modern-overlay,manual,reviewed,japan-travel
h<D;{JKb	箱根神社	-2.195271	chiaki-modern-overlay,manual,reviewed,japan-travel
h<hIwTph	湘南海岸	-2.243382	chiaki-modern-overlay,manual,reviewed,japan-travel
hIJ<	男湯	-2.231053	chiaki-modern-overlay,manual,reviewed,japan-travel
hIU:Z_	南千住	-2.215624	chiaki-modern-overlay,manual,reviewed,japan-travel
hIo=x\	南京町	-2.315527	chiaki-modern-overlay,manual,reviewed,japan-travel
hIvUEi	南北線	-2.293407	chiaki-modern-overlay,manual,reviewed,japan-travel
hIwTwhD2	南海難波	-2.287252	chiaki-modern-overlay,manual,reviewed,japan-travel
iI<i	嵐電	-2.211099	chiaki-modern-overlay,manual,reviewed,japan-travel
i_Ob1=BX	綠色窗口	-2.188432	chiaki-modern-overlay,manual,reviewed,japan-travel
j69RyS	飛火野	-2.346703	chiaki-modern-overlay,manual,reviewed,japan-travel
j6CiC:	飛濺山	-2.258073	chiaki-modern-overlay,manual,reviewed,japan-travel
k0?EFY	豬排丼	-2.254129	chiaki-modern-overlay,manual,reviewed,japan-travel
k0?EWlp?	豬排定食	-2.266625	chiaki-modern-overlay,manual,reviewed,japan-travel
k0hGQdG@	豬苗代湖	-2.360722	chiaki-modern-overlay,manual,reviewed,japan-travel
k@L_p?6:	麻布十番	-2.250377	chiaki-modern-overlay,manual,reviewed,japan-travel
kKIJ:10_	循環巴士	-2.220431	chiaki-modern-overlay,manual,reviewed,japan-travel
kK}F:10_	巡迴巴士	-2.271286	chiaki-modern-overlay,manual,reviewed,japan-travel
kMrG	戎橋	-2.281554	chiaki-modern-overlay,manual,reviewed,japan-travel
kO4MEi	五能線	-2.233955	chiaki-modern-overlay,manual,reviewed,japan-travel
kO5Mw2	五稜郭	-2.190086	chiaki-modern-overlay,manual,reviewed,japan-travel
kO5Mw23>TJ	五稜郭公園	-2.346703	chiaki-modern-overlay,manual,reviewed,japan-travel
kO5Mw2NP	五稜郭塔	-2.334850	chiaki-modern-overlay,manual,reviewed,japan-travel
kO6CN_	五合目	-2.193503	chiaki-modern-overlay,manual,reviewed,japan-travel
kO8LyS	武藏野	-2.300097	chiaki-modern-overlay,manual,reviewed,japan-travel
kOEb	舞鶴	-2.307425	chiaki-modern-overlay,manual,reviewed,japan-travel
kOOb>W	五色沼	-2.215624	chiaki-modern-overlay,manual,reviewed,japan-travel
kORO3>TJ	舞子公園	-2.300097	chiaki-modern-overlay,manual,reviewed,japan-travel
kOiMNP	五重塔	-2.142874	chiaki-modern-overlay,manual,reviewed,japan-travel
kOkGBY	五条坂	-2.266625	chiaki-modern-overlay,manual,reviewed,japan-travel
l0]K|_Kb	出雲大社	-2.217990	chiaki-modern-overlay,manual,reviewed,japan-travel
lIvY0_<i	函館市電	-2.334850	chiaki-modern-overlay,manual,reviewed,japan-travel
lIvYC:	函館山	-2.153530	chiaki-modern-overlay,manual,reviewed,japan-travel
lIvY_G0_	函館朝市	-2.204776	chiaki-modern-overlay,manual,reviewed,japan-travel
lZ8_x\	錦糸町	-2.334850	chiaki-modern-overlay,manual,reviewed,japan-travel
lZN:DY3>	錦天滿宮	-2.183674	chiaki-modern-overlay,manual,reviewed,japan-travel
lZQdrG	錦帶橋	-2.346703	chiaki-modern-overlay,manual,reviewed,japan-travel
lZSWS_0>	錦小路通	-2.334850	chiaki-modern-overlay,manual,reviewed,japan-travel
lgw?\0aM:i	豆皮烏龍麵	-2.315527	chiaki-modern-overlay,manual,reviewed,japan-travel
lg}O}I}I2;	豆乳甜甜圈	-2.258073	chiaki-modern-overlay,manual,reviewed,japan-travel
mT6CwTx8if	百合海鷗號	-2.170948	chiaki-modern-overlay,manual,reviewed,japan-travel
mTTJU<<i	百元商店	-2.254129	chiaki-modern-overlay,manual,reviewed,japan-travel
mZCE	寢台	-2.208933	chiaki-modern-overlay,manual,reviewed,japan-travel
m_NFC:	巨雷山	-2.258073	chiaki-modern-overlay,manual,reviewed,japan-travel
o=2@Ei	京急線	-2.324583	chiaki-modern-overlay,manual,reviewed,japan-travel
o==M<i0T	京成電鐵	-2.188432	chiaki-modern-overlay,manual,reviewed,japan-travel
o==MDkyS	京成上野	-2.266625	chiaki-modern-overlay,manual,reviewed,japan-travel
o==MEi	京成線	-2.315527	chiaki-modern-overlay,manual,reviewed,japan-travel
o=@@<i0T	京福電鐵	-2.307425	chiaki-modern-overlay,manual,reviewed,japan-travel
o=BY<i[3	京阪電車	-2.254129	chiaki-modern-overlay,manual,reviewed,japan-travel
o=BYKZEi	京阪本線	-2.300097	chiaki-modern-overlay,manual,reviewed,japan-travel
o=BY{J	京阪神	-2.197080	chiaki-modern-overlay,manual,reviewed,japan-travel
o=LjG@	精進湖	-2.225559	chiaki-modern-overlay,manual,reviewed,japan-travel
o=PLEi	京王線	-2.360722	chiaki-modern-overlay,manual,reviewed,japan-travel
o=R;~=vUEi	京濱東北線	-2.334850	chiaki-modern-overlay,manual,reviewed,japan-travel
o=RKtONP	驚魂古塔	-2.220431	chiaki-modern-overlay,manual,reviewed,japan-travel
o=];Ei	京津線	-2.215624	chiaki-modern-overlay,manual,reviewed,japan-travel
o=a00i	京都站	-2.163501	chiaki-modern-overlay,manual,reviewed,japan-travel
o=a0NP	京都塔	-2.165904	chiaki-modern-overlay,manual,reviewed,japan-travel
o=a0a_CR	京都御所	-2.225559	chiaki-modern-overlay,manual,reviewed,japan-travel
o=a0a_ci	京都御苑	-2.266625	chiaki-modern-overlay,manual,reviewed,japan-travel
o=rG	京橋	-2.220431	chiaki-modern-overlay,manual,reviewed,japan-travel
o?Qd	池袋	-2.029158	chiaki-modern-overlay,manual,reviewed,japan-travel
o_6d	旭岳	-2.377880	chiaki-modern-overlay,manual,reviewed,japan-travel
o_C:mlK_TJ	旭山動物園	-2.228257	chiaki-modern-overlay,manual,reviewed,japan-travel
o_o_ci	敘敘苑	-2.200832	chiaki-modern-overlay,manual,reviewed,japan-travel
oaCWC:	若草山	-2.262230	chiaki-modern-overlay,manual,reviewed,japan-travel
p19RA_	花火祭	-2.346703	chiaki-modern-overlay,manual,reviewed,japan-travel
p19R|_=f	花火大會	-2.161171	chiaki-modern-overlay,manual,reviewed,japan-travel
p=P;CftAA_	青森睡魔祭	-2.334850	chiaki-modern-overlay,manual,reviewed,japan-travel
p=YcA1:i	青葉拉麵	-2.211099	chiaki-modern-overlay,manual,reviewed,japan-travel
p=aMci	青龍苑	-2.334850	chiaki-modern-overlay,manual,reviewed,japan-travel
p=cVBY	清水坂	-2.246800	chiaki-modern-overlay,manual,reviewed,japan-travel
p=cVkOCE	清水舞台	-2.164693	chiaki-modern-overlay,manual,reviewed,japan-travel
p=lI	青函	-2.183674	chiaki-modern-overlay,manual,reviewed,japan-travel
p=o?	青池	-2.287252	chiaki-modern-overlay,manual,reviewed,japan-travel
p=xgE0	鯖壽司	-2.307425	chiaki-modern-overlay,manual,reviewed,japan-travel
p=~\>C[30i	輕井澤車站	-2.334850	chiaki-modern-overlay,manual,reviewed,japan-travel
p=~\>Cx\	輕井澤町	-2.360722	chiaki-modern-overlay,manual,reviewed,japan-travel
p?6C}IG@	十和田湖	-2.208933	chiaki-modern-overlay,manual,reviewed,japan-travel
p?A_CE	時計台	-2.220431	chiaki-modern-overlay,manual,reviewed,japan-travel
p?EmG@	十二湖	-2.231053	chiaki-modern-overlay,manual,reviewed,japan-travel
p?Ml	十勝	-2.179194	chiaki-modern-overlay,manual,reviewed,japan-travel
p?Ml6d	十勝岳	-2.334850	chiaki-modern-overlay,manual,reviewed,japan-travel
p?MlEMTJ	十勝平原	-2.346703	chiaki-modern-overlay,manual,reviewed,japan-travel
p?Mln:	十勝川	-2.287252	chiaki-modern-overlay,manual,reviewed,japan-travel
p?R=aM	石燈籠	-2.217990	chiaki-modern-overlay,manual,reviewed,japan-travel
p?TJuH	石垣牛	-2.293407	chiaki-modern-overlay,manual,reviewed,japan-travel
p?xg	石狩	-2.258073	chiaki-modern-overlay,manual,reviewed,japan-travel
ph\eCR	案內所	-2.112607	chiaki-modern-overlay,manual,reviewed,japan-travel
q6L_EM	黑部平	-2.271286	chiaki-modern-overlay,manual,reviewed,japan-travel
q6L_G@	黑部湖	-2.231053	chiaki-modern-overlay,manual,reviewed,japan-travel
q6L_cVU_	黑部水庫	-2.300097	chiaki-modern-overlay,manual,reviewed,japan-travel
q6L_cVx_	黑部水壩	-2.281554	chiaki-modern-overlay,manual,reviewed,japan-travel
q6L_n:	黑部川	-2.346703	chiaki-modern-overlay,manual,reviewed,japan-travel
q6L_|_x_	黑部大壩	-2.287252	chiaki-modern-overlay,manual,reviewed,japan-travel
q6RG6CuH	黑毛和牛	-2.225559	chiaki-modern-overlay,manual,reviewed,japan-travel
q6mJ0_c[	黑門市場	-2.202779	chiaki-modern-overlay,manual,reviewed,japan-travel
q6n:g;aJ	黑川溫泉	-2.293407	chiaki-modern-overlay,manual,reviewed,japan-travel
q;L_vY	昆布館	-2.360722	chiaki-modern-overlay,manual,reviewed,japan-travel
q[WBWBA_vY	兩國國技館	-2.324583	chiaki-modern-overlay,manual,reviewed,japan-travel
qhFkmJEi	半藏門線	-2.307425	chiaki-modern-overlay,manual,reviewed,japan-travel
rAs2A1:i	博多拉麵	-2.346703	chiaki-modern-overlay,manual,reviewed,japan-travel
rAs2lj6C=M	博多運河城	-2.346703	chiaki-modern-overlay,manual,reviewed,japan-travel
rGOd:i<i	蕎麥麵店	-2.346703	chiaki-modern-overlay,manual,reviewed,japan-travel
t2@@8Mh=	托福橫丁	-2.377880	chiaki-modern-overlay,manual,reviewed,japan-travel
tAJDC:	摩耶山	-2.204776	chiaki-modern-overlay,manual,reviewed,japan-travel
tO2P=_4W	古宇利島	-2.324583	chiaki-modern-overlay,manual,reviewed,japan-travel
tO2P=_|_rG	古宇利大橋	-2.377880	chiaki-modern-overlay,manual,reviewed,japan-travel
tOx\4_h=N_	谷町四丁目	-2.266625	chiaki-modern-overlay,manual,reviewed,japan-travel
tOx\Ei	谷町線	-2.287252	chiaki-modern-overlay,manual,reviewed,japan-travel
tPx\	瓦町	-2.334850	chiaki-modern-overlay,manual,reviewed,japan-travel
tfA04_	藥師寺	-2.307425	chiaki-modern-overlay,manual,reviewed,japan-travel
th=MC:	飯盛山	-2.293407	chiaki-modern-overlay,manual,reviewed,japan-travel
th}IrG	飯田橋	-2.281554	chiaki-modern-overlay,manual,reviewed,japan-travel
u?PM4C	移情閣	-2.334850	chiaki-modern-overlay,manual,reviewed,japan-travel
uKgc3_L;	螃蟹刺身	-2.346703	chiaki-modern-overlay,manual,reviewed,japan-travel
uKgccfBb	螃蟹道樂	-2.231053	chiaki-modern-overlay,manual,reviewed,japan-travel
uTw@BX	改札口	-2.211099	chiaki-modern-overlay,manual,reviewed,japan-travel
uhS_4W	淡路島	-2.246800	chiaki-modern-overlay,manual,reviewed,japan-travel
uhS_?lkOCE	淡路夢舞台	-2.287252	chiaki-modern-overlay,manual,reviewed,japan-travel
uhS_\0	淡路屋	-2.334850	chiaki-modern-overlay,manual,reviewed,japan-travel
v4rA:10_	接駁巴士	-2.173599	chiaki-modern-overlay,manual,reviewed,japan-travel
vU0JX<	北鎌倉	-2.334850	chiaki-modern-overlay,manual,reviewed,japan-travel
vU?0>J3>TJ	北之丸公園	-2.281554	chiaki-modern-overlay,manual,reviewed,japan-travel
vUF0D8RO	北一硝子	-2.233955	chiaki-modern-overlay,manual,reviewed,japan-travel
vUF0D8ROvY	北一硝子館	-2.293407	chiaki-modern-overlay,manual,reviewed,japan-travel
vUG@N_c[	北狐牧場	-2.334850	chiaki-modern-overlay,manual,reviewed,japan-travel
vUp=~\>C	北輕井澤	-2.346703	chiaki-modern-overlay,manual,reviewed,japan-travel
vUtOx\	北谷町	-2.377880	chiaki-modern-overlay,manual,reviewed,japan-travel
vUwTcf{J3>	北海道神宮	-2.307425	chiaki-modern-overlay,manual,reviewed,japan-travel
vUySN:DY{JKb	北野天滿神社	-2.300097	chiaki-modern-overlay,manual,reviewed,japan-travel
w;1_Ebx@\0	春日荷茶屋	-2.315527	chiaki-modern-overlay,manual,reviewed,japan-travel
w?j@G@m0cV	琵琶湖疏水	-2.287252	chiaki-modern-overlay,manual,reviewed,japan-travel
w@;\A1:i	札幌拉麵	-2.360722	chiaki-modern-overlay,manual,reviewed,japan-travel
wI2fA1:i	鹽味拉麵	-2.254129	chiaki-modern-overlay,manual,reviewed,japan-travel
wI=_4_	延曆寺	-2.236971	chiaki-modern-overlay,manual,reviewed,japan-travel
wIIXEi	岩手縣	-2.334850	chiaki-modern-overlay,manual,reviewed,japan-travel
wIWB=M	岩國城	-2.377880	chiaki-modern-overlay,manual,reviewed,japan-travel
wT:LrA3>TJ	海洋博公園	-2.334850	chiaki-modern-overlay,manual,reviewed,japan-travel
wT:Lz?0_|?	海洋迪士尼	-2.360722	chiaki-modern-overlay,manual,reviewed,japan-travel
wTFYth	海膽飯	-2.266625	chiaki-modern-overlay,manual,reviewed,japan-travel
wTL7vY	海龜館	-2.400000	chiaki-modern-overlay,manual,reviewed,japan-travel
wTV:FY	海鮮丼	-2.120303	chiaki-modern-overlay,manual,reviewed,japan-travel
wTYFNJ	海賊船	-2.220431	chiaki-modern-overlay,manual,reviewed,japan-travel
wf_;4_	妙心寺	-2.315527	chiaki-modern-overlay,manual,reviewed,japan-travel
whD23>	難波宮	-2.300097	chiaki-modern-overlay,manual,reviewed,japan-travel
wlCi0_0>	仲見世通	-2.188432	chiaki-modern-overlay,manual,reviewed,japan-travel
wltfGK_`QE	重要文化財	-2.243382	chiaki-modern-overlay,manual,reviewed,japan-travel
x74W\0	高島屋	-2.151479	chiaki-modern-overlay,manual,reviewed,japan-travel
x7?>=M	高松城	-2.346703	chiaki-modern-overlay,manual,reviewed,japan-travel
x7C:7Wv4	高山老街	-2.360722	chiaki-modern-overlay,manual,reviewed,japan-travel
x7C:A_	高山祭	-2.233955	chiaki-modern-overlay,manual,reviewed,japan-travel
x7TJ:10_	高原巴士	-2.346703	chiaki-modern-overlay,manual,reviewed,japan-travel
x7Tdn:	高瀨川	-2.315527	chiaki-modern-overlay,manual,reviewed,japan-travel
x7`_:10_	高速巴士	-2.180658	chiaki-modern-overlay,manual,reviewed,japan-travel
x7wI4_	高岩寺	-2.307425	chiaki-modern-overlay,manual,reviewed,japan-travel
x7ySn:	高野川	-2.360722	chiaki-modern-overlay,manual,reviewed,japan-travel
x?C:	彌山	-2.287252	chiaki-modern-overlay,manual,reviewed,japan-travel
xU9PEM	美女平	-2.250377	chiaki-modern-overlay,manual,reviewed,japan-travel
xU=_T:3>TJ	美利堅公園	-2.324583	chiaki-modern-overlay,manual,reviewed,japan-travel
xUR==_	美登利	-2.225559	chiaki-modern-overlay,manual,reviewed,japan-travel
xU|JJ<	美人湯	-2.315527	chiaki-modern-overlay,manual,reviewed,japan-travel
xd3>	外宮	-2.211099	chiaki-modern-overlay,manual,reviewed,japan-travel
xdJ<	外湯	-2.217990	chiaki-modern-overlay,manual,reviewed,japan-travel
xgE0|_	壽司大	-2.160031	chiaki-modern-overlay,manual,reviewed,japan-travel
yS3>{JKb	野宮神社	-2.148502	chiaki-modern-overlay,manual,reviewed,japan-travel
z?x\	荻町	-2.236971	chiaki-modern-overlay,manual,reviewed,japan-travel
{?G@4_	醍醐寺	-2.271286	chiaki-modern-overlay,manual,reviewed,japan-travel
{J0Wx\	神保町	-2.334850	chiaki-modern-overlay,manual,reviewed,japan-travel
{J3>rG	神宮橋	-2.254129	chiaki-modern-overlay,manual,reviewed,japan-travel
{JKPyK	神馬堂	-2.300097	chiaki-modern-overlay,manual,reviewed,japan-travel
{JU:	神籤	-2.287252	chiaki-modern-overlay,manual,reviewed,japan-travel
{JV:>W	神仙沼	-2.240110	chiaki-modern-overlay,manual,reviewed,japan-travel
{JV_NP	神戶塔	-2.262230	chiaki-modern-overlay,manual,reviewed,japan-travel
{JV_\[	神戶港	-2.158909	chiaki-modern-overlay,manual,reviewed,japan-travel
{JV_\[NP	神戶港塔	-2.346703	chiaki-modern-overlay,manual,reviewed,japan-travel
{JV_uH	神戶牛	-2.167134	chiaki-modern-overlay,manual,reviewed,japan-travel
{JV_uH?E	神戶牛排	-2.215624	chiaki-modern-overlay,manual,reviewed,japan-travel
{Jci	神苑	-2.213328	chiaki-modern-overlay,manual,reviewed,japan-travel
{JpaA1:i	神座拉麵	-2.233955	chiaki-modern-overlay,manual,reviewed,japan-travel
{JrG	神橋	-2.177757	chiaki-modern-overlay,manual,reviewed,japan-travel
{JtOx\	神谷町	-2.346703	chiaki-modern-overlay,manual,reviewed,japan-travel
{J}I	神田	-2.131150	chiaki-modern-overlay,manual,reviewed,japan-travel
{J}I{JKb	神田神社	-2.195271	chiaki-modern-overlay,manual,reviewed,japan-travel
|;GKA_>ivY	孫文紀念館	-2.334850	chiaki-modern-overlay,manual,reviewed,japan-travel
|J6C4_	仁和寺	-2.217990	chiaki-modern-overlay,manual,reviewed,japan-travel
|JQM18	人形燒	-2.202779	chiaki-modern-overlay,manual,reviewed,japan-travel
|_0>3>TJ	大通公園	-2.197080	chiaki-modern-overlay,manual,reviewed,japan-travel
|_0C4_	大德寺	-2.293407	chiaki-modern-overlay,manual,reviewed,japan-travel
|_0_C:	大室山	-2.281554	chiaki-modern-overlay,manual,reviewed,japan-travel
|_2@<i	大極殿	-2.258073	chiaki-modern-overlay,manual,reviewed,japan-travel
|_3@	大崎	-2.276249	chiaki-modern-overlay,manual,reviewed,japan-travel
|_6CxgE0	大和壽司	-2.174960	chiaki-modern-overlay,manual,reviewed,japan-travel
|_>JmTha	大丸百貨	-2.198933	chiaki-modern-overlay,manual,reviewed,japan-travel
|_>W3>TJ	大沼公園	-2.177757	chiaki-modern-overlay,manual,reviewed,japan-travel
|_BY89nHRP	大阪周遊卡	-2.206826	chiaki-modern-overlay,manual,reviewed,japan-travel
|_BY89nHpi	大阪周遊券	-2.243382	chiaki-modern-overlay,manual,reviewed,japan-travel
|_BY=M3>TJ	大阪城公園	-2.208933	chiaki-modern-overlay,manual,reviewed,japan-travel
|_BY=MN:IX4C	大阪城天守閣	-2.293407	chiaki-modern-overlay,manual,reviewed,japan-travel
|_BYIJnkEi	大阪環狀線	-2.324583	chiaki-modern-overlay,manual,reviewed,japan-travel
|_BYIJ{Hr\=M	大阪環球影城	-2.315527	chiaki-modern-overlay,manual,reviewed,japan-travel
|_BYN:DY3>	大阪天滿宮	-2.281554	chiaki-modern-overlay,manual,reviewed,japan-travel
|_BY\[	大阪港	-2.186813	chiaki-modern-overlay,manual,reviewed,japan-travel
|_G:4W	大三島	-2.400000	chiaki-modern-overlay,manual,reviewed,japan-travel
|_IXmJ	大手門	-2.240110	chiaki-modern-overlay,manual,reviewed,japan-travel
|_J<>W	大湯沼	-2.360722	chiaki-modern-overlay,manual,reviewed,japan-travel
|_LW~0	大鳥居	-2.174960	chiaki-modern-overlay,manual,reviewed,japan-travel
|_O]tO	大涌谷	-2.197080	chiaki-modern-overlay,manual,reviewed,japan-travel
|_Q={JKb	大豐神社	-2.315527	chiaki-modern-overlay,manual,reviewed,japan-travel
|_ZG3>TJ	大濠公園	-2.315527	chiaki-modern-overlay,manual,reviewed,japan-travel
|_a_c[	大浴場	-2.215624	chiaki-modern-overlay,manual,reviewed,japan-travel
|_q6[1	大黑家	-2.208933	chiaki-modern-overlay,manual,reviewed,japan-travel
}?SWS_	狸小路	-2.164693	chiaki-modern-overlay,manual,reviewed,japan-travel
}F|YxgE0<i	迴轉壽司店	-2.271286	chiaki-modern-overlay,manual,reviewed,japan-travel
}I>CG@	田澤湖	-2.287252	chiaki-modern-overlay,manual,reviewed,japan-travel
}Ic:GK0_{;	田端文士村	-2.315527	chiaki-modern-overlay,manual,reviewed,japan-travel
}MN_c[	熊牧場	-2.276249	chiaki-modern-overlay,manual,reviewed,japan-travel
}MyS	熊野	-2.206826	chiaki-modern-overlay,manual,reviewed,japan-travel
}MyS{JKb	熊野神社	-2.334850	chiaki-modern-overlay,manual,reviewed,japan-travel
}^\e	稚內	-2.377880	chiaki-modern-overlay,manual,reviewed,japan-travel
}^tA	志摩	-2.258073	chiaki-modern-overlay,manual,reviewed,japan-travel
}^tAT03:~@{;	志摩西班牙村	-2.346703	chiaki-modern-overlay,manual,reviewed,japan-travel
~06d	駒岳	-2.246800	chiaki-modern-overlay,manual,reviewed,japan-travel
~0QMrG	駒形橋	-2.346703	chiaki-modern-overlay,manual,reviewed,japan-travel
~76C_;C:	昭和新山	-2.213328	chiaki-modern-overlay,manual,reviewed,japan-travel
~=2@~=8MEi	東急東橫線	-2.307425	chiaki-modern-overlay,manual,reviewed,japan-travel
~=@@4_	東福寺	-2.174960	chiaki-modern-overlay,manual,reviewed,japan-travel
~=F0lg	東伊豆	-2.360722	chiaki-modern-overlay,manual,reviewed,japan-travel
~=IF}I	東梅田	-2.360722	chiaki-modern-overlay,manual,reviewed,japan-travel
~=KZci4_	東本願寺	-2.211099	chiaki-modern-overlay,manual,reviewed,japan-travel
~=T0Ei	東西線	-2.190086	chiaki-modern-overlay,manual,reviewed,japan-travel
~=kO1_y<	東武日光	-2.276249	chiaki-modern-overlay,manual,reviewed,japan-travel
~=kO:10_	東武巴士	-2.293407	chiaki-modern-overlay,manual,reviewed,japan-travel
~=kOmTha	東武百貨	-2.307425	chiaki-modern-overlay,manual,reviewed,japan-travel
~=mf3>	東照宮	-2.140207	chiaki-modern-overlay,manual,reviewed,japan-travel
~=o=9>=M	東京中城	-2.271286	chiaki-modern-overlay,manual,reviewed,japan-travel
~=o=:i0>DJ	東京麵通團	-2.281554	chiaki-modern-overlay,manual,reviewed,japan-travel
~=o=N:4>\_	東京天空樹	-2.293407	chiaki-modern-overlay,manual,reviewed,japan-travel
~=o=[30i	東京車站	-2.111396	chiaki-modern-overlay,manual,reviewed,japan-travel
~=o=a0i=	東京都廳	-2.236971	chiaki-modern-overlay,manual,reviewed,japan-travel
~=o=z?0_|?	東京迪士尼	-2.148502	chiaki-modern-overlay,manual,reviewed,japan-travel
~=vU_;yhEi	東北新幹線	-2.334850	chiaki-modern-overlay,manual,reviewed,japan-travel
~=wTcfEi	東海道線	-2.324583	chiaki-modern-overlay,manual,reviewed,japan-travel
~=wTcfKZEi	東海道本線	-2.266625	chiaki-modern-overlay,manual,reviewed,japan-travel
~=wTcf_;yhEi	東海道新幹線	-2.324583	chiaki-modern-overlay,manual,reviewed,japan-travel
~=|_S_0>	東大路通	-2.300097	chiaki-modern-overlay,manual,reviewed,japan-travel
~IOKuhx7	年輪蛋糕	-2.198933	chiaki-modern-overlay,manual,reviewed,japan-travel
~LEE3;	蓬萊軒	-2.240110	chiaki-modern-overlay,manual,reviewed,japan-travel
~OtO	祖谷	-2.217990	chiaki-modern-overlay,manual,reviewed,japan-travel
~\?0^H3>TJ	井之頭公園	-2.228257	chiaki-modern-overlay,manual,reviewed,japan-travel
~^2PrG	赤羽橋	-2.213328	chiaki-modern-overlay,manual,reviewed,japan-travel
=>tO	宗谷	-2.360722	chiaki-modern-overlay,manual,reviewed,japan-travel
wTV:mlth	海鮮丼飯	-2.360722	chiaki-modern-overlay,manual,reviewed,japan-travel
010_U3A_	趨勢科技	-1.029915	chiaki-synthetic-overlay,reviewed,gpt-5.5-synthetic,synthetic-taiwan-internet-usage
015_@l=M	屈意奉承	-3.200000	chiaki-synthetic-overlay,reviewed,gpt-5.5-synthetic,synthetic-taiwan-daily-usage
01L@	祛除	-3.000000	chiaki-synthetic-overlay,reviewed,gpt-5.5-synthetic,synthetic-taiwan-daily-usage
01Q=L@Lb	祛風除熱	-3.200000	chiaki-synthetic-overlay,reviewed,gpt-5.5-synthetic,synthetic-taiwan-daily-usage
01Ri\=:9	區段徵收	-3.200000	chiaki-synthetic-overlay,reviewed,gpt-5.5-synthetic,synthetic-taiwan-daily-usage
01Sl	祛病	-3.000000	chiaki-synthetic-overlay,reviewed,gpt-5.5-synthetic,synthetic-taiwan-daily-usage
01TO	屈死	-3.000000	chiaki-synthetic-overlay,reviewed,gpt-5.5-synthetic,synthetic-taiwan-daily-usage
01a_0JwK	區域聯防	-3.200000	chiaki-synthetic-overlay,reviewed,gpt-5.5-synthetic,synthetic-taiwan-daily-usage
01a_0\S_	區域網路	-3.200000	chiaki-synthetic-overlay,reviewed,gpt-5.5-synthetic,synthetic-taiwan-daily-usage
01gIhjYe	祛痰潤肺	-3.200000	chiaki-synthetic-overlay,reviewed,gpt-5.5-synthetic,synthetic-taiwan-daily-usage
01lI	祛寒	-3.000000	chiaki-synthetic-overlay,reviewed,gpt-5.5-synthetic,synthetic-taiwan-daily-usage
01tAof~I	驅魔少年	-2.688906	chiaki-synthetic-overlay,reviewed,gpt-5.5-synthetic,synthetic-taiwan-internet-usage
01xY	趨緩	-3.000000	chiaki-synthetic-overlay,reviewed,gpt-5.5-synthetic,synthetic-taiwan-daily-usage
082@2@DJ	超級集團	-0.908161	chiaki-synthetic-overlay,reviewed,gpt-5.5-synthetic,synthetic-taiwan-internet-usage
082@KP=_	超級瑪莉	-1.274217	chiaki-synthetic-overlay,reviewed,gpt-5.5-synthetic,synthetic-taiwan-internet-usage
082@TJw\	超級圓頂	-1.702066	chiaki-synthetic-overlay,reviewed,gpt-5.5-synthetic,synthetic-taiwan-internet-usage
082@lIxg	超級函授	-1.660104	chiaki-synthetic-overlay,reviewed,gpt-5.5-synthetic,synthetic-taiwan-internet-usage
08P_	超渡	-3.000000	chiaki-synthetic-overlay,reviewed,gpt-5.5-synthetic,synthetic-taiwan-daily-usage
08Q=3e:_	超峰快遞	-2.405465	chiaki-synthetic-overlay,reviewed,gpt-5.5-synthetic,synthetic-taiwan-internet-usage
08Qd	超貸	-3.000000	chiaki-synthetic-overlay,reviewed,gpt-5.5-synthetic,synthetic-taiwan-daily-usage
08{H	抄球	-3.000000	chiaki-synthetic-overlay,reviewed,gpt-5.5-synthetic,synthetic-taiwan-daily-usage
08|_S<{K	超大蟑螂	-2.837463	chiaki-synthetic-overlay,reviewed,gpt-5.5-synthetic,synthetic-taiwan-internet-usage
0=Z_	樁柱	-3.000000	chiaki-synthetic-overlay,reviewed,gpt-5.5-synthetic,synthetic-taiwan-daily-usage
0=^lx7n?	莊敬高職	-1.790741	chiaki-synthetic-overlay,reviewed,gpt-5.5-synthetic,synthetic-taiwan-internet-usage
0>0>	通通	-0.895677	chiaki-synthetic-overlay,reviewed,benchmark-miss-rerank,tw-variant
0C2:mTha	德安百貨	-2.045865	chiaki-synthetic-overlay,reviewed,gpt-5.5-synthetic,synthetic-taiwan-internet-usage
0C=_	得利	-3.000000	chiaki-synthetic-overlay,reviewed,gpt-5.5-synthetic,synthetic-taiwan-daily-usage
0CFM	得名	-3.000000	chiaki-synthetic-overlay,reviewed,gpt-5.5-synthetic,synthetic-taiwan-daily-usage
0CN_	德目	-3.000000	chiaki-synthetic-overlay,reviewed,gpt-5.5-synthetic,synthetic-taiwan-daily-usage
0CV:^=	德先生	-3.100000	chiaki-synthetic-overlay,reviewed,gpt-5.5-synthetic,synthetic-taiwan-daily-usage
0CWBk@YZ	德國麻疹	-3.200000	chiaki-synthetic-overlay,reviewed,gpt-5.5-synthetic,synthetic-taiwan-daily-usage
0Cy<9>5E	德光中學	-1.811273	chiaki-synthetic-overlay,reviewed,gpt-5.5-synthetic,synthetic-taiwan-internet-usage
0J0J	漣漣	-3.000000	chiaki-synthetic-overlay,reviewed,gpt-5.5-synthetic,synthetic-taiwan-daily-usage
0J0MQMD8	聯盟行銷	-0.919706	chiaki-synthetic-overlay,reviewed,gpt-5.5-synthetic,synthetic-taiwan-internet-usage
0J6:	連番	-3.000000	chiaki-synthetic-overlay,reviewed,gpt-5.5-synthetic,synthetic-taiwan-daily-usage
0J6C_;GK	聯合新聞	-0.892714	chiaki-synthetic-overlay,reviewed,gpt-5.5-synthetic,synthetic-taiwan-internet-usage
0J=M<i6W	聯成電腦	-1.464589	chiaki-synthetic-overlay,reviewed,gpt-5.5-synthetic,synthetic-taiwan-internet-usage
0JGL	聯強	-2.220280	chiaki-synthetic-overlay,reviewed,gpt-5.5-synthetic,synthetic-taiwan-internet-usage
0JGLWBA_	聯強國際	-2.404458	chiaki-synthetic-overlay,reviewed,gpt-5.5-synthetic,synthetic-taiwan-internet-usage
0JJ`	連假	-1.017582	chiaki-synthetic-overlay,reviewed,benchmark-miss-rerank,domain-term
0JKl	廉政	-3.000000	chiaki-synthetic-overlay,reviewed,gpt-5.5-synthetic,synthetic-taiwan-daily-usage
0JT0	濂溪	-3.000000	chiaki-synthetic-overlay,reviewed,gpt-5.5-synthetic,synthetic-taiwan-daily-usage
0JWB	聯國	-3.000000	chiaki-synthetic-overlay,reviewed,gpt-5.5-synthetic,synthetic-taiwan-daily-usage
0Jea1=BX	聯絡窗口	-1.2500	chiaki-synthetic-overlay,reviewed,manual-office
0JzO	聯屬	-3.000000	chiaki-synthetic-overlay,reviewed,gpt-5.5-synthetic,synthetic-taiwan-daily-usage
0Mt:	蒙冤	-3.000000	chiaki-synthetic-overlay,reviewed,gpt-5.5-synthetic,synthetic-taiwan-daily-usage
0TOO	鐵齒	-3.000000	chiaki-synthetic-overlay,reviewed,gpt-5.5-synthetic,synthetic-taiwan-daily-usage
0W0CNj	保德信	-3.136540	chiaki-synthetic-overlay,reviewed,gpt-5.5-synthetic,synthetic-taiwan-internet-usage
0W4W9>FW	寶島鐘錶	-1.618440	chiaki-synthetic-overlay,reviewed,gpt-5.5-synthetic,synthetic-taiwan-internet-usage
0W4WWY^l	寶島眼鏡	-1.515735	chiaki-synthetic-overlay,reviewed,gpt-5.5-synthetic,synthetic-taiwan-internet-usage
0W5_	寶藝	-2.253484	chiaki-synthetic-overlay,reviewed,gpt-5.5-synthetic,synthetic-taiwan-internet-usage
0W6C?0wK	飽和脂肪	-3.200000	chiaki-synthetic-overlay,reviewed,gpt-5.5-synthetic,synthetic-taiwan-daily-usage
0W=19>_;	保發中心	-2.785826	chiaki-synthetic-overlay,reviewed,gpt-5.5-synthetic,synthetic-taiwan-internet-usage
0W=M	保成	-2.236060	chiaki-synthetic-overlay,reviewed,gpt-5.5-synthetic,synthetic-taiwan-internet-usage
0W=M^HNj	保誠投信	-2.401257	chiaki-synthetic-overlay,reviewed,gpt-5.5-synthetic,synthetic-taiwan-internet-usage
0W=M|Jxg	保誠人壽	-2.396090	chiaki-synthetic-overlay,reviewed,gpt-5.5-synthetic,synthetic-taiwan-internet-usage
0WA@A0m0	飽讀詩書	-3.200000	chiaki-synthetic-overlay,reviewed,gpt-5.5-synthetic,synthetic-taiwan-daily-usage
0WIY	飽覽	-3.000000	chiaki-synthetic-overlay,reviewed,gpt-5.5-synthetic,synthetic-taiwan-daily-usage
0WKZ	保本	-3.000000	chiaki-synthetic-overlay,reviewed,gpt-5.5-synthetic,synthetic-taiwan-daily-usage
0W^P	寶雅	-2.263384	chiaki-synthetic-overlay,reviewed,gpt-5.5-synthetic,synthetic-taiwan-internet-usage
0Z0_4k{H	軟式棒球	-3.200000	chiaki-synthetic-overlay,reviewed,gpt-5.5-synthetic,synthetic-taiwan-daily-usage
0Z6J	阮咸	-3.000000	chiaki-synthetic-overlay,reviewed,gpt-5.5-synthetic,synthetic-taiwan-daily-usage
0Z:b	軟顎	-3.000000	chiaki-synthetic-overlay,reviewed,gpt-5.5-synthetic,synthetic-taiwan-daily-usage
0Z[O3>YcTJ01	軟體工業園區	-3.450000	chiaki-synthetic-overlay,reviewed,gpt-5.5-synthetic,synthetic-taiwan-daily-usage
0[0[	袞袞	-3.000000	chiaki-synthetic-overlay,reviewed,gpt-5.5-synthetic,synthetic-taiwan-daily-usage
0[?]cOF0R0	滾筒洗衣機	-1.9000	chiaki-synthetic-overlay,reviewed,manual-taiwan-appliance
0\0_	網室	-3.000000	chiaki-synthetic-overlay,reviewed,gpt-5.5-synthetic,synthetic-taiwan-daily-usage
0\BY	網版	-3.000000	chiaki-synthetic-overlay,reviewed,gpt-5.5-synthetic,synthetic-taiwan-daily-usage
0\S_1K~K	網路銀行	-3.200000	chiaki-synthetic-overlay,reviewed,gpt-5.5-synthetic,synthetic-taiwan-daily-usage
0\S_9RXVO@	網路火腿族	-3.450000	chiaki-synthetic-overlay,reviewed,gpt-5.5-synthetic,synthetic-taiwan-daily-usage
0\S_J`3@	網路假期	-1.223926	chiaki-synthetic-overlay,reviewed,gpt-5.5-synthetic,synthetic-taiwan-internet-usage
0\S__;GKC_?]	網路新聞系統	-3.450000	chiaki-synthetic-overlay,reviewed,gpt-5.5-synthetic,synthetic-taiwan-daily-usage
0\iR	往者	-3.000000	chiaki-synthetic-overlay,reviewed,gpt-5.5-synthetic,synthetic-taiwan-daily-usage
0\{HGX	網球肘	-3.100000	chiaki-synthetic-overlay,reviewed,gpt-5.5-synthetic,synthetic-taiwan-daily-usage
0]pg	請購	-1.5500	chiaki-synthetic-overlay,reviewed,manual-office
0]pg7:	請購單	-1.3500	chiaki-synthetic-overlay,reviewed,manual-office
0_0C3@CR	適得其所	-3.200000	chiaki-synthetic-overlay,reviewed,gpt-5.5-synthetic,synthetic-taiwan-daily-usage
0_2a	試播	-3.000000	chiaki-synthetic-overlay,reviewed,gpt-5.5-synthetic,synthetic-taiwan-daily-usage
0_3@4a2@	噬臍莫及	-3.200000	chiaki-synthetic-overlay,reviewed,gpt-5.5-synthetic,synthetic-taiwan-daily-usage
0_9KYc0_	士林夜市	-1.705031	chiaki-synthetic-overlay,reviewed,gpt-5.5-synthetic,synthetic-taiwan-internet-usage
0_?0N@Ul	嗜之如命	-3.200000	chiaki-synthetic-overlay,reviewed,gpt-5.5-synthetic,synthetic-taiwan-daily-usage
0_Ef	試晬	-3.000000	chiaki-synthetic-overlay,reviewed,gpt-5.5-synthetic,synthetic-taiwan-daily-usage
0_K_R0	事務機	-1.7000	chiaki-synthetic-overlay,reviewed,manual-taiwan-appliance
0_L_0CUO	勢不得已	-3.200000	chiaki-synthetic-overlay,reviewed,gpt-5.5-synthetic,synthetic-taiwan-daily-usage
0_L_dRX[	勢不可當	-3.200000	chiaki-synthetic-overlay,reviewed,gpt-5.5-synthetic,synthetic-taiwan-daily-usage
0_N<	視康	-1.693683	chiaki-synthetic-overlay,reviewed,gpt-5.5-synthetic,synthetic-taiwan-internet-usage
0_N@6_cO	視如敝屣	-3.200000	chiaki-synthetic-overlay,reviewed,gpt-5.5-synthetic,synthetic-taiwan-daily-usage
0_QE0_~l	適材適用	-3.200000	chiaki-synthetic-overlay,reviewed,gpt-5.5-synthetic,synthetic-taiwan-daily-usage
0_Rl^=	侍應生	-3.100000	chiaki-synthetic-overlay,reviewed,gpt-5.5-synthetic,synthetic-taiwan-daily-usage
0_ZX	嗜酒	-3.000000	chiaki-synthetic-overlay,reviewed,gpt-5.5-synthetic,synthetic-taiwan-daily-usage
0_\en?K_	室內植物	-3.200000	chiaki-synthetic-overlay,reviewed,gpt-5.5-synthetic,synthetic-taiwan-daily-usage
0_];	飾金	-3.000000	chiaki-synthetic-overlay,reviewed,gpt-5.5-synthetic,synthetic-taiwan-daily-usage
0_]ecV	拭淚水	-2.437161	chiaki-synthetic-overlay,reviewed,single-char-collocation
0__M6NC_	視同兒戲	-3.200000	chiaki-synthetic-overlay,reviewed,gpt-5.5-synthetic,synthetic-taiwan-daily-usage
0__McV9R	勢同水火	-3.200000	chiaki-synthetic-overlay,reviewed,gpt-5.5-synthetic,synthetic-taiwan-daily-usage
0_`l	適性	-3.000000	chiaki-synthetic-overlay,reviewed,gpt-5.5-synthetic,synthetic-taiwan-daily-usage
0_afPYIY	世貿展覽	-1.486924	chiaki-synthetic-overlay,reviewed,gpt-5.5-synthetic,synthetic-taiwan-internet-usage
0_ci	誓願	-3.000000	chiaki-synthetic-overlay,reviewed,gpt-5.5-synthetic,synthetic-taiwan-daily-usage
0_dRJ1L_dR]_	士可殺不可辱	-3.450000	chiaki-synthetic-overlay,reviewed,gpt-5.5-synthetic,synthetic-taiwan-daily-usage
0_fc	侍妾	-3.000000	chiaki-synthetic-overlay,reviewed,gpt-5.5-synthetic,synthetic-taiwan-daily-usage
0_j6?;FM	是非分明	-3.200000	chiaki-synthetic-overlay,reviewed,gpt-5.5-synthetic,synthetic-taiwan-daily-usage
0_j6L_?;	是非不分	-3.200000	chiaki-synthetic-overlay,reviewed,gpt-5.5-synthetic,synthetic-taiwan-daily-usage
0_n?	世侄	-3.000000	chiaki-synthetic-overlay,reviewed,gpt-5.5-synthetic,synthetic-taiwan-daily-usage
0_oa<@K_	視若無物	-3.200000	chiaki-synthetic-overlay,reviewed,gpt-5.5-synthetic,synthetic-taiwan-daily-usage
0_rF2fB@	視為畏途	-3.200000	chiaki-synthetic-overlay,reviewed,gpt-5.5-synthetic,synthetic-taiwan-daily-usage
0_thKb01	示範社區	-3.200000	chiaki-synthetic-overlay,reviewed,gpt-5.5-synthetic,synthetic-taiwan-daily-usage
0_v4	市街	-3.000000	chiaki-synthetic-overlay,reviewed,gpt-5.5-synthetic,synthetic-taiwan-daily-usage
0_xg	市售	-3.000000	chiaki-synthetic-overlay,reviewed,gpt-5.5-synthetic,synthetic-taiwan-daily-usage
0_{H|J	事求人	-1.665154	chiaki-synthetic-overlay,reviewed,gpt-5.5-synthetic,synthetic-taiwan-internet-usage
0_|Jxj	噬人菌	-3.100000	chiaki-synthetic-overlay,reviewed,gpt-5.5-synthetic,synthetic-taiwan-daily-usage
0_~7	市招	-3.000000	chiaki-synthetic-overlay,reviewed,gpt-5.5-synthetic,synthetic-taiwan-daily-usage
0`4L\_	臘腸樹	-3.100000	chiaki-synthetic-overlay,reviewed,gpt-5.5-synthetic,synthetic-taiwan-daily-usage
0i2fd=	站衛兵	-3.100000	chiaki-synthetic-overlay,reviewed,gpt-5.5-synthetic,synthetic-taiwan-daily-usage
0iCE	站臺	-3.000000	chiaki-synthetic-overlay,reviewed,gpt-5.5-synthetic,synthetic-taiwan-daily-usage
0iLjyIu?	占盡便宜	-3.200000	chiaki-synthetic-overlay,reviewed,gpt-5.5-synthetic,synthetic-taiwan-daily-usage
0iUk|f	蘸醬料	-2.604842	chiaki-synthetic-overlay,reviewed,single-char-collocation
0iWB<@2=	戰國無雙	-2.261198	chiaki-synthetic-overlay,reviewed,gpt-5.5-synthetic,synthetic-taiwan-internet-usage
0ivZQWD;	站穩腳跟	-3.200000	chiaki-synthetic-overlay,reviewed,gpt-5.5-synthetic,synthetic-taiwan-daily-usage
11PA	虛華	-2.029734	chiaki-synthetic-overlay,reviewed,gpt-5.5-synthetic,synthetic-taiwan-internet-usage
11\Oy<OD	虛擬光碟	-0.937475	chiaki-synthetic-overlay,reviewed,gpt-5.5-synthetic,synthetic-taiwan-internet-usage
11tf|JHF	需要人陪	-2.444303	chiaki-synthetic-overlay,reviewed,gpt-5.5-synthetic,synthetic-taiwan-internet-usage
180iDkQ=	稍占上風	-3.200000	chiaki-synthetic-overlay,reviewed,gpt-5.5-synthetic,synthetic-taiwan-daily-usage
18PLNJ	燒王船	-3.100000	chiaki-synthetic-overlay,reviewed,gpt-5.5-synthetic,synthetic-taiwan-daily-usage
18];NO	燒金紙	-2.600000	chiaki-synthetic-overlay,reviewed,single-char-collocation
18yg\0	燒肉屋	-2.908897	chiaki-synthetic-overlay,reviewed,gpt-5.5-synthetic,synthetic-taiwan-internet-usage
1;8T9>_;	捐血中心	-1.709158	chiaki-synthetic-overlay,reviewed,gpt-5.5-synthetic,synthetic-taiwan-internet-usage
1;A@	身毒	-3.000000	chiaki-synthetic-overlay,reviewed,gpt-5.5-synthetic,synthetic-taiwan-daily-usage
1;lgoO	涓豆腐	-2.395933	chiaki-synthetic-overlay,reviewed,gpt-5.5-synthetic,synthetic-taiwan-internet-usage
1KEi	鄞縣	-3.000000	chiaki-synthetic-overlay,reviewed,gpt-5.5-synthetic,synthetic-taiwan-daily-usage
1KN7	銀輝	-3.000000	chiaki-synthetic-overlay,reviewed,gpt-5.5-synthetic,synthetic-taiwan-daily-usage
1KQ=ol6d	吟風弄月	-3.200000	chiaki-synthetic-overlay,reviewed,gpt-5.5-synthetic,synthetic-taiwan-daily-usage
1M1=0J	縫窗簾	-2.016509	chiaki-synthetic-overlay,reviewed,single-char-collocation
1M6:L_	縫帆布	-2.016509	chiaki-synthetic-overlay,reviewed,single-char-collocation
1M:6	縫歪	-2.263651	chiaki-synthetic-overlay,reviewed,single-char-collocation
1MEAEA	縫娃娃	-2.016509	chiaki-synthetic-overlay,reviewed,single-char-collocation
1MJ1p7	縫沙包	-2.016509	chiaki-synthetic-overlay,reviewed,single-char-collocation
1ML_8X	縫布偶	-2.016509	chiaki-synthetic-overlay,reviewed,single-char-collocation
1MU<BX	縫傷口	-2.016509	chiaki-synthetic-overlay,reviewed,single-char-collocation
1MWG	縫牢	-2.218537	chiaki-synthetic-overlay,reviewed,single-char-collocation
1MjPYc0_	逢甲夜市	-1.908466	chiaki-synthetic-overlay,reviewed,gpt-5.5-synthetic,synthetic-taiwan-internet-usage
1MlOh=	縫補丁	-2.016509	chiaki-synthetic-overlay,reviewed,single-char-collocation
1M}^@@	縫制服	-2.016509	chiaki-synthetic-overlay,reviewed,single-char-collocation
1U:9	採收	-3.000000	chiaki-synthetic-overlay,reviewed,gpt-5.5-synthetic,synthetic-taiwan-daily-usage
1UKl	採證	-3.000000	chiaki-synthetic-overlay,reviewed,gpt-5.5-synthetic,synthetic-taiwan-daily-usage
1UQ=	采風	-3.000000	chiaki-synthetic-overlay,reviewed,gpt-5.5-synthetic,synthetic-taiwan-daily-usage
1UdM2P	彩虹雨	-1.932558	chiaki-synthetic-overlay,reviewed,gpt-5.5-synthetic,synthetic-taiwan-internet-usage
1UdM3Kcf	彩虹頻道	-1.524191	chiaki-synthetic-overlay,reviewed,gpt-5.5-synthetic,synthetic-taiwan-internet-usage
1UdMoi{;	彩虹眷村	-1.866803	chiaki-synthetic-overlay,reviewed,gpt-5.5-synthetic,synthetic-taiwan-internet-usage
1W_;GK	跑新聞	-3.100000	chiaki-synthetic-overlay,reviewed,gpt-5.5-synthetic,synthetic-taiwan-daily-usage
1WiR9\c[	跑者廣場	-2.697712	chiaki-synthetic-overlay,reviewed,gpt-5.5-synthetic,synthetic-taiwan-internet-usage
1[ME9R	綑柴火	-2.702153	chiaki-synthetic-overlay,reviewed,single-char-collocation
1[WG	綑牢	-2.702153	chiaki-synthetic-overlay,reviewed,single-char-collocation
1[cfCW	綑稻草	-2.702153	chiaki-synthetic-overlay,reviewed,single-char-collocation
1[{lan	綑粽子	-2.702153	chiaki-synthetic-overlay,reviewed,single-char-collocation
1_0_C70J	日式威廉	-2.238157	chiaki-synthetic-overlay,reviewed,gpt-5.5-synthetic,synthetic-taiwan-internet-usage
1_6:9>	日翻中	-2.877870	chiaki-synthetic-overlay,reviewed,gpt-5.5-synthetic,synthetic-taiwan-internet-usage
1_6dy<	日月光	-1.519532	chiaki-synthetic-overlay,reviewed,gpt-5.5-synthetic,synthetic-taiwan-internet-usage
1_=@ea	日不落	-2.080438	chiaki-synthetic-overlay,reviewed,gpt-5.5-synthetic,synthetic-taiwan-internet-usage
1_=_d\B_	日立冷氣	-1.382468	chiaki-synthetic-overlay,reviewed,gpt-5.5-synthetic,synthetic-taiwan-internet-usage
1_?]	日統	-1.931260	chiaki-synthetic-overlay,reviewed,gpt-5.5-synthetic,synthetic-taiwan-internet-usage
1_?]Dblj	日統客運	-2.741010	chiaki-synthetic-overlay,reviewed,gpt-5.5-synthetic,synthetic-taiwan-internet-usage
1_GKcYWl	日文檢定	-1.390095	chiaki-synthetic-overlay,reviewed,gpt-5.5-synthetic,synthetic-taiwan-internet-usage
1_KZRP0>	日本卡通	-1.421359	chiaki-synthetic-overlay,reviewed,gpt-5.5-synthetic,synthetic-taiwan-internet-usage
1_KZn?4k	日本職棒	-1.439465	chiaki-synthetic-overlay,reviewed,gpt-5.5-synthetic,synthetic-taiwan-internet-usage
1`[3	尬車	-3.050118	chiaki-synthetic-overlay,reviewed,gpt-5.5-synthetic,synthetic-taiwan-internet-usage
1jhG	嫩苗	-3.000000	chiaki-synthetic-overlay,reviewed,gpt-5.5-synthetic,synthetic-taiwan-daily-usage
29RKKb3a	勾魂攝魄	-3.200000	chiaki-synthetic-overlay,reviewed,gpt-5.5-synthetic,synthetic-taiwan-daily-usage
2:0J|Jxg	安聯人壽	-3.457418	chiaki-synthetic-overlay,reviewed,gpt-5.5-synthetic,synthetic-taiwan-internet-usage
2:B_	氨氣	-3.000000	chiaki-synthetic-overlay,reviewed,gpt-5.5-synthetic,synthetic-taiwan-daily-usage
2:UO3;	安以軒	-2.404131	chiaki-synthetic-overlay,reviewed,gpt-5.5-synthetic,synthetic-taiwan-internet-usage
2:_;^P	安心亞	-2.021341	chiaki-synthetic-overlay,reviewed,gpt-5.5-synthetic,synthetic-taiwan-internet-usage
2=WK	雙脣	-3.000000	chiaki-synthetic-overlay,reviewed,gpt-5.5-synthetic,synthetic-taiwan-daily-usage
2=aMNJ03	雙龍傳說	-2.962280	chiaki-synthetic-overlay,reviewed,gpt-5.5-synthetic,synthetic-taiwan-internet-usage
2=cV	瀧水	-3.000000	chiaki-synthetic-overlay,reviewed,gpt-5.5-synthetic,synthetic-taiwan-daily-usage
2@01OG~@	佶屈聱牙	-3.200000	chiaki-synthetic-overlay,reviewed,gpt-5.5-synthetic,synthetic-taiwan-daily-usage
2@2@	岌岌	-3.000000	chiaki-synthetic-overlay,reviewed,gpt-5.5-synthetic,synthetic-taiwan-daily-usage
2@2@<@FM	籍籍無名	-3.200000	chiaki-synthetic-overlay,reviewed,gpt-5.5-synthetic,synthetic-taiwan-daily-usage
2@3_	級次	-3.000000	chiaki-synthetic-overlay,reviewed,gpt-5.5-synthetic,synthetic-taiwan-daily-usage
2@:_	吉帝	-0.787826	chiaki-synthetic-overlay,reviewed,gpt-5.5-synthetic,synthetic-taiwan-internet-usage
2@:_:PnH	吉帝旅遊	-1.058172	chiaki-synthetic-overlay,reviewed,gpt-5.5-synthetic,synthetic-taiwan-internet-usage
2@:bN@hH	疾惡如仇	-3.200000	chiaki-synthetic-overlay,reviewed,gpt-5.5-synthetic,synthetic-taiwan-daily-usage
2@<j}^	級任制	-3.100000	chiaki-synthetic-overlay,reviewed,gpt-5.5-synthetic,synthetic-taiwan-daily-usage
2@E0	亟思	-3.000000	chiaki-synthetic-overlay,reviewed,gpt-5.5-synthetic,synthetic-taiwan-daily-usage
2@L_	疾步	-3.000000	chiaki-synthetic-overlay,reviewed,gpt-5.5-synthetic,synthetic-taiwan-daily-usage
2@[O`_}l	集體訴訟	-3.200000	chiaki-synthetic-overlay,reviewed,gpt-5.5-synthetic,synthetic-taiwan-daily-usage
2@_lH<	集慶坊	-2.402851	chiaki-synthetic-overlay,reviewed,gpt-5.5-synthetic,synthetic-taiwan-internet-usage
2@`_3eJY	極速快感	-1.954463	chiaki-synthetic-overlay,reviewed,gpt-5.5-synthetic,synthetic-taiwan-internet-usage
2@p?^=3g	即時生效	-1.288560	chiaki-synthetic-overlay,reviewed,gpt-5.5-synthetic,synthetic-taiwan-internet-usage
2@sO:1	吉魯巴	-3.100000	chiaki-synthetic-overlay,reviewed,gpt-5.5-synthetic,synthetic-taiwan-daily-usage
2@tOL;t:	擊鼓申冤	-3.200000	chiaki-synthetic-overlay,reviewed,gpt-5.5-synthetic,synthetic-taiwan-daily-usage
2P@P	噢咻	-3.000000	chiaki-synthetic-overlay,reviewed,gpt-5.5-synthetic,synthetic-taiwan-daily-usage
2PAX	雨狗	-2.281549	chiaki-synthetic-overlay,reviewed,gpt-5.5-synthetic,synthetic-taiwan-internet-usage
2PRGF0	羽毛衣	-3.100000	chiaki-synthetic-overlay,reviewed,gpt-5.5-synthetic,synthetic-taiwan-daily-usage
2PS_:<A:	雨露均霑	-3.200000	chiaki-synthetic-overlay,reviewed,gpt-5.5-synthetic,synthetic-taiwan-daily-usage
2PVY?E	雨傘牌	-2.397410	chiaki-synthetic-overlay,reviewed,gpt-5.5-synthetic,synthetic-taiwan-internet-usage
2PVYPL	雨傘王	-2.099366	chiaki-synthetic-overlay,reviewed,gpt-5.5-synthetic,synthetic-taiwan-internet-usage
2P_`R=V:	羽化登仙	-3.200000	chiaki-synthetic-overlay,reviewed,gpt-5.5-synthetic,synthetic-taiwan-daily-usage
2Pp?m_Lj	與時俱進	-3.200000	chiaki-synthetic-overlay,reviewed,gpt-5.5-synthetic,synthetic-taiwan-daily-usage
2WO@aJ=_	卯足全力	-3.200000	chiaki-synthetic-overlay,reviewed,gpt-5.5-synthetic,synthetic-taiwan-daily-usage
2_IF	漬梅	-2.378588	chiaki-synthetic-overlay,reviewed,single-char-collocation
2_ZY	自勉	-3.000000	chiaki-synthetic-overlay,reviewed,gpt-5.5-synthetic,synthetic-taiwan-daily-usage
2_^H	字頭	-3.000000	chiaki-synthetic-overlay,reviewed,gpt-5.5-synthetic,synthetic-taiwan-daily-usage
2_aO}F[1	自己回家	-1.375224	chiaki-synthetic-overlay,reviewed,gpt-5.5-synthetic,synthetic-taiwan-internet-usage
2_nH0Z[O	自由軟體	-0.845845	chiaki-synthetic-overlay,reviewed,gpt-5.5-synthetic,synthetic-taiwan-internet-usage
2_nH?0L9	自由之丘	-1.926374	chiaki-synthetic-overlay,reviewed,gpt-5.5-synthetic,synthetic-taiwan-internet-usage
2_nHmJ	自由門	-1.415026	chiaki-synthetic-overlay,reviewed,gpt-5.5-synthetic,synthetic-taiwan-internet-usage
2_sI|JEMKl	自然人憑證	-1.2000	chiaki-synthetic-overlay,reviewed,manual-taiwan-daily
2_wl	字重	-1.6	chiaki-synthetic-overlay,reviewed,typography
2a6C6W	薄荷腦	-3.100000	chiaki-synthetic-overlay,reviewed,gpt-5.5-synthetic,synthetic-taiwan-daily-usage
2a6i	播散	-3.000000	chiaki-synthetic-overlay,reviewed,gpt-5.5-synthetic,synthetic-taiwan-daily-usage
2a_`	擘劃	-3.000000	chiaki-synthetic-overlay,reviewed,gpt-5.5-synthetic,synthetic-taiwan-daily-usage
2f2@	未及	-3.000000	chiaki-synthetic-overlay,reviewed,gpt-5.5-synthetic,synthetic-taiwan-daily-usage
2f2f4343	畏畏縮縮	-3.200000	chiaki-synthetic-overlay,reviewed,gpt-5.5-synthetic,synthetic-taiwan-daily-usage
2fTJ~O	位元組	-3.100000	chiaki-synthetic-overlay,reviewed,gpt-5.5-synthetic,synthetic-taiwan-daily-usage
2f^=L`cVcf	衛生下水道	-3.450000	chiaki-synthetic-overlay,reviewed,gpt-5.5-synthetic,synthetic-taiwan-daily-usage
2fv4	位階	-3.000000	chiaki-synthetic-overlay,reviewed,gpt-5.5-synthetic,synthetic-taiwan-daily-usage
2gCR^H	撬鎖頭	-2.485276	chiaki-synthetic-overlay,reviewed,single-char-collocation
2i2i	鄯善	-3.000000	chiaki-synthetic-overlay,reviewed,gpt-5.5-synthetic,synthetic-taiwan-daily-usage
2i8i	擅變	-3.000000	chiaki-synthetic-overlay,reviewed,gpt-5.5-synthetic,synthetic-taiwan-daily-usage
2i:_	嬗遞	-3.000000	chiaki-synthetic-overlay,reviewed,gpt-5.5-synthetic,synthetic-taiwan-daily-usage
2iEi	單縣	-3.000000	chiaki-synthetic-overlay,reviewed,gpt-5.5-synthetic,synthetic-taiwan-daily-usage
2iTJ	善緣	-3.000000	chiaki-synthetic-overlay,reviewed,gpt-5.5-synthetic,synthetic-taiwan-daily-usage
2iwY	善款	-3.000000	chiaki-synthetic-overlay,reviewed,gpt-5.5-synthetic,synthetic-taiwan-daily-usage
2i|J	撣人	-3.000000	chiaki-synthetic-overlay,reviewed,gpt-5.5-synthetic,synthetic-taiwan-daily-usage
33:iDJ	搓麵團	-2.342269	chiaki-synthetic-overlay,reviewed,single-char-collocation
33>MCR	搓繩索	-2.342269	chiaki-synthetic-overlay,reviewed,single-char-collocation
33>Man	搓繩子	-2.342269	chiaki-synthetic-overlay,reviewed,single-char-collocation
33IXb[	搓手掌	-2.342269	chiaki-synthetic-overlay,reviewed,single-char-collocation
33J<TJ	搓湯圓	-3.100000	chiaki-synthetic-overlay,reviewed,gpt-5.5-synthetic,synthetic-taiwan-daily-usage
33Lb	搓熱	-2.342269	chiaki-synthetic-overlay,reviewed,single-char-collocation
33TJ	搓圓	-2.342269	chiaki-synthetic-overlay,reviewed,single-char-collocation
33|?{H	搓泥球	-2.550000	chiaki-synthetic-overlay,reviewed,single-char-collocation
3:1g0_	搬教室	-1.566271	chiaki-synthetic-overlay,reviewed,single-char-collocation
3:3:\Y\Y	斑斑點點	-3.200000	chiaki-synthetic-overlay,reviewed,gpt-5.5-synthetic,synthetic-taiwan-daily-usage
3:4WA0	班導師	-3.100000	chiaki-synthetic-overlay,reviewed,gpt-5.5-synthetic,synthetic-taiwan-daily-usage
3:A_	班際	-3.000000	chiaki-synthetic-overlay,reviewed,gpt-5.5-synthetic,synthetic-taiwan-daily-usage
3:BYR0	扳板機	-2.399219	chiaki-synthetic-overlay,reviewed,single-char-collocation
3:B_QE	搬器材	-1.566271	chiaki-synthetic-overlay,reviewed,single-char-collocation
3:B_gc	搬器械	-1.566271	chiaki-synthetic-overlay,reviewed,single-char-collocation
3:IXMi	扳手腕	-2.399219	chiaki-synthetic-overlay,reviewed,single-char-collocation
3:J1=1	搬沙發	-1.566271	chiaki-synthetic-overlay,reviewed,single-char-collocation
3:M<>K	搬鋼琴	-1.566271	chiaki-synthetic-overlay,reviewed,single-char-collocation
3:Q=	搬風	-3.000000	chiaki-synthetic-overlay,reviewed,gpt-5.5-synthetic,synthetic-taiwan-daily-usage
3:UOan	搬椅子	-1.566271	chiaki-synthetic-overlay,reviewed,single-char-collocation
3:WY	搬演	-3.000000	chiaki-synthetic-overlay,reviewed,gpt-5.5-synthetic,synthetic-taiwan-daily-usage
3:[1m_	搬家具	-1.566271	chiaki-synthetic-overlay,reviewed,single-char-collocation
3:^;=f	班親會	-3.100000	chiaki-synthetic-overlay,reviewed,gpt-5.5-synthetic,synthetic-taiwan-daily-usage
3:cfm_	搬道具	-1.566271	chiaki-synthetic-overlay,reviewed,single-char-collocation
3:d=h<	搬冰箱	-1.566271	chiaki-synthetic-overlay,reviewed,single-char-collocation
3:ha;f	搬貨櫃	-1.566271	chiaki-synthetic-overlay,reviewed,single-char-collocation
3:haK_	搬貨物	-1.566271	chiaki-synthetic-overlay,reviewed,single-char-collocation
3:m0;f	搬書櫃	-1.566271	chiaki-synthetic-overlay,reviewed,single-char-collocation
3:m:^H	搬磚頭	-1.786648	chiaki-synthetic-overlay,reviewed,single-char-collocation
3:p?Mw	搬石頭	-1.566271	chiaki-synthetic-overlay,reviewed,single-char-collocation
3:wlK_	搬重物	-1.566271	chiaki-synthetic-overlay,reviewed,single-char-collocation
3:y<	搬光	-1.566271	chiaki-synthetic-overlay,reviewed,single-char-collocation
3:}2an	搬桌子	-1.566271	chiaki-synthetic-overlay,reviewed,single-char-collocation
3:}F	扳回	-3.000000	chiaki-synthetic-overlay,reviewed,gpt-5.5-synthetic,synthetic-taiwan-daily-usage
3;2P	軒宇	-3.000000	chiaki-synthetic-overlay,reviewed,gpt-5.5-synthetic,synthetic-taiwan-daily-usage
3;3;	暖暖	-3.000000	chiaki-synthetic-overlay,reviewed,gpt-5.5-synthetic,synthetic-taiwan-daily-usage
3;U3	宣科	-3.000000	chiaki-synthetic-overlay,reviewed,gpt-5.5-synthetic,synthetic-taiwan-daily-usage
3;}I	喧闐	-3.000000	chiaki-synthetic-overlay,reviewed,gpt-5.5-synthetic,synthetic-taiwan-daily-usage
3>=M	供承	-3.000000	chiaki-synthetic-overlay,reviewed,gpt-5.5-synthetic,synthetic-taiwan-daily-usage
3>H<	工坊	-1.846715	chiaki-synthetic-overlay,reviewed,benchmark-miss-rerank,domain-term
3>S_L]^@	公路總局	-1.375530	chiaki-synthetic-overlay,reviewed,gpt-5.5-synthetic,synthetic-taiwan-internet-usage
3>U<EMKl	工商憑證	-1.437019	chiaki-synthetic-overlay,reviewed,gpt-5.5-synthetic,synthetic-taiwan-internet-usage
3>_;A_	宮心計	-2.248266	chiaki-synthetic-overlay,reviewed,gpt-5.5-synthetic,synthetic-taiwan-internet-usage
3>n?PL	公職王	-1.900126	chiaki-synthetic-overlay,reviewed,gpt-5.5-synthetic,synthetic-taiwan-internet-usage
3>rO	弓弩	-3.000000	chiaki-synthetic-overlay,reviewed,gpt-5.5-synthetic,synthetic-taiwan-daily-usage
3>~l	供用	-3.000000	chiaki-synthetic-overlay,reviewed,gpt-5.5-synthetic,synthetic-taiwan-daily-usage
3@5_;;\Y	奇異恩典	-1.935762	chiaki-synthetic-overlay,reviewed,gpt-5.5-synthetic,synthetic-taiwan-internet-usage
3@9>BZ>P	期中選舉	-3.200000	chiaki-synthetic-overlay,reviewed,gpt-5.5-synthetic,synthetic-taiwan-daily-usage
3@B8CR	期交所	-2.399661	chiaki-synthetic-overlay,reviewed,gpt-5.5-synthetic,synthetic-taiwan-internet-usage
3@BbkMkM	其樂融融	-3.200000	chiaki-synthetic-overlay,reviewed,gpt-5.5-synthetic,synthetic-taiwan-daily-usage
3@EENX2_	其來有自	-3.200000	chiaki-synthetic-overlay,reviewed,gpt-5.5-synthetic,synthetic-taiwan-daily-usage
3@KMPL	棋靈王	-2.397984	chiaki-synthetic-overlay,reviewed,gpt-5.5-synthetic,synthetic-taiwan-internet-usage
3@T3	奇哥	-2.089425	chiaki-synthetic-overlay,reviewed,gpt-5.5-synthetic,synthetic-taiwan-internet-usage
3@];SW@0	旗津小吃	-2.504533	chiaki-synthetic-overlay,reviewed,gpt-5.5-synthetic,synthetic-taiwan-internet-usage
3@cV	淇水	-3.000000	chiaki-synthetic-overlay,reviewed,gpt-5.5-synthetic,synthetic-taiwan-daily-usage
3@ci	祈願	-3.000000	chiaki-synthetic-overlay,reviewed,gpt-5.5-synthetic,synthetic-taiwan-daily-usage
3@xU<iRO	奇美電子	-2.221789	chiaki-synthetic-overlay,reviewed,gpt-5.5-synthetic,synthetic-taiwan-internet-usage
3@xUF0ci	奇美醫院	-1.982739	chiaki-synthetic-overlay,reviewed,gpt-5.5-synthetic,synthetic-taiwan-internet-usage
3@~7	奇招	-3.000000	chiaki-synthetic-overlay,reviewed,gpt-5.5-synthetic,synthetic-taiwan-daily-usage
3E5_0_Wk	決議事項	-1.3500	chiaki-synthetic-overlay,reviewed,manual-office
3E7fkO=_	絕對武力	-1.490641	chiaki-synthetic-overlay,reviewed,gpt-5.5-synthetic,synthetic-taiwan-internet-usage
3E?P	掘取	-3.000000	chiaki-synthetic-overlay,reviewed,gpt-5.5-synthetic,synthetic-taiwan-daily-usage
3EDd	掘穴	-3.000000	chiaki-synthetic-overlay,reviewed,gpt-5.5-synthetic,synthetic-taiwan-daily-usage
3EFMRO	決明子	-3.100000	chiaki-synthetic-overlay,reviewed,gpt-5.5-synthetic,synthetic-taiwan-daily-usage
3EMl^@	決勝局	-3.100000	chiaki-synthetic-overlay,reviewed,gpt-5.5-synthetic,synthetic-taiwan-daily-usage
3EObr\=M	絕色影城	-1.556193	chiaki-synthetic-overlay,reviewed,gpt-5.5-synthetic,synthetic-taiwan-internet-usage
3EQM	決行	-1.6000	chiaki-synthetic-overlay,reviewed,manual-official-document
3EQMAM2@	決行層級	-1.8000	chiaki-synthetic-overlay,reviewed,manual-official-document
3Eml	掘洞	-3.000000	chiaki-synthetic-overlay,reviewed,gpt-5.5-synthetic,synthetic-taiwan-daily-usage
3Ep?	掘拾	-3.000000	chiaki-synthetic-overlay,reviewed,gpt-5.5-synthetic,synthetic-taiwan-daily-usage
3Ep?	攫食	-3.000000	chiaki-synthetic-overlay,reviewed,gpt-5.5-synthetic,synthetic-taiwan-daily-usage
3E~\	掘井	-3.000000	chiaki-synthetic-overlay,reviewed,gpt-5.5-synthetic,synthetic-taiwan-daily-usage
3E~\xU6d	堀井美月	-2.315971	chiaki-synthetic-overlay,reviewed,gpt-5.5-synthetic,synthetic-taiwan-internet-usage
3GN>BX	捶胸口	-2.221529	chiaki-synthetic-overlay,reviewed,single-char-collocation
3GVj	垂問	-3.000000	chiaki-synthetic-overlay,reviewed,gpt-5.5-synthetic,synthetic-taiwan-daily-usage
3G]`	垂掛	-3.000000	chiaki-synthetic-overlay,reviewed,gpt-5.5-synthetic,synthetic-taiwan-daily-usage
3Gea	垂落	-3.000000	chiaki-synthetic-overlay,reviewed,gpt-5.5-synthetic,synthetic-taiwan-daily-usage
3K3_	頻次	-3.000000	chiaki-synthetic-overlay,reviewed,gpt-5.5-synthetic,synthetic-taiwan-daily-usage
3KeVrA<C	貧嘴薄舌	-3.200000	chiaki-synthetic-overlay,reviewed,gpt-5.5-synthetic,synthetic-taiwan-daily-usage
3M6d	騰躍	-3.000000	chiaki-synthetic-overlay,reviewed,gpt-5.5-synthetic,synthetic-taiwan-daily-usage
3MTJ3gRl	藤原效應	-2.072419	chiaki-synthetic-overlay,reviewed,gpt-5.5-synthetic,synthetic-taiwan-internet-usage
3Mj6	騰飛	-3.000000	chiaki-synthetic-overlay,reviewed,gpt-5.5-synthetic,synthetic-taiwan-daily-usage
3M{Hljml	藤球運動	-3.200000	chiaki-synthetic-overlay,reviewed,gpt-5.5-synthetic,synthetic-taiwan-daily-usage
3_2@DJ[O	次級團體	-3.200000	chiaki-synthetic-overlay,reviewed,gpt-5.5-synthetic,synthetic-taiwan-daily-usage
3_Db3>z?	刺客公敵	-2.795950	chiaki-synthetic-overlay,reviewed,gpt-5.5-synthetic,synthetic-taiwan-internet-usage
3_tObJBL	刺股懸梁	-3.200000	chiaki-synthetic-overlay,reviewed,gpt-5.5-synthetic,synthetic-taiwan-daily-usage
3a3g}O	醱酵乳	-3.100000	chiaki-synthetic-overlay,reviewed,gpt-5.5-synthetic,synthetic-taiwan-daily-usage
3e5_0>	快譯通	-2.221596	chiaki-synthetic-overlay,reviewed,gpt-5.5-synthetic,synthetic-taiwan-internet-usage
3eBb\_	快樂樹	-1.424040	chiaki-synthetic-overlay,reviewed,gpt-5.5-synthetic,synthetic-taiwan-internet-usage
3eBbcfTO	快樂到死	-2.607261	chiaki-synthetic-overlay,reviewed,gpt-5.5-synthetic,synthetic-taiwan-internet-usage
3eBbiMMd	快樂崇拜	-1.414092	chiaki-synthetic-overlay,reviewed,gpt-5.5-synthetic,synthetic-taiwan-internet-usage
3eBbpg	快樂購	-1.839614	chiaki-synthetic-overlay,reviewed,gpt-5.5-synthetic,synthetic-taiwan-internet-usage
3eDb	快克	-3.000000	chiaki-synthetic-overlay,reviewed,gpt-5.5-synthetic,synthetic-taiwan-daily-usage
3eMP?0PL	快打之王	-2.448322	chiaki-synthetic-overlay,reviewed,gpt-5.5-synthetic,synthetic-taiwan-internet-usage
3eMPx7IX	快打高手	-1.695422	chiaki-synthetic-overlay,reviewed,gpt-5.5-synthetic,synthetic-taiwan-internet-usage
3ezOG@	快煮壺	-1.7000	chiaki-synthetic-overlay,reviewed,manual-taiwan-appliance
3g3K	效顰	-3.000000	chiaki-synthetic-overlay,reviewed,gpt-5.5-synthetic,synthetic-taiwan-daily-usage
3g3g:L	笑笑羊	-2.245135	chiaki-synthetic-overlay,reviewed,gpt-5.5-synthetic,synthetic-taiwan-internet-usage
3g^;	孝親	-3.000000	chiaki-synthetic-overlay,reviewed,gpt-5.5-synthetic,synthetic-taiwan-daily-usage
43^H8LRV	縮頭藏尾	-3.200000	chiaki-synthetic-overlay,reviewed,gpt-5.5-synthetic,synthetic-taiwan-daily-usage
48?0_d}Q	操之在我	-3.200000	chiaki-synthetic-overlay,reviewed,gpt-5.5-synthetic,synthetic-taiwan-daily-usage
48XOx@	糙米茶	-2.397058	chiaki-synthetic-overlay,reviewed,gpt-5.5-synthetic,synthetic-taiwan-internet-usage
48cI	操盤	-3.000000	chiaki-synthetic-overlay,reviewed,gpt-5.5-synthetic,synthetic-taiwan-daily-usage
48d=	操兵	-3.000000	chiaki-synthetic-overlay,reviewed,gpt-5.5-synthetic,synthetic-taiwan-daily-usage
4:3RA1	潘朵拉	-3.920412	chiaki-synthetic-overlay,reviewed,gpt-5.5-synthetic,synthetic-taiwan-internet-usage
4:=fN@	潘慧如	-2.396348	chiaki-synthetic-overlay,reviewed,gpt-5.5-synthetic,synthetic-taiwan-internet-usage
4:?1pa_;	潘他唑新	-3.200000	chiaki-synthetic-overlay,reviewed,gpt-5.5-synthetic,synthetic-taiwan-daily-usage
4:C:6dz\	攀山越嶺	-3.200000	chiaki-synthetic-overlay,reviewed,gpt-5.5-synthetic,synthetic-taiwan-daily-usage
4:R@Ei	番禺縣	-3.100000	chiaki-synthetic-overlay,reviewed,gpt-5.5-synthetic,synthetic-taiwan-daily-usage
4:a_GK	潘裕文	-2.403163	chiaki-synthetic-overlay,reviewed,gpt-5.5-synthetic,synthetic-taiwan-internet-usage
4:j@	攀爬	-3.000000	chiaki-synthetic-overlay,reviewed,gpt-5.5-synthetic,synthetic-taiwan-daily-usage
4:wI	攀岩	-3.000000	chiaki-synthetic-overlay,reviewed,gpt-5.5-synthetic,synthetic-taiwan-daily-usage
4>0M	空濛	-3.000000	chiaki-synthetic-overlay,reviewed,gpt-5.5-synthetic,synthetic-taiwan-daily-usage
4>2@	空寂	-3.000000	chiaki-synthetic-overlay,reviewed,gpt-5.5-synthetic,synthetic-taiwan-daily-usage
4>B_p=^lR0	空氣清淨機	-1.5000	chiaki-synthetic-overlay,reviewed,manual-taiwan-appliance
4>_5	空拍	-3.000000	chiaki-synthetic-overlay,reviewed,gpt-5.5-synthetic,synthetic-taiwan-daily-usage
4>rG	空橋	-3.000000	chiaki-synthetic-overlay,reviewed,gpt-5.5-synthetic,synthetic-taiwan-daily-usage
4@2_IM	惜字亭	-3.100000	chiaki-synthetic-overlay,reviewed,gpt-5.5-synthetic,synthetic-taiwan-daily-usage
4@;kwI	惜浪巖	-2.404758	chiaki-synthetic-overlay,reviewed,gpt-5.5-synthetic,synthetic-taiwan-internet-usage
4@@Z	襲捲	-3.000000	chiaki-synthetic-overlay,reviewed,gpt-5.5-synthetic,synthetic-taiwan-daily-usage
4@K@9R	熄燭火	-2.273875	chiaki-synthetic-overlay,reviewed,single-char-collocation
4@`ZPM	熄引擎	-2.273875	chiaki-synthetic-overlay,reviewed,single-char-collocation
4@s?	習辭	-3.000000	chiaki-synthetic-overlay,reviewed,gpt-5.5-synthetic,synthetic-taiwan-daily-usage
4@~L	蓆棚	-3.000000	chiaki-synthetic-overlay,reviewed,gpt-5.5-synthetic,synthetic-taiwan-daily-usage
4C0_3>c[	格式工廠	-0.891149	chiaki-synthetic-overlay,reviewed,gpt-5.5-synthetic,synthetic-taiwan-internet-usage
4C:h	革舊	-3.000000	chiaki-synthetic-overlay,reviewed,gpt-5.5-synthetic,synthetic-taiwan-daily-usage
4CDk	格上	-1.776081	chiaki-synthetic-overlay,reviewed,gpt-5.5-synthetic,synthetic-taiwan-internet-usage
4CDko0[3	格上租車	-2.744103	chiaki-synthetic-overlay,reviewed,gpt-5.5-synthetic,synthetic-taiwan-internet-usage
4Cann_	格子趣	-2.036016	chiaki-synthetic-overlay,reviewed,gpt-5.5-synthetic,synthetic-taiwan-internet-usage
4Clg0_	格鬥士	-3.100000	chiaki-synthetic-overlay,reviewed,gpt-5.5-synthetic,synthetic-taiwan-daily-usage
4ClgN:PL	格鬥天王	-1.840763	chiaki-synthetic-overlay,reviewed,gpt-5.5-synthetic,synthetic-taiwan-internet-usage
4CwT	隔海	-3.000000	chiaki-synthetic-overlay,reviewed,gpt-5.5-synthetic,synthetic-taiwan-daily-usage
4K}M[V\0	民雄鬼屋	-2.725886	chiaki-synthetic-overlay,reviewed,gpt-5.5-synthetic,synthetic-taiwan-internet-usage
4L8:4W	長灘島	-2.395865	chiaki-synthetic-overlay,reviewed,gpt-5.5-synthetic,synthetic-taiwan-internet-usage
4Lf<IXR0	長江手機	-2.574819	chiaki-synthetic-overlay,reviewed,gpt-5.5-synthetic,synthetic-taiwan-internet-usage
4LkM@l[L	長榮鳳凰	-1.546631	chiaki-synthetic-overlay,reviewed,gpt-5.5-synthetic,synthetic-taiwan-internet-usage
4LkM|_5E	長榮大學	-1.354890	chiaki-synthetic-overlay,reviewed,gpt-5.5-synthetic,synthetic-taiwan-internet-usage
4Lw;3M	長春藤	-1.048570	chiaki-synthetic-overlay,reviewed,gpt-5.5-synthetic,synthetic-taiwan-internet-usage
4Lx7	長篙	-3.000000	chiaki-synthetic-overlay,reviewed,gpt-5.5-synthetic,synthetic-taiwan-daily-usage
4M=_?;3:	能力分班	-3.200000	chiaki-synthetic-overlay,reviewed,gpt-5.5-synthetic,synthetic-taiwan-daily-usage
4M=_Nb7i	能力測驗	-3.200000	chiaki-synthetic-overlay,reviewed,gpt-5.5-synthetic,synthetic-taiwan-daily-usage
4M\Z2_2:	能忍自安	-3.200000	chiaki-synthetic-overlay,reviewed,gpt-5.5-synthetic,synthetic-taiwan-daily-usage
4M|J[1U<	能仁家商	-2.401815	chiaki-synthetic-overlay,reviewed,gpt-5.5-synthetic,synthetic-taiwan-internet-usage
4W<i	倒店	-3.000000	chiaki-synthetic-overlay,reviewed,gpt-5.5-synthetic,synthetic-taiwan-daily-usage
4WA@	導讀	-3.000000	chiaki-synthetic-overlay,reviewed,gpt-5.5-synthetic,synthetic-taiwan-daily-usage
4WG@	搗糊	-2.531123	chiaki-synthetic-overlay,reviewed,single-char-collocation
4WGK	禱文	-3.000000	chiaki-synthetic-overlay,reviewed,gpt-5.5-synthetic,synthetic-taiwan-daily-usage
4WIFWk	倒楣相	-3.100000	chiaki-synthetic-overlay,reviewed,gpt-5.5-synthetic,synthetic-taiwan-daily-usage
4W[d	倒債	-3.000000	chiaki-synthetic-overlay,reviewed,gpt-5.5-synthetic,synthetic-taiwan-daily-usage
4W^H:hCf	倒頭就睡	-3.200000	chiaki-synthetic-overlay,reviewed,gpt-5.5-synthetic,synthetic-taiwan-daily-usage
4Wbi^H	搗蒜頭	-2.531123	chiaki-synthetic-overlay,reviewed,single-char-collocation
4WdaXO	搗糯米	-2.531123	chiaki-synthetic-overlay,reviewed,single-char-collocation
4Wk@|O	搗麻糬	-2.531123	chiaki-synthetic-overlay,reviewed,single-char-collocation
4WtfQE	搗藥材	-2.531123	chiaki-synthetic-overlay,reviewed,single-char-collocation
4WvK	導盲	-3.000000	chiaki-synthetic-overlay,reviewed,gpt-5.5-synthetic,synthetic-taiwan-daily-usage
4W{f	導尿	-3.000000	chiaki-synthetic-overlay,reviewed,gpt-5.5-synthetic,synthetic-taiwan-daily-usage
4W~KPL	導航王	-1.840756	chiaki-synthetic-overlay,reviewed,gpt-5.5-synthetic,synthetic-taiwan-internet-usage
4Z0><i:9	遠通電收	-3.390585	chiaki-synthetic-overlay,reviewed,gpt-5.5-synthetic,synthetic-taiwan-internet-usage
4ZNJDb@@	遠傳客服	-3.008465	chiaki-synthetic-overlay,reviewed,gpt-5.5-synthetic,synthetic-taiwan-internet-usage
4ZNJcYzj	遠傳簡訊	-2.905582	chiaki-synthetic-overlay,reviewed,gpt-5.5-synthetic,synthetic-taiwan-internet-usage
4ZNJmJ0_	遠傳門市	-3.002308	chiaki-synthetic-overlay,reviewed,gpt-5.5-synthetic,synthetic-taiwan-internet-usage
4ZO_	遠赴	-3.000000	chiaki-synthetic-overlay,reviewed,gpt-5.5-synthetic,synthetic-taiwan-daily-usage
4ZmT	遠百	-2.384609	chiaki-synthetic-overlay,reviewed,gpt-5.5-synthetic,synthetic-taiwan-internet-usage
4Z}M6dEE	遠雄悅來	-2.394624	chiaki-synthetic-overlay,reviewed,gpt-5.5-synthetic,synthetic-taiwan-internet-usage
4Z}M|Jxg	遠雄人壽	-3.635652	chiaki-synthetic-overlay,reviewed,gpt-5.5-synthetic,synthetic-taiwan-internet-usage
4Z~=U3|_	遠東科大	-2.078825	chiaki-synthetic-overlay,reviewed,gpt-5.5-synthetic,synthetic-taiwan-internet-usage
4Z~=U<1K	遠東商銀	-1.654052	chiaki-synthetic-overlay,reviewed,gpt-5.5-synthetic,synthetic-taiwan-internet-usage
4_5MNZ3M	四稜粉藤	-2.402863	chiaki-synthetic-overlay,reviewed,gpt-5.5-synthetic,synthetic-taiwan-internet-usage
4_A_Emm:	四技二專	-1.565268	chiaki-synthetic-overlay,reviewed,gpt-5.5-synthetic,synthetic-taiwan-internet-usage
4_H<QM	四方形	-3.100000	chiaki-synthetic-overlay,reviewed,gpt-5.5-synthetic,synthetic-taiwan-daily-usage
4_SW:C	四小折	-2.776595	chiaki-synthetic-overlay,reviewed,gpt-5.5-synthetic,synthetic-taiwan-internet-usage
4_cV	汜水	-3.000000	chiaki-synthetic-overlay,reviewed,gpt-5.5-synthetic,synthetic-taiwan-daily-usage
4_wfKbA_	寺廟設計	-1.612299	chiaki-synthetic-overlay,reviewed,gpt-5.5-synthetic,synthetic-taiwan-internet-usage
4a3@	万俟	-3.000000	chiaki-synthetic-overlay,reviewed,gpt-5.5-synthetic,synthetic-taiwan-daily-usage
4a:_	驀地	-3.000000	chiaki-synthetic-overlay,reviewed,gpt-5.5-synthetic,synthetic-taiwan-daily-usage
4aA@	冒頓	-3.000000	chiaki-synthetic-overlay,reviewed,gpt-5.5-synthetic,synthetic-taiwan-daily-usage
4am_	默劇	-3.000000	chiaki-synthetic-overlay,reviewed,gpt-5.5-synthetic,synthetic-taiwan-daily-usage
4auJ	墨痕	-3.000000	chiaki-synthetic-overlay,reviewed,gpt-5.5-synthetic,synthetic-taiwan-daily-usage
4eWOan	壞痞子	-3.100000	chiaki-synthetic-overlay,reviewed,gpt-5.5-synthetic,synthetic-taiwan-daily-usage
4e~LNX	壞朋友	-1.887181	chiaki-synthetic-overlay,reviewed,gpt-5.5-synthetic,synthetic-taiwan-internet-usage
4ixU?0aJ	讚美之泉	-2.220519	chiaki-synthetic-overlay,reviewed,gpt-5.5-synthetic,synthetic-taiwan-internet-usage
4k{HRP	棒球卡	-3.100000	chiaki-synthetic-overlay,reviewed,gpt-5.5-synthetic,synthetic-taiwan-daily-usage
4k{HnHC_	棒球遊戲	-1.006475	chiaki-synthetic-overlay,reviewed,gpt-5.5-synthetic,synthetic-taiwan-internet-usage
5>F0R0	烘衣機	-1.7000	chiaki-synthetic-overlay,reviewed,manual-taiwan-appliance
5>mYR0	烘碗機	-1.9000	chiaki-synthetic-overlay,reviewed,manual-taiwan-appliance
5Ean	褶子	-3.000000	chiaki-synthetic-overlay,reviewed,gpt-5.5-synthetic,synthetic-taiwan-daily-usage
5J_G	錢潮	-3.000000	chiaki-synthetic-overlay,reviewed,gpt-5.5-synthetic,synthetic-taiwan-daily-usage
5J_drFR0	潛在危機	-3.200000	chiaki-synthetic-overlay,reviewed,gpt-5.5-synthetic,synthetic-taiwan-daily-usage
5JrAR@	錢柏渝	-2.405340	chiaki-synthetic-overlay,reviewed,gpt-5.5-synthetic,synthetic-taiwan-internet-usage
5W:hd=	討救兵	-3.100000	chiaki-synthetic-overlay,reviewed,gpt-5.5-synthetic,synthetic-taiwan-daily-usage
5WwT|J	討海人	-3.100000	chiaki-synthetic-overlay,reviewed,gpt-5.5-synthetic,synthetic-taiwan-daily-usage
5W|JPM	討人情	-3.100000	chiaki-synthetic-overlay,reviewed,gpt-5.5-synthetic,synthetic-taiwan-daily-usage
5_0>	益通	-1.036290	chiaki-synthetic-overlay,reviewed,gpt-5.5-synthetic,synthetic-taiwan-internet-usage
5_0_	佚事	-3.000000	chiaki-synthetic-overlay,reviewed,gpt-5.5-synthetic,synthetic-taiwan-daily-usage
5_0_	奕世	-3.000000	chiaki-synthetic-overlay,reviewed,gpt-5.5-synthetic,synthetic-taiwan-daily-usage
5_0_XD:<	異世邪君	-2.403846	chiaki-synthetic-overlay,reviewed,gpt-5.5-synthetic,synthetic-taiwan-internet-usage
5_3@	藝奇	-0.645115	chiaki-synthetic-overlay,reviewed,gpt-5.5-synthetic,synthetic-taiwan-internet-usage
5_5_	泄泄	-3.000000	chiaki-synthetic-overlay,reviewed,gpt-5.5-synthetic,synthetic-taiwan-daily-usage
5_5_	洩洩	-3.000000	chiaki-synthetic-overlay,reviewed,gpt-5.5-synthetic,synthetic-taiwan-daily-usage
5_5_RYQk	熠熠閃亮	-3.200000	chiaki-synthetic-overlay,reviewed,gpt-5.5-synthetic,synthetic-taiwan-daily-usage
5_5_dMq=	熠熠紅星	-3.200000	chiaki-synthetic-overlay,reviewed,gpt-5.5-synthetic,synthetic-taiwan-daily-usage
5_:iH<	義麵坊	-2.398241	chiaki-synthetic-overlay,reviewed,gpt-5.5-synthetic,synthetic-taiwan-internet-usage
5_GK	逸聞	-3.000000	chiaki-synthetic-overlay,reviewed,gpt-5.5-synthetic,synthetic-taiwan-daily-usage
5_GKYBml	藝文活動	-3.200000	chiaki-synthetic-overlay,reviewed,gpt-5.5-synthetic,synthetic-taiwan-daily-usage
5_IX	義守	-0.835198	chiaki-synthetic-overlay,reviewed,gpt-5.5-synthetic,synthetic-taiwan-internet-usage
5_IXhI3>	易守難攻	-3.200000	chiaki-synthetic-overlay,reviewed,gpt-5.5-synthetic,synthetic-taiwan-daily-usage
5_PA	億華	-1.844070	chiaki-synthetic-overlay,reviewed,gpt-5.5-synthetic,synthetic-taiwan-internet-usage
5_UO	薏苡	-3.000000	chiaki-synthetic-overlay,reviewed,gpt-5.5-synthetic,synthetic-taiwan-daily-usage
5_bZ	逸品	-3.000000	chiaki-synthetic-overlay,reviewed,gpt-5.5-synthetic,synthetic-taiwan-daily-usage
5_gj3;	奕順軒	-2.403862	chiaki-synthetic-overlay,reviewed,gpt-5.5-synthetic,synthetic-taiwan-internet-usage
5_h<	刈香	-3.000000	chiaki-synthetic-overlay,reviewed,gpt-5.5-synthetic,synthetic-taiwan-daily-usage
5_j60\	易飛網	-2.180265	chiaki-synthetic-overlay,reviewed,gpt-5.5-synthetic,synthetic-taiwan-internet-usage
5_o00\	易租網	-2.399838	chiaki-synthetic-overlay,reviewed,gpt-5.5-synthetic,synthetic-taiwan-internet-usage
5_xU	溢美	-3.000000	chiaki-synthetic-overlay,reviewed,gpt-5.5-synthetic,synthetic-taiwan-daily-usage
5_|_0_ec	義大世界	-2.397869	chiaki-synthetic-overlay,reviewed,gpt-5.5-synthetic,synthetic-taiwan-internet-usage
5_|_=_	義大利	-0.827249	chiaki-synthetic-overlay,reviewed,benchmark-miss-rerank,tw-variant
5_|_F0ci	義大醫院	-2.122809	chiaki-synthetic-overlay,reviewed,gpt-5.5-synthetic,synthetic-taiwan-internet-usage
5iq;	燦坤	-3.169781	chiaki-synthetic-overlay,reviewed,gpt-5.5-synthetic,synthetic-taiwan-internet-usage
5iq;mJ0_	燦坤門市	-3.990968	chiaki-synthetic-overlay,reviewed,gpt-5.5-synthetic,synthetic-taiwan-internet-usage
5iq=	燦星	-2.800737	chiaki-synthetic-overlay,reviewed,gpt-5.5-synthetic,synthetic-taiwan-internet-usage
5iq=:PnH	燦星旅遊	-3.068410	chiaki-synthetic-overlay,reviewed,gpt-5.5-synthetic,synthetic-taiwan-internet-usage
5ixhSBN_	燦爛奪目	-3.200000	chiaki-synthetic-overlay,reviewed,gpt-5.5-synthetic,synthetic-taiwan-daily-usage
5ka0a0	胖嘟嘟	-3.100000	chiaki-synthetic-overlay,reviewed,gpt-5.5-synthetic,synthetic-taiwan-daily-usage
5k|_wT	胖大海	-3.100000	chiaki-synthetic-overlay,reviewed,gpt-5.5-synthetic,synthetic-taiwan-daily-usage
68U<	夭殤	-3.000000	chiaki-synthetic-overlay,reviewed,gpt-5.5-synthetic,synthetic-taiwan-daily-usage
68W[	邀訪	-3.000000	chiaki-synthetic-overlay,reviewed,gpt-5.5-synthetic,synthetic-taiwan-daily-usage
68]O68B_	妖裡妖氣	-3.200000	chiaki-synthetic-overlay,reviewed,gpt-5.5-synthetic,synthetic-taiwan-daily-usage
68kO	邀舞	-3.000000	chiaki-synthetic-overlay,reviewed,gpt-5.5-synthetic,synthetic-taiwan-daily-usage
68o=RV:1	妖精尾巴	-2.166468	chiaki-synthetic-overlay,reviewed,gpt-5.5-synthetic,synthetic-taiwan-internet-usage
68p0B_ZG	腰粗氣豪	-3.200000	chiaki-synthetic-overlay,reviewed,gpt-5.5-synthetic,synthetic-taiwan-daily-usage
68tA	么麼	-3.000000	chiaki-synthetic-overlay,reviewed,gpt-5.5-synthetic,synthetic-taiwan-daily-usage
6:5_NJ{J	翻譯傳神	-1.862082	chiaki-synthetic-overlay,reviewed,gpt-5.5-synthetic,synthetic-taiwan-internet-usage
6C8W	核稿	-1.7000	chiaki-synthetic-overlay,reviewed,manual-official-document
6CD87:	核銷單	-1.2500	chiaki-synthetic-overlay,reviewed,manual-office
6CF:	盒餐	-3.000000	chiaki-synthetic-overlay,reviewed,gpt-5.5-synthetic,synthetic-taiwan-daily-usage
6CNd	核派	-3.000000	chiaki-synthetic-overlay,reviewed,gpt-5.5-synthetic,synthetic-taiwan-daily-usage
6CS<	核章	-1.5000	chiaki-synthetic-overlay,reviewed,manual-official-document
6CU_	合庫	-2.394345	chiaki-synthetic-overlay,reviewed,gpt-5.5-synthetic,synthetic-taiwan-internet-usage
6CU_1K~K	合庫銀行	-2.405087	chiaki-synthetic-overlay,reviewed,gpt-5.5-synthetic,synthetic-taiwan-internet-usage
6CX<	禾倉	-2.400827	chiaki-synthetic-overlay,reviewed,gpt-5.5-synthetic,synthetic-taiwan-internet-usage
6C[1|J	何嘉仁	-1.873339	chiaki-synthetic-overlay,reviewed,gpt-5.5-synthetic,synthetic-taiwan-internet-usage
6Cf5	合該	-3.000000	chiaki-synthetic-overlay,reviewed,gpt-5.5-synthetic,synthetic-taiwan-daily-usage
6Cpg0\	合購網	-2.396302	chiaki-synthetic-overlay,reviewed,gpt-5.5-synthetic,synthetic-taiwan-internet-usage
6CphvHwI	河岸留言	-1.741723	chiaki-synthetic-overlay,reviewed,gpt-5.5-synthetic,synthetic-taiwan-internet-usage
6CrA	河伯	-3.000000	chiaki-synthetic-overlay,reviewed,gpt-5.5-synthetic,synthetic-taiwan-daily-usage
6JM@	嫻淑	-3.000000	chiaki-synthetic-overlay,reviewed,gpt-5.5-synthetic,synthetic-taiwan-daily-usage
6Jp?}IwT	銜石填海	-3.200000	chiaki-synthetic-overlay,reviewed,gpt-5.5-synthetic,synthetic-taiwan-daily-usage
6Juh08|J	鹹蛋超人	-2.181670	chiaki-synthetic-overlay,reviewed,gpt-5.5-synthetic,synthetic-taiwan-internet-usage
6JzJ	賢臣	-3.000000	chiaki-synthetic-overlay,reviewed,gpt-5.5-synthetic,synthetic-taiwan-daily-usage
6N2P	兒語	-3.000000	chiaki-synthetic-overlay,reviewed,gpt-5.5-synthetic,synthetic-taiwan-daily-usage
6N_Mxg=d	兒童受虐	-3.200000	chiaki-synthetic-overlay,reviewed,gpt-5.5-synthetic,synthetic-taiwan-daily-usage
6N{K	兒郎	-3.000000	chiaki-synthetic-overlay,reviewed,gpt-5.5-synthetic,synthetic-taiwan-daily-usage
6Q0W	耍寶	-3.000000	chiaki-synthetic-overlay,reviewed,gpt-5.5-synthetic,synthetic-taiwan-daily-usage
6Q7WU:	耍老千	-3.100000	chiaki-synthetic-overlay,reviewed,gpt-5.5-synthetic,synthetic-taiwan-daily-usage
6QU5^H	耍噱頭	-3.100000	chiaki-synthetic-overlay,reviewed,gpt-5.5-synthetic,synthetic-taiwan-daily-usage
6QUZ	耍狠	-3.000000	chiaki-synthetic-overlay,reviewed,gpt-5.5-synthetic,synthetic-taiwan-daily-usage
6Rmf	裸照	-3.000000	chiaki-synthetic-overlay,reviewed,gpt-5.5-synthetic,synthetic-taiwan-daily-usage
6TXeUG	姐妹淘	-1.970736	chiaki-synthetic-overlay,reviewed,gpt-5.5-synthetic,synthetic-taiwan-internet-usage
6TXep1	姐妹花	-3.100000	chiaki-synthetic-overlay,reviewed,gpt-5.5-synthetic,synthetic-taiwan-daily-usage
6Tdf	解套	-3.000000	chiaki-synthetic-overlay,reviewed,gpt-5.5-synthetic,synthetic-taiwan-daily-usage
6Tx?	解謎	-3.000000	chiaki-synthetic-overlay,reviewed,gpt-5.5-synthetic,synthetic-taiwan-daily-usage
6W<iB@	腦電圖	-3.100000	chiaki-synthetic-overlay,reviewed,gpt-5.5-synthetic,synthetic-taiwan-daily-usage
6WA_	腦際	-3.000000	chiaki-synthetic-overlay,reviewed,gpt-5.5-synthetic,synthetic-taiwan-daily-usage
6WO1	腦壓	-3.000000	chiaki-synthetic-overlay,reviewed,gpt-5.5-synthetic,synthetic-taiwan-daily-usage
6Wyh	腦幹	-3.000000	chiaki-synthetic-overlay,reviewed,gpt-5.5-synthetic,synthetic-taiwan-daily-usage
6_6NaJ	碧兒泉	-2.400498	chiaki-synthetic-overlay,reviewed,gpt-5.5-synthetic,synthetic-taiwan-internet-usage
6_=_	篳篥	-3.000000	chiaki-synthetic-overlay,reviewed,gpt-5.5-synthetic,synthetic-taiwan-daily-usage
6_=_	薜荔	-3.000000	chiaki-synthetic-overlay,reviewed,gpt-5.5-synthetic,synthetic-taiwan-daily-usage
6_C2Mi0]	碧波萬頃	-3.200000	chiaki-synthetic-overlay,reviewed,gpt-5.5-synthetic,synthetic-taiwan-daily-usage
6_FfE0	碧翠絲	-2.394454	chiaki-synthetic-overlay,reviewed,gpt-5.5-synthetic,synthetic-taiwan-internet-usage
6_IJ	璧還	-3.000000	chiaki-synthetic-overlay,reviewed,gpt-5.5-synthetic,synthetic-taiwan-daily-usage
6_O_0\	必富網	-2.396658	chiaki-synthetic-overlay,reviewed,gpt-5.5-synthetic,synthetic-taiwan-internet-usage
6_Yc:PQM	畢業旅行	-3.200000	chiaki-synthetic-overlay,reviewed,gpt-5.5-synthetic,synthetic-taiwan-daily-usage
6_ea	碧落	-3.000000	chiaki-synthetic-overlay,reviewed,gpt-5.5-synthetic,synthetic-taiwan-daily-usage
6_gc	璧謝	-3.000000	chiaki-synthetic-overlay,reviewed,gpt-5.5-synthetic,synthetic-taiwan-daily-usage
6_k@	蓖麻	-3.000000	chiaki-synthetic-overlay,reviewed,gpt-5.5-synthetic,synthetic-taiwan-daily-usage
6_p1	壁花	-3.000000	chiaki-synthetic-overlay,reviewed,gpt-5.5-synthetic,synthetic-taiwan-daily-usage
6d@@	悅服	-3.000000	chiaki-synthetic-overlay,reviewed,gpt-5.5-synthetic,synthetic-taiwan-daily-usage
6dA@_;0C	閱讀心得	-1.134250	chiaki-synthetic-overlay,reviewed,gpt-5.5-synthetic,synthetic-taiwan-internet-usage
6dBb	悅樂	-3.000000	chiaki-synthetic-overlay,reviewed,gpt-5.5-synthetic,synthetic-taiwan-daily-usage
6dROF:	月子餐	-2.903495	chiaki-synthetic-overlay,reviewed,gpt-5.5-synthetic,synthetic-taiwan-internet-usage
6da_Q=]K	越獄風雲	-2.369646	chiaki-synthetic-overlay,reviewed,gpt-5.5-synthetic,synthetic-taiwan-internet-usage
6dhIT3?P	越南歌曲	-1.519222	chiaki-synthetic-overlay,reviewed,gpt-5.5-synthetic,synthetic-taiwan-internet-usage
6dy<0W6C	月光寶盒	-1.790221	chiaki-synthetic-overlay,reviewed,gpt-5.5-synthetic,synthetic-taiwan-internet-usage
6d|J	悅人	-3.000000	chiaki-synthetic-overlay,reviewed,gpt-5.5-synthetic,synthetic-taiwan-daily-usage
6h4_N:2:mJ0_Ci	六四天安門事件	-3.450000	chiaki-synthetic-overlay,reviewed,gpt-5.5-synthetic,synthetic-taiwan-daily-usage
6h6Cx79>	六和高中	-1.459657	chiaki-synthetic-overlay,reviewed,gpt-5.5-synthetic,synthetic-taiwan-internet-usage
6h@@0=	六福莊	-1.733933	chiaki-synthetic-overlay,reviewed,gpt-5.5-synthetic,synthetic-taiwan-internet-usage
6h@@Db0i	六福客棧	-2.830994	chiaki-synthetic-overlay,reviewed,gpt-5.5-synthetic,synthetic-taiwan-internet-usage
6h@@{;	六福村	-3.134174	chiaki-synthetic-overlay,reviewed,gpt-5.5-synthetic,synthetic-taiwan-internet-usage
6hD;=@^l	六根不淨	-2.401102	chiaki-synthetic-overlay,reviewed,gpt-5.5-synthetic,synthetic-taiwan-internet-usage
6hd=t7	溜冰刀	-2.158861	chiaki-synthetic-overlay,reviewed,single-char-collocation
6hp?p?C:	六十石山	-1.900889	chiaki-synthetic-overlay,reviewed,gpt-5.5-synthetic,synthetic-taiwan-internet-usage
78IP	標靶	-3.000000	chiaki-synthetic-overlay,reviewed,gpt-5.5-synthetic,synthetic-taiwan-daily-usage
7:0WaJ	擔保權	-3.100000	chiaki-synthetic-overlay,reviewed,gpt-5.5-synthetic,synthetic-taiwan-daily-usage
7:7:	眈眈	-3.000000	chiaki-synthetic-overlay,reviewed,gpt-5.5-synthetic,synthetic-taiwan-daily-usage
7:?i	單戀	-3.000000	chiaki-synthetic-overlay,reviewed,gpt-5.5-synthetic,synthetic-taiwan-daily-usage
7:Ei	儋縣	-3.000000	chiaki-synthetic-overlay,reviewed,gpt-5.5-synthetic,synthetic-taiwan-daily-usage
7:{?	丹堤	-2.204620	chiaki-synthetic-overlay,reviewed,gpt-5.5-synthetic,synthetic-taiwan-internet-usage
7R0WV:tA	裹保鮮膜	-2.278680	chiaki-synthetic-overlay,reviewed,single-char-collocation
7RL_kG	裹布條	-2.278680	chiaki-synthetic-overlay,reviewed,single-char-collocation
7RN=Qd	裹繃帶	-2.278680	chiaki-synthetic-overlay,reviewed,single-char-collocation
7RRGGY	裹毛毯	-2.278680	chiaki-synthetic-overlay,reviewed,single-char-collocation
7RU<BX	裹傷口	-2.278680	chiaki-synthetic-overlay,reviewed,single-char-collocation
7Rp?x7	裹石膏	-2.278680	chiaki-synthetic-overlay,reviewed,single-char-collocation
7R{fL_	裹尿布	-2.278680	chiaki-synthetic-overlay,reviewed,single-char-collocation
7R{lan	裹粽子	-2.278680	chiaki-synthetic-overlay,reviewed,single-char-collocation
7W4_n:	老四川	-2.142168	chiaki-synthetic-overlay,reviewed,gpt-5.5-synthetic,synthetic-taiwan-internet-usage
7Wc=4CiI	老英格蘭	-2.231090	chiaki-synthetic-overlay,reviewed,gpt-5.5-synthetic,synthetic-taiwan-internet-usage
7WvO=M	老虎城	-2.100719	chiaki-synthetic-overlay,reviewed,gpt-5.5-synthetic,synthetic-taiwan-internet-usage
7[x_Xo	蠢爸爸	-2.567027	chiaki-synthetic-overlay,reviewed,gpt-5.5-synthetic,synthetic-taiwan-internet-usage
7_0_	闢室	-3.000000	chiaki-synthetic-overlay,reviewed,gpt-5.5-synthetic,synthetic-taiwan-daily-usage
7`S0nHC_	詐欺遊戲	-1.478197	chiaki-synthetic-overlay,reviewed,gpt-5.5-synthetic,synthetic-taiwan-internet-usage
7`uh0W0W	炸彈寶寶	-1.650804	chiaki-synthetic-overlay,reviewed,gpt-5.5-synthetic,synthetic-taiwan-internet-usage
7fL_	對簿	-3.000000	chiaki-synthetic-overlay,reviewed,gpt-5.5-synthetic,synthetic-taiwan-daily-usage
7fnq|J	對的人	-1.890775	chiaki-synthetic-overlay,reviewed,gpt-5.5-synthetic,synthetic-taiwan-internet-usage
7i:97:	驗收單	-1.3500	chiaki-synthetic-overlay,reviewed,manual-office
7i:Lx7mf	豔陽高照	-3.200000	chiaki-synthetic-overlay,reviewed,gpt-5.5-synthetic,synthetic-taiwan-daily-usage
7iQWN_	淹腳目	-2.348812	chiaki-synthetic-overlay,reviewed,single-char-collocation
7iq=	豔星	-3.000000	chiaki-synthetic-overlay,reviewed,gpt-5.5-synthetic,synthetic-taiwan-daily-usage
88EM	漂萍	-3.000000	chiaki-synthetic-overlay,reviewed,gpt-5.5-synthetic,synthetic-taiwan-daily-usage
88}l	漂送	-3.000000	chiaki-synthetic-overlay,reviewed,gpt-5.5-synthetic,synthetic-taiwan-daily-usage
88}l	飄送	-3.000000	chiaki-synthetic-overlay,reviewed,gpt-5.5-synthetic,synthetic-taiwan-daily-usage
893>6T?l	周公解夢	-2.515239	chiaki-synthetic-overlay,reviewed,gpt-5.5-synthetic,synthetic-taiwan-internet-usage
895_lI	周逸涵	-2.137628	chiaki-synthetic-overlay,reviewed,gpt-5.5-synthetic,synthetic-taiwan-internet-usage
899W	週考	-3.000000	chiaki-synthetic-overlay,reviewed,gpt-5.5-synthetic,synthetic-taiwan-daily-usage
89<h~_	周秀娜	-2.401822	chiaki-synthetic-overlay,reviewed,gpt-5.5-synthetic,synthetic-taiwan-internet-usage
89I:	周邊	-0.838535	chiaki-synthetic-overlay,reviewed,benchmark-miss-rerank,tw-variant
89J<ZG	周湯豪	-4.012696	chiaki-synthetic-overlay,reviewed,gpt-5.5-synthetic,synthetic-taiwan-internet-usage
89Ve	周備	-3.000000	chiaki-synthetic-overlay,reviewed,gpt-5.5-synthetic,synthetic-taiwan-daily-usage
89Vj3@	周汶錡	-2.399716	chiaki-synthetic-overlay,reviewed,gpt-5.5-synthetic,synthetic-taiwan-internet-usage
8:4W	癱倒	-3.000000	chiaki-synthetic-overlay,reviewed,gpt-5.5-synthetic,synthetic-taiwan-daily-usage
8:ea	坍落	-3.000000	chiaki-synthetic-overlay,reviewed,gpt-5.5-synthetic,synthetic-taiwan-daily-usage
8:s2K_0C	貪多務得	-3.200000	chiaki-synthetic-overlay,reviewed,gpt-5.5-synthetic,synthetic-taiwan-daily-usage
8:{H<@7i	貪求無饜	-3.200000	chiaki-synthetic-overlay,reviewed,gpt-5.5-synthetic,synthetic-taiwan-daily-usage
8G`l	隨興	-3.000000	chiaki-synthetic-overlay,reviewed,gpt-5.5-synthetic,synthetic-taiwan-daily-usage
8GyK	隋棠	-1.344285	chiaki-synthetic-overlay,reviewed,gpt-5.5-synthetic,synthetic-taiwan-internet-usage
8L\0~_pg	藏汙納垢	-3.200000	chiaki-synthetic-overlay,reviewed,gpt-5.5-synthetic,synthetic-taiwan-daily-usage
8LaM]avO	藏龍臥虎	-3.200000	chiaki-synthetic-overlay,reviewed,gpt-5.5-synthetic,synthetic-taiwan-daily-usage
8Lm0vf	藏書票	-3.100000	chiaki-synthetic-overlay,reviewed,gpt-5.5-synthetic,synthetic-taiwan-daily-usage
8Lpg~_\0	藏垢納汙	-3.200000	chiaki-synthetic-overlay,reviewed,gpt-5.5-synthetic,synthetic-taiwan-daily-usage
8MzB	姮娥	-3.000000	chiaki-synthetic-overlay,reviewed,gpt-5.5-synthetic,synthetic-taiwan-daily-usage
8T2_`H	寫字樓	-3.100000	chiaki-synthetic-overlay,reviewed,gpt-5.5-synthetic,synthetic-taiwan-daily-usage
8W3gml_`	搞笑動畫	-1.758092	chiaki-synthetic-overlay,reviewed,gpt-5.5-synthetic,synthetic-taiwan-internet-usage
8WD9	搞丟	-3.000000	chiaki-synthetic-overlay,reviewed,gpt-5.5-synthetic,synthetic-taiwan-daily-usage
8Waj	搞混	-3.000000	chiaki-synthetic-overlay,reviewed,gpt-5.5-synthetic,synthetic-taiwan-daily-usage
8Wj6R0	搞飛機	-3.100000	chiaki-synthetic-overlay,reviewed,gpt-5.5-synthetic,synthetic-taiwan-daily-usage
8X0C	偶得	-3.000000	chiaki-synthetic-overlay,reviewed,gpt-5.5-synthetic,synthetic-taiwan-daily-usage
8XC_	偶戲	-3.000000	chiaki-synthetic-overlay,reviewed,gpt-5.5-synthetic,synthetic-taiwan-daily-usage
8Xp?	偶拾	-3.000000	chiaki-synthetic-overlay,reviewed,gpt-5.5-synthetic,synthetic-taiwan-daily-usage
8_8_Db	秘密客	-1.939271	chiaki-synthetic-overlay,reviewed,gpt-5.5-synthetic,synthetic-taiwan-internet-usage
8_8_Kl|J	祕密證人	-3.200000	chiaki-synthetic-overlay,reviewed,gpt-5.5-synthetic,synthetic-taiwan-daily-usage
8_Qd<@	蜜袋鼯	-2.397922	chiaki-synthetic-overlay,reviewed,gpt-5.5-synthetic,synthetic-taiwan-internet-usage
8_W[	祕訪	-3.000000	chiaki-synthetic-overlay,reviewed,gpt-5.5-synthetic,synthetic-taiwan-daily-usage
8__;	祕辛	-3.000000	chiaki-synthetic-overlay,reviewed,gpt-5.5-synthetic,synthetic-taiwan-daily-usage
8__f	密報	-3.000000	chiaki-synthetic-overlay,reviewed,gpt-5.5-synthetic,synthetic-taiwan-daily-usage
8_vh	祕探	-3.000000	chiaki-synthetic-overlay,reviewed,gpt-5.5-synthetic,synthetic-taiwan-daily-usage
8_yKqOE0	蜜糖吐司	-2.787928	chiaki-synthetic-overlay,reviewed,gpt-5.5-synthetic,synthetic-taiwan-internet-usage
8_yKqOE0	蜜糖土司	-2.404783	chiaki-synthetic-overlay,reviewed,gpt-5.5-synthetic,synthetic-taiwan-internet-usage
8i3Kd\B_	變頻冷氣	-1.9000	chiaki-synthetic-overlay,reviewed,manual-taiwan-appliance
8i=_	變例	-3.000000	chiaki-synthetic-overlay,reviewed,gpt-5.5-synthetic,synthetic-taiwan-daily-usage
8i=_Qd	便利帶	-1.963771	chiaki-synthetic-overlay,reviewed,gpt-5.5-synthetic,synthetic-taiwan-internet-usage
914auhx7	阿默蛋糕	-2.394479	chiaki-synthetic-overlay,reviewed,gpt-5.5-synthetic,synthetic-taiwan-internet-usage
915>	阿訇	-3.000000	chiaki-synthetic-overlay,reviewed,gpt-5.5-synthetic,synthetic-taiwan-daily-usage
918_@b	阿密特	-3.425897	chiaki-synthetic-overlay,reviewed,gpt-5.5-synthetic,synthetic-taiwan-internet-usage
91<1nq_`	阿嬤的話	-1.369638	chiaki-synthetic-overlay,reviewed,gpt-5.5-synthetic,synthetic-taiwan-internet-usage
91J1=_	阿莎力	-3.100000	chiaki-synthetic-overlay,reviewed,gpt-5.5-synthetic,synthetic-taiwan-daily-usage
91Kb	阿舍	-2.046314	chiaki-synthetic-overlay,reviewed,gpt-5.5-synthetic,synthetic-taiwan-internet-usage
91Kb;::i	阿舍乾麵	-2.395066	chiaki-synthetic-overlay,reviewed,gpt-5.5-synthetic,synthetic-taiwan-internet-usage
91Kbp?yK	阿舍食堂	-2.395574	chiaki-synthetic-overlay,reviewed,gpt-5.5-synthetic,synthetic-taiwan-internet-usage
91TZ	阿肯	-2.559148	chiaki-synthetic-overlay,reviewed,gpt-5.5-synthetic,synthetic-taiwan-internet-usage
91XO:1=_2@	阿米巴痢疾	-3.450000	chiaki-synthetic-overlay,reviewed,gpt-5.5-synthetic,synthetic-taiwan-daily-usage
91s?wT4aKl	阿茨海默症	-3.450000	chiaki-synthetic-overlay,reviewed,gpt-5.5-synthetic,synthetic-taiwan-daily-usage
91xg	阿瘦	-2.095976	chiaki-synthetic-overlay,reviewed,gpt-5.5-synthetic,synthetic-taiwan-internet-usage
91xgw?XD	阿瘦皮鞋	-2.400555	chiaki-synthetic-overlay,reviewed,gpt-5.5-synthetic,synthetic-taiwan-internet-usage
997i	抽驗	-3.000000	chiaki-synthetic-overlay,reviewed,gpt-5.5-synthetic,synthetic-taiwan-daily-usage
99{H	抽球	-3.000000	chiaki-synthetic-overlay,reviewed,gpt-5.5-synthetic,synthetic-taiwan-daily-usage
9>0__;GK	中視新聞	-1.348853	chiaki-synthetic-overlay,reviewed,gpt-5.5-synthetic,synthetic-taiwan-internet-usage
9>2@5_3:	終極一班	-1.599454	chiaki-synthetic-overlay,reviewed,gpt-5.5-synthetic,synthetic-taiwan-internet-usage
9>5E^=0\	中學生網	-2.405671	chiaki-synthetic-overlay,reviewed,gpt-5.5-synthetic,synthetic-taiwan-internet-usage
9><@7i	鍾無艷	-2.394527	chiaki-synthetic-overlay,reviewed,gpt-5.5-synthetic,synthetic-taiwan-internet-usage
9><@7i	鍾無豔	-2.398671	chiaki-synthetic-overlay,reviewed,gpt-5.5-synthetic,synthetic-taiwan-internet-usage
9>=_Dblj	中壢客運	-1.563999	chiaki-synthetic-overlay,reviewed,gpt-5.5-synthetic,synthetic-taiwan-internet-usage
9>=_x7U<	中壢高商	-1.647378	chiaki-synthetic-overlay,reviewed,gpt-5.5-synthetic,synthetic-taiwan-internet-usage
9>C:9Px7	中山女高	-2.577895	chiaki-synthetic-overlay,reviewed,gpt-5.5-synthetic,synthetic-taiwan-internet-usage
9>Kla_1g	中正預校	-2.405693	chiaki-synthetic-overlay,reviewed,gpt-5.5-synthetic,synthetic-taiwan-internet-usage
9>Klx73>	中正高工	-1.306931	chiaki-synthetic-overlay,reviewed,gpt-5.5-synthetic,synthetic-taiwan-internet-usage
9>L9]O6C	中秋禮盒	-2.405749	chiaki-synthetic-overlay,reviewed,gpt-5.5-synthetic,synthetic-taiwan-internet-usage
9>L;qh:P	終身伴侶	-3.200000	chiaki-synthetic-overlay,reviewed,gpt-5.5-synthetic,synthetic-taiwan-daily-usage
9>NXmTha	中友百貨	-1.721253	chiaki-synthetic-overlay,reviewed,gpt-5.5-synthetic,synthetic-taiwan-internet-usage
9>NjwK\0	中信房屋	-1.607625	chiaki-synthetic-overlay,reviewed,gpt-5.5-synthetic,synthetic-taiwan-internet-usage
9>PAF00_	中華醫事	-1.065995	chiaki-synthetic-overlay,reviewed,gpt-5.5-synthetic,synthetic-taiwan-internet-usage
9>PAc=}M	中華英雄	-1.003546	chiaki-synthetic-overlay,reviewed,gpt-5.5-synthetic,synthetic-taiwan-internet-usage
9>RK	忠魂	-3.000000	chiaki-synthetic-overlay,reviewed,gpt-5.5-synthetic,synthetic-taiwan-daily-usage
9>Z<B_Wk	中央氣象	-1.022354	chiaki-synthetic-overlay,reviewed,gpt-5.5-synthetic,synthetic-taiwan-internet-usage
9>q=0WaJ	中興保全	-1.376395	chiaki-synthetic-overlay,reviewed,gpt-5.5-synthetic,synthetic-taiwan-internet-usage
9>tOR0[3	中古機車	-0.575644	chiaki-synthetic-overlay,reviewed,gpt-5.5-synthetic,synthetic-taiwan-internet-usage
9>|J	忠仁	-0.990304	chiaki-synthetic-overlay,reviewed,gpt-5.5-synthetic,synthetic-taiwan-internet-usage
9K0_sK8L	瞵視昂藏	-3.200000	chiaki-synthetic-overlay,reviewed,gpt-5.5-synthetic,synthetic-taiwan-daily-usage
9K2P9>	林宇中	-2.122812	chiaki-synthetic-overlay,reviewed,gpt-5.5-synthetic,synthetic-taiwan-internet-usage
9K5__;	林逸欣	-2.302887	chiaki-synthetic-overlay,reviewed,gpt-5.5-synthetic,synthetic-taiwan-internet-usage
9K;f	臨櫃	-1.4500	chiaki-synthetic-overlay,reviewed,manual-taiwan-daily
9K;fqh]O	臨櫃辦理	-1.3500	chiaki-synthetic-overlay,reviewed,manual-taiwan-daily
9K=[6N	林允兒	-2.395765	chiaki-synthetic-overlay,reviewed,gpt-5.5-synthetic,synthetic-taiwan-internet-usage
9K=fEM	林慧萍	-2.401180	chiaki-synthetic-overlay,reviewed,gpt-5.5-synthetic,synthetic-taiwan-internet-usage
9KBX4LV=	林口長庚	-3.063838	chiaki-synthetic-overlay,reviewed,gpt-5.5-synthetic,synthetic-taiwan-internet-usage
9KRVN@	林葦茹	-2.402015	chiaki-synthetic-overlay,reviewed,gpt-5.5-synthetic,synthetic-taiwan-internet-usage
9KWl	遴定	-3.000000	chiaki-synthetic-overlay,reviewed,gpt-5.5-synthetic,synthetic-taiwan-daily-usage
9K[1_;	林嘉欣	-2.314631	chiaki-synthetic-overlay,reviewed,gpt-5.5-synthetic,synthetic-taiwan-internet-usage
9K_;F0ci	林新醫院	-2.401789	chiaki-synthetic-overlay,reviewed,gpt-5.5-synthetic,synthetic-taiwan-internet-usage
9Kcf4Z	林道遠	-2.397311	chiaki-synthetic-overlay,reviewed,gpt-5.5-synthetic,synthetic-taiwan-internet-usage
9KdR_M	林可彤	-2.396869	chiaki-synthetic-overlay,reviewed,gpt-5.5-synthetic,synthetic-taiwan-internet-usage
9KhjzB	林潤娥	-2.403683	chiaki-synthetic-overlay,reviewed,gpt-5.5-synthetic,synthetic-taiwan-internet-usage
9Koa^P	林若亞	-2.398481	chiaki-synthetic-overlay,reviewed,gpt-5.5-synthetic,synthetic-taiwan-internet-usage
9K}g[1	林宥嘉	-2.394575	chiaki-synthetic-overlay,reviewed,gpt-5.5-synthetic,synthetic-taiwan-internet-usage
9Px7	女高	-3.000000	chiaki-synthetic-overlay,reviewed,gpt-5.5-synthetic,synthetic-taiwan-daily-usage
9P{JRPRP	女神卡卡	-2.768300	chiaki-synthetic-overlay,reviewed,gpt-5.5-synthetic,synthetic-taiwan-internet-usage
9P|J_;0_	女人心事	-1.445817	chiaki-synthetic-overlay,reviewed,gpt-5.5-synthetic,synthetic-taiwan-internet-usage
9RME|J	火柴人	-1.775645	chiaki-synthetic-overlay,reviewed,gpt-5.5-synthetic,synthetic-taiwan-internet-usage
9RaM	火籠	-3.000000	chiaki-synthetic-overlay,reviewed,gpt-5.5-synthetic,synthetic-taiwan-daily-usage
9W=_an	烤栗子	-1.891489	chiaki-synthetic-overlay,reviewed,single-char-collocation
9WEM	考評	-3.000000	chiaki-synthetic-overlay,reviewed,gpt-5.5-synthetic,synthetic-taiwan-daily-usage
9WFf	烤脆	-2.249566	chiaki-synthetic-overlay,reviewed,single-char-collocation
9W[L	烤黃	-1.891489	chiaki-synthetic-overlay,reviewed,single-char-collocation
9Wa_XO	烤玉米	-1.891489	chiaki-synthetic-overlay,reviewed,single-char-collocation
9Wh<4L	烤香腸	-1.891489	chiaki-synthetic-overlay,reviewed,single-char-collocation
9WnkTJ	烤狀猿	-2.399486	chiaki-synthetic-overlay,reviewed,gpt-5.5-synthetic,synthetic-taiwan-internet-usage
9Wq0	烤酥	-2.119280	chiaki-synthetic-overlay,reviewed,single-char-collocation
9WqOE0	烤吐司	-1.891489	chiaki-synthetic-overlay,reviewed,single-char-collocation
9Ws\;:	烤餅乾	-1.891489	chiaki-synthetic-overlay,reviewed,single-char-collocation
9\2aT3ROC_	廣播歌仔戲	-3.450000	chiaki-synthetic-overlay,reviewed,gpt-5.5-synthetic,synthetic-taiwan-daily-usage
9\L_	廣布	-3.000000	chiaki-synthetic-overlay,reviewed,gpt-5.5-synthetic,synthetic-taiwan-daily-usage
9\af	廣袤	-3.000000	chiaki-synthetic-overlay,reviewed,gpt-5.5-synthetic,synthetic-taiwan-daily-usage
9\g5mJS_	廣開門路	-3.200000	chiaki-synthetic-overlay,reviewed,gpt-5.5-synthetic,synthetic-taiwan-daily-usage
9\gf|J	廣告人	-3.100000	chiaki-synthetic-overlay,reviewed,gpt-5.5-synthetic,synthetic-taiwan-daily-usage
9\xg:WEM	廣受好評	-3.200000	chiaki-synthetic-overlay,reviewed,gpt-5.5-synthetic,synthetic-taiwan-daily-usage
9`[3w?	煞車皮	-2.241732	chiaki-synthetic-overlay,reviewed,gpt-5.5-synthetic,synthetic-taiwan-internet-usage
9iB@	騙徒	-3.000000	chiaki-synthetic-overlay,reviewed,gpt-5.5-synthetic,synthetic-taiwan-daily-usage
9j9j	陣陣	-3.000000	chiaki-synthetic-overlay,reviewed,gpt-5.5-synthetic,synthetic-taiwan-daily-usage
9jK6bO6_	振衰起敝	-3.200000	chiaki-synthetic-overlay,reviewed,gpt-5.5-synthetic,synthetic-taiwan-daily-usage
9j\e}^>C	陣內智則	-2.402109	chiaki-synthetic-overlay,reviewed,gpt-5.5-synthetic,synthetic-taiwan-internet-usage
9j^H	陣頭	-2.164475	chiaki-synthetic-overlay,reviewed,gpt-5.5-synthetic,synthetic-taiwan-internet-usage
9jnqhI|J	朕的男人	-2.134907	chiaki-synthetic-overlay,reviewed,gpt-5.5-synthetic,synthetic-taiwan-internet-usage
9juhQM	震旦行	-1.815701	chiaki-synthetic-overlay,reviewed,gpt-5.5-synthetic,synthetic-taiwan-internet-usage
:1CE	吧檯	-3.000000	chiaki-synthetic-overlay,reviewed,gpt-5.5-synthetic,synthetic-taiwan-daily-usage
:1EmG:`f0i	八二三炮戰	-3.450000	chiaki-synthetic-overlay,reviewed,gpt-5.5-synthetic,synthetic-taiwan-daily-usage
:1H<]K2@	八方雲集	-2.315581	chiaki-synthetic-overlay,reviewed,gpt-5.5-synthetic,synthetic-taiwan-internet-usage
:1[1Uk	八家將	-3.100000	chiaki-synthetic-overlay,reviewed,gpt-5.5-synthetic,synthetic-taiwan-daily-usage
:1[1f<	八家將	-2.365611	chiaki-synthetic-overlay,reviewed,gpt-5.5-synthetic,synthetic-taiwan-internet-usage
:1p?G:~I	八十三年	-1.081775	chiaki-synthetic-overlay,reviewed,gpt-5.5-synthetic,synthetic-taiwan-internet-usage
:1wT	八海	-2.023705	chiaki-synthetic-overlay,reviewed,gpt-5.5-synthetic,synthetic-taiwan-internet-usage
:1~I=k0i	八年抗戰	-3.200000	chiaki-synthetic-overlay,reviewed,gpt-5.5-synthetic,synthetic-taiwan-daily-usage
:6QE	歪才	-3.000000	chiaki-synthetic-overlay,reviewed,gpt-5.5-synthetic,synthetic-taiwan-daily-usage
:6zO5_	歪主意	-3.100000	chiaki-synthetic-overlay,reviewed,gpt-5.5-synthetic,synthetic-taiwan-daily-usage
:9~_h<	收納箱	-1.7000	chiaki-synthetic-overlay,reviewed,manual-taiwan-appliance
:<5_	君毅	-2.190655	chiaki-synthetic-overlay,reviewed,gpt-5.5-synthetic,synthetic-taiwan-internet-usage
:<9RU_	軍火酷	-1.737185	chiaki-synthetic-overlay,reviewed,gpt-5.5-synthetic,synthetic-taiwan-internet-usage
:<ac	皸裂	-3.000000	chiaki-synthetic-overlay,reviewed,gpt-5.5-synthetic,synthetic-taiwan-daily-usage
:<bZ	軍品	-3.000000	chiaki-synthetic-overlay,reviewed,gpt-5.5-synthetic,synthetic-taiwan-daily-usage
:>C1j6NZ	沖咖啡粉	-2.253404	chiaki-synthetic-overlay,reviewed,single-char-collocation
:>J18:	沖沙灘	-1.761477	chiaki-synthetic-overlay,reviewed,single-char-collocation
:>LbcV	沖熱水	-1.761477	chiaki-synthetic-overlay,reviewed,single-char-collocation
:>ZO9i	沖底片	-1.761477	chiaki-synthetic-overlay,reviewed,single-char-collocation
:>`f4a	沖泡沫	-1.761477	chiaki-synthetic-overlay,reviewed,single-char-collocation
:>cVZ_	沖水柱	-1.761477	chiaki-synthetic-overlay,reviewed,single-char-collocation
:>mJ:i	充門面	-3.100000	chiaki-synthetic-overlay,reviewed,gpt-5.5-synthetic,synthetic-taiwan-daily-usage
:>sTNZ	沖奶粉	-1.761477	chiaki-synthetic-overlay,reviewed,single-char-collocation
:>th	衝犯	-3.000000	chiaki-synthetic-overlay,reviewed,gpt-5.5-synthetic,synthetic-taiwan-daily-usage
:>~@R0	沖牙機	-1.9000	chiaki-synthetic-overlay,reviewed,manual-taiwan-appliance
:C3@	摺齊	-2.107197	chiaki-synthetic-overlay,reviewed,single-char-collocation
:CF0@@	摺衣服	-2.107197	chiaki-synthetic-overlay,reviewed,single-char-collocation
:CF0mT	摺衣襬	-2.347199	chiaki-synthetic-overlay,reviewed,single-char-collocation
:CNO6C	摺紙盒	-2.107197	chiaki-synthetic-overlay,reviewed,single-char-collocation
:CNOEb	摺紙鶴	-2.529657	chiaki-synthetic-overlay,reviewed,single-char-collocation
:CNONJ	摺紙船	-2.107197	chiaki-synthetic-overlay,reviewed,single-char-collocation
:CNOj6R0	摺紙飛機	-2.681937	chiaki-synthetic-overlay,reviewed,single-char-collocation
:CNjNO	摺信紙	-2.107197	chiaki-synthetic-overlay,reviewed,single-char-collocation
:CVBL7	哲羅鮭	-2.398498	chiaki-synthetic-overlay,reviewed,gpt-5.5-synthetic,synthetic-taiwan-internet-usage
:Can	褶子	-3.000000	chiaki-synthetic-overlay,reviewed,gpt-5.5-synthetic,synthetic-taiwan-daily-usage
:CzIVe	摺棉被	-2.107197	chiaki-synthetic-overlay,reviewed,single-char-collocation
:C|J_;3a	懾人心魄	-3.200000	chiaki-synthetic-overlay,reviewed,gpt-5.5-synthetic,synthetic-taiwan-daily-usage
:L=>RV	楊宗緯	-2.394902	chiaki-synthetic-overlay,reviewed,gpt-5.5-synthetic,synthetic-taiwan-internet-usage
:L>>F:i=	洋蔥餐廳	-1.602641	chiaki-synthetic-overlay,reviewed,gpt-5.5-synthetic,synthetic-taiwan-internet-usage
:LGK	陽文	-3.000000	chiaki-synthetic-overlay,reviewed,gpt-5.5-synthetic,synthetic-taiwan-daily-usage
:LHF2:	楊培安	-2.394855	chiaki-synthetic-overlay,reviewed,gpt-5.5-synthetic,synthetic-taiwan-internet-usage
:LS_	楊鷺	-2.243335	chiaki-synthetic-overlay,reviewed,gpt-5.5-synthetic,synthetic-taiwan-internet-usage
:L^=	揚升	-3.000000	chiaki-synthetic-overlay,reviewed,gpt-5.5-synthetic,synthetic-taiwan-daily-usage
:Lg:cf	陽關道	-3.100000	chiaki-synthetic-overlay,reviewed,gpt-5.5-synthetic,synthetic-taiwan-daily-usage
:LtAn:3_\_	羊膜穿刺術	-3.450000	chiaki-synthetic-overlay,reviewed,gpt-5.5-synthetic,synthetic-taiwan-daily-usage
:Ly<LEhI	陽光宅男	-1.930994	chiaki-synthetic-overlay,reviewed,gpt-5.5-synthetic,synthetic-taiwan-internet-usage
:PVi	鋁罐	-3.000000	chiaki-synthetic-overlay,reviewed,gpt-5.5-synthetic,synthetic-taiwan-daily-usage
:Pl0_;~7	屢出新招	-3.200000	chiaki-synthetic-overlay,reviewed,gpt-5.5-synthetic,synthetic-taiwan-daily-usage
:PnHIXNb	旅遊手冊	-3.200000	chiaki-synthetic-overlay,reviewed,gpt-5.5-synthetic,synthetic-taiwan-daily-usage
:W6TXe	好姊妹	-1.643208	chiaki-synthetic-overlay,reviewed,gpt-5.5-synthetic,synthetic-taiwan-internet-usage
:WBbz?	好樂迪	-2.404484	chiaki-synthetic-overlay,reviewed,gpt-5.5-synthetic,synthetic-taiwan-internet-usage
:W_;?;IX	好心分手	-2.020552	chiaki-synthetic-overlay,reviewed,gpt-5.5-synthetic,synthetic-taiwan-internet-usage
:W{Jt2	好神拖	-3.587689	chiaki-synthetic-overlay,reviewed,gpt-5.5-synthetic,synthetic-taiwan-internet-usage
:_4_CE	第四臺	-3.100000	chiaki-synthetic-overlay,reviewed,gpt-5.5-synthetic,synthetic-taiwan-daily-usage
:_9jNb_f	地震測報	-3.063145	chiaki-synthetic-overlay,reviewed,gpt-5.5-synthetic,synthetic-taiwan-internet-usage
:_:15_\_	第八藝術	-3.200000	chiaki-synthetic-overlay,reviewed,gpt-5.5-synthetic,synthetic-taiwan-daily-usage
:_EM	地坪	-3.000000	chiaki-synthetic-overlay,reviewed,gpt-5.5-synthetic,synthetic-taiwan-daily-usage
:_Emn?Yc	第二職業	-3.200000	chiaki-synthetic-overlay,reviewed,gpt-5.5-synthetic,synthetic-taiwan-daily-usage
:_Emw;	第二春	-3.100000	chiaki-synthetic-overlay,reviewed,gpt-5.5-synthetic,synthetic-taiwan-daily-usage
:_F0C2	第一波	-3.100000	chiaki-synthetic-overlay,reviewed,gpt-5.5-synthetic,synthetic-taiwan-daily-usage
:_F0IPIX	第一把手	-3.200000	chiaki-synthetic-overlay,reviewed,gpt-5.5-synthetic,synthetic-taiwan-daily-usage
:_F0L_	第一步	-3.100000	chiaki-synthetic-overlay,reviewed,gpt-5.5-synthetic,synthetic-taiwan-daily-usage
:_F0WY	第一眼	-3.100000	chiaki-synthetic-overlay,reviewed,gpt-5.5-synthetic,synthetic-taiwan-daily-usage
:_F0_`3>	第一化工	-0.894334	chiaki-synthetic-overlay,reviewed,gpt-5.5-synthetic,synthetic-taiwan-internet-usage
:_F0m_c[	第一劇場	-0.981304	chiaki-synthetic-overlay,reviewed,gpt-5.5-synthetic,synthetic-taiwan-internet-usage
:_F0{JaJ	第一神拳	-1.956027	chiaki-synthetic-overlay,reviewed,gpt-5.5-synthetic,synthetic-taiwan-internet-usage
:_G::_	第三地	-3.100000	chiaki-synthetic-overlay,reviewed,gpt-5.5-synthetic,synthetic-taiwan-daily-usage
:_H<@b9W	地方特考	-1.310242	chiaki-synthetic-overlay,reviewed,gpt-5.5-synthetic,synthetic-taiwan-internet-usage
:_N<	帝康	-1.946728	chiaki-synthetic-overlay,reviewed,gpt-5.5-synthetic,synthetic-taiwan-internet-usage
:_N_	地目	-3.000000	chiaki-synthetic-overlay,reviewed,gpt-5.5-synthetic,synthetic-taiwan-daily-usage
:_PLkGwY	帝王條款	-3.200000	chiaki-synthetic-overlay,reviewed,gpt-5.5-synthetic,synthetic-taiwan-daily-usage
:_ZX5_\_	第九藝術	-3.200000	chiaki-synthetic-overlay,reviewed,gpt-5.5-synthetic,synthetic-taiwan-daily-usage
:_a0	帝都	-3.000000	chiaki-synthetic-overlay,reviewed,gpt-5.5-synthetic,synthetic-taiwan-daily-usage
:_a_of9P	地獄少女	-1.589366	chiaki-synthetic-overlay,reviewed,gpt-5.5-synthetic,synthetic-taiwan-internet-usage
:_}U	地壘	-3.000000	chiaki-synthetic-overlay,reviewed,gpt-5.5-synthetic,synthetic-taiwan-daily-usage
:bKM0_=_	惡靈勢力	-2.401541	chiaki-synthetic-overlay,reviewed,gpt-5.5-synthetic,synthetic-taiwan-internet-usage
:bLP	惡法	-3.000000	chiaki-synthetic-overlay,reviewed,gpt-5.5-synthetic,synthetic-taiwan-daily-usage
:bLj4W	噩盡島	-2.400217	chiaki-synthetic-overlay,reviewed,gpt-5.5-synthetic,synthetic-taiwan-internet-usage
:blg	惡鬥	-3.000000	chiaki-synthetic-overlay,reviewed,gpt-5.5-synthetic,synthetic-taiwan-daily-usage
:b}^	扼制	-3.000000	chiaki-synthetic-overlay,reviewed,gpt-5.5-synthetic,synthetic-taiwan-daily-usage
:ev4	率皆	-3.000000	chiaki-synthetic-overlay,reviewed,gpt-5.5-synthetic,synthetic-taiwan-daily-usage
:hGf	舊歲	-3.000000	chiaki-synthetic-overlay,reviewed,gpt-5.5-synthetic,synthetic-taiwan-daily-usage
:hQM	舊型	-3.000000	chiaki-synthetic-overlay,reviewed,gpt-5.5-synthetic,synthetic-taiwan-daily-usage
:hYZ	就診	-3.000000	chiaki-synthetic-overlay,reviewed,gpt-5.5-synthetic,synthetic-taiwan-daily-usage
:ip7R0	麵包機	-1.7000	chiaki-synthetic-overlay,reviewed,manual-taiwan-appliance
:jRl	襯映	-3.000000	chiaki-synthetic-overlay,reviewed,gpt-5.5-synthetic,synthetic-taiwan-daily-usage
;83>	雕工	-3.000000	chiaki-synthetic-overlay,reviewed,gpt-5.5-synthetic,synthetic-taiwan-daily-usage
;8BL_`ml	雕梁畫棟	-3.200000	chiaki-synthetic-overlay,reviewed,gpt-5.5-synthetic,synthetic-taiwan-daily-usage
;8DbUk	雕刻匠	-3.100000	chiaki-synthetic-overlay,reviewed,gpt-5.5-synthetic,synthetic-taiwan-daily-usage
;8wK	碉房	-3.000000	chiaki-synthetic-overlay,reviewed,gpt-5.5-synthetic,synthetic-taiwan-daily-usage
;:AW`_	干擾素	-3.100000	chiaki-synthetic-overlay,reviewed,gpt-5.5-synthetic,synthetic-taiwan-daily-usage
;:BL	甘涼	-3.000000	chiaki-synthetic-overlay,reviewed,gpt-5.5-synthetic,synthetic-taiwan-daily-usage
;:F0R0	乾衣機	-1.7000	chiaki-synthetic-overlay,reviewed,manual-taiwan-appliance
;:WK	甘醇	-3.000000	chiaki-synthetic-overlay,reviewed,gpt-5.5-synthetic,synthetic-taiwan-daily-usage
;:a_	肝鬱	-3.000000	chiaki-synthetic-overlay,reviewed,gpt-5.5-synthetic,synthetic-taiwan-daily-usage
;:hj	甘潤	-3.000000	chiaki-synthetic-overlay,reviewed,gpt-5.5-synthetic,synthetic-taiwan-daily-usage
;:if	乾耗	-3.000000	chiaki-synthetic-overlay,reviewed,gpt-5.5-synthetic,synthetic-taiwan-daily-usage
;;C7SlA_	恩威並濟	-3.200000	chiaki-synthetic-overlay,reviewed,gpt-5.5-synthetic,synthetic-taiwan-daily-usage
;;X=	嗯哼	-2.394585	chiaki-synthetic-overlay,reviewed,gpt-5.5-synthetic,synthetic-taiwan-internet-usage
;;aO}^	恩給制	-3.100000	chiaki-synthetic-overlay,reviewed,gpt-5.5-synthetic,synthetic-taiwan-daily-usage
;AAM\0	夾層屋	-3.100000	chiaki-synthetic-overlay,reviewed,gpt-5.5-synthetic,synthetic-taiwan-daily-usage
;AQWt2	夾腳拖	-3.100000	chiaki-synthetic-overlay,reviewed,gpt-5.5-synthetic,synthetic-taiwan-daily-usage
;AsI6NNO	戛然而止	-3.200000	chiaki-synthetic-overlay,reviewed,gpt-5.5-synthetic,synthetic-taiwan-daily-usage
;_11t7	剃鬚刀	-3.100000	chiaki-synthetic-overlay,reviewed,gpt-5.5-synthetic,synthetic-taiwan-daily-usage
;_=_	惕勵	-3.000000	chiaki-synthetic-overlay,reviewed,gpt-5.5-synthetic,synthetic-taiwan-daily-usage
;_Efx7:L	替罪羔羊	-3.200000	chiaki-synthetic-overlay,reviewed,gpt-5.5-synthetic,synthetic-taiwan-daily-usage
;_G@an	剃鬍子	-2.495252	chiaki-synthetic-overlay,reviewed,single-char-collocation
;_IFRG	剃眉毛	-2.495252	chiaki-synthetic-overlay,reviewed,single-char-collocation
;_]em_L`	涕淚俱下	-3.200000	chiaki-synthetic-overlay,reviewed,gpt-5.5-synthetic,synthetic-taiwan-daily-usage
;_^HUk	剃頭匠	-3.100000	chiaki-synthetic-overlay,reviewed,gpt-5.5-synthetic,synthetic-taiwan-daily-usage
;_^Ht7	剃頭刀	-3.100000	chiaki-synthetic-overlay,reviewed,gpt-5.5-synthetic,synthetic-taiwan-daily-usage
;_^Huhan	剃頭擔子	-3.200000	chiaki-synthetic-overlay,reviewed,gpt-5.5-synthetic,synthetic-taiwan-daily-usage
;_^Hw?	剃頭皮	-2.495252	chiaki-synthetic-overlay,reviewed,single-char-collocation
;_an	屜子	-3.000000	chiaki-synthetic-overlay,reviewed,gpt-5.5-synthetic,synthetic-taiwan-daily-usage
;_lIRG	剃汗毛	-2.495252	chiaki-synthetic-overlay,reviewed,single-char-collocation
;_y<^H	剃光頭	-2.495252	chiaki-synthetic-overlay,reviewed,single-char-collocation
;fO@0_[1	貴族世家	-2.024600	chiaki-synthetic-overlay,reviewed,gpt-5.5-synthetic,synthetic-taiwan-internet-usage
;fO_SdSd	貴婦奈奈	-3.953174	chiaki-synthetic-overlay,reviewed,gpt-5.5-synthetic,synthetic-taiwan-internet-usage
;fR0Ei	會稽縣	-3.100000	chiaki-synthetic-overlay,reviewed,gpt-5.5-synthetic,synthetic-taiwan-daily-usage
;fVi:PnH	桂冠旅遊	-1.178760	chiaki-synthetic-overlay,reviewed,gpt-5.5-synthetic,synthetic-taiwan-internet-usage
;fpa	跪坐	-3.000000	chiaki-synthetic-overlay,reviewed,gpt-5.5-synthetic,synthetic-taiwan-daily-usage
;f}O	跪乳	-3.000000	chiaki-synthetic-overlay,reviewed,gpt-5.5-synthetic,synthetic-taiwan-daily-usage
;j[H4MRi	慎謀能斷	-3.200000	chiaki-synthetic-overlay,reviewed,gpt-5.5-synthetic,synthetic-taiwan-daily-usage
;ksh6dy<	浪漫月光	-1.478837	chiaki-synthetic-overlay,reviewed,gpt-5.5-synthetic,synthetic-taiwan-internet-usage
<1<10W0W	媽媽寶寶	-1.275139	chiaki-synthetic-overlay,reviewed,gpt-5.5-synthetic,synthetic-taiwan-internet-usage
<1<11g0_	媽媽教室	-0.930154	chiaki-synthetic-overlay,reviewed,gpt-5.5-synthetic,synthetic-taiwan-internet-usage
<84>	挑空	-3.000000	chiaki-synthetic-overlay,reviewed,gpt-5.5-synthetic,synthetic-taiwan-daily-usage
<8x7	挑高	-3.000000	chiaki-synthetic-overlay,reviewed,gpt-5.5-synthetic,synthetic-taiwan-daily-usage
<8|_BL	挑大梁	-3.100000	chiaki-synthetic-overlay,reviewed,gpt-5.5-synthetic,synthetic-taiwan-daily-usage
<:?9	堪憂	-3.000000	chiaki-synthetic-overlay,reviewed,gpt-5.5-synthetic,synthetic-taiwan-daily-usage
<:i_	堪慮	-3.000000	chiaki-synthetic-overlay,reviewed,gpt-5.5-synthetic,synthetic-taiwan-daily-usage
<;S<	賁張	-3.000000	chiaki-synthetic-overlay,reviewed,gpt-5.5-synthetic,synthetic-taiwan-daily-usage
<;o?N@NF	奔馳如雷	-3.200000	chiaki-synthetic-overlay,reviewed,gpt-5.5-synthetic,synthetic-taiwan-daily-usage
<<0`yg	熏臘肉	-2.300068	chiaki-synthetic-overlay,reviewed,single-char-collocation
<<3E	勛爵	-3.000000	chiaki-synthetic-overlay,reviewed,gpt-5.5-synthetic,synthetic-taiwan-daily-usage
<<9RXV	熏火腿	-2.300068	chiaki-synthetic-overlay,reviewed,single-char-collocation
<<HFD;	熏培根	-2.300068	chiaki-synthetic-overlay,reviewed,single-char-collocation
<<N_	薰沐	-3.000000	chiaki-synthetic-overlay,reviewed,gpt-5.5-synthetic,synthetic-taiwan-daily-usage
<<a_	葷粥	-3.000000	chiaki-synthetic-overlay,reviewed,gpt-5.5-synthetic,synthetic-taiwan-daily-usage
<<h<4L	熏香腸	-2.300068	chiaki-synthetic-overlay,reviewed,single-char-collocation
<<sI	薰然	-3.000000	chiaki-synthetic-overlay,reviewed,gpt-5.5-synthetic,synthetic-taiwan-daily-usage
<<x@Yc	熏茶葉	-2.300068	chiaki-synthetic-overlay,reviewed,single-char-collocation
<@0\<@{l	毋枉毋縱	-3.200000	chiaki-synthetic-overlay,reviewed,gpt-5.5-synthetic,synthetic-taiwan-daily-usage
<@11	毋須	-3.000000	chiaki-synthetic-overlay,reviewed,gpt-5.5-synthetic,synthetic-taiwan-daily-usage
<@5_	無射	-3.000000	chiaki-synthetic-overlay,reviewed,gpt-5.5-synthetic,synthetic-taiwan-daily-usage
<@=_J;	吳莉貞	-1.927977	chiaki-synthetic-overlay,reviewed,gpt-5.5-synthetic,synthetic-taiwan-internet-usage
<@DbjK	吳克群	-0.504850	chiaki-synthetic-overlay,reviewed,gpt-5.5-synthetic,synthetic-taiwan-internet-usage
<@Ul3@0_	吾命騎士	-2.400390	chiaki-synthetic-overlay,reviewed,gpt-5.5-synthetic,synthetic-taiwan-internet-usage
<@rA}M	吳伯雄	-2.404356	chiaki-synthetic-overlay,reviewed,gpt-5.5-synthetic,synthetic-taiwan-internet-usage
<@uH}Y6d	吳牛喘月	-3.200000	chiaki-synthetic-overlay,reviewed,gpt-5.5-synthetic,synthetic-taiwan-daily-usage
<@zO{?	吾主題	-1.345504	chiaki-synthetic-overlay,reviewed,gpt-5.5-synthetic,synthetic-taiwan-internet-usage
<CCiWKg<	舌劍脣槍	-3.200000	chiaki-synthetic-overlay,reviewed,gpt-5.5-synthetic,synthetic-taiwan-daily-usage
<CNj	蛇信	-3.000000	chiaki-synthetic-overlay,reviewed,gpt-5.5-synthetic,synthetic-taiwan-daily-usage
<CV=	舌耕	-3.000000	chiaki-synthetic-overlay,reviewed,gpt-5.5-synthetic,synthetic-taiwan-daily-usage
<Cx4_;4L	蛇蠍心腸	-3.200000	chiaki-synthetic-overlay,reviewed,gpt-5.5-synthetic,synthetic-taiwan-daily-usage
<[d=:CUk	損兵折將	-3.200000	chiaki-synthetic-overlay,reviewed,gpt-5.5-synthetic,synthetic-taiwan-daily-usage
<_Wk3>[3	逆向公車	-3.200000	chiaki-synthetic-overlay,reviewed,gpt-5.5-synthetic,synthetic-taiwan-daily-usage
<__f	匿報	-3.000000	chiaki-synthetic-overlay,reviewed,gpt-5.5-synthetic,synthetic-taiwan-daily-usage
<fUi	潰亂	-3.000000	chiaki-synthetic-overlay,reviewed,gpt-5.5-synthetic,synthetic-taiwan-daily-usage
<fsI6Nvh	喟然而嘆	-3.200000	chiaki-synthetic-overlay,reviewed,gpt-5.5-synthetic,synthetic-taiwan-daily-usage
<fvh	喟嘆	-3.000000	chiaki-synthetic-overlay,reviewed,gpt-5.5-synthetic,synthetic-taiwan-daily-usage
<h6Cp7	繡荷包	-1.466949	chiaki-synthetic-overlay,reviewed,single-char-collocation
<hB@ph	繡圖案	-1.466949	chiaki-synthetic-overlay,reviewed,single-char-collocation
<hE0y_	繡絲帕	-2.221742	chiaki-synthetic-overlay,reviewed,single-char-collocation
<hFM2_	繡名字	-1.466949	chiaki-synthetic-overlay,reviewed,single-char-collocation
<hWk	繡像	-3.000000	chiaki-synthetic-overlay,reviewed,gpt-5.5-synthetic,synthetic-taiwan-daily-usage
<hcVx73>	秀水高工	-1.837488	chiaki-synthetic-overlay,reviewed,gpt-5.5-synthetic,synthetic-taiwan-internet-usage
<hc[	秀場	-3.000000	chiaki-synthetic-overlay,reviewed,gpt-5.5-synthetic,synthetic-taiwan-daily-usage
<hlZ3@	繡錦旗	-1.667418	chiaki-synthetic-overlay,reviewed,single-char-collocation
<hlg	秀逗	-3.000000	chiaki-synthetic-overlay,reviewed,gpt-5.5-synthetic,synthetic-taiwan-daily-usage
<hp13R	繡花朵	-1.466949	chiaki-synthetic-overlay,reviewed,single-char-collocation
<i4k@Z	電棒捲	-1.9000	chiaki-synthetic-overlay,reviewed,manual-taiwan-appliance
<iGY	電毯	-3.000000	chiaki-synthetic-overlay,reviewed,gpt-5.5-synthetic,synthetic-taiwan-daily-usage
<iL0:_a_	電梯地獄	-1.727864	chiaki-synthetic-overlay,reviewed,gpt-5.5-synthetic,synthetic-taiwan-internet-usage
<iLbGY	電熱毯	-1.9000	chiaki-synthetic-overlay,reviewed,manual-taiwan-appliance
<iLbcVB_	電熱水器	-1.7000	chiaki-synthetic-overlay,reviewed,manual-taiwan-appliance
<iLbcVEM	電熱水瓶	-1.9000	chiaki-synthetic-overlay,reviewed,manual-taiwan-appliance
<iQ;kO?P	電音舞曲	-2.802376	chiaki-synthetic-overlay,reviewed,gpt-5.5-synthetic,synthetic-taiwan-internet-usage
<iRO=1vf	電子發票	-1.1000	chiaki-synthetic-overlay,reviewed,manual-taiwan-daily
<iS<	店章	-3.000000	chiaki-synthetic-overlay,reviewed,gpt-5.5-synthetic,synthetic-taiwan-daily-usage
<imlR0[3	電動機車	-1.222086	chiaki-synthetic-overlay,reviewed,gpt-5.5-synthetic,synthetic-taiwan-internet-usage
<iml~@v1	電動牙刷	-1.5000	chiaki-synthetic-overlay,reviewed,manual-taiwan-appliance
<inO	電母	-3.000000	chiaki-synthetic-overlay,reviewed,gpt-5.5-synthetic,synthetic-taiwan-daily-usage
<ir\I7Ci	電影推薦	-0.666082	chiaki-synthetic-overlay,reviewed,gpt-5.5-synthetic,synthetic-taiwan-internet-usage
<ir\ecof	電影介紹	-1.041680	chiaki-synthetic-overlay,reviewed,gpt-5.5-synthetic,synthetic-taiwan-internet-usage
<itYB_	電暖器	-1.5000	chiaki-synthetic-overlay,reviewed,manual-taiwan-appliance
=1GK2_if	發文字號	-1.5500	chiaki-synthetic-overlay,reviewed,manual-official-document
=1vf_dm_	發票載具	-1.2500	chiaki-synthetic-overlay,reviewed,manual-taiwan-daily
=:|J	憨人	-2.389008	chiaki-synthetic-overlay,reviewed,gpt-5.5-synthetic,synthetic-taiwan-internet-usage
=>KX	縱走	-3.000000	chiaki-synthetic-overlay,reviewed,gpt-5.5-synthetic,synthetic-taiwan-daily-usage
=>z?	宗迪	-2.361794	chiaki-synthetic-overlay,reviewed,gpt-5.5-synthetic,synthetic-taiwan-internet-usage
=@Em[1	不二家	-2.069546	chiaki-synthetic-overlay,reviewed,gpt-5.5-synthetic,synthetic-taiwan-internet-usage
=@Ldqq	不愛了	-2.070604	chiaki-synthetic-overlay,reviewed,gpt-5.5-synthetic,synthetic-taiwan-internet-usage
=A6J	挾嫌	-3.000000	chiaki-synthetic-overlay,reviewed,gpt-5.5-synthetic,synthetic-taiwan-daily-usage
=AB_;:]K	俠氣干雲	-3.200000	chiaki-synthetic-overlay,reviewed,gpt-5.5-synthetic,synthetic-taiwan-daily-usage
=AtOjH4L	俠骨柔腸	-3.200000	chiaki-synthetic-overlay,reviewed,gpt-5.5-synthetic,synthetic-taiwan-daily-usage
=M2P\Y	成語典	-2.019458	chiaki-synthetic-overlay,reviewed,gpt-5.5-synthetic,synthetic-taiwan-internet-usage
=M2Pqfm_	成語造句	-2.293703	chiaki-synthetic-overlay,reviewed,gpt-5.5-synthetic,synthetic-taiwan-internet-usage
=M3>3>U<	成功工商	-1.029843	chiaki-synthetic-overlay,reviewed,gpt-5.5-synthetic,synthetic-taiwan-internet-usage
=M6C	呈核	-1.6000	chiaki-synthetic-overlay,reviewed,manual-official-document
=M7k	盛放	-3.000000	chiaki-synthetic-overlay,reviewed,gpt-5.5-synthetic,synthetic-taiwan-daily-usage
=M:bu[2i	懲惡獎善	-3.200000	chiaki-synthetic-overlay,reviewed,gpt-5.5-synthetic,synthetic-taiwan-daily-usage
=MNjTJ>C	誠信原則	-3.200000	chiaki-synthetic-overlay,reviewed,gpt-5.5-synthetic,synthetic-taiwan-daily-usage
=MbZm0^@	誠品書局	-1.531782	chiaki-synthetic-overlay,reviewed,gpt-5.5-synthetic,synthetic-taiwan-internet-usage
=Mpg	承購	-3.000000	chiaki-synthetic-overlay,reviewed,gpt-5.5-synthetic,synthetic-taiwan-daily-usage
=Mqh1=BX	承辦窗口	-1.3500	chiaki-synthetic-overlay,reviewed,manual-office
=X3aX<M>	斗破蒼穹	-4.509412	chiaki-synthetic-overlay,reviewed,gpt-5.5-synthetic,synthetic-taiwan-internet-usage
=X78	斗杓	-3.000000	chiaki-synthetic-overlay,reviewed,gpt-5.5-synthetic,synthetic-taiwan-daily-usage
=X=_	陡立	-3.000000	chiaki-synthetic-overlay,reviewed,gpt-5.5-synthetic,synthetic-taiwan-daily-usage
=XXD	陡斜	-3.000000	chiaki-synthetic-overlay,reviewed,gpt-5.5-synthetic,synthetic-taiwan-daily-usage
=XXV	抖腿	-3.000000	chiaki-synthetic-overlay,reviewed,gpt-5.5-synthetic,synthetic-taiwan-daily-usage
=X`=	陡增	-3.000000	chiaki-synthetic-overlay,reviewed,gpt-5.5-synthetic,synthetic-taiwan-daily-usage
=[6N	允兒	-2.247863	chiaki-synthetic-overlay,reviewed,gpt-5.5-synthetic,synthetic-taiwan-internet-usage
=_0C|_5E	立德大學	-1.720580	chiaki-synthetic-overlay,reviewed,gpt-5.5-synthetic,synthetic-taiwan-internet-usage
=_2@JYxj	痢疾桿菌	-3.200000	chiaki-synthetic-overlay,reviewed,gpt-5.5-synthetic,synthetic-taiwan-daily-usage
=_68	力邀	-3.000000	chiaki-synthetic-overlay,reviewed,gpt-5.5-synthetic,synthetic-taiwan-daily-usage
=_=_cV7R	莉莉水果	-1.739631	chiaki-synthetic-overlay,reviewed,gpt-5.5-synthetic,synthetic-taiwan-internet-usage
=_?E	立牌	-1.176899	chiaki-synthetic-overlay,reviewed,benchmark-miss-rerank,domain-term
=_PL	麗王	-2.006725	chiaki-synthetic-overlay,reviewed,gpt-5.5-synthetic,synthetic-taiwan-internet-usage
=_POFMs?	歷史名詞	-3.200000	chiaki-synthetic-overlay,reviewed,gpt-5.5-synthetic,synthetic-taiwan-daily-usage
=_[3H<	麗車坊	-2.405412	chiaki-synthetic-overlay,reviewed,gpt-5.5-synthetic,synthetic-taiwan-internet-usage
=_c=wK	麗嬰房	-2.398292	chiaki-synthetic-overlay,reviewed,gpt-5.5-synthetic,synthetic-taiwan-internet-usage
=_kM	立榮	-2.199601	chiaki-synthetic-overlay,reviewed,gpt-5.5-synthetic,synthetic-taiwan-internet-usage
=_kM~K4>	立榮航空	-2.397817	chiaki-synthetic-overlay,reviewed,gpt-5.5-synthetic,synthetic-taiwan-internet-usage
=_o=	力晶	-0.849468	chiaki-synthetic-overlay,reviewed,gpt-5.5-synthetic,synthetic-taiwan-internet-usage
=_qa	力挫	-3.000000	chiaki-synthetic-overlay,reviewed,gpt-5.5-synthetic,synthetic-taiwan-daily-usage
=_rh	力拚	-3.000000	chiaki-synthetic-overlay,reviewed,gpt-5.5-synthetic,synthetic-taiwan-daily-usage
=_{f	利尿	-3.000000	chiaki-synthetic-overlay,reviewed,gpt-5.5-synthetic,synthetic-taiwan-daily-usage
=_}^9>5E	立志中學	-1.629574	chiaki-synthetic-overlay,reviewed,gpt-5.5-synthetic,synthetic-taiwan-internet-usage
=f<:	會勘	-3.000000	chiaki-synthetic-overlay,reviewed,gpt-5.5-synthetic,synthetic-taiwan-daily-usage
=fA0	繪師	-1.099748	chiaki-synthetic-overlay,reviewed,benchmark-miss-rerank,domain-term
=fGKx79>	惠文高中	-2.395522	chiaki-synthetic-overlay,reviewed,gpt-5.5-synthetic,synthetic-taiwan-internet-usage
=fTJ_dm_	會員載具	-1.4500	chiaki-synthetic-overlay,reviewed,manual-taiwan-daily
=fU:	會簽	-1.4500	chiaki-synthetic-overlay,reviewed,manual-official-document
=fe0	蟪蛄	-3.000000	chiaki-synthetic-overlay,reviewed,gpt-5.5-synthetic,synthetic-taiwan-daily-usage
=fn?	蕙質	-3.000000	chiaki-synthetic-overlay,reviewed,gpt-5.5-synthetic,synthetic-taiwan-daily-usage
=fwI	穢言	-3.000000	chiaki-synthetic-overlay,reviewed,gpt-5.5-synthetic,synthetic-taiwan-daily-usage
=k?9a_tf	抗憂鬱藥	-3.200000	chiaki-synthetic-overlay,reviewed,gpt-5.5-synthetic,synthetic-taiwan-daily-usage
=kJM8TA_	抗凝血劑	-3.200000	chiaki-synthetic-overlay,reviewed,gpt-5.5-synthetic,synthetic-taiwan-daily-usage
>18i[3	搭便車	-3.100000	chiaki-synthetic-overlay,reviewed,gpt-5.5-synthetic,synthetic-taiwan-daily-usage
>1rG	搭橋	-3.000000	chiaki-synthetic-overlay,reviewed,gpt-5.5-synthetic,synthetic-taiwan-daily-usage
>1yf	搭調	-3.000000	chiaki-synthetic-overlay,reviewed,gpt-5.5-synthetic,synthetic-taiwan-daily-usage
>1~\	搭景	-3.000000	chiaki-synthetic-overlay,reviewed,gpt-5.5-synthetic,synthetic-taiwan-daily-usage
>9CRf04L	搜索枯腸	-3.200000	chiaki-synthetic-overlay,reviewed,gpt-5.5-synthetic,synthetic-taiwan-daily-usage
>;M7	悶虧	-3.000000	chiaki-synthetic-overlay,reviewed,gpt-5.5-synthetic,synthetic-taiwan-daily-usage
>;_j	悶棍	-3.000000	chiaki-synthetic-overlay,reviewed,gpt-5.5-synthetic,synthetic-taiwan-daily-usage
>;th	燜飯	-2.677869	chiaki-synthetic-overlay,reviewed,single-char-collocation
>;yg	燜肉	-2.677869	chiaki-synthetic-overlay,reviewed,single-char-collocation
>>FMKM=_	聰明伶俐	-3.200000	chiaki-synthetic-overlay,reviewed,gpt-5.5-synthetic,synthetic-taiwan-daily-usage
>@>@	僕僕	-3.000000	chiaki-synthetic-overlay,reviewed,gpt-5.5-synthetic,synthetic-taiwan-daily-usage
>@Nj=f	朴信惠	-2.403155	chiaki-synthetic-overlay,reviewed,gpt-5.5-synthetic,synthetic-taiwan-internet-usage
>@VX?0C0	蒲柳之姿	-3.200000	chiaki-synthetic-overlay,reviewed,gpt-5.5-synthetic,synthetic-taiwan-daily-usage
>@p?<@PA	樸實無華	-3.200000	chiaki-synthetic-overlay,reviewed,gpt-5.5-synthetic,synthetic-taiwan-daily-usage
>@wl	葡眾	-2.404490	chiaki-synthetic-overlay,reviewed,gpt-5.5-synthetic,synthetic-taiwan-internet-usage
>@|_C7	濮大威	-2.395205	chiaki-synthetic-overlay,reviewed,gpt-5.5-synthetic,synthetic-taiwan-internet-usage
>@}IEi	莆田縣	-3.100000	chiaki-synthetic-overlay,reviewed,gpt-5.5-synthetic,synthetic-taiwan-daily-usage
>C>C]=:W	嘖嘖稱好	-3.200000	chiaki-synthetic-overlay,reviewed,gpt-5.5-synthetic,synthetic-taiwan-daily-usage
>CJF6N0_	擇肥而噬	-3.200000	chiaki-synthetic-overlay,reviewed,gpt-5.5-synthetic,synthetic-taiwan-daily-usage
>CO_	責付	-3.000000	chiaki-synthetic-overlay,reviewed,gpt-5.5-synthetic,synthetic-taiwan-daily-usage
>E<1<1	白媽媽	-1.743155	chiaki-synthetic-overlay,reviewed,gpt-5.5-synthetic,synthetic-taiwan-internet-usage
>EQG	白袍	-3.000000	chiaki-synthetic-overlay,reviewed,gpt-5.5-synthetic,synthetic-taiwan-daily-usage
>EUk	白醬	-3.000000	chiaki-synthetic-overlay,reviewed,gpt-5.5-synthetic,synthetic-taiwan-daily-usage
>E_;=f	白歆惠	-2.394269	chiaki-synthetic-overlay,reviewed,gpt-5.5-synthetic,synthetic-taiwan-internet-usage
>EiI0_	白蘭氏	-1.864728	chiaki-synthetic-overlay,reviewed,gpt-5.5-synthetic,synthetic-taiwan-internet-usage
>Jlj1U	玩運彩	-3.777666	chiaki-synthetic-overlay,reviewed,gpt-5.5-synthetic,synthetic-taiwan-internet-usage
>Jw?_f	頑皮豹	-2.260306	chiaki-synthetic-overlay,reviewed,gpt-5.5-synthetic,synthetic-taiwan-internet-usage
>K5_	勤益	-1.608636	chiaki-synthetic-overlay,reviewed,gpt-5.5-synthetic,synthetic-taiwan-internet-usage
>K@@	擒伏	-3.000000	chiaki-synthetic-overlay,reviewed,gpt-5.5-synthetic,synthetic-taiwan-daily-usage
>KKlLd4K	勤政愛民	-3.200000	chiaki-synthetic-overlay,reviewed,gpt-5.5-synthetic,synthetic-taiwan-daily-usage
>KLj?0:W	秦晉之好	-3.200000	chiaki-synthetic-overlay,reviewed,gpt-5.5-synthetic,synthetic-taiwan-daily-usage
>KO]	秦俑	-3.000000	chiaki-synthetic-overlay,reviewed,gpt-5.5-synthetic,synthetic-taiwan-daily-usage
>KOb?0:W	琴瑟之好	-3.200000	chiaki-synthetic-overlay,reviewed,gpt-5.5-synthetic,synthetic-taiwan-daily-usage
>KxU=MbZ	勤美誠品	-2.198676	chiaki-synthetic-overlay,reviewed,gpt-5.5-synthetic,synthetic-taiwan-internet-usage
>McV	澠水	-3.000000	chiaki-synthetic-overlay,reviewed,gpt-5.5-synthetic,synthetic-taiwan-daily-usage
>P>P	踽踽	-3.000000	chiaki-synthetic-overlay,reviewed,gpt-5.5-synthetic,synthetic-taiwan-daily-usage
>PCi	舉荐	-3.000000	chiaki-synthetic-overlay,reviewed,gpt-5.5-synthetic,synthetic-taiwan-daily-usage
>PEi	莒縣	-3.000000	chiaki-synthetic-overlay,reviewed,gpt-5.5-synthetic,synthetic-taiwan-daily-usage
>PTJ	枸櫞	-3.000000	chiaki-synthetic-overlay,reviewed,gpt-5.5-synthetic,synthetic-taiwan-daily-usage
>PoawTzI	蒟蒻海綿	-2.405962	chiaki-synthetic-overlay,reviewed,gpt-5.5-synthetic,synthetic-taiwan-internet-usage
>WBban	找樂子	-3.100000	chiaki-synthetic-overlay,reviewed,gpt-5.5-synthetic,synthetic-taiwan-daily-usage
>WCEv4L`	找臺階下	-3.200000	chiaki-synthetic-overlay,reviewed,gpt-5.5-synthetic,synthetic-taiwan-daily-usage
>]T:0_	董監事	-3.100000	chiaki-synthetic-overlay,reviewed,gpt-5.5-synthetic,synthetic-taiwan-daily-usage
>`Rdo=6C=f	亞太經合會	-3.450000	chiaki-synthetic-overlay,reviewed,gpt-5.5-synthetic,synthetic-taiwan-daily-usage
>dA0rA=M	略施薄懲	-3.200000	chiaki-synthetic-overlay,reviewed,gpt-5.5-synthetic,synthetic-taiwan-daily-usage
>dNXe]GK	略有耳聞	-3.200000	chiaki-synthetic-overlay,reviewed,gpt-5.5-synthetic,synthetic-taiwan-daily-usage
>dp?iR	掠食者	-3.100000	chiaki-synthetic-overlay,reviewed,gpt-5.5-synthetic,synthetic-taiwan-daily-usage
>dr\	掠影	-3.000000	chiaki-synthetic-overlay,reviewed,gpt-5.5-synthetic,synthetic-taiwan-daily-usage
>i=_	念力	-3.000000	chiaki-synthetic-overlay,reviewed,gpt-5.5-synthetic,synthetic-taiwan-daily-usage
>i>E	念白	-3.000000	chiaki-synthetic-overlay,reviewed,gpt-5.5-synthetic,synthetic-taiwan-daily-usage
?02_L_{?	隻字不提	-3.200000	chiaki-synthetic-overlay,reviewed,gpt-5.5-synthetic,synthetic-taiwan-daily-usage
?0:W	織好	-1.784422	chiaki-synthetic-overlay,reviewed,single-char-collocation
?0KZ7WJD	知本老爺	-1.946770	chiaki-synthetic-overlay,reviewed,gpt-5.5-synthetic,synthetic-taiwan-internet-usage
?0L_WO	織布匹	-1.784422	chiaki-synthetic-overlay,reviewed,single-char-collocation
?0R@0\	織漁網	-1.784422	chiaki-synthetic-overlay,reviewed,single-char-collocation
?0RGEi	織毛線	-1.784422	chiaki-synthetic-overlay,reviewed,single-char-collocation
?0Z_	支助	-3.000000	chiaki-synthetic-overlay,reviewed,gpt-5.5-synthetic,synthetic-taiwan-daily-usage
?0[O2PwI	肢體語言	-3.200000	chiaki-synthetic-overlay,reviewed,gpt-5.5-synthetic,synthetic-taiwan-daily-usage
?0k@i_lg	芝麻綠豆	-3.200000	chiaki-synthetic-overlay,reviewed,gpt-5.5-synthetic,synthetic-taiwan-daily-usage
?0rF];	織圍巾	-1.784422	chiaki-synthetic-overlay,reviewed,single-char-collocation
?0}UE0	織蕾絲	-1.784422	chiaki-synthetic-overlay,reviewed,single-char-collocation
?1\y	牠們	-3.000000	chiaki-synthetic-overlay,reviewed,gpt-5.5-synthetic,synthetic-taiwan-daily-usage
?94aNd7f	幽默派對	-1.998659	chiaki-synthetic-overlay,reviewed,gpt-5.5-synthetic,synthetic-taiwan-internet-usage
?96J2__d	悠閒自在	-3.200000	chiaki-synthetic-overlay,reviewed,gpt-5.5-synthetic,synthetic-taiwan-daily-usage
?9?9	呦呦	-3.000000	chiaki-synthetic-overlay,reviewed,gpt-5.5-synthetic,synthetic-taiwan-daily-usage
?9S0	憂戚	-3.000000	chiaki-synthetic-overlay,reviewed,gpt-5.5-synthetic,synthetic-taiwan-daily-usage
?9nH	優游	-3.000000	chiaki-synthetic-overlay,reviewed,gpt-5.5-synthetic,synthetic-taiwan-daily-usage
?9nHO_	悠遊付	-1.3000	chiaki-synthetic-overlay,reviewed,manual-taiwan-daily
?9xUDb	優美克	-1.882080	chiaki-synthetic-overlay,reviewed,gpt-5.5-synthetic,synthetic-taiwan-internet-usage
?;?;	雰雰	-3.000000	chiaki-synthetic-overlay,reviewed,gpt-5.5-synthetic,synthetic-taiwan-daily-usage
?;?;6L6L	紛紛攘攘	-3.200000	chiaki-synthetic-overlay,reviewed,gpt-5.5-synthetic,synthetic-taiwan-daily-usage
?;IX3eBb	分手快樂	-1.476271	chiaki-synthetic-overlay,reviewed,gpt-5.5-synthetic,synthetic-taiwan-internet-usage
?;eI	紛繁	-3.000000	chiaki-synthetic-overlay,reviewed,gpt-5.5-synthetic,synthetic-taiwan-daily-usage
?;}?0_d\B_	分離式冷氣	-1.9000	chiaki-synthetic-overlay,reviewed,manual-taiwan-appliance
?>C:3>`M	松山工農	-2.027801	chiaki-synthetic-overlay,reviewed,gpt-5.5-synthetic,synthetic-taiwan-internet-usage
?>C:[1U<	松山家商	-1.822651	chiaki-synthetic-overlay,reviewed,gpt-5.5-synthetic,synthetic-taiwan-internet-usage
?>C:x79>	松山高中	-1.230578	chiaki-synthetic-overlay,reviewed,gpt-5.5-synthetic,synthetic-taiwan-internet-usage
?>EbwI~I	松鶴延年	-3.200000	chiaki-synthetic-overlay,reviewed,gpt-5.5-synthetic,synthetic-taiwan-daily-usage
?>M<	松崗	-2.315010	chiaki-synthetic-overlay,reviewed,gpt-5.5-synthetic,synthetic-taiwan-internet-usage
?>QEEiiM	松材線蟲	-3.200000	chiaki-synthetic-overlay,reviewed,gpt-5.5-synthetic,synthetic-taiwan-daily-usage
?>s\R0	鬆餅機	-1.9000	chiaki-synthetic-overlay,reviewed,manual-taiwan-appliance
?>xg	嵩壽	-3.000000	chiaki-synthetic-overlay,reviewed,gpt-5.5-synthetic,synthetic-taiwan-daily-usage
?EI1	排插	-1.7000	chiaki-synthetic-overlay,reviewed,manual-taiwan-appliance
?E[O	俳體	-3.000000	chiaki-synthetic-overlay,reviewed,gpt-5.5-synthetic,synthetic-taiwan-daily-usage
?Egf=_i_	牌告利率	-3.200000	chiaki-synthetic-overlay,reviewed,gpt-5.5-synthetic,synthetic-taiwan-daily-usage
?EnHH:R0	排油煙機	-1.7000	chiaki-synthetic-overlay,reviewed,manual-taiwan-appliance
?W;:	炒乾	-1.924616	chiaki-synthetic-overlay,reviewed,single-char-collocation
?W;:E0	炒干絲	-2.403113	chiaki-synthetic-overlay,reviewed,gpt-5.5-synthetic,synthetic-taiwan-internet-usage
?WB8	炒焦	-1.924616	chiaki-synthetic-overlay,reviewed,single-char-collocation
?WcG	吵嘈	-3.000000	chiaki-synthetic-overlay,reviewed,gpt-5.5-synthetic,synthetic-taiwan-daily-usage
?Wd\th	炒冷飯	-3.100000	chiaki-synthetic-overlay,reviewed,gpt-5.5-synthetic,synthetic-taiwan-daily-usage
?Wh<	炒香	-1.924616	chiaki-synthetic-overlay,reviewed,single-char-collocation
?Wn1RO	炒瓜子	-1.924616	chiaki-synthetic-overlay,reviewed,single-char-collocation
?Wp1^=	炒花生	-1.924616	chiaki-synthetic-overlay,reviewed,single-char-collocation
?]0J	統聯	-2.302721	chiaki-synthetic-overlay,reviewed,gpt-5.5-synthetic,synthetic-taiwan-internet-usage
?]0JDblj	統聯客運	-2.394616	chiaki-synthetic-overlay,reviewed,gpt-5.5-synthetic,synthetic-taiwan-internet-usage
?]:9?]?0	統收統支	-3.200000	chiaki-synthetic-overlay,reviewed,gpt-5.5-synthetic,synthetic-taiwan-daily-usage
?]F0I:if	統一編號	-0.638720	chiaki-synthetic-overlay,reviewed,gpt-5.5-synthetic,synthetic-taiwan-internet-usage
?]F0^HNj	統一投信	-2.399726	chiaki-synthetic-overlay,reviewed,gpt-5.5-synthetic,synthetic-taiwan-internet-usage
?]QM	筒形	-3.000000	chiaki-synthetic-overlay,reviewed,gpt-5.5-synthetic,synthetic-taiwan-daily-usage
?]ogan	捅漏子	-3.100000	chiaki-synthetic-overlay,reviewed,gpt-5.5-synthetic,synthetic-taiwan-daily-usage
?i4@^=	練習生	-3.100000	chiaki-synthetic-overlay,reviewed,gpt-5.5-synthetic,synthetic-taiwan-daily-usage
?i:h	練就	-3.000000	chiaki-synthetic-overlay,reviewed,gpt-5.5-synthetic,synthetic-taiwan-daily-usage
?lDi	孟茜	-2.401663	chiaki-synthetic-overlay,reviewed,gpt-5.5-synthetic,synthetic-taiwan-internet-usage
?lw[0_ec	夢想世界	-1.232714	chiaki-synthetic-overlay,reviewed,gpt-5.5-synthetic,synthetic-taiwan-internet-usage
?lw[=MJ;	夢想成真	-3.200000	chiaki-synthetic-overlay,reviewed,gpt-5.5-synthetic,synthetic-taiwan-daily-usage
@02f	吃味	-3.000000	chiaki-synthetic-overlay,reviewed,gpt-5.5-synthetic,synthetic-taiwan-daily-usage
@0;:__	吃乾醋	-3.100000	chiaki-synthetic-overlay,reviewed,gpt-5.5-synthetic,synthetic-taiwan-daily-usage
@0Wl	吃定	-3.000000	chiaki-synthetic-overlay,reviewed,gpt-5.5-synthetic,synthetic-taiwan-daily-usage
@0ZL	痴狂	-3.000000	chiaki-synthetic-overlay,reviewed,gpt-5.5-synthetic,synthetic-taiwan-daily-usage
@0ph	吃案	-3.000000	chiaki-synthetic-overlay,reviewed,gpt-5.5-synthetic,synthetic-taiwan-daily-usage
@0x?	痴迷	-3.000000	chiaki-synthetic-overlay,reviewed,gpt-5.5-synthetic,synthetic-taiwan-daily-usage
@@5J	浮潛	-3.000000	chiaki-synthetic-overlay,reviewed,gpt-5.5-synthetic,synthetic-taiwan-daily-usage
@@5_3;	福義軒	-2.316059	chiaki-synthetic-overlay,reviewed,gpt-5.5-synthetic,synthetic-taiwan-internet-usage
@@=_WB[1	福利國家	-3.200000	chiaki-synthetic-overlay,reviewed,gpt-5.5-synthetic,synthetic-taiwan-daily-usage
@@MlIM	福勝亭	-2.401497	chiaki-synthetic-overlay,reviewed,gpt-5.5-synthetic,synthetic-taiwan-internet-usage
@@ifB@ph	符號圖案	-1.401025	chiaki-synthetic-overlay,reviewed,gpt-5.5-synthetic,synthetic-taiwan-internet-usage
@EtO	埋骨	-3.000000	chiaki-synthetic-overlay,reviewed,gpt-5.5-synthetic,synthetic-taiwan-daily-usage
@P=f_;	許慧欣	-2.396450	chiaki-synthetic-overlay,reviewed,gpt-5.5-synthetic,synthetic-taiwan-internet-usage
@PO_vT	許富凱	-2.404022	chiaki-synthetic-overlay,reviewed,gpt-5.5-synthetic,synthetic-taiwan-internet-usage
@PRVJM	許瑋甯	-2.394805	chiaki-synthetic-overlay,reviewed,gpt-5.5-synthetic,synthetic-taiwan-internet-usage
@Z:_GY	捲地毯	-1.506133	chiaki-synthetic-overlay,reviewed,single-char-collocation
@Z<CMw	捲舌頭	-1.506133	chiaki-synthetic-overlay,reviewed,single-char-collocation
@Z<han	捲袖子	-1.611887	chiaki-synthetic-overlay,reviewed,single-char-collocation
@ZBL4@	捲涼蓆	-2.146715	chiaki-synthetic-overlay,reviewed,single-char-collocation
@ZH:CW	捲菸草	-1.506133	chiaki-synthetic-overlay,reviewed,single-char-collocation
@ZLj	捲進	-3.000000	chiaki-synthetic-overlay,reviewed,gpt-5.5-synthetic,synthetic-taiwan-daily-usage
@Z^H];	捲頭巾	-1.611887	chiaki-synthetic-overlay,reviewed,single-char-collocation
@ZwY5JUG	捲款潛逃	-3.200000	chiaki-synthetic-overlay,reviewed,gpt-5.5-synthetic,synthetic-taiwan-daily-usage
@ZxgE0	捲壽司	-1.506133	chiaki-synthetic-overlay,reviewed,single-char-collocation
@\4>mJ	闖空門	-3.100000	chiaki-synthetic-overlay,reviewed,gpt-5.5-synthetic,synthetic-taiwan-daily-usage
@\f<G@	闖江湖	-3.100000	chiaki-synthetic-overlay,reviewed,gpt-5.5-synthetic,synthetic-taiwan-daily-usage
@bK_CiOD	特務間諜	-2.372948	chiaki-synthetic-overlay,reviewed,gpt-5.5-synthetic,synthetic-taiwan-internet-usage
@b\Y	特典	-0.883611	chiaki-synthetic-overlay,reviewed,benchmark-miss-rerank,domain-term
@bm0NJ03	特殊傳說	-1.148588	chiaki-synthetic-overlay,reviewed,gpt-5.5-synthetic,synthetic-taiwan-internet-usage
@jCiKlFM	印鑑證明	-1.3500	chiaki-synthetic-overlay,reviewed,manual-taiwan-daily
@jp?	印石	-3.000000	chiaki-synthetic-overlay,reviewed,gpt-5.5-synthetic,synthetic-taiwan-daily-usage
@l6C	奉核	-1.8000	chiaki-synthetic-overlay,reviewed,manual-official-document
@l6[	奉准	-1.8000	chiaki-synthetic-overlay,reviewed,manual-official-document
@l:Lp1tO	鳳陽花鼓	-3.200000	chiaki-synthetic-overlay,reviewed,gpt-5.5-synthetic,synthetic-taiwan-daily-usage
@lC:U<3>	鳳山商工	-2.794893	chiaki-synthetic-overlay,reviewed,gpt-5.5-synthetic,synthetic-taiwan-internet-usage
@lC:`fCE	鳳山砲台	-2.042788	chiaki-synthetic-overlay,reviewed,gpt-5.5-synthetic,synthetic-taiwan-internet-usage
@lCi	諷諫	-3.000000	chiaki-synthetic-overlay,reviewed,gpt-5.5-synthetic,synthetic-taiwan-daily-usage
@lFM3;	鳳鳴軒	-2.405030	chiaki-synthetic-overlay,reviewed,gpt-5.5-synthetic,synthetic-taiwan-internet-usage
@l[L:PnH	鳳凰旅遊	-1.117031	chiaki-synthetic-overlay,reviewed,gpt-5.5-synthetic,synthetic-taiwan-internet-usage
@l_;x79>	鳳新高中	-2.396569	chiaki-synthetic-overlay,reviewed,gpt-5.5-synthetic,synthetic-taiwan-internet-usage
@lj6j6	鳳飛飛	-2.394245	chiaki-synthetic-overlay,reviewed,gpt-5.5-synthetic,synthetic-taiwan-internet-usage
@lqa	奉厝	-3.000000	chiaki-synthetic-overlay,reviewed,gpt-5.5-synthetic,synthetic-taiwan-daily-usage
@lyf	奉調	-3.000000	chiaki-synthetic-overlay,reviewed,gpt-5.5-synthetic,synthetic-taiwan-daily-usage
A0:1	施巴	-2.117014	chiaki-synthetic-overlay,reviewed,gpt-5.5-synthetic,synthetic-taiwan-internet-usage
A0=d	施虐	-3.000000	chiaki-synthetic-overlay,reviewed,gpt-5.5-synthetic,synthetic-taiwan-daily-usage
A0>1>1	溼答答	-3.100000	chiaki-synthetic-overlay,reviewed,gpt-5.5-synthetic,synthetic-taiwan-daily-usage
A0?;	失分	-3.000000	chiaki-synthetic-overlay,reviewed,gpt-5.5-synthetic,synthetic-taiwan-daily-usage
A0?i<@Ef	失戀無罪	-2.113467	chiaki-synthetic-overlay,reviewed,gpt-5.5-synthetic,synthetic-taiwan-internet-usage
A0MP	施打	-3.000000	chiaki-synthetic-overlay,reviewed,gpt-5.5-synthetic,synthetic-taiwan-daily-usage
A0S_S_	溼漉漉	-3.100000	chiaki-synthetic-overlay,reviewed,gpt-5.5-synthetic,synthetic-taiwan-daily-usage
A0TZ}gN_	詩肯柚木	-2.394794	chiaki-synthetic-overlay,reviewed,gpt-5.5-synthetic,synthetic-taiwan-internet-usage
A0d\	溼冷	-3.000000	chiaki-synthetic-overlay,reviewed,gpt-5.5-synthetic,synthetic-taiwan-daily-usage
A0eaJ189	失落沙洲	-2.170624	chiaki-synthetic-overlay,reviewed,gpt-5.5-synthetic,synthetic-taiwan-internet-usage
A0g;	失溫	-3.000000	chiaki-synthetic-overlay,reviewed,gpt-5.5-synthetic,synthetic-taiwan-daily-usage
A0tO<@[K	屍骨無存	-3.200000	chiaki-synthetic-overlay,reviewed,gpt-5.5-synthetic,synthetic-taiwan-daily-usage
A0|_Yc0_	師大夜市	-1.596858	chiaki-synthetic-overlay,reviewed,gpt-5.5-synthetic,synthetic-taiwan-internet-usage
A1A1?i	拉拉鍊	-1.448788	chiaki-synthetic-overlay,reviewed,single-char-collocation
A1A1}M	拉拉熊	-2.396474	chiaki-synthetic-overlay,reviewed,gpt-5.5-synthetic,synthetic-taiwan-internet-usage
A1J`	拉架	-3.000000	chiaki-synthetic-overlay,reviewed,gpt-5.5-synthetic,synthetic-taiwan-daily-usage
A1SW{?>K	拉小提琴	-1.448788	chiaki-synthetic-overlay,reviewed,single-char-collocation
A1U<	拉傷	-3.000000	chiaki-synthetic-overlay,reviewed,gpt-5.5-synthetic,synthetic-taiwan-daily-usage
A1^P{h0W	拉亞漢堡	-2.401415	chiaki-synthetic-overlay,reviewed,gpt-5.5-synthetic,synthetic-taiwan-internet-usage
A1f<>M	拉韁繩	-1.965225	chiaki-synthetic-overlay,reviewed,single-char-collocation
A1h6	拉胚	-3.000000	chiaki-synthetic-overlay,reviewed,gpt-5.5-synthetic,synthetic-taiwan-daily-usage
A:?l	占夢	-3.000000	chiaki-synthetic-overlay,reviewed,gpt-5.5-synthetic,synthetic-taiwan-daily-usage
A:^PGK	詹雅雯	-2.402788	chiaki-synthetic-overlay,reviewed,gpt-5.5-synthetic,synthetic-taiwan-internet-usage
A@Ci	獨見	-3.000000	chiaki-synthetic-overlay,reviewed,gpt-5.5-synthetic,synthetic-taiwan-daily-usage
A@QWV:	獨角仙	-2.395615	chiaki-synthetic-overlay,reviewed,gpt-5.5-synthetic,synthetic-taiwan-internet-usage
A@TOm0	讀死書	-3.100000	chiaki-synthetic-overlay,reviewed,gpt-5.5-synthetic,synthetic-taiwan-daily-usage
A@iR^Hm0	讀者投書	-3.200000	chiaki-synthetic-overlay,reviewed,gpt-5.5-synthetic,synthetic-taiwan-daily-usage
A@m0_;0C	讀書心得	-1.341460	chiaki-synthetic-overlay,reviewed,gpt-5.5-synthetic,synthetic-taiwan-internet-usage
ALQ=8_	醸蜂蜜	-3.600001	chiaki-synthetic-overlay,reviewed,single-char-collocation
ALXOZX	醸米酒	-3.600001	chiaki-synthetic-overlay,reviewed,single-char-collocation
AMWes?	曾沛慈	-2.395052	chiaki-synthetic-overlay,reviewed,gpt-5.5-synthetic,synthetic-taiwan-internet-usage
AR2i	佐膳	-3.000000	chiaki-synthetic-overlay,reviewed,gpt-5.5-synthetic,synthetic-taiwan-daily-usage
AXAXr\0_	狗狗影視	-2.429815	chiaki-synthetic-overlay,reviewed,gpt-5.5-synthetic,synthetic-taiwan-internet-usage
AXRVCW	狗尾草	-3.100000	chiaki-synthetic-overlay,reviewed,gpt-5.5-synthetic,synthetic-taiwan-daily-usage
AX^Hp7	狗頭包	-3.045835	chiaki-synthetic-overlay,reviewed,gpt-5.5-synthetic,synthetic-taiwan-internet-usage
AXw?x7tf	狗皮膏藥	-3.200000	chiaki-synthetic-overlay,reviewed,gpt-5.5-synthetic,synthetic-taiwan-daily-usage
A_4W	祭禱	-3.000000	chiaki-synthetic-overlay,reviewed,gpt-5.5-synthetic,synthetic-taiwan-daily-usage
A_>K	季芹	-2.398492	chiaki-synthetic-overlay,reviewed,gpt-5.5-synthetic,synthetic-taiwan-internet-usage
A_>i6_	紀念幣	-3.100000	chiaki-synthetic-overlay,reviewed,gpt-5.5-synthetic,synthetic-taiwan-daily-usage
A_B@	冀圖	-3.000000	chiaki-synthetic-overlay,reviewed,gpt-5.5-synthetic,synthetic-taiwan-daily-usage
A_GK	紀聞	-3.000000	chiaki-synthetic-overlay,reviewed,gpt-5.5-synthetic,synthetic-taiwan-daily-usage
A_[1U3A_	技嘉科技	-2.603390	chiaki-synthetic-overlay,reviewed,gpt-5.5-synthetic,synthetic-taiwan-internet-usage
A__`o=A_	計畫經濟	-3.200000	chiaki-synthetic-overlay,reviewed,gpt-5.5-synthetic,synthetic-taiwan-daily-usage
A_n_	記趣	-3.000000	chiaki-synthetic-overlay,reviewed,gpt-5.5-synthetic,synthetic-taiwan-daily-usage
A_{H	冀求	-3.000000	chiaki-synthetic-overlay,reviewed,gpt-5.5-synthetic,synthetic-taiwan-daily-usage
Af0_	綴飾	-3.000000	chiaki-synthetic-overlay,reviewed,gpt-5.5-synthetic,synthetic-taiwan-daily-usage
AfDY	綴滿	-3.000000	chiaki-synthetic-overlay,reviewed,gpt-5.5-synthetic,synthetic-taiwan-daily-usage
AlSWDi	鄧曉倩	-2.404416	chiaki-synthetic-overlay,reviewed,gpt-5.5-synthetic,synthetic-taiwan-internet-usage
B1p@V>	旮旯兒	-3.100000	chiaki-synthetic-overlay,reviewed,gpt-5.5-synthetic,synthetic-taiwan-daily-usage
B268	喔喲	-3.000000	chiaki-synthetic-overlay,reviewed,gpt-5.5-synthetic,synthetic-taiwan-daily-usage
B80\LjA_	交往禁忌	-1.859484	chiaki-synthetic-overlay,reviewed,gpt-5.5-synthetic,synthetic-taiwan-internet-usage
B8>E	茭白	-3.000000	chiaki-synthetic-overlay,reviewed,gpt-5.5-synthetic,synthetic-taiwan-daily-usage
B8?lL_}?	焦孟不離	-3.200000	chiaki-synthetic-overlay,reviewed,gpt-5.5-synthetic,synthetic-taiwan-daily-usage
B8I]	驕寵	-3.000000	chiaki-synthetic-overlay,reviewed,gpt-5.5-synthetic,synthetic-taiwan-daily-usage
B8\3	驕奢	-3.000000	chiaki-synthetic-overlay,reviewed,gpt-5.5-synthetic,synthetic-taiwan-daily-usage
B8^=	嬌生	-1.979839	chiaki-synthetic-overlay,reviewed,gpt-5.5-synthetic,synthetic-taiwan-internet-usage
B8`dTJ	澆菜園	-2.276745	chiaki-synthetic-overlay,reviewed,single-char-collocation
B8aG	嬌嬈	-3.000000	chiaki-synthetic-overlay,reviewed,gpt-5.5-synthetic,synthetic-taiwan-daily-usage
B8d=	交兵	-3.000000	chiaki-synthetic-overlay,reviewed,gpt-5.5-synthetic,synthetic-taiwan-daily-usage
B8mG	鷦鷯	-3.000000	chiaki-synthetic-overlay,reviewed,gpt-5.5-synthetic,synthetic-taiwan-daily-usage
B8p13R	澆花朵	-2.276745	chiaki-synthetic-overlay,reviewed,single-char-collocation
B8zKC1j6R0	膠囊咖啡機	-1.9000	chiaki-synthetic-overlay,reviewed,manual-taiwan-appliance
B8}?	澆漓	-3.000000	chiaki-synthetic-overlay,reviewed,gpt-5.5-synthetic,synthetic-taiwan-daily-usage
B@7RUk	塗果醬	-1.827104	chiaki-synthetic-overlay,reviewed,single-char-collocation
B@:_	塗地	-3.000000	chiaki-synthetic-overlay,reviewed,gpt-5.5-synthetic,synthetic-taiwan-daily-usage
B@:_	突地	-3.000000	chiaki-synthetic-overlay,reviewed,gpt-5.5-synthetic,synthetic-taiwan-daily-usage
B@=f	圖繪	-3.000000	chiaki-synthetic-overlay,reviewed,gpt-5.5-synthetic,synthetic-taiwan-daily-usage
B@BXcV	塗口水	-1.827104	chiaki-synthetic-overlay,reviewed,single-char-collocation
B@BXdM	塗口紅	-1.827104	chiaki-synthetic-overlay,reviewed,single-char-collocation
B@Q=8_	塗蜂蜜	-1.827104	chiaki-synthetic-overlay,reviewed,single-char-collocation
B@V_WKx7	塗護唇膏	-2.221742	chiaki-synthetic-overlay,reviewed,single-char-collocation
B@mO	圖譜	-3.000000	chiaki-synthetic-overlay,reviewed,gpt-5.5-synthetic,synthetic-taiwan-daily-usage
B@q0ZX	屠蘇酒	-3.100000	chiaki-synthetic-overlay,reviewed,gpt-5.5-synthetic,synthetic-taiwan-daily-usage
B@sTnH	塗奶油	-1.827104	chiaki-synthetic-overlay,reviewed,single-char-collocation
B@tfcV	塗藥水	-1.827104	chiaki-synthetic-overlay,reviewed,single-char-collocation
B@tfx7	塗藥膏	-1.827104	chiaki-synthetic-overlay,reviewed,single-char-collocation
B@wI|f	塗顏料	-1.827104	chiaki-synthetic-overlay,reviewed,single-char-collocation
B@wK]d}O	塗防曬乳	-1.827104	chiaki-synthetic-overlay,reviewed,single-char-collocation
B@|?:1	塗泥巴	-1.827104	chiaki-synthetic-overlay,reviewed,single-char-collocation
BLA\:LRG	涼爽羊毛	-3.200000	chiaki-synthetic-overlay,reviewed,gpt-5.5-synthetic,synthetic-taiwan-daily-usage
BLDk:<RO	梁上君子	-3.200000	chiaki-synthetic-overlay,reviewed,gpt-5.5-synthetic,synthetic-taiwan-daily-usage
BLJ`	梁架	-3.000000	chiaki-synthetic-overlay,reviewed,gpt-5.5-synthetic,synthetic-taiwan-daily-usage
BLL`	涼夏	-3.000000	chiaki-synthetic-overlay,reviewed,gpt-5.5-synthetic,synthetic-taiwan-daily-usage
BL`l<iRO	良興電子	-1.527267	chiaki-synthetic-overlay,reviewed,gpt-5.5-synthetic,synthetic-taiwan-internet-usage
BLml	梁棟	-3.000000	chiaki-synthetic-overlay,reviewed,gpt-5.5-synthetic,synthetic-taiwan-daily-usage
BLzJ	良臣	-3.000000	chiaki-synthetic-overlay,reviewed,gpt-5.5-synthetic,synthetic-taiwan-daily-usage
BL~0	良駒	-3.000000	chiaki-synthetic-overlay,reviewed,gpt-5.5-synthetic,synthetic-taiwan-daily-usage
BWDkcO^H	早上洗頭	-2.028243	chiaki-synthetic-overlay,reviewed,gpt-5.5-synthetic,synthetic-taiwan-internet-usage
BX0i	口占	-3.000000	chiaki-synthetic-overlay,reviewed,gpt-5.5-synthetic,synthetic-taiwan-daily-usage
BX3e	口快	-3.000000	chiaki-synthetic-overlay,reviewed,gpt-5.5-synthetic,synthetic-taiwan-daily-usage
BXQdnHC_	口袋遊戲	-1.281280	chiaki-synthetic-overlay,reviewed,gpt-5.5-synthetic,synthetic-taiwan-internet-usage
BZ>C\O	選擇你	-0.958652	chiaki-synthetic-overlay,reviewed,gpt-5.5-synthetic,synthetic-taiwan-internet-usage
BZ}I	選填	-3.000000	chiaki-synthetic-overlay,reviewed,gpt-5.5-synthetic,synthetic-taiwan-daily-usage
B]IXpaF0	拱手作揖	-3.200000	chiaki-synthetic-overlay,reviewed,gpt-5.5-synthetic,synthetic-taiwan-daily-usage
B_<iql^=	汽電共生	-3.200000	chiaki-synthetic-overlay,reviewed,gpt-5.5-synthetic,synthetic-taiwan-daily-usage
B_Yc0_KDC_?]	企業識別系統	-3.450000	chiaki-synthetic-overlay,reviewed,gpt-5.5-synthetic,synthetic-taiwan-daily-usage
B_[30WeY	汽車保險	-3.200000	chiaki-synthetic-overlay,reviewed,gpt-5.5-synthetic,synthetic-taiwan-daily-usage
B_[3xUkM	汽車美容	-3.200000	chiaki-synthetic-overlay,reviewed,gpt-5.5-synthetic,synthetic-taiwan-daily-usage
B_g:u?n?	器官移植	-3.200000	chiaki-synthetic-overlay,reviewed,gpt-5.5-synthetic,synthetic-taiwan-daily-usage
B_gc	棄械	-3.000000	chiaki-synthetic-overlay,reviewed,gpt-5.5-synthetic,synthetic-taiwan-daily-usage
B_nHN:[1A_	汽油添加劑	-3.450000	chiaki-synthetic-overlay,reviewed,gpt-5.5-synthetic,synthetic-taiwan-daily-usage
B_w@w2	氣炸鍋	-1.5000	chiaki-synthetic-overlay,reviewed,manual-taiwan-appliance
B_~00W:e	棄車保帥	-3.200000	chiaki-synthetic-overlay,reviewed,gpt-5.5-synthetic,synthetic-taiwan-daily-usage
BbN:0_4L	樂天市場	-1.910379	chiaki-synthetic-overlay,reviewed,gpt-5.5-synthetic,synthetic-taiwan-internet-usage
BbOb?;]e	垃圾分類	-3.200000	chiaki-synthetic-overlay,reviewed,gpt-5.5-synthetic,synthetic-taiwan-daily-usage
BbObC:	垃圾山	-3.100000	chiaki-synthetic-overlay,reviewed,gpt-5.5-synthetic,synthetic-taiwan-daily-usage
BbObQd	垃圾袋	-3.100000	chiaki-synthetic-overlay,reviewed,gpt-5.5-synthetic,synthetic-taiwan-daily-usage
BbObQk	垃圾量	-3.100000	chiaki-synthetic-overlay,reviewed,gpt-5.5-synthetic,synthetic-taiwan-daily-usage
BbObROnO[3	垃圾子母車	-3.450000	chiaki-synthetic-overlay,reviewed,gpt-5.5-synthetic,synthetic-taiwan-daily-usage
BbObnJ_`D@	垃圾焚化爐	-3.450000	chiaki-synthetic-overlay,reviewed,gpt-5.5-synthetic,synthetic-taiwan-daily-usage
BbObp?K_	垃圾食物	-3.200000	chiaki-synthetic-overlay,reviewed,gpt-5.5-synthetic,synthetic-taiwan-daily-usage
BbOb}F:9	垃圾回收	-3.200000	chiaki-synthetic-overlay,reviewed,gpt-5.5-synthetic,synthetic-taiwan-daily-usage
BbT:R0	肋間肌	-3.100000	chiaki-synthetic-overlay,reviewed,gpt-5.5-synthetic,synthetic-taiwan-daily-usage
Bb\00\	樂屋網	-2.397271	chiaki-synthetic-overlay,reviewed,gpt-5.5-synthetic,synthetic-taiwan-internet-usage
Bbec	勒戒	-3.000000	chiaki-synthetic-overlay,reviewed,gpt-5.5-synthetic,synthetic-taiwan-daily-usage
Bbo00\	樂租網	-2.399268	chiaki-synthetic-overlay,reviewed,gpt-5.5-synthetic,synthetic-taiwan-internet-usage
C00]	咨請	-3.000000	chiaki-synthetic-overlay,reviewed,gpt-5.5-synthetic,synthetic-taiwan-daily-usage
C0C0U_U_	孜孜矻矻	-3.200000	chiaki-synthetic-overlay,reviewed,gpt-5.5-synthetic,synthetic-taiwan-daily-usage
C0O_	資賦	-3.000000	chiaki-synthetic-overlay,reviewed,gpt-5.5-synthetic,synthetic-taiwan-daily-usage
C0cV	淄水	-3.000000	chiaki-synthetic-overlay,reviewed,gpt-5.5-synthetic,synthetic-taiwan-daily-usage
C0~0	趑趄	-3.000000	chiaki-synthetic-overlay,reviewed,gpt-5.5-synthetic,synthetic-taiwan-daily-usage
C1j6ol	咖啡弄	-1.989292	chiaki-synthetic-overlay,reviewed,gpt-5.5-synthetic,synthetic-taiwan-internet-usage
C27Rw?	剝果皮	-1.586324	chiaki-synthetic-overlay,reviewed,single-char-collocation
C2:L>>	剝洋蔥	-1.517508	chiaki-synthetic-overlay,reviewed,single-char-collocation
C2=_?0	剝荔枝	-1.517508	chiaki-synthetic-overlay,reviewed,single-char-collocation
C2Gf	剝碎	-2.052465	chiaki-synthetic-overlay,reviewed,single-char-collocation
C2K@<[	剝竹筍	-1.517508	chiaki-synthetic-overlay,reviewed,single-char-collocation
C2MP	撥打	-3.000000	chiaki-synthetic-overlay,reviewed,gpt-5.5-synthetic,synthetic-taiwan-daily-usage
C2ZX	砵酒	-3.000000	chiaki-synthetic-overlay,reviewed,gpt-5.5-synthetic,synthetic-taiwan-daily-usage
C2]1an	剝蝦子	-1.551101	chiaki-synthetic-overlay,reviewed,single-char-collocation
C2^@an	剝橘子	-1.517508	chiaki-synthetic-overlay,reviewed,single-char-collocation
C2^l	剝淨	-1.722429	chiaki-synthetic-overlay,reviewed,single-char-collocation
C2bi^H	剝蒜頭	-1.517508	chiaki-synthetic-overlay,reviewed,single-char-collocation
C2biqh	剝蒜瓣	-2.221742	chiaki-synthetic-overlay,reviewed,single-char-collocation
C2h<B8	剝香蕉	-1.517508	chiaki-synthetic-overlay,reviewed,single-char-collocation
C2lg;A	剝豆莢	-1.733416	chiaki-synthetic-overlay,reviewed,single-char-collocation
C2p1^=	剝花生	-1.517508	chiaki-synthetic-overlay,reviewed,single-char-collocation
C2uh5C	剝蛋殼	-1.658390	chiaki-synthetic-overlay,reviewed,single-char-collocation
C2xd5C	剝外殼	-1.517508	chiaki-synthetic-overlay,reviewed,single-char-collocation
C2y<9K9K	波光粼粼	-3.200000	chiaki-synthetic-overlay,reviewed,gpt-5.5-synthetic,synthetic-taiwan-daily-usage
C2}?\0	玻璃屋	-1.864891	chiaki-synthetic-overlay,reviewed,gpt-5.5-synthetic,synthetic-taiwan-internet-usage
C2}?rFN_	玻璃帷幕	-3.200000	chiaki-synthetic-overlay,reviewed,gpt-5.5-synthetic,synthetic-taiwan-daily-usage
C6}?	乖離	-3.000000	chiaki-synthetic-overlay,reviewed,gpt-5.5-synthetic,synthetic-taiwan-daily-usage
C70JC2@b	威廉波特	-2.065198	chiaki-synthetic-overlay,reviewed,gpt-5.5-synthetic,synthetic-taiwan-internet-usage
C75G	葳蕤	-3.000000	chiaki-synthetic-overlay,reviewed,gpt-5.5-synthetic,synthetic-taiwan-daily-usage
C79j	威震	-3.000000	chiaki-synthetic-overlay,reviewed,gpt-5.5-synthetic,synthetic-taiwan-daily-usage
C7=_1U	威力彩	-2.151827	chiaki-synthetic-overlay,reviewed,gpt-5.5-synthetic,synthetic-taiwan-internet-usage
C7=_4WWY	威力導演	-1.545375	chiaki-synthetic-overlay,reviewed,gpt-5.5-synthetic,synthetic-taiwan-internet-usage
C7R0J<	煨雞湯	-2.559810	chiaki-synthetic-overlay,reviewed,single-char-collocation
C7rF	崴嵬	-3.000000	chiaki-synthetic-overlay,reviewed,gpt-5.5-synthetic,synthetic-taiwan-daily-usage
C88ian	蹺辮子	-3.100000	chiaki-synthetic-overlay,reviewed,gpt-5.5-synthetic,synthetic-taiwan-daily-usage
C8tOT0gV	敲骨吸髓	-3.200000	chiaki-synthetic-overlay,reviewed,gpt-5.5-synthetic,synthetic-taiwan-daily-usage
C:9R	搧火	-3.000000	chiaki-synthetic-overlay,reviewed,gpt-5.5-synthetic,synthetic-taiwan-daily-usage
C:C:	姍姍	-3.000000	chiaki-synthetic-overlay,reviewed,gpt-5.5-synthetic,synthetic-taiwan-daily-usage
C:L`}^ZX	山下智久	-2.394858	chiaki-synthetic-overlay,reviewed,gpt-5.5-synthetic,synthetic-taiwan-internet-usage
C:O_	山富	-1.625678	chiaki-synthetic-overlay,reviewed,gpt-5.5-synthetic,synthetic-taiwan-internet-usage
C:O_:PnH	山富旅遊	-1.892455	chiaki-synthetic-overlay,reviewed,gpt-5.5-synthetic,synthetic-taiwan-internet-usage
C:Yc	山葉	-1.787588	chiaki-synthetic-overlay,reviewed,gpt-5.5-synthetic,synthetic-taiwan-internet-usage
C:YcR0[3	山葉機車	-2.328879	chiaki-synthetic-overlay,reviewed,gpt-5.5-synthetic,synthetic-taiwan-internet-usage
C:m@R0	山達基	-2.396348	chiaki-synthetic-overlay,reviewed,gpt-5.5-synthetic,synthetic-taiwan-internet-usage
C:sI	潸然	-3.000000	chiaki-synthetic-overlay,reviewed,gpt-5.5-synthetic,synthetic-taiwan-daily-usage
C:sI]eL`	潸然淚下	-3.200000	chiaki-synthetic-overlay,reviewed,gpt-5.5-synthetic,synthetic-taiwan-daily-usage
C:uOn1	山苦瓜	-2.280932	chiaki-synthetic-overlay,reviewed,gpt-5.5-synthetic,synthetic-taiwan-internet-usage
C:z?	珊迪	-2.157434	chiaki-synthetic-overlay,reviewed,gpt-5.5-synthetic,synthetic-taiwan-internet-usage
C@mM	奴從	-3.000000	chiaki-synthetic-overlay,reviewed,gpt-5.5-synthetic,synthetic-taiwan-daily-usage
CE2PT3?P	台語歌曲	-1.493225	chiaki-synthetic-overlay,reviewed,gpt-5.5-synthetic,synthetic-taiwan-internet-usage
CE5J	臺錢	-3.000000	chiaki-synthetic-overlay,reviewed,gpt-5.5-synthetic,synthetic-taiwan-daily-usage
CE5_|_	台藝大	-1.621807	chiaki-synthetic-overlay,reviewed,gpt-5.5-synthetic,synthetic-taiwan-internet-usage
CE9>Dblj	台中客運	-1.183974	chiaki-synthetic-overlay,reviewed,gpt-5.5-synthetic,synthetic-taiwan-internet-usage
CE9>Em9>	台中二中	-1.710878	chiaki-synthetic-overlay,reviewed,gpt-5.5-synthetic,synthetic-taiwan-internet-usage
CE9>F09>	台中一中	-1.349754	chiaki-synthetic-overlay,reviewed,gpt-5.5-synthetic,synthetic-taiwan-internet-usage
CE9>U<1K	台中商銀	-1.298239	chiaki-synthetic-overlay,reviewed,gpt-5.5-synthetic,synthetic-taiwan-internet-usage
CE9>U<:P	台中商旅	-1.565561	chiaki-synthetic-overlay,reviewed,gpt-5.5-synthetic,synthetic-taiwan-internet-usage
CE9>V_m:	台中護專	-1.447124	chiaki-synthetic-overlay,reviewed,gpt-5.5-synthetic,synthetic-taiwan-internet-usage
CE9>kML]	台中榮總	-1.120603	chiaki-synthetic-overlay,reviewed,gpt-5.5-synthetic,synthetic-taiwan-internet-usage
CE9>x73>	台中高工	-1.196126	chiaki-synthetic-overlay,reviewed,gpt-5.5-synthetic,synthetic-taiwan-internet-usage
CE9>x7`M	台中高農	-1.621864	chiaki-synthetic-overlay,reviewed,gpt-5.5-synthetic,synthetic-taiwan-internet-usage
CE<kan	抬槓子	-2.061508	chiaki-synthetic-overlay,reviewed,single-char-collocation
CEA0|_	台師大	-1.582429	chiaki-synthetic-overlay,reviewed,gpt-5.5-synthetic,synthetic-taiwan-internet-usage
CEB_1K~K	台企銀行	-1.435607	chiaki-synthetic-overlay,reviewed,gpt-5.5-synthetic,synthetic-taiwan-internet-usage
CEKPOK	台馬輪	-2.398234	chiaki-synthetic-overlay,reviewed,gpt-5.5-synthetic,synthetic-taiwan-internet-usage
CEL;J`	抬身價	-2.061508	chiaki-synthetic-overlay,reviewed,single-char-collocation
CEQ=	臺風	-3.000000	chiaki-synthetic-overlay,reviewed,gpt-5.5-synthetic,synthetic-taiwan-daily-usage
CEQ=7kJ`	颱風放假	-1.617649	chiaki-synthetic-overlay,reviewed,gpt-5.5-synthetic,synthetic-taiwan-internet-usage
CEQ=UlFM	颱風命名	-1.506797	chiaki-synthetic-overlay,reviewed,gpt-5.5-synthetic,synthetic-taiwan-internet-usage
CEQ=mlWk	颱風動向	-1.426383	chiaki-synthetic-overlay,reviewed,gpt-5.5-synthetic,synthetic-taiwan-internet-usage
CER0	臺基	-3.000000	chiaki-synthetic-overlay,reviewed,gpt-5.5-synthetic,synthetic-taiwan-daily-usage
CEU3	台科	-1.964885	chiaki-synthetic-overlay,reviewed,gpt-5.5-synthetic,synthetic-taiwan-internet-usage
CEU3|_	台科大	-2.250622	chiaki-synthetic-overlay,reviewed,gpt-5.5-synthetic,synthetic-taiwan-internet-usage
CE^:0TS_	台灣鐵路	-0.966964	chiaki-synthetic-overlay,reviewed,gpt-5.5-synthetic,synthetic-taiwan-internet-usage
CE^:1Upi	台灣彩券	-1.674906	chiaki-synthetic-overlay,reviewed,gpt-5.5-synthetic,synthetic-taiwan-internet-usage
CE^:5E\_0\S_	臺灣學術網路	-3.450000	chiaki-synthetic-overlay,reviewed,gpt-5.5-synthetic,synthetic-taiwan-daily-usage
CE^::WQM	台灣好行	-2.136164	chiaki-synthetic-overlay,reviewed,gpt-5.5-synthetic,synthetic-taiwan-internet-usage
CE^:B_1K	台灣企銀	-2.394892	chiaki-synthetic-overlay,reviewed,gpt-5.5-synthetic,synthetic-taiwan-internet-usage
CE^:NJh<	台灣傳香	-2.395344	chiaki-synthetic-overlay,reviewed,gpt-5.5-synthetic,synthetic-taiwan-internet-usage
CE^:T_0\	台灣固網	-2.073481	chiaki-synthetic-overlay,reviewed,gpt-5.5-synthetic,synthetic-taiwan-internet-usage
CE^:o=bZ	臺灣精品	-3.200000	chiaki-synthetic-overlay,reviewed,gpt-5.5-synthetic,synthetic-taiwan-daily-usage
CE^:q6}M	臺灣黑熊	-3.200000	chiaki-synthetic-overlay,reviewed,gpt-5.5-synthetic,synthetic-taiwan-daily-usage
CE^:rF0Z	台灣微軟	-0.865993	chiaki-synthetic-overlay,reviewed,gpt-5.5-synthetic,synthetic-taiwan-internet-usage
CE^:wK\0	台灣房屋	-0.803207	chiaki-synthetic-overlay,reviewed,gpt-5.5-synthetic,synthetic-taiwan-internet-usage
CE^:|Jxg	台灣人壽	-1.628324	chiaki-synthetic-overlay,reviewed,gpt-5.5-synthetic,synthetic-taiwan-internet-usage
CE^:|_	台灣大	-0.983812	chiaki-synthetic-overlay,reviewed,gpt-5.5-synthetic,synthetic-taiwan-internet-usage
CE_;1K~K	台新銀行	-2.181250	chiaki-synthetic-overlay,reviewed,gpt-5.5-synthetic,synthetic-taiwan-internet-usage
CE`_0\	台塑網	-2.146673	chiaki-synthetic-overlay,reviewed,gpt-5.5-synthetic,synthetic-taiwan-internet-usage
CEaf	台茂	-2.283854	chiaki-synthetic-overlay,reviewed,gpt-5.5-synthetic,synthetic-taiwan-internet-usage
CEhIF09>	台南一中	-1.418803	chiaki-synthetic-overlay,reviewed,gpt-5.5-synthetic,synthetic-taiwan-internet-usage
CEhIU3|_	台南科大	-1.789551	chiaki-synthetic-overlay,reviewed,gpt-5.5-synthetic,synthetic-taiwan-internet-usage
CEhItOR0	台南古蹟	-1.134562	chiaki-synthetic-overlay,reviewed,gpt-5.5-synthetic,synthetic-taiwan-internet-usage
CEhIwT0_	台南海事	-1.405611	chiaki-synthetic-overlay,reviewed,gpt-5.5-synthetic,synthetic-taiwan-internet-usage
CEhIx73>	台南高工	-1.264920	chiaki-synthetic-overlay,reviewed,gpt-5.5-synthetic,synthetic-taiwan-internet-usage
CEnO=_	抬牡蠣	-2.061508	chiaki-synthetic-overlay,reviewed,single-char-collocation
CEoO	臺甫	-3.000000	chiaki-synthetic-overlay,reviewed,gpt-5.5-synthetic,synthetic-taiwan-daily-usage
CEq[	臺兩	-3.000000	chiaki-synthetic-overlay,reviewed,gpt-5.5-synthetic,synthetic-taiwan-daily-usage
CEvU3>[3	台北公車	-1.235611	chiaki-synthetic-overlay,reviewed,gpt-5.5-synthetic,synthetic-taiwan-internet-usage
CEvUDblj	台北客運	-1.271276	chiaki-synthetic-overlay,reviewed,gpt-5.5-synthetic,synthetic-taiwan-internet-usage
CEvUF0ci	台北醫院	-0.808780	chiaki-synthetic-overlay,reviewed,gpt-5.5-synthetic,synthetic-taiwan-internet-usage
CEvUO_E<	台北富邦	-2.394717	chiaki-synthetic-overlay,reviewed,gpt-5.5-synthetic,synthetic-taiwan-internet-usage
CEvUkML]	台北榮總	-1.220866	chiaki-synthetic-overlay,reviewed,gpt-5.5-synthetic,synthetic-taiwan-internet-usage
CEvUnHpg	台北郵購	-1.269208	chiaki-synthetic-overlay,reviewed,gpt-5.5-synthetic,synthetic-taiwan-internet-usage
CEvUp1H<	台北花坊	-2.399341	chiaki-synthetic-overlay,reviewed,gpt-5.5-synthetic,synthetic-taiwan-internet-usage
CEvU|_5E	台北大學	-1.126201	chiaki-synthetic-overlay,reviewed,gpt-5.5-synthetic,synthetic-taiwan-internet-usage
CEwI	臺鹽	-1.658276	chiaki-synthetic-overlay,reviewed,gpt-5.5-synthetic,synthetic-taiwan-internet-usage
CE|_GK=M	台大文城	-2.397042	chiaki-synthetic-overlay,reviewed,gpt-5.5-synthetic,synthetic-taiwan-internet-usage
CE~=|_5E	台東大學	-1.295114	chiaki-synthetic-overlay,reviewed,gpt-5.5-synthetic,synthetic-taiwan-internet-usage
CMKl	盈正	-2.049392	chiaki-synthetic-overlay,reviewed,gpt-5.5-synthetic,synthetic-taiwan-internet-usage
CMQ=eG5_	迎風搖曳	-3.200000	chiaki-synthetic-overlay,reviewed,gpt-5.5-synthetic,synthetic-taiwan-daily-usage
CMR@	贏餘	-3.000000	chiaki-synthetic-overlay,reviewed,gpt-5.5-synthetic,synthetic-taiwan-daily-usage
CMU:}UMi	盈千累萬	-3.200000	chiaki-synthetic-overlay,reviewed,gpt-5.5-synthetic,synthetic-taiwan-daily-usage
CM^HrF=_	蠅頭微利	-3.200000	chiaki-synthetic-overlay,reviewed,gpt-5.5-synthetic,synthetic-taiwan-daily-usage
CMy<A_	螢光劑	-3.100000	chiaki-synthetic-overlay,reviewed,gpt-5.5-synthetic,synthetic-taiwan-daily-usage
CM{H	營求	-3.000000	chiaki-synthetic-overlay,reviewed,gpt-5.5-synthetic,synthetic-taiwan-daily-usage
CR5W	索討	-3.000000	chiaki-synthetic-overlay,reviewed,gpt-5.5-synthetic,synthetic-taiwan-daily-usage
CRt2j6|J	所託非人	-3.200000	chiaki-synthetic-overlay,reviewed,gpt-5.5-synthetic,synthetic-taiwan-daily-usage
CW4K	草民	-3.000000	chiaki-synthetic-overlay,reviewed,gpt-5.5-synthetic,synthetic-taiwan-daily-usage
CW:_nkTJ	草地狀元	-2.181411	chiaki-synthetic-overlay,reviewed,gpt-5.5-synthetic,synthetic-taiwan-internet-usage
CWMKU<3>	草屯商工	-2.662175	chiaki-synthetic-overlay,reviewed,gpt-5.5-synthetic,synthetic-taiwan-internet-usage
CWU:	草簽	-3.000000	chiaki-synthetic-overlay,reviewed,gpt-5.5-synthetic,synthetic-taiwan-daily-usage
C]CdkO	孔雀舞	-3.100000	chiaki-synthetic-overlay,reviewed,gpt-5.5-synthetic,synthetic-taiwan-daily-usage
C]L]	倥傯	-3.000000	chiaki-synthetic-overlay,reviewed,gpt-5.5-synthetic,synthetic-taiwan-daily-usage
C]L_[V9i	恐怖鬼片	-2.679855	chiaki-synthetic-overlay,reviewed,gpt-5.5-synthetic,synthetic-taiwan-internet-usage
C]L_}iRO	恐怖分子	-3.200000	chiaki-synthetic-overlay,reviewed,gpt-5.5-synthetic,synthetic-taiwan-daily-usage
C_03CE^:	戲說台灣	-1.332761	chiaki-synthetic-overlay,reviewed,gpt-5.5-synthetic,synthetic-taiwan-internet-usage
C_8X	戲偶	-3.000000	chiaki-synthetic-overlay,reviewed,gpt-5.5-synthetic,synthetic-taiwan-daily-usage
C_?][1m_	系統家具	-1.198995	chiaki-synthetic-overlay,reviewed,gpt-5.5-synthetic,synthetic-taiwan-internet-usage
C_TJan	戲園子	-3.100000	chiaki-synthetic-overlay,reviewed,gpt-5.5-synthetic,synthetic-taiwan-daily-usage
C_bZ	矽品	-1.944885	chiaki-synthetic-overlay,reviewed,gpt-5.5-synthetic,synthetic-taiwan-internet-usage
Cb7_T0^l	各闢蹊徑	-3.200000	chiaki-synthetic-overlay,reviewed,gpt-5.5-synthetic,synthetic-taiwan-daily-usage
Cb9>C02f	個中滋味	-3.200000	chiaki-synthetic-overlay,reviewed,gpt-5.5-synthetic,synthetic-taiwan-daily-usage
Cb<;~=T0	各奔東西	-3.200000	chiaki-synthetic-overlay,reviewed,gpt-5.5-synthetic,synthetic-taiwan-daily-usage
CbPY	個展	-3.000000	chiaki-synthetic-overlay,reviewed,gpt-5.5-synthetic,synthetic-taiwan-daily-usage
Cb|J<i6W	個人電腦	-3.200000	chiaki-synthetic-overlay,reviewed,gpt-5.5-synthetic,synthetic-taiwan-daily-usage
CdYZ	確診	-3.000000	chiaki-synthetic-overlay,reviewed,gpt-5.5-synthetic,synthetic-taiwan-daily-usage
Cd^=CdB_	怯聲怯氣	-3.200000	chiaki-synthetic-overlay,reviewed,gpt-5.5-synthetic,synthetic-taiwan-daily-usage
CfR0	稅基	-3.000000	chiaki-synthetic-overlay,reviewed,gpt-5.5-synthetic,synthetic-taiwan-daily-usage
CfWYq=?>	睡眼惺忪	-3.200000	chiaki-synthetic-overlay,reviewed,gpt-5.5-synthetic,synthetic-taiwan-daily-usage
Ci010_rF	漸趨式微	-3.200000	chiaki-synthetic-overlay,reviewed,gpt-5.5-synthetic,synthetic-taiwan-daily-usage
Ci2@:P2@	劍及履及	-3.200000	chiaki-synthetic-overlay,reviewed,gpt-5.5-synthetic,synthetic-taiwan-daily-usage
Ci=_	健力	-3.000000	chiaki-synthetic-overlay,reviewed,gpt-5.5-synthetic,synthetic-taiwan-daily-usage
CiG@C:	劍湖山	-2.395536	chiaki-synthetic-overlay,reviewed,gpt-5.5-synthetic,synthetic-taiwan-internet-usage
CiL;3>c[	健身工廠	-1.370663	chiaki-synthetic-overlay,reviewed,gpt-5.5-synthetic,synthetic-taiwan-internet-usage
CiN<1ga_	健康教育	-3.200000	chiaki-synthetic-overlay,reviewed,gpt-5.5-synthetic,synthetic-taiwan-daily-usage
CiN<48	健康操	-1.771443	chiaki-synthetic-overlay,reviewed,gpt-5.5-synthetic,synthetic-taiwan-internet-usage
CiN<__	健康醋	-3.100000	chiaki-synthetic-overlay,reviewed,gpt-5.5-synthetic,synthetic-taiwan-daily-usage
Ci\_	箭術	-3.000000	chiaki-synthetic-overlay,reviewed,gpt-5.5-synthetic,synthetic-taiwan-daily-usage
CiankO	毽子舞	-2.398346	chiaki-synthetic-overlay,reviewed,gpt-5.5-synthetic,synthetic-taiwan-internet-usage
Cimf	建照	-3.000000	chiaki-synthetic-overlay,reviewed,gpt-5.5-synthetic,synthetic-taiwan-daily-usage
Cina	健碩	-3.000000	chiaki-synthetic-overlay,reviewed,gpt-5.5-synthetic,synthetic-taiwan-daily-usage
Cipa	踐祚	-3.000000	chiaki-synthetic-overlay,reviewed,gpt-5.5-synthetic,synthetic-taiwan-daily-usage
CitOI7];	鑑古推今	-3.200000	chiaki-synthetic-overlay,reviewed,gpt-5.5-synthetic,synthetic-taiwan-daily-usage
CivY	建管	-1.7500	chiaki-synthetic-overlay,reviewed,manual-taiwan-daily
CivY{O	建管處	-1.5000	chiaki-synthetic-overlay,reviewed,manual-taiwan-daily
CiwI	諫言	-3.000000	chiaki-synthetic-overlay,reviewed,gpt-5.5-synthetic,synthetic-taiwan-daily-usage
CiyS4_nq	箭也似的	-3.200000	chiaki-synthetic-overlay,reviewed,gpt-5.5-synthetic,synthetic-taiwan-daily-usage
CizJ	諫臣	-3.000000	chiaki-synthetic-overlay,reviewed,gpt-5.5-synthetic,synthetic-taiwan-daily-usage
Ck3e|J^=	暢快人生	-1.840155	chiaki-synthetic-overlay,reviewed,gpt-5.5-synthetic,synthetic-taiwan-internet-usage
Ck4>=MA_	唱空城計	-3.200000	chiaki-synthetic-overlay,reviewed,gpt-5.5-synthetic,synthetic-taiwan-daily-usage
Ckpam_[1	唱作俱佳	-3.200000	chiaki-synthetic-overlay,reviewed,gpt-5.5-synthetic,synthetic-taiwan-daily-usage
D1@buA	哈特佛	-2.480467	chiaki-synthetic-overlay,reviewed,gpt-5.5-synthetic,synthetic-taiwan-internet-usage
D1NFSW5_	哈雷小易	-2.405240	chiaki-synthetic-overlay,reviewed,gpt-5.5-synthetic,synthetic-taiwan-internet-usage
D1tP0_	哈瓦仕	-2.395566	chiaki-synthetic-overlay,reviewed,gpt-5.5-synthetic,synthetic-taiwan-internet-usage
D2]P	潑灑	-3.000000	chiaki-synthetic-overlay,reviewed,gpt-5.5-synthetic,synthetic-taiwan-daily-usage
D2cH	潑猴	-3.000000	chiaki-synthetic-overlay,reviewed,gpt-5.5-synthetic,synthetic-taiwan-daily-usage
D2w?	潑皮	-3.000000	chiaki-synthetic-overlay,reviewed,gpt-5.5-synthetic,synthetic-taiwan-daily-usage
D87Rw?	削果皮	-2.151577	chiaki-synthetic-overlay,reviewed,single-char-collocation
D8A@w2	消毒鍋	-1.9000	chiaki-synthetic-overlay,reviewed,manual-taiwan-appliance
D8K@9i	削竹片	-2.151577	chiaki-synthetic-overlay,reviewed,single-char-collocation
D8KPKM|O	削馬鈴薯	-2.151577	chiaki-synthetic-overlay,reviewed,single-char-collocation
D8TJ	削圓	-2.151577	chiaki-synthetic-overlay,reviewed,single-char-collocation
D8VO_;	削筆芯	-2.151577	chiaki-synthetic-overlay,reviewed,single-char-collocation
D8[1tOqa	蕭家古厝	-2.403766	chiaki-synthetic-overlay,reviewed,gpt-5.5-synthetic,synthetic-taiwan-internet-usage
D8[L3@	蕭煌奇	-2.395537	chiaki-synthetic-overlay,reviewed,gpt-5.5-synthetic,synthetic-taiwan-internet-usage
D8^:	削彎	-2.151577	chiaki-synthetic-overlay,reviewed,single-char-collocation
D8^l3M	蕭敬騰	-2.400166	chiaki-synthetic-overlay,reviewed,gpt-5.5-synthetic,synthetic-taiwan-internet-usage
D8rY	削短	-2.151577	chiaki-synthetic-overlay,reviewed,single-char-collocation
D8xgF04>	銷售一空	-3.200000	chiaki-synthetic-overlay,reviewed,gpt-5.5-synthetic,synthetic-taiwan-daily-usage
D8}?an	削梨子	-2.151577	chiaki-synthetic-overlay,reviewed,single-char-collocation
D;mM	跟從	-3.000000	chiaki-synthetic-overlay,reviewed,gpt-5.5-synthetic,synthetic-taiwan-daily-usage
D@9\wl	盧廣仲	-2.405696	chiaki-synthetic-overlay,reviewed,gpt-5.5-synthetic,synthetic-taiwan-internet-usage
D@RlVD	盧映潔	-2.394970	chiaki-synthetic-overlay,reviewed,gpt-5.5-synthetic,synthetic-taiwan-internet-usage
D@_;	爐心	-3.000000	chiaki-synthetic-overlay,reviewed,gpt-5.5-synthetic,synthetic-taiwan-daily-usage
DJN<	團康	-3.000000	chiaki-synthetic-overlay,reviewed,gpt-5.5-synthetic,synthetic-taiwan-daily-usage
DJYe	團費	-3.000000	chiaki-synthetic-overlay,reviewed,gpt-5.5-synthetic,synthetic-taiwan-daily-usage
DJpgxUp?	團購美食	-1.897637	chiaki-synthetic-overlay,reviewed,gpt-5.5-synthetic,synthetic-taiwan-internet-usage
DW:_R0	掃地機	-1.7000	chiaki-synthetic-overlay,reviewed,manual-taiwan-appliance
DY5_	滿溢	-3.000000	chiaki-synthetic-overlay,reviewed,gpt-5.5-synthetic,synthetic-taiwan-daily-usage
DYL_	滿布	-3.000000	chiaki-synthetic-overlay,reviewed,gpt-5.5-synthetic,synthetic-taiwan-daily-usage
Db3>	刻工	-3.000000	chiaki-synthetic-overlay,reviewed,gpt-5.5-synthetic,synthetic-taiwan-daily-usage
DbLjaOn?	克盡己職	-3.200000	chiaki-synthetic-overlay,reviewed,gpt-5.5-synthetic,synthetic-taiwan-daily-usage
Db_`]_rF	刻畫入微	-3.200000	chiaki-synthetic-overlay,reviewed,gpt-5.5-synthetic,synthetic-taiwan-daily-usage
DboO	課輔	-3.000000	chiaki-synthetic-overlay,reviewed,gpt-5.5-synthetic,synthetic-taiwan-daily-usage
DbrgoO4W	課後輔導	-3.200000	chiaki-synthetic-overlay,reviewed,gpt-5.5-synthetic,synthetic-taiwan-daily-usage
DdSB	削奪	-3.000000	chiaki-synthetic-overlay,reviewed,gpt-5.5-synthetic,synthetic-taiwan-daily-usage
DdYZu?	穴診儀	-3.100000	chiaki-synthetic-overlay,reviewed,gpt-5.5-synthetic,synthetic-taiwan-daily-usage
Dd{H	削球	-3.000000	chiaki-synthetic-overlay,reviewed,gpt-5.5-synthetic,synthetic-taiwan-daily-usage
Df5_	銳意	-3.000000	chiaki-synthetic-overlay,reviewed,gpt-5.5-synthetic,synthetic-taiwan-daily-usage
DfDf	芮芮	-3.000000	chiaki-synthetic-overlay,reviewed,gpt-5.5-synthetic,synthetic-taiwan-daily-usage
DfJ1	瑞莎	-2.401693	chiaki-synthetic-overlay,reviewed,gpt-5.5-synthetic,synthetic-taiwan-internet-usage
DfQ=Yc0_	瑞豐夜市	-2.394969	chiaki-synthetic-overlay,reviewed,gpt-5.5-synthetic,synthetic-taiwan-internet-usage
Dfxg	瑞獸	-3.000000	chiaki-synthetic-overlay,reviewed,gpt-5.5-synthetic,synthetic-taiwan-daily-usage
Di:9	欠收	-3.000000	chiaki-synthetic-overlay,reviewed,gpt-5.5-synthetic,synthetic-taiwan-daily-usage
DiGf	歉歲	-3.000000	chiaki-synthetic-overlay,reviewed,gpt-5.5-synthetic,synthetic-taiwan-daily-usage
Dio0	欠租	-3.000000	chiaki-synthetic-overlay,reviewed,gpt-5.5-synthetic,synthetic-taiwan-daily-usage
Dk3:DkDb	上班上課	-1.340324	chiaki-synthetic-overlay,reviewed,gpt-5.5-synthetic,synthetic-taiwan-internet-usage
Dkgj:PnH	上順旅遊	-2.086998	chiaki-synthetic-overlay,reviewed,gpt-5.5-synthetic,synthetic-taiwan-internet-usage
DlZ_	怔住	-3.000000	chiaki-synthetic-overlay,reviewed,gpt-5.5-synthetic,synthetic-taiwan-daily-usage
E01_=_	撕日曆	-1.339626	chiaki-synthetic-overlay,reviewed,single-char-collocation
E078U:	撕標籤	-1.339626	chiaki-synthetic-overlay,reviewed,single-char-collocation
E08ikG	撕便條	-1.703014	chiaki-synthetic-overlay,reviewed,single-char-collocation
E0:hm0	撕舊書	-1.649782	chiaki-synthetic-overlay,reviewed,single-char-collocation
E0=1vf	撕發票	-1.339626	chiaki-synthetic-overlay,reviewed,single-char-collocation
E0@\	私闖	-3.000000	chiaki-synthetic-overlay,reviewed,gpt-5.5-synthetic,synthetic-taiwan-daily-usage
E0B8Qd	撕膠帶	-1.339626	chiaki-synthetic-overlay,reviewed,single-char-collocation
E0B_G5	撕契約	-1.339626	chiaki-synthetic-overlay,reviewed,single-char-collocation
E0KPU_E0	司馬庫斯	-2.404710	chiaki-synthetic-overlay,reviewed,gpt-5.5-synthetic,synthetic-taiwan-internet-usage
E0lI	私函	-3.000000	chiaki-synthetic-overlay,reviewed,gpt-5.5-synthetic,synthetic-taiwan-daily-usage
E0p4NO	撕貼紙	-1.339626	chiaki-synthetic-overlay,reviewed,single-char-collocation
E0p70=	撕包裝	-1.339626	chiaki-synthetic-overlay,reviewed,single-char-collocation
E0pgK_Qd	撕購物袋	-2.173493	chiaki-synthetic-overlay,reviewed,single-char-collocation
E0rA0\	思博網	-2.398255	chiaki-synthetic-overlay,reviewed,gpt-5.5-synthetic,synthetic-taiwan-internet-usage
E0tO?9PM	思古幽情	-3.200000	chiaki-synthetic-overlay,reviewed,gpt-5.5-synthetic,synthetic-taiwan-daily-usage
E0wT_f	撕海報	-1.339626	chiaki-synthetic-overlay,reviewed,single-char-collocation
E<rGj6	邦喬飛	-2.405934	chiaki-synthetic-overlay,reviewed,gpt-5.5-synthetic,synthetic-taiwan-internet-usage
E<z?	梆笛	-3.000000	chiaki-synthetic-overlay,reviewed,gpt-5.5-synthetic,synthetic-taiwan-daily-usage
EEVBDb	萊羅克	-2.394311	chiaki-synthetic-overlay,reviewed,gpt-5.5-synthetic,synthetic-taiwan-internet-usage
EM7RNd	蘋果派	-3.100000	chiaki-synthetic-overlay,reviewed,gpt-5.5-synthetic,synthetic-taiwan-daily-usage
EMBY<i6W	平板電腦	-1.5000	chiaki-synthetic-overlay,reviewed,manual-taiwan-appliance
EMU3|_	屏科大	-2.400885	chiaki-synthetic-overlay,reviewed,gpt-5.5-synthetic,synthetic-taiwan-internet-usage
EM\_	評述	-3.000000	chiaki-synthetic-overlay,reviewed,gpt-5.5-synthetic,synthetic-taiwan-daily-usage
EMcV	平水	-2.135914	chiaki-synthetic-overlay,reviewed,gpt-5.5-synthetic,synthetic-taiwan-internet-usage
EMoO	平撫	-3.000000	chiaki-synthetic-overlay,reviewed,gpt-5.5-synthetic,synthetic-taiwan-daily-usage
EMpi	憑券	-3.000000	chiaki-synthetic-overlay,reviewed,gpt-5.5-synthetic,synthetic-taiwan-daily-usage
EM~=Dblj	屏東客運	-1.375748	chiaki-synthetic-overlay,reviewed,gpt-5.5-synthetic,synthetic-taiwan-internet-usage
EM~=Yc2P	屏東夜語	-1.984756	chiaki-synthetic-overlay,reviewed,gpt-5.5-synthetic,synthetic-taiwan-internet-usage
Eb0W@@	賀寶芙	-2.400139	chiaki-synthetic-overlay,reviewed,gpt-5.5-synthetic,synthetic-taiwan-internet-usage
EbC7U3A_	賀威科技	-2.401856	chiaki-synthetic-overlay,reviewed,gpt-5.5-synthetic,synthetic-taiwan-internet-usage
EbL@	荷鋤	-3.000000	chiaki-synthetic-overlay,reviewed,gpt-5.5-synthetic,synthetic-taiwan-daily-usage
EbNO	喝止	-3.000000	chiaki-synthetic-overlay,reviewed,gpt-5.5-synthetic,synthetic-taiwan-daily-usage
Ebcf1U	喝倒采	-3.100000	chiaki-synthetic-overlay,reviewed,gpt-5.5-synthetic,synthetic-taiwan-daily-usage
Ebxg	賀壽	-3.000000	chiaki-synthetic-overlay,reviewed,gpt-5.5-synthetic,synthetic-taiwan-daily-usage
EbzJ	賀忱	-3.000000	chiaki-synthetic-overlay,reviewed,gpt-5.5-synthetic,synthetic-taiwan-daily-usage
Eb~^	喝斥	-3.000000	chiaki-synthetic-overlay,reviewed,gpt-5.5-synthetic,synthetic-taiwan-daily-usage
Ef:Wnq}Q	最好的我	-1.248970	chiaki-synthetic-overlay,reviewed,gpt-5.5-synthetic,synthetic-taiwan-internet-usage
Ef;fIXR0	最貴手機	-3.030419	chiaki-synthetic-overlay,reviewed,gpt-5.5-synthetic,synthetic-taiwan-internet-usage
Ef<@dRXi	罪無可逭	-3.200000	chiaki-synthetic-overlay,reviewed,gpt-5.5-synthetic,synthetic-taiwan-daily-usage
EfQMLPWlTJ>C	罪刑法定原則	-3.450000	chiaki-synthetic-overlay,reviewed,gpt-5.5-synthetic,synthetic-taiwan-daily-usage
EfaJ	醉拳	-3.000000	chiaki-synthetic-overlay,reviewed,gpt-5.5-synthetic,synthetic-taiwan-daily-usage
Efo@IX	最拿手	-3.100000	chiaki-synthetic-overlay,reviewed,gpt-5.5-synthetic,synthetic-taiwan-daily-usage
EfrgnqmYF:	最後的晚餐	-3.450000	chiaki-synthetic-overlay,reviewed,gpt-5.5-synthetic,synthetic-taiwan-daily-usage
EiDkL;qh	線上申辦	-1.2500	chiaki-synthetic-overlay,reviewed,manual-taiwan-daily
EiKM	限齡	-3.000000	chiaki-synthetic-overlay,reviewed,gpt-5.5-synthetic,synthetic-taiwan-daily-usage
EiNO	現址	-3.000000	chiaki-synthetic-overlay,reviewed,gpt-5.5-synthetic,synthetic-taiwan-daily-usage
Ei|J	線人	-3.000000	chiaki-synthetic-overlay,reviewed,gpt-5.5-synthetic,synthetic-taiwan-daily-usage
El;j	更甚	-3.000000	chiaki-synthetic-overlay,reviewed,gpt-5.5-synthetic,synthetic-taiwan-daily-usage
ElDkAM`H	更上層樓	-3.200000	chiaki-synthetic-overlay,reviewed,gpt-5.5-synthetic,synthetic-taiwan-daily-usage
Em3_aJ4W	二次全倒	-3.200000	chiaki-synthetic-overlay,reviewed,gpt-5.5-synthetic,synthetic-taiwan-daily-usage
Em9>?0{J	二中之神	-2.797078	chiaki-synthetic-overlay,reviewed,gpt-5.5-synthetic,synthetic-taiwan-internet-usage
Em9K3>U<	二林工商	-1.580477	chiaki-synthetic-overlay,reviewed,gpt-5.5-synthetic,synthetic-taiwan-internet-usage
EmDlan	二愣子	-3.100000	chiaki-synthetic-overlay,reviewed,gpt-5.5-synthetic,synthetic-taiwan-daily-usage
EmIXNJ2a	二手傳播	-3.200000	chiaki-synthetic-overlay,reviewed,gpt-5.5-synthetic,synthetic-taiwan-daily-usage
EmIXR0[3	二手機車	-1.267275	chiaki-synthetic-overlay,reviewed,gpt-5.5-synthetic,synthetic-taiwan-internet-usage
EmIX[3zj	二手車訊	-2.401137	chiaki-synthetic-overlay,reviewed,gpt-5.5-synthetic,synthetic-taiwan-internet-usage
Emp?:11_	二十八日	-1.012335	chiaki-synthetic-overlay,reviewed,gpt-5.5-synthetic,synthetic-taiwan-internet-usage
Em{K{J	二郎神	-3.100000	chiaki-synthetic-overlay,reviewed,gpt-5.5-synthetic,synthetic-taiwan-daily-usage
F01K	一銀	-2.179343	chiaki-synthetic-overlay,reviewed,gpt-5.5-synthetic,synthetic-taiwan-internet-usage
F0<@	咿唔	-3.000000	chiaki-synthetic-overlay,reviewed,gpt-5.5-synthetic,synthetic-taiwan-daily-usage
F0?0h<	一之鄉	-1.724953	chiaki-synthetic-overlay,reviewed,gpt-5.5-synthetic,synthetic-taiwan-internet-usage
F0J`an	衣架子	-3.100000	chiaki-synthetic-overlay,reviewed,gpt-5.5-synthetic,synthetic-taiwan-daily-usage
F0g:H]	衣冠塚	-3.100000	chiaki-synthetic-overlay,reviewed,gpt-5.5-synthetic,synthetic-taiwan-daily-usage
F0p?	依時	-3.000000	chiaki-synthetic-overlay,reviewed,gpt-5.5-synthetic,synthetic-taiwan-daily-usage
F0p?<@R@	衣食無虞	-3.200000	chiaki-synthetic-overlay,reviewed,gpt-5.5-synthetic,synthetic-taiwan-daily-usage
F0tf?;Yc	醫藥分業	-3.200000	chiaki-synthetic-overlay,reviewed,gpt-5.5-synthetic,synthetic-taiwan-daily-usage
F0zO	醫囑	-3.000000	chiaki-synthetic-overlay,reviewed,gpt-5.5-synthetic,synthetic-taiwan-daily-usage
F:{@	參雜	-3.000000	chiaki-synthetic-overlay,reviewed,gpt-5.5-synthetic,synthetic-taiwan-daily-usage
F<rA	磅礴	-3.000000	chiaki-synthetic-overlay,reviewed,gpt-5.5-synthetic,synthetic-taiwan-daily-usage
FJ\_	欒樹	-3.000000	chiaki-synthetic-overlay,reviewed,gpt-5.5-synthetic,synthetic-taiwan-daily-usage
FM9iKbA_	名片設計	-1.487992	chiaki-synthetic-overlay,reviewed,gpt-5.5-synthetic,synthetic-taiwan-internet-usage
FMCEx79>	明台高中	-2.049241	chiaki-synthetic-overlay,reviewed,gpt-5.5-synthetic,synthetic-taiwan-internet-usage
FMNJ	銘傳	-1.732432	chiaki-synthetic-overlay,reviewed,gpt-5.5-synthetic,synthetic-taiwan-internet-usage
FMPATJ	明華園	-2.394226	chiaki-synthetic-overlay,reviewed,gpt-5.5-synthetic,synthetic-taiwan-internet-usage
FMS_	名錄	-3.000000	chiaki-synthetic-overlay,reviewed,gpt-5.5-synthetic,synthetic-taiwan-daily-usage
FM[1okpa	名家創作	-1.387370	chiaki-synthetic-overlay,reviewed,gpt-5.5-synthetic,synthetic-taiwan-internet-usage
FM[1xU	名佳美	-1.730205	chiaki-synthetic-overlay,reviewed,gpt-5.5-synthetic,synthetic-taiwan-internet-usage
FM_;	明新	-1.543096	chiaki-synthetic-overlay,reviewed,gpt-5.5-synthetic,synthetic-taiwan-internet-usage
FMcf|_5E	明道大學	-1.786731	chiaki-synthetic-overlay,reviewed,gpt-5.5-synthetic,synthetic-taiwan-internet-usage
FMgc	鳴謝	-3.000000	chiaki-synthetic-overlay,reviewed,gpt-5.5-synthetic,synthetic-taiwan-daily-usage
FMwI[1m_	名言佳句	-1.915774	chiaki-synthetic-overlay,reviewed,gpt-5.5-synthetic,synthetic-taiwan-internet-usage
FWCi	表件	-3.000000	chiaki-synthetic-overlay,reviewed,gpt-5.5-synthetic,synthetic-taiwan-daily-usage
FWVe	裱背	-3.000000	chiaki-synthetic-overlay,reviewed,gpt-5.5-synthetic,synthetic-taiwan-daily-usage
Ff?i	淬鍊	-3.000000	chiaki-synthetic-overlay,reviewed,gpt-5.5-synthetic,synthetic-taiwan-daily-usage
Fk0Wh<	藏寶箱	-2.261806	chiaki-synthetic-overlay,reviewed,gpt-5.5-synthetic,synthetic-taiwan-internet-usage
G0Vj	逼問	-3.000000	chiaki-synthetic-overlay,reviewed,gpt-5.5-synthetic,synthetic-taiwan-daily-usage
G:4Km0^@	三民書局	-1.372166	chiaki-synthetic-overlay,reviewed,gpt-5.5-synthetic,synthetic-taiwan-internet-usage
G::LR0[3	三陽機車	-1.516319	chiaki-synthetic-overlay,reviewed,gpt-5.5-synthetic,synthetic-taiwan-internet-usage
G:CE	三颱	-1.098832	chiaki-synthetic-overlay,reviewed,gpt-5.5-synthetic,synthetic-taiwan-internet-usage
G:K@	三竹	-2.009413	chiaki-synthetic-overlay,reviewed,gpt-5.5-synthetic,synthetic-taiwan-internet-usage
G:K@cYzj	三竹簡訊	-2.732041	chiaki-synthetic-overlay,reviewed,gpt-5.5-synthetic,synthetic-taiwan-internet-usage
G:U<RW@@	三商巧福	-3.660753	chiaki-synthetic-overlay,reviewed,gpt-5.5-synthetic,synthetic-taiwan-internet-usage
G:U<xUE<	三商美邦	-2.402718	chiaki-synthetic-overlay,reviewed,gpt-5.5-synthetic,synthetic-taiwan-internet-usage
G:[LG:[1	三皇三家	-3.080684	chiaki-synthetic-overlay,reviewed,gpt-5.5-synthetic,synthetic-taiwan-internet-usage
G:iMDblj	三重客運	-1.618777	chiaki-synthetic-overlay,reviewed,gpt-5.5-synthetic,synthetic-taiwan-internet-usage
G:iMU<3>	三重商工	-2.707912	chiaki-synthetic-overlay,reviewed,gpt-5.5-synthetic,synthetic-taiwan-internet-usage
G:p?F01_	三十一日	-0.925454	chiaki-synthetic-overlay,reviewed,gpt-5.5-synthetic,synthetic-taiwan-internet-usage
G@2PC7	胡宇崴	-2.398652	chiaki-synthetic-overlay,reviewed,gpt-5.5-synthetic,synthetic-taiwan-internet-usage
G@L_kO	狐步舞	-3.100000	chiaki-synthetic-overlay,reviewed,gpt-5.5-synthetic,synthetic-taiwan-daily-usage
G@QWdIqI	胡攪蠻纏	-3.200000	chiaki-synthetic-overlay,reviewed,gpt-5.5-synthetic,synthetic-taiwan-daily-usage
G@UGN_	胡桃木	-3.100000	chiaki-synthetic-overlay,reviewed,gpt-5.5-synthetic,synthetic-taiwan-daily-usage
G@k@nH	胡麻油	-3.100000	chiaki-synthetic-overlay,reviewed,gpt-5.5-synthetic,synthetic-taiwan-daily-usage
GK0_	紋飾	-3.000000	chiaki-synthetic-overlay,reviewed,gpt-5.5-synthetic,synthetic-taiwan-daily-usage
GK5Ex?	文學迷	-1.862598	chiaki-synthetic-overlay,reviewed,gpt-5.5-synthetic,synthetic-taiwan-internet-usage
GKD;c=	文根英	-2.403697	chiaki-synthetic-overlay,reviewed,gpt-5.5-synthetic,synthetic-taiwan-internet-usage
GL3>	強攻	-3.000000	chiaki-synthetic-overlay,reviewed,gpt-5.5-synthetic,synthetic-taiwan-daily-usage
GLC7of9P	薔薇少女	-1.801606	chiaki-synthetic-overlay,reviewed,gpt-5.5-synthetic,synthetic-taiwan-internet-usage
GLeI	檣帆	-3.000000	chiaki-synthetic-overlay,reviewed,gpt-5.5-synthetic,synthetic-taiwan-daily-usage
GYO_~=`L	坦腹東床	-3.200000	chiaki-synthetic-overlay,reviewed,gpt-5.5-synthetic,synthetic-taiwan-daily-usage
GfNOR0	碎紙機	-1.7000	chiaki-synthetic-overlay,reviewed,manual-taiwan-appliance
Gfp1	碎花	-3.000000	chiaki-synthetic-overlay,reviewed,gpt-5.5-synthetic,synthetic-taiwan-daily-usage
H0=_0\	霹靂網	-1.925721	chiaki-synthetic-overlay,reviewed,gpt-5.5-synthetic,synthetic-taiwan-internet-usage
H0J`	批價	-3.000000	chiaki-synthetic-overlay,reviewed,gpt-5.5-synthetic,synthetic-taiwan-daily-usage
H0K@9i	劈竹片	-2.324903	chiaki-synthetic-overlay,reviewed,single-char-collocation
H0K@an	劈竹子	-2.324903	chiaki-synthetic-overlay,reviewed,single-char-collocation
H0ME9R	劈柴火	-2.324903	chiaki-synthetic-overlay,reviewed,single-char-collocation
H0ME_;	劈柴薪	-2.324903	chiaki-synthetic-overlay,reviewed,single-char-collocation
H0N_QE	劈木材	-2.324903	chiaki-synthetic-overlay,reviewed,single-char-collocation
H0Ri	劈斷	-2.324903	chiaki-synthetic-overlay,reviewed,single-char-collocation
H0Ul	批命	-3.000000	chiaki-synthetic-overlay,reviewed,gpt-5.5-synthetic,synthetic-taiwan-daily-usage
H0o=2@	劈荊棘	-2.324903	chiaki-synthetic-overlay,reviewed,single-char-collocation
H0p?Mw	劈石頭	-2.324903	chiaki-synthetic-overlay,reviewed,single-char-collocation
H1p1	扎花	-3.000000	chiaki-synthetic-overlay,reviewed,gpt-5.5-synthetic,synthetic-taiwan-daily-usage
H7}^	堆置	-3.000000	chiaki-synthetic-overlay,reviewed,gpt-5.5-synthetic,synthetic-taiwan-daily-usage
H:0`B8	醃辣椒	-2.356924	chiaki-synthetic-overlay,reviewed,single-char-collocation
H:6JR@	醃鹹魚	-2.356924	chiaki-synthetic-overlay,reviewed,single-char-collocation
H:9R<h	煙火秀	-3.100000	chiaki-synthetic-overlay,reviewed,gpt-5.5-synthetic,synthetic-taiwan-daily-usage
H::_	菸蒂	-3.000000	chiaki-synthetic-overlay,reviewed,gpt-5.5-synthetic,synthetic-taiwan-daily-usage
H:=X	菸斗	-3.000000	chiaki-synthetic-overlay,reviewed,gpt-5.5-synthetic,synthetic-taiwan-daily-usage
H:?0	閼氏	-3.000000	chiaki-synthetic-overlay,reviewed,gpt-5.5-synthetic,synthetic-taiwan-daily-usage
H:@Z	菸捲	-3.000000	chiaki-synthetic-overlay,reviewed,gpt-5.5-synthetic,synthetic-taiwan-daily-usage
H:IFan	醃梅子	-2.356924	chiaki-synthetic-overlay,reviewed,single-char-collocation
H:N7	菸灰	-3.000000	chiaki-synthetic-overlay,reviewed,gpt-5.5-synthetic,synthetic-taiwan-daily-usage
H:N7M<	菸灰缸	-3.100000	chiaki-synthetic-overlay,reviewed,gpt-5.5-synthetic,synthetic-taiwan-daily-usage
H:VBap	醃蘿蔔	-2.356924	chiaki-synthetic-overlay,reviewed,single-char-collocation
H:^=f<	醃生薑	-2.356924	chiaki-synthetic-overlay,reviewed,single-char-collocation
H:`f`d	醃泡菜	-2.356924	chiaki-synthetic-overlay,reviewed,single-char-collocation
H:bihG	醃蒜苗	-2.356924	chiaki-synthetic-overlay,reviewed,single-char-collocation
H:kOp1yg	醃五花肉	-2.356924	chiaki-synthetic-overlay,reviewed,single-char-collocation
H:s:`d	醃酸菜	-2.356924	chiaki-synthetic-overlay,reviewed,single-char-collocation
H<|__M	方大同	-1.704550	chiaki-synthetic-overlay,reviewed,gpt-5.5-synthetic,synthetic-taiwan-internet-usage
HF9W	陪考	-3.000000	chiaki-synthetic-overlay,reviewed,gpt-5.5-synthetic,synthetic-taiwan-daily-usage
HFA_	陪祭	-3.000000	chiaki-synthetic-overlay,reviewed,gpt-5.5-synthetic,synthetic-taiwan-daily-usage
HFFkW=	陪葬坑	-3.100000	chiaki-synthetic-overlay,reviewed,gpt-5.5-synthetic,synthetic-taiwan-daily-usage
HWL_dRNb	藐不可測	-3.200000	chiaki-synthetic-overlay,reviewed,gpt-5.5-synthetic,synthetic-taiwan-daily-usage
H]A_	踵繼	-3.000000	chiaki-synthetic-overlay,reviewed,gpt-5.5-synthetic,synthetic-taiwan-daily-usage
H]RO0\S_	種子網路	-3.200000	chiaki-synthetic-overlay,reviewed,gpt-5.5-synthetic,synthetic-taiwan-daily-usage
H]RO{HTJ	種子球員	-3.200000	chiaki-synthetic-overlay,reviewed,gpt-5.5-synthetic,synthetic-taiwan-daily-usage
H]gc	踵謝	-3.000000	chiaki-synthetic-overlay,reviewed,gpt-5.5-synthetic,synthetic-taiwan-daily-usage
H]hG	種苗	-3.000000	chiaki-synthetic-overlay,reviewed,gpt-5.5-synthetic,synthetic-taiwan-daily-usage
I12a	插播	-3.000000	chiaki-synthetic-overlay,reviewed,gpt-5.5-synthetic,synthetic-taiwan-daily-usage
I1;:tO	插乾股	-2.139763	chiaki-synthetic-overlay,reviewed,single-char-collocation
I1A_5_RP	插記憶卡	-2.162307	chiaki-synthetic-overlay,reviewed,single-char-collocation
I:S_	編錄	-3.000000	chiaki-synthetic-overlay,reviewed,gpt-5.5-synthetic,synthetic-taiwan-daily-usage
I:We	編配	-3.000000	chiaki-synthetic-overlay,reviewed,gpt-5.5-synthetic,synthetic-taiwan-daily-usage
I:ec5_0i	邊界驛站	-2.036266	chiaki-synthetic-overlay,reviewed,gpt-5.5-synthetic,synthetic-taiwan-internet-usage
I<Qd6dIX	當代樂手	-1.982027	chiaki-synthetic-overlay,reviewed,gpt-5.5-synthetic,synthetic-taiwan-internet-usage
I<pa	當做	-0.885740	chiaki-synthetic-overlay,reviewed,benchmark-miss-rerank,tw-variant
IF89	湄州	-3.000000	chiaki-synthetic-overlay,reviewed,gpt-5.5-synthetic,synthetic-taiwan-daily-usage
IF[Oqf0_	媒體造勢	-3.200000	chiaki-synthetic-overlay,reviewed,gpt-5.5-synthetic,synthetic-taiwan-daily-usage
IJ0W];D@	環保金爐	-2.396090	chiaki-synthetic-overlay,reviewed,gpt-5.5-synthetic,synthetic-taiwan-internet-usage
IJN_<ir\	環幕電影	-3.200000	chiaki-synthetic-overlay,reviewed,gpt-5.5-synthetic,synthetic-taiwan-daily-usage
IJUOwIOb	還以顏色	-3.200000	chiaki-synthetic-overlay,reviewed,gpt-5.5-synthetic,synthetic-taiwan-daily-usage
IJ^l\0SY	環境汙染	-3.200000	chiaki-synthetic-overlay,reviewed,gpt-5.5-synthetic,synthetic-taiwan-daily-usage
IJpOD8sI	環堵蕭然	-3.200000	chiaki-synthetic-overlay,reviewed,gpt-5.5-synthetic,synthetic-taiwan-daily-usage
IJpfPP:1	環繞喇叭	-3.200000	chiaki-synthetic-overlay,reviewed,gpt-5.5-synthetic,synthetic-taiwan-daily-usage
IM0_	廷試	-3.000000	chiaki-synthetic-overlay,reviewed,gpt-5.5-synthetic,synthetic-taiwan-daily-usage
IM3:IMDb	停班停課	-2.401302	chiaki-synthetic-overlay,reviewed,gpt-5.5-synthetic,synthetic-taiwan-internet-usage
IMCE	亭臺	-3.000000	chiaki-synthetic-overlay,reviewed,gpt-5.5-synthetic,synthetic-taiwan-daily-usage
IMDb0>?0	停課通知	-1.715588	chiaki-synthetic-overlay,reviewed,gpt-5.5-synthetic,synthetic-taiwan-internet-usage
IPOd	把脈	-3.000000	chiaki-synthetic-overlay,reviewed,gpt-5.5-synthetic,synthetic-taiwan-daily-usage
IX3>qf	手工皂	-2.257861	chiaki-synthetic-overlay,reviewed,gpt-5.5-synthetic,synthetic-taiwan-internet-usage
IXBZ	首選	-3.000000	chiaki-synthetic-overlay,reviewed,gpt-5.5-synthetic,synthetic-taiwan-daily-usage
IXBb	手泐	-3.000000	chiaki-synthetic-overlay,reviewed,gpt-5.5-synthetic,synthetic-taiwan-daily-usage
IXNjH<	手信坊	-2.401369	chiaki-synthetic-overlay,reviewed,gpt-5.5-synthetic,synthetic-taiwan-internet-usage
IXQd	手袋	-3.000000	chiaki-synthetic-overlay,reviewed,gpt-5.5-synthetic,synthetic-taiwan-daily-usage
IXR0kGKP	手機條碼	-1.2500	chiaki-synthetic-overlay,reviewed,manual-taiwan-daily
IXa0Dblj	首都客運	-1.676943	chiaki-synthetic-overlay,reviewed,gpt-5.5-synthetic,synthetic-taiwan-internet-usage
IXpa	手作	-1.120392	chiaki-synthetic-overlay,reviewed,benchmark-miss-rerank,domain-term
IY68	懶腰	-3.000000	chiaki-synthetic-overlay,reviewed,gpt-5.5-synthetic,synthetic-taiwan-daily-usage
IYDb	攬客	-3.000000	chiaki-synthetic-overlay,reviewed,gpt-5.5-synthetic,synthetic-taiwan-daily-usage
IYIY}M	懶懶熊	-2.400414	chiaki-synthetic-overlay,reviewed,gpt-5.5-synthetic,synthetic-taiwan-internet-usage
IY^l	攬鏡	-3.000000	chiaki-synthetic-overlay,reviewed,gpt-5.5-synthetic,synthetic-taiwan-daily-usage
IY|J\_	欖仁樹	-3.100000	chiaki-synthetic-overlay,reviewed,gpt-5.5-synthetic,synthetic-taiwan-daily-usage
IY|Jn?K_	懶人植物	-3.200000	chiaki-synthetic-overlay,reviewed,gpt-5.5-synthetic,synthetic-taiwan-daily-usage
I]I]rFR0	寵寵微積	-2.398736	chiaki-synthetic-overlay,reviewed,gpt-5.5-synthetic,synthetic-taiwan-internet-usage
I]K_S<{K	寵物蟑螂	-1.694841	chiaki-synthetic-overlay,reviewed,gpt-5.5-synthetic,synthetic-taiwan-internet-usage
IbVean	這輩子	-3.100000	chiaki-synthetic-overlay,reviewed,gpt-5.5-synthetic,synthetic-taiwan-daily-usage
J10W	沙堡	-3.000000	chiaki-synthetic-overlay,reviewed,gpt-5.5-synthetic,synthetic-taiwan-daily-usage
J1JDRO	沙耶子	-3.493502	chiaki-synthetic-overlay,reviewed,gpt-5.5-synthetic,synthetic-taiwan-internet-usage
J1R0	莎雞	-3.000000	chiaki-synthetic-overlay,reviewed,gpt-5.5-synthetic,synthetic-taiwan-daily-usage
J1RV	煞尾	-3.000000	chiaki-synthetic-overlay,reviewed,gpt-5.5-synthetic,synthetic-taiwan-daily-usage
J1S_x73>	沙鹿高工	-1.645223	chiaki-synthetic-overlay,reviewed,gpt-5.5-synthetic,synthetic-taiwan-internet-usage
J1kMRO	紗榮子	-2.403544	chiaki-synthetic-overlay,reviewed,gpt-5.5-synthetic,synthetic-taiwan-internet-usage
J:=A	偏狹	-3.000000	chiaki-synthetic-overlay,reviewed,gpt-5.5-synthetic,synthetic-taiwan-daily-usage
J;M9	珍饈	-3.000000	chiaki-synthetic-overlay,reviewed,gpt-5.5-synthetic,synthetic-taiwan-daily-usage
J;]O|_5E	真理大學	-1.435277	chiaki-synthetic-overlay,reviewed,gpt-5.5-synthetic,synthetic-taiwan-internet-usage
J;eG	珍餚	-3.000000	chiaki-synthetic-overlay,reviewed,gpt-5.5-synthetic,synthetic-taiwan-daily-usage
J<A_	湯劑	-3.000000	chiaki-synthetic-overlay,reviewed,gpt-5.5-synthetic,synthetic-taiwan-daily-usage
J<J<cVcV	湯湯水水	-3.200000	chiaki-synthetic-overlay,reviewed,gpt-5.5-synthetic,synthetic-taiwan-daily-usage
JFJF5k5k	肥肥胖胖	-3.200000	chiaki-synthetic-overlay,reviewed,gpt-5.5-synthetic,synthetic-taiwan-daily-usage
JF^H|_e]	肥頭大耳	-3.200000	chiaki-synthetic-overlay,reviewed,gpt-5.5-synthetic,synthetic-taiwan-daily-usage
JFcV	淝水	-3.000000	chiaki-synthetic-overlay,reviewed,gpt-5.5-synthetic,synthetic-taiwan-daily-usage
JM?i	凝鍊	-3.000000	chiaki-synthetic-overlay,reviewed,gpt-5.5-synthetic,synthetic-taiwan-daily-usage
JMT5<@xh	寧缺毋濫	-3.200000	chiaki-synthetic-overlay,reviewed,gpt-5.5-synthetic,synthetic-taiwan-daily-usage
JY:_	桿弟	-3.000000	chiaki-synthetic-overlay,reviewed,gpt-5.5-synthetic,synthetic-taiwan-daily-usage
JYpaJYI<	敢做敢當	-3.200000	chiaki-synthetic-overlay,reviewed,gpt-5.5-synthetic,synthetic-taiwan-daily-usage
JYzj	感訓	-3.000000	chiaki-synthetic-overlay,reviewed,gpt-5.5-synthetic,synthetic-taiwan-daily-usage
J`0J	嫁奩	-3.000000	chiaki-synthetic-overlay,reviewed,gpt-5.5-synthetic,synthetic-taiwan-daily-usage
J`1_p10_	假日花市	-3.200000	chiaki-synthetic-overlay,reviewed,gpt-5.5-synthetic,synthetic-taiwan-daily-usage
K0=_	低利	-3.000000	chiaki-synthetic-overlay,reviewed,gpt-5.5-synthetic,synthetic-taiwan-daily-usage
K0P_	低度	-3.000000	chiaki-synthetic-overlay,reviewed,gpt-5.5-synthetic,synthetic-taiwan-daily-usage
K0XO	低靡	-3.000000	chiaki-synthetic-overlay,reviewed,gpt-5.5-synthetic,synthetic-taiwan-daily-usage
K0Yc	滴液	-3.000000	chiaki-synthetic-overlay,reviewed,gpt-5.5-synthetic,synthetic-taiwan-daily-usage
K0ZXL_A:	滴酒不沾	-3.200000	chiaki-synthetic-overlay,reviewed,gpt-5.5-synthetic,synthetic-taiwan-daily-usage
K0cV2fA:	滴水未沾	-3.200000	chiaki-synthetic-overlay,reviewed,gpt-5.5-synthetic,synthetic-taiwan-daily-usage
K0cVL_A:	滴水不沾	-3.200000	chiaki-synthetic-overlay,reviewed,gpt-5.5-synthetic,synthetic-taiwan-daily-usage
K0cVog=X	滴水漏斗	-3.200000	chiaki-synthetic-overlay,reviewed,gpt-5.5-synthetic,synthetic-taiwan-daily-usage
K6MP	摔打	-3.000000	chiaki-synthetic-overlay,reviewed,gpt-5.5-synthetic,synthetic-taiwan-daily-usage
K9DJ[O	揪團體	-2.209792	chiaki-synthetic-overlay,reviewed,single-char-collocation
K@;:kO	竹竿舞	-3.100000	chiaki-synthetic-overlay,reviewed,gpt-5.5-synthetic,synthetic-taiwan-daily-usage
K@?]th	竹筒飯	-3.100000	chiaki-synthetic-overlay,reviewed,gpt-5.5-synthetic,synthetic-taiwan-daily-usage
K@?l	逐夢	-3.000000	chiaki-synthetic-overlay,reviewed,gpt-5.5-synthetic,synthetic-taiwan-daily-usage
K@D@U:]O	舳艫千里	-3.200000	chiaki-synthetic-overlay,reviewed,gpt-5.5-synthetic,synthetic-taiwan-daily-usage
K@Td	竹籟	-3.000000	chiaki-synthetic-overlay,reviewed,gpt-5.5-synthetic,synthetic-taiwan-daily-usage
K@p=IM	竹蜻蜓	-3.100000	chiaki-synthetic-overlay,reviewed,gpt-5.5-synthetic,synthetic-taiwan-daily-usage
K@r\	竹影	-3.000000	chiaki-synthetic-overlay,reviewed,gpt-5.5-synthetic,synthetic-taiwan-daily-usage
K@vU	逐北	-3.000000	chiaki-synthetic-overlay,reviewed,gpt-5.5-synthetic,synthetic-taiwan-daily-usage
K@wg?0`0	逐臭之夫	-3.200000	chiaki-synthetic-overlay,reviewed,gpt-5.5-synthetic,synthetic-taiwan-daily-usage
KDNXQ=2f	別有風味	-3.200000	chiaki-synthetic-overlay,reviewed,gpt-5.5-synthetic,synthetic-taiwan-daily-usage
KDNXmlN:	別有洞天	-3.200000	chiaki-synthetic-overlay,reviewed,gpt-5.5-synthetic,synthetic-taiwan-daily-usage
KDhGMw	別苗頭	-3.100000	chiaki-synthetic-overlay,reviewed,gpt-5.5-synthetic,synthetic-taiwan-daily-usage
KM1_	凌日	-3.000000	chiaki-synthetic-overlay,reviewed,gpt-5.5-synthetic,synthetic-taiwan-daily-usage
KM6C	零和	-3.000000	chiaki-synthetic-overlay,reviewed,gpt-5.5-synthetic,synthetic-taiwan-daily-usage
KM6d	聆樂	-3.000000	chiaki-synthetic-overlay,reviewed,gpt-5.5-synthetic,synthetic-taiwan-daily-usage
KM:j	靈櫬	-3.000000	chiaki-synthetic-overlay,reviewed,gpt-5.5-synthetic,synthetic-taiwan-daily-usage
KMC2V:RO	凌波仙子	-3.200000	chiaki-synthetic-overlay,reviewed,gpt-5.5-synthetic,synthetic-taiwan-daily-usage
KMD8<i	凌霄殿	-3.100000	chiaki-synthetic-overlay,reviewed,gpt-5.5-synthetic,synthetic-taiwan-daily-usage
KMK_	靈物	-3.000000	chiaki-synthetic-overlay,reviewed,gpt-5.5-synthetic,synthetic-taiwan-daily-usage
KMO_wY	零付款	-3.100000	chiaki-synthetic-overlay,reviewed,gpt-5.5-synthetic,synthetic-taiwan-daily-usage
KMTdeG	綾瀨遙	-2.405273	chiaki-synthetic-overlay,reviewed,gpt-5.5-synthetic,synthetic-taiwan-internet-usage
KP0`	馬辣	-2.677329	chiaki-synthetic-overlay,reviewed,gpt-5.5-synthetic,synthetic-taiwan-internet-usage
KP7:~_	瑪丹娜	-2.398912	chiaki-synthetic-overlay,reviewed,gpt-5.5-synthetic,synthetic-taiwan-internet-usage
KP=_x8	瑪莉歐	-2.085871	chiaki-synthetic-overlay,reviewed,gpt-5.5-synthetic,synthetic-taiwan-internet-usage
KP?]:L~K	馬桶洋行	-1.884827	chiaki-synthetic-overlay,reviewed,gpt-5.5-synthetic,synthetic-taiwan-internet-usage
KPR=KP3R	瑪登瑪朵	-2.403958	chiaki-synthetic-overlay,reviewed,gpt-5.5-synthetic,synthetic-taiwan-internet-usage
KPWB6_	馬國畢	-2.257649	chiaki-synthetic-overlay,reviewed,gpt-5.5-synthetic,synthetic-taiwan-internet-usage
KPe]aOE0	瑪爾濟斯	-2.394911	chiaki-synthetic-overlay,reviewed,gpt-5.5-synthetic,synthetic-taiwan-internet-usage
KW4>	挑空	-3.000000	chiaki-synthetic-overlay,reviewed,gpt-5.5-synthetic,synthetic-taiwan-daily-usage
KWFM	挑明	-3.000000	chiaki-synthetic-overlay,reviewed,gpt-5.5-synthetic,synthetic-taiwan-daily-usage
KXdM	走紅	-3.000000	chiaki-synthetic-overlay,reviewed,gpt-5.5-synthetic,synthetic-taiwan-daily-usage
KYKY	侃侃	-3.000000	chiaki-synthetic-overlay,reviewed,gpt-5.5-synthetic,synthetic-taiwan-daily-usage
K_=_	兀立	-3.000000	chiaki-synthetic-overlay,reviewed,gpt-5.5-synthetic,synthetic-taiwan-daily-usage
K_A0BLR0	勿失良機	-3.200000	chiaki-synthetic-overlay,reviewed,gpt-5.5-synthetic,synthetic-taiwan-daily-usage
K_Q=`M3>	霧峰農工	-1.727967	chiaki-synthetic-overlay,reviewed,gpt-5.5-synthetic,synthetic-taiwan-internet-usage
K_XeUO{H	寤寐以求	-3.200000	chiaki-synthetic-overlay,reviewed,gpt-5.5-synthetic,synthetic-taiwan-daily-usage
K_`c	阢隉	-3.000000	chiaki-synthetic-overlay,reviewed,gpt-5.5-synthetic,synthetic-taiwan-daily-usage
K_a_	物欲	-3.000000	chiaki-synthetic-overlay,reviewed,gpt-5.5-synthetic,synthetic-taiwan-daily-usage
K_n?	誤植	-3.000000	chiaki-synthetic-overlay,reviewed,gpt-5.5-synthetic,synthetic-taiwan-daily-usage
K_pa	兀坐	-3.000000	chiaki-synthetic-overlay,reviewed,gpt-5.5-synthetic,synthetic-taiwan-daily-usage
K`2@	恰吉	-2.399155	chiaki-synthetic-overlay,reviewed,gpt-5.5-synthetic,synthetic-taiwan-internet-usage
Kb01|_5E	社區大學	-0.998844	chiaki-synthetic-overlay,reviewed,gpt-5.5-synthetic,synthetic-taiwan-internet-usage
Kb3>m:XD	社工專協	-2.398264	chiaki-synthetic-overlay,reviewed,gpt-5.5-synthetic,synthetic-taiwan-internet-usage
Kb=f:hZ_	社會救助	-3.200000	chiaki-synthetic-overlay,reviewed,gpt-5.5-synthetic,synthetic-taiwan-daily-usage
KbB8kO	社交舞	-3.100000	chiaki-synthetic-overlay,reviewed,gpt-5.5-synthetic,synthetic-taiwan-daily-usage
KbEi	葉縣	-3.000000	chiaki-synthetic-overlay,reviewed,gpt-5.5-synthetic,synthetic-taiwan-daily-usage
KbVj	設問	-3.000000	chiaki-synthetic-overlay,reviewed,gpt-5.5-synthetic,synthetic-taiwan-daily-usage
KlB@	政途	-3.000000	chiaki-synthetic-overlay,reviewed,gpt-5.5-synthetic,synthetic-taiwan-daily-usage
KlCRCf	證所稅	-3.100000	chiaki-synthetic-overlay,reviewed,gpt-5.5-synthetic,synthetic-taiwan-daily-usage
KlM9	正修	-2.146130	chiaki-synthetic-overlay,reviewed,gpt-5.5-synthetic,synthetic-taiwan-internet-usage
KlTJCk	鄭元暢	-2.404234	chiaki-synthetic-overlay,reviewed,gpt-5.5-synthetic,synthetic-taiwan-internet-usage
Kl^l_;	鄭靚歆	-2.196143	chiaki-synthetic-overlay,reviewed,gpt-5.5-synthetic,synthetic-taiwan-internet-usage
KlaMPA	鄭龍華	-1.857332	chiaki-synthetic-overlay,reviewed,gpt-5.5-synthetic,synthetic-taiwan-internet-usage
Kl|_O_9>	政大附中	-1.687146	chiaki-synthetic-overlay,reviewed,gpt-5.5-synthetic,synthetic-taiwan-internet-usage
L0XV	踢腿	-3.000000	chiaki-synthetic-overlay,reviewed,gpt-5.5-synthetic,synthetic-taiwan-daily-usage
L0cf0TBY	踢到鐵板	-3.200000	chiaki-synthetic-overlay,reviewed,gpt-5.5-synthetic,synthetic-taiwan-daily-usage
L0}_kO	踢踏舞	-3.100000	chiaki-synthetic-overlay,reviewed,gpt-5.5-synthetic,synthetic-taiwan-daily-usage
L76C	媯河	-3.000000	chiaki-synthetic-overlay,reviewed,gpt-5.5-synthetic,synthetic-taiwan-daily-usage
L79>8_NX	閨中密友	-3.200000	chiaki-synthetic-overlay,reviewed,gpt-5.5-synthetic,synthetic-taiwan-daily-usage
L7_G	歸巢	-3.000000	chiaki-synthetic-overlay,reviewed,gpt-5.5-synthetic,synthetic-taiwan-daily-usage
L7rAFf	瑰柏翠	-2.396473	chiaki-synthetic-overlay,reviewed,gpt-5.5-synthetic,synthetic-taiwan-internet-usage
L9C:=_Sd	秋山莉奈	-2.397490	chiaki-synthetic-overlay,reviewed,gpt-5.5-synthetic,synthetic-taiwan-internet-usage
L9KZ=_RO	秋本麗子	-2.404308	chiaki-synthetic-overlay,reviewed,gpt-5.5-synthetic,synthetic-taiwan-internet-usage
L9M@J;	邱淑貞	-2.402196	chiaki-synthetic-overlay,reviewed,gpt-5.5-synthetic,synthetic-taiwan-internet-usage
L9cVV:`_	秋水仙素	-3.200000	chiaki-synthetic-overlay,reviewed,gpt-5.5-synthetic,synthetic-taiwan-daily-usage
L;0_o=	申世京	-2.077127	chiaki-synthetic-overlay,reviewed,gpt-5.5-synthetic,synthetic-taiwan-internet-usage
L;3@>EKP	身騎白馬	-2.405482	chiaki-synthetic-overlay,reviewed,gpt-5.5-synthetic,synthetic-taiwan-internet-usage
L;43@l	伸縮縫	-3.100000	chiaki-synthetic-overlay,reviewed,gpt-5.5-synthetic,synthetic-taiwan-daily-usage
L;43rFiI	伸縮圍欄	-3.301730	chiaki-synthetic-overlay,reviewed,gpt-5.5-synthetic,synthetic-taiwan-internet-usage
L;CR	深鎖	-3.000000	chiaki-synthetic-overlay,reviewed,gpt-5.5-synthetic,synthetic-taiwan-daily-usage
L;cZ6N	申敏兒	-2.399881	chiaki-synthetic-overlay,reviewed,gpt-5.5-synthetic,synthetic-taiwan-internet-usage
L;l0TJIX	伸出援手	-3.200000	chiaki-synthetic-overlay,reviewed,gpt-5.5-synthetic,synthetic-taiwan-daily-usage
L;}iKl2_if	身分證字號	-1.2500	chiaki-synthetic-overlay,reviewed,manual-taiwan-daily
L<I<	啷噹	-3.000000	chiaki-synthetic-overlay,reviewed,gpt-5.5-synthetic,synthetic-taiwan-daily-usage
L@18	鋤燒	-2.398621	chiaki-synthetic-overlay,reviewed,gpt-5.5-synthetic,synthetic-taiwan-internet-usage
L@Lb0_LbcVB_	儲熱式熱水器	-2.0000	chiaki-synthetic-overlay,reviewed,manual-taiwan-appliance
LE2@8i	宅急便	-2.396862	chiaki-synthetic-overlay,reviewed,gpt-5.5-synthetic,synthetic-taiwan-internet-usage
LE9PSWdM	宅女小紅	-2.403189	chiaki-synthetic-overlay,reviewed,gpt-5.5-synthetic,synthetic-taiwan-internet-usage
LEWe0>	宅配通	-3.088234	chiaki-synthetic-overlay,reviewed,gpt-5.5-synthetic,synthetic-taiwan-internet-usage
LP0UtO	法仔鼓	-2.396198	chiaki-synthetic-overlay,reviewed,gpt-5.5-synthetic,synthetic-taiwan-internet-usage
LP;8	髮雕	-3.000000	chiaki-synthetic-overlay,reviewed,gpt-5.5-synthetic,synthetic-taiwan-daily-usage
LPN:gI	法天壇	-2.299505	chiaki-synthetic-overlay,reviewed,gpt-5.5-synthetic,synthetic-taiwan-internet-usage
LP^PDb	法雅客	-2.405293	chiaki-synthetic-overlay,reviewed,gpt-5.5-synthetic,synthetic-taiwan-internet-usage
LPtOC:	法鼓山	-1.569665	chiaki-synthetic-overlay,reviewed,gpt-5.5-synthetic,synthetic-taiwan-internet-usage
LWLWDk^=	裊裊上升	-3.200000	chiaki-synthetic-overlay,reviewed,gpt-5.5-synthetic,synthetic-taiwan-daily-usage
LWLWS7H:	裊裊炊煙	-3.200000	chiaki-synthetic-overlay,reviewed,gpt-5.5-synthetic,synthetic-taiwan-daily-usage
LWUB	裊娜	-3.000000	chiaki-synthetic-overlay,reviewed,gpt-5.5-synthetic,synthetic-taiwan-daily-usage
LWwK	鳥房	-3.000000	chiaki-synthetic-overlay,reviewed,gpt-5.5-synthetic,synthetic-taiwan-daily-usage
L]K_X<U_	總務倉庫	-1.735306	chiaki-synthetic-overlay,reviewed,gpt-5.5-synthetic,synthetic-taiwan-internet-usage
L_01	部曲	-3.000000	chiaki-synthetic-overlay,reviewed,gpt-5.5-synthetic,synthetic-taiwan-daily-usage
L_0CL_Ld	不得不愛	-1.893804	chiaki-synthetic-overlay,reviewed,gpt-5.5-synthetic,synthetic-taiwan-internet-usage
L_4@8TKZ	不惜血本	-2.592275	chiaki-synthetic-overlay,reviewed,gpt-5.5-synthetic,synthetic-taiwan-internet-usage
L_M<}_=X	步罡踏斗	-3.200000	chiaki-synthetic-overlay,reviewed,gpt-5.5-synthetic,synthetic-taiwan-daily-usage
L_cf	布道	-3.000000	chiaki-synthetic-overlay,reviewed,gpt-5.5-synthetic,synthetic-taiwan-daily-usage
L_m@	布達	-3.000000	chiaki-synthetic-overlay,reviewed,gpt-5.5-synthetic,synthetic-taiwan-daily-usage
L`0=	夏裝	-3.000000	chiaki-synthetic-overlay,reviewed,gpt-5.5-synthetic,synthetic-taiwan-daily-usage
L`N_|?	夏慕尼	-2.396552	chiaki-synthetic-overlay,reviewed,gpt-5.5-synthetic,synthetic-taiwan-internet-usage
Ld4W	愛島	-2.036308	chiaki-synthetic-overlay,reviewed,gpt-5.5-synthetic,synthetic-taiwan-internet-usage
Ld=M	艾成	-2.120040	chiaki-synthetic-overlay,reviewed,gpt-5.5-synthetic,synthetic-taiwan-internet-usage
LdPMSW2P	愛情小語	-1.606574	chiaki-synthetic-overlay,reviewed,gpt-5.5-synthetic,synthetic-taiwan-internet-usage
LdQ=^H	愛瘋頭	-2.394279	chiaki-synthetic-overlay,reviewed,gpt-5.5-synthetic,synthetic-taiwan-internet-usage
LdRKEi	璦琿縣	-3.100000	chiaki-synthetic-overlay,reviewed,gpt-5.5-synthetic,synthetic-taiwan-daily-usage
LdhImfqh	礙難照辦	-3.200000	chiaki-synthetic-overlay,reviewed,gpt-5.5-synthetic,synthetic-taiwan-daily-usage
Ldnq0_ec	愛的世界	-2.291455	chiaki-synthetic-overlay,reviewed,gpt-5.5-synthetic,synthetic-taiwan-internet-usage
LdoT	愛買	-2.218760	chiaki-synthetic-overlay,reviewed,gpt-5.5-synthetic,synthetic-taiwan-internet-usage
Ldu?BL	艾怡良	-2.405943	chiaki-synthetic-overlay,reviewed,gpt-5.5-synthetic,synthetic-taiwan-internet-usage
LdvU|_	愛北大	-2.100172	chiaki-synthetic-overlay,reviewed,gpt-5.5-synthetic,synthetic-taiwan-internet-usage
Lj0i	勁戰	-1.113946	chiaki-synthetic-overlay,reviewed,gpt-5.5-synthetic,synthetic-taiwan-internet-usage
Lj4@	進襲	-3.000000	chiaki-synthetic-overlay,reviewed,gpt-5.5-synthetic,synthetic-taiwan-daily-usage
Lj9>	禁中	-3.000000	chiaki-synthetic-overlay,reviewed,gpt-5.5-synthetic,synthetic-taiwan-daily-usage
LjA0	浸溼	-3.000000	chiaki-synthetic-overlay,reviewed,gpt-5.5-synthetic,synthetic-taiwan-daily-usage
LjCi	進諫	-3.000000	chiaki-synthetic-overlay,reviewed,gpt-5.5-synthetic,synthetic-taiwan-daily-usage
LjPMLj]O	近情近理	-3.200000	chiaki-synthetic-overlay,reviewed,gpt-5.5-synthetic,synthetic-taiwan-daily-usage
Ljv4	晉階	-3.000000	chiaki-synthetic-overlay,reviewed,gpt-5.5-synthetic,synthetic-taiwan-daily-usage
M1g<KX9R	擦槍走火	-3.200000	chiaki-synthetic-overlay,reviewed,gpt-5.5-synthetic,synthetic-taiwan-daily-usage
M7p?	虧食	-3.000000	chiaki-synthetic-overlay,reviewed,gpt-5.5-synthetic,synthetic-taiwan-daily-usage
M9?i	修練	-3.000000	chiaki-synthetic-overlay,reviewed,gpt-5.5-synthetic,synthetic-taiwan-daily-usage
M9EM	修平	-2.342446	chiaki-synthetic-overlay,reviewed,gpt-5.5-synthetic,synthetic-taiwan-internet-usage
M9S0	髹漆	-3.000000	chiaki-synthetic-overlay,reviewed,gpt-5.5-synthetic,synthetic-taiwan-daily-usage
M9YZ	休診	-3.000000	chiaki-synthetic-overlay,reviewed,gpt-5.5-synthetic,synthetic-taiwan-daily-usage
M<0T|J	鋼鐵人	-1.272559	chiaki-synthetic-overlay,reviewed,gpt-5.5-synthetic,synthetic-taiwan-internet-usage
M<>C<j	扛責任	-2.344863	chiaki-synthetic-overlay,reviewed,single-char-collocation
M<C:`M3>	岡山農工	-1.827364	chiaki-synthetic-overlay,reviewed,gpt-5.5-synthetic,synthetic-taiwan-internet-usage
M<Kbr\R0	扛攝影機	-2.344863	chiaki-synthetic-overlay,reviewed,single-char-collocation
M<L0an	扛梯子	-2.344863	chiaki-synthetic-overlay,reviewed,single-char-collocation
M<L_Qd	扛布袋	-2.344863	chiaki-synthetic-overlay,reviewed,single-char-collocation
M<L_~\	扛布景	-2.344863	chiaki-synthetic-overlay,reviewed,single-char-collocation
M<Q=	罡風	-3.000000	chiaki-synthetic-overlay,reviewed,gpt-5.5-synthetic,synthetic-taiwan-daily-usage
M<QM]O	扛行李	-2.344863	chiaki-synthetic-overlay,reviewed,single-char-collocation
M<XOQd	扛米袋	-2.344863	chiaki-synthetic-overlay,reviewed,single-char-collocation
M<h6	鋼胚	-3.000000	chiaki-synthetic-overlay,reviewed,gpt-5.5-synthetic,synthetic-taiwan-daily-usage
M<tPE0?]	扛瓦斯桶	-2.344863	chiaki-synthetic-overlay,reviewed,single-char-collocation
M<{J1g	扛神轎	-2.344863	chiaki-synthetic-overlay,reviewed,single-char-collocation
M<~7?E	扛招牌	-2.344863	chiaki-synthetic-overlay,reviewed,single-char-collocation
M>aM	穹窿	-3.000000	chiaki-synthetic-overlay,reviewed,gpt-5.5-synthetic,synthetic-taiwan-daily-usage
M@QM	贖刑	-3.000000	chiaki-synthetic-overlay,reviewed,gpt-5.5-synthetic,synthetic-taiwan-daily-usage
MKrF	臀圍	-3.000000	chiaki-synthetic-overlay,reviewed,gpt-5.5-synthetic,synthetic-taiwan-daily-usage
MP2_?i4@	打字練習	-1.410428	chiaki-synthetic-overlay,reviewed,gpt-5.5-synthetic,synthetic-taiwan-internet-usage
MP7_	打屁	-3.000000	chiaki-synthetic-overlay,reviewed,gpt-5.5-synthetic,synthetic-taiwan-daily-usage
Md6d	拜閱	-3.000000	chiaki-synthetic-overlay,reviewed,gpt-5.5-synthetic,synthetic-taiwan-daily-usage
Mi0W	萬寶	-2.189188	chiaki-synthetic-overlay,reviewed,gpt-5.5-synthetic,synthetic-taiwan-internet-usage
Mi4M3>U<	萬能工商	-1.442865	chiaki-synthetic-overlay,reviewed,gpt-5.5-synthetic,synthetic-taiwan-internet-usage
Mi<j	萬仞	-3.000000	chiaki-synthetic-overlay,reviewed,gpt-5.5-synthetic,synthetic-taiwan-daily-usage
MiH<	萬芳	-1.532966	chiaki-synthetic-overlay,reviewed,gpt-5.5-synthetic,synthetic-taiwan-internet-usage
MiH<F0ci	萬芳醫院	-1.885926	chiaki-synthetic-overlay,reviewed,gpt-5.5-synthetic,synthetic-taiwan-internet-usage
MiRd	萬泰	-2.137412	chiaki-synthetic-overlay,reviewed,gpt-5.5-synthetic,synthetic-taiwan-internet-usage
MicfKlrgjK	腕道症候群	-3.450000	chiaki-synthetic-overlay,reviewed,gpt-5.5-synthetic,synthetic-taiwan-daily-usage
Mj6d	沁月	-2.399454	chiaki-synthetic-overlay,reviewed,gpt-5.5-synthetic,synthetic-taiwan-internet-usage
MjBL	沁涼	-3.000000	chiaki-synthetic-overlay,reviewed,gpt-5.5-synthetic,synthetic-taiwan-daily-usage
MjBLN@cV	沁涼如水	-3.200000	chiaki-synthetic-overlay,reviewed,gpt-5.5-synthetic,synthetic-taiwan-daily-usage
Ml2:	聖安	-2.339633	chiaki-synthetic-overlay,reviewed,gpt-5.5-synthetic,synthetic-taiwan-internet-usage
Ml=_^HIX	勝利投手	-3.200000	chiaki-synthetic-overlay,reviewed,gpt-5.5-synthetic,synthetic-taiwan-daily-usage
MlEi	嵊縣	-3.000000	chiaki-synthetic-overlay,reviewed,gpt-5.5-synthetic,synthetic-taiwan-daily-usage
MlPA	勝華	-2.183692	chiaki-synthetic-overlay,reviewed,gpt-5.5-synthetic,synthetic-taiwan-internet-usage
Ml^@	勝局	-3.000000	chiaki-synthetic-overlay,reviewed,gpt-5.5-synthetic,synthetic-taiwan-daily-usage
MlnOm:3g	聖母專校	-1.733630	chiaki-synthetic-overlay,reviewed,gpt-5.5-synthetic,synthetic-taiwan-internet-usage
N0N0v2v2	哩哩囉囉	-3.200000	chiaki-synthetic-overlay,reviewed,gpt-5.5-synthetic,synthetic-taiwan-daily-usage
N7]P2_N@	揮灑自如	-3.200000	chiaki-synthetic-overlay,reviewed,gpt-5.5-synthetic,synthetic-taiwan-daily-usage
N7_5	揮拍	-3.000000	chiaki-synthetic-overlay,reviewed,gpt-5.5-synthetic,synthetic-taiwan-daily-usage
N7xF	虺隤	-3.000000	chiaki-synthetic-overlay,reviewed,gpt-5.5-synthetic,synthetic-taiwan-daily-usage
N:DJ	天團	-3.000000	chiaki-synthetic-overlay,reviewed,gpt-5.5-synthetic,synthetic-taiwan-daily-usage
N:PO_;	天使心	-1.652903	chiaki-synthetic-overlay,reviewed,gpt-5.5-synthetic,synthetic-taiwan-internet-usage
N:RO0WKP	天子寶馬	-2.352257	chiaki-synthetic-overlay,reviewed,gpt-5.5-synthetic,synthetic-taiwan-internet-usage
N:RONJ3@	天子傳奇	-1.872461	chiaki-synthetic-overlay,reviewed,gpt-5.5-synthetic,synthetic-taiwan-internet-usage
N:i=	天聽	-3.000000	chiaki-synthetic-overlay,reviewed,gpt-5.5-synthetic,synthetic-taiwan-daily-usage
N:iISWM_	天藍小舖	-2.982621	chiaki-synthetic-overlay,reviewed,gpt-5.5-synthetic,synthetic-taiwan-internet-usage
N:nOwIBZ	天母嚴選	-2.948811	chiaki-synthetic-overlay,reviewed,gpt-5.5-synthetic,synthetic-taiwan-internet-usage
N:x4hI	天蠍男	-2.140861	chiaki-synthetic-overlay,reviewed,gpt-5.5-synthetic,synthetic-taiwan-internet-usage
N:xd3@R0	天外奇蹟	-2.797330	chiaki-synthetic-overlay,reviewed,gpt-5.5-synthetic,synthetic-taiwan-internet-usage
N:xdN:	天外天	-2.821765	chiaki-synthetic-overlay,reviewed,gpt-5.5-synthetic,synthetic-taiwan-internet-usage
N:|JFMx@	天仁茗茶	-2.404974	chiaki-synthetic-overlay,reviewed,gpt-5.5-synthetic,synthetic-taiwan-internet-usage
N<0_xU	康是美	-2.565274	chiaki-synthetic-overlay,reviewed,gpt-5.5-synthetic,synthetic-taiwan-internet-usage
N<3;	康軒	-2.399171	chiaki-synthetic-overlay,reviewed,gpt-5.5-synthetic,synthetic-taiwan-internet-usage
N<@@:PnH	康福旅遊	-2.546036	chiaki-synthetic-overlay,reviewed,gpt-5.5-synthetic,synthetic-taiwan-internet-usage
N<Ci{@}^	康健雜誌	-1.454960	chiaki-synthetic-overlay,reviewed,gpt-5.5-synthetic,synthetic-taiwan-internet-usage
N<Ci|Jxg	康健人壽	-2.445485	chiaki-synthetic-overlay,reviewed,gpt-5.5-synthetic,synthetic-taiwan-internet-usage
N<^PIM	康雅婷	-2.512231	chiaki-synthetic-overlay,reviewed,gpt-5.5-synthetic,synthetic-taiwan-internet-usage
N<rGU<:P	康橋商旅	-3.442302	chiaki-synthetic-overlay,reviewed,gpt-5.5-synthetic,synthetic-taiwan-internet-usage
N>:1:1	凶巴巴	-3.100000	chiaki-synthetic-overlay,reviewed,gpt-5.5-synthetic,synthetic-taiwan-daily-usage
N>p1	胸花	-3.000000	chiaki-synthetic-overlay,reviewed,gpt-5.5-synthetic,synthetic-taiwan-daily-usage
N>ph	凶案	-3.000000	chiaki-synthetic-overlay,reviewed,gpt-5.5-synthetic,synthetic-taiwan-daily-usage
N@N_	孺慕	-3.000000	chiaki-synthetic-overlay,reviewed,gpt-5.5-synthetic,synthetic-taiwan-daily-usage
N@`c	嚅囁	-3.000000	chiaki-synthetic-overlay,reviewed,gpt-5.5-synthetic,synthetic-taiwan-daily-usage
NFCEad	擂臺賽	-3.100000	chiaki-synthetic-overlay,reviewed,gpt-5.5-synthetic,synthetic-taiwan-daily-usage
NFD1~_	雷哈娜	-2.402445	chiaki-synthetic-overlay,reviewed,gpt-5.5-synthetic,synthetic-taiwan-internet-usage
NFKbCk9i	鐳射唱片	-3.200000	chiaki-synthetic-overlay,reviewed,gpt-5.5-synthetic,synthetic-taiwan-daily-usage
NFKbt7	雷射刀	-3.100000	chiaki-synthetic-overlay,reviewed,gpt-5.5-synthetic,synthetic-taiwan-daily-usage
NFvT_;	雷凱欣	-2.395470	chiaki-synthetic-overlay,reviewed,gpt-5.5-synthetic,synthetic-taiwan-internet-usage
NF{J	雷神	-3.000000	chiaki-synthetic-overlay,reviewed,gpt-5.5-synthetic,synthetic-taiwan-daily-usage
NJBL	椽梁	-3.000000	chiaki-synthetic-overlay,reviewed,gpt-5.5-synthetic,synthetic-taiwan-daily-usage
NJN_	椽木	-3.000000	chiaki-synthetic-overlay,reviewed,gpt-5.5-synthetic,synthetic-taiwan-daily-usage
NJRG	船錨	-3.000000	chiaki-synthetic-overlay,reviewed,gpt-5.5-synthetic,synthetic-taiwan-daily-usage
NO1gyK	紙教堂	-1.904390	chiaki-synthetic-overlay,reviewed,gpt-5.5-synthetic,synthetic-taiwan-internet-usage
NO8X	止嘔	-3.000000	chiaki-synthetic-overlay,reviewed,gpt-5.5-synthetic,synthetic-taiwan-daily-usage
NO:C	指謫	-3.000000	chiaki-synthetic-overlay,reviewed,gpt-5.5-synthetic,synthetic-taiwan-daily-usage
NODi~=Q=	只欠東風	-3.200000	chiaki-synthetic-overlay,reviewed,gpt-5.5-synthetic,synthetic-taiwan-daily-usage
NOKP	紙馬	-3.000000	chiaki-synthetic-overlay,reviewed,gpt-5.5-synthetic,synthetic-taiwan-daily-usage
NOVY	紙傘	-3.000000	chiaki-synthetic-overlay,reviewed,gpt-5.5-synthetic,synthetic-taiwan-daily-usage
NO_`	指畫	-3.000000	chiaki-synthetic-overlay,reviewed,gpt-5.5-synthetic,synthetic-taiwan-daily-usage
NOh<PL	紙箱王	-2.110953	chiaki-synthetic-overlay,reviewed,gpt-5.5-synthetic,synthetic-taiwan-internet-usage
NOjP1U=f	指甲彩繪	-1.977896	chiaki-synthetic-overlay,reviewed,gpt-5.5-synthetic,synthetic-taiwan-internet-usage
NOr;	紙婚	-3.000000	chiaki-synthetic-overlay,reviewed,gpt-5.5-synthetic,synthetic-taiwan-daily-usage
NX\OJ;:W	有你真好	-2.210298	chiaki-synthetic-overlay,reviewed,gpt-5.5-synthetic,synthetic-taiwan-internet-usage
NX]O	羑里	-3.000000	chiaki-synthetic-overlay,reviewed,gpt-5.5-synthetic,synthetic-taiwan-daily-usage
NXm@y<<i	友達光電	-2.136807	chiaki-synthetic-overlay,reviewed,gpt-5.5-synthetic,synthetic-taiwan-internet-usage
NXph	黝暗	-3.000000	chiaki-synthetic-overlay,reviewed,gpt-5.5-synthetic,synthetic-taiwan-daily-usage
NXqh	友伴	-3.000000	chiaki-synthetic-overlay,reviewed,gpt-5.5-synthetic,synthetic-taiwan-daily-usage
NZ98	粉喵	-3.106101	chiaki-synthetic-overlay,reviewed,gpt-5.5-synthetic,synthetic-taiwan-internet-usage
N]=_	悚慄	-3.000000	chiaki-synthetic-overlay,reviewed,gpt-5.5-synthetic,synthetic-taiwan-daily-usage
N]sI_;o=	悚然心驚	-3.200000	chiaki-synthetic-overlay,reviewed,gpt-5.5-synthetic,synthetic-taiwan-daily-usage
N_7`x73>	木柵高工	-1.693658	chiaki-synthetic-overlay,reviewed,gpt-5.5-synthetic,synthetic-taiwan-internet-usage
N_N@p=Q=	穆如清風	-3.200000	chiaki-synthetic-overlay,reviewed,gpt-5.5-synthetic,synthetic-taiwan-daily-usage
N_a_w;Q=	沐浴春風	-3.200000	chiaki-synthetic-overlay,reviewed,gpt-5.5-synthetic,synthetic-taiwan-daily-usage
N_iI	沐蘭	-1.237977	chiaki-synthetic-overlay,reviewed,gpt-5.5-synthetic,synthetic-taiwan-internet-usage
N_tO	募股	-3.000000	chiaki-synthetic-overlay,reviewed,gpt-5.5-synthetic,synthetic-taiwan-daily-usage
N_tON_R@	慕谷慕魚	-2.396719	chiaki-synthetic-overlay,reviewed,gpt-5.5-synthetic,synthetic-taiwan-internet-usage
Nbr\	側影	-3.000000	chiaki-synthetic-overlay,reviewed,gpt-5.5-synthetic,synthetic-taiwan-daily-usage
Nd3>	派工	-1.6000	chiaki-synthetic-overlay,reviewed,manual-office
Nd3>7:	派工單	-1.5500	chiaki-synthetic-overlay,reviewed,manual-office
Nd<j	派任	-3.000000	chiaki-synthetic-overlay,reviewed,gpt-5.5-synthetic,synthetic-taiwan-daily-usage
NdDbR0?E	派克雞排	-2.395190	chiaki-synthetic-overlay,reviewed,gpt-5.5-synthetic,synthetic-taiwan-internet-usage
Nd^=s?	派生詞	-3.100000	chiaki-synthetic-overlay,reviewed,gpt-5.5-synthetic,synthetic-taiwan-daily-usage
Nd|_q=	派大星	-2.389417	chiaki-synthetic-overlay,reviewed,gpt-5.5-synthetic,synthetic-taiwan-internet-usage
Nj5_=MbZ	信義誠品	-1.510003	chiaki-synthetic-overlay,reviewed,gpt-5.5-synthetic,synthetic-taiwan-internet-usage
Nj5_C7<h	信義威秀	-3.058740	chiaki-synthetic-overlay,reviewed,gpt-5.5-synthetic,synthetic-taiwan-internet-usage
O10W	押寶	-3.000000	chiaki-synthetic-overlay,reviewed,gpt-5.5-synthetic,synthetic-taiwan-daily-usage
O1[d`0|J	押寨夫人	-3.200000	chiaki-synthetic-overlay,reviewed,gpt-5.5-synthetic,synthetic-taiwan-daily-usage
O1p1	押花	-3.000000	chiaki-synthetic-overlay,reviewed,gpt-5.5-synthetic,synthetic-taiwan-daily-usage
O=sI_;ml	怦然心動	-3.200000	chiaki-synthetic-overlay,reviewed,gpt-5.5-synthetic,synthetic-taiwan-daily-usage
O@eY	足癬	-3.000000	chiaki-synthetic-overlay,reviewed,gpt-5.5-synthetic,synthetic-taiwan-daily-usage
O@~I	卒年	-3.000000	chiaki-synthetic-overlay,reviewed,gpt-5.5-synthetic,synthetic-taiwan-daily-usage
OD0_J1[3	碟式煞車	-3.200000	chiaki-synthetic-overlay,reviewed,gpt-5.5-synthetic,synthetic-taiwan-daily-usage
OD0_WkR0	碟式相機	-3.200000	chiaki-synthetic-overlay,reviewed,gpt-5.5-synthetic,synthetic-taiwan-daily-usage
ODF0K_	疊衣物	-1.750967	chiaki-synthetic-overlay,reviewed,single-char-collocation
ODF0U<	疊衣裳	-1.750967	chiaki-synthetic-overlay,reviewed,single-char-collocation
ODJ1	碟煞	-3.000000	chiaki-synthetic-overlay,reviewed,gpt-5.5-synthetic,synthetic-taiwan-daily-usage
ODNO?E	疊紙牌	-1.750967	chiaki-synthetic-overlay,reviewed,single-char-collocation
ODO]	蝶蛹	-3.000000	chiaki-synthetic-overlay,reviewed,gpt-5.5-synthetic,synthetic-taiwan-daily-usage
ODQMN:Ei	碟型天線	-3.200000	chiaki-synthetic-overlay,reviewed,gpt-5.5-synthetic,synthetic-taiwan-daily-usage
ODR0N_	疊積木	-1.750967	chiaki-synthetic-overlay,reviewed,single-char-collocation
ODRl	疊映	-3.000000	chiaki-synthetic-overlay,reviewed,gpt-5.5-synthetic,synthetic-taiwan-daily-usage
ODVe	疊被	-3.000000	chiaki-synthetic-overlay,reviewed,gpt-5.5-synthetic,synthetic-taiwan-daily-usage
ODVean	疊被子	-1.750967	chiaki-synthetic-overlay,reviewed,single-char-collocation
ODm:3e	疊磚塊	-1.750967	chiaki-synthetic-overlay,reviewed,single-char-collocation
ODmYcI	疊碗盤	-1.750967	chiaki-synthetic-overlay,reviewed,single-char-collocation
ODr\R0	碟影機	-3.100000	chiaki-synthetic-overlay,reviewed,gpt-5.5-synthetic,synthetic-taiwan-daily-usage
ODs?	疊詞	-3.000000	chiaki-synthetic-overlay,reviewed,gpt-5.5-synthetic,synthetic-taiwan-daily-usage
OD}^tOZO	跌至谷底	-3.200000	chiaki-synthetic-overlay,reviewed,gpt-5.5-synthetic,synthetic-taiwan-daily-usage
OG9>tf	熬中藥	-2.301140	chiaki-synthetic-overlay,reviewed,single-char-collocation
OGAZ	獒犬	-3.000000	chiaki-synthetic-overlay,reviewed,gpt-5.5-synthetic,synthetic-taiwan-daily-usage
OGE@Mw	熬骨頭	-2.301140	chiaki-synthetic-overlay,reviewed,single-char-collocation
OG`M	熬濃	-2.301140	chiaki-synthetic-overlay,reviewed,single-char-collocation
OGhH	熬稠	-2.311017	chiaki-synthetic-overlay,reviewed,single-char-collocation
OGk0nH	熬豬油	-2.301140	chiaki-synthetic-overlay,reviewed,single-char-collocation
OGm0`d	熬蔬菜	-2.301140	chiaki-synthetic-overlay,reviewed,single-char-collocation
OGx7J<	熬高湯	-2.301140	chiaki-synthetic-overlay,reviewed,single-char-collocation
OGzO	熬煮	-3.000000	chiaki-synthetic-overlay,reviewed,gpt-5.5-synthetic,synthetic-taiwan-daily-usage
OK:1	倫巴	-3.000000	chiaki-synthetic-overlay,reviewed,gpt-5.5-synthetic,synthetic-taiwan-daily-usage
OK?l	論孟	-3.000000	chiaki-synthetic-overlay,reviewed,gpt-5.5-synthetic,synthetic-taiwan-daily-usage
OKP_	輪渡	-3.000000	chiaki-synthetic-overlay,reviewed,gpt-5.5-synthetic,synthetic-taiwan-daily-usage
OKTJ	掄元	-3.000000	chiaki-synthetic-overlay,reviewed,gpt-5.5-synthetic,synthetic-taiwan-daily-usage
OO;AvHh<	齒頰留香	-3.200000	chiaki-synthetic-overlay,reviewed,gpt-5.5-synthetic,synthetic-taiwan-daily-usage
OOx?	侈糜	-3.000000	chiaki-synthetic-overlay,reviewed,gpt-5.5-synthetic,synthetic-taiwan-daily-usage
OPmJan	哪門子	-3.100000	chiaki-synthetic-overlay,reviewed,gpt-5.5-synthetic,synthetic-taiwan-daily-usage
O]B_mTVe	勇氣百倍	-3.200000	chiaki-synthetic-overlay,reviewed,gpt-5.5-synthetic,synthetic-taiwan-daily-usage
O]EM3>U<	永平工商	-1.775850	chiaki-synthetic-overlay,reviewed,gpt-5.5-synthetic,synthetic-taiwan-internet-usage
O]VD_M_;	永結同心	-3.200000	chiaki-synthetic-overlay,reviewed,gpt-5.5-synthetic,synthetic-taiwan-daily-usage
O]Yc	永夜	-3.000000	chiaki-synthetic-overlay,reviewed,gpt-5.5-synthetic,synthetic-taiwan-daily-usage
O]iRNJ03	勇者傳說	-1.972801	chiaki-synthetic-overlay,reviewed,gpt-5.5-synthetic,synthetic-taiwan-internet-usage
O]vg	永晝	-3.000000	chiaki-synthetic-overlay,reviewed,gpt-5.5-synthetic,synthetic-taiwan-daily-usage
O]w;x79>	永春高中	-1.494953	chiaki-synthetic-overlay,reviewed,gpt-5.5-synthetic,synthetic-taiwan-internet-usage
O]zI	永眠	-3.000000	chiaki-synthetic-overlay,reviewed,gpt-5.5-synthetic,synthetic-taiwan-daily-usage
O_;fmJ	富貴門	-2.043093	chiaki-synthetic-overlay,reviewed,gpt-5.5-synthetic,synthetic-taiwan-internet-usage
O_=Mb[	負成長	-3.100000	chiaki-synthetic-overlay,reviewed,gpt-5.5-synthetic,synthetic-taiwan-daily-usage
O_E<];rl	富邦金控	-3.747043	chiaki-synthetic-overlay,reviewed,gpt-5.5-synthetic,synthetic-taiwan-internet-usage
O_E<|Jxg	富邦人壽	-3.717134	chiaki-synthetic-overlay,reviewed,gpt-5.5-synthetic,synthetic-taiwan-internet-usage
O_N:	附添	-3.000000	chiaki-synthetic-overlay,reviewed,gpt-5.5-synthetic,synthetic-taiwan-daily-usage
O_R@>J=k	負嵎頑抗	-3.200000	chiaki-synthetic-overlay,reviewed,gpt-5.5-synthetic,synthetic-taiwan-daily-usage
O_[1J`n?	附加價值	-3.200000	chiaki-synthetic-overlay,reviewed,gpt-5.5-synthetic,synthetic-taiwan-daily-usage
O_a_	復育	-3.000000	chiaki-synthetic-overlay,reviewed,gpt-5.5-synthetic,synthetic-taiwan-daily-usage
O_dRz?WB	富可敵國	-3.200000	chiaki-synthetic-overlay,reviewed,gpt-5.5-synthetic,synthetic-taiwan-daily-usage
O_wT	覆醢	-3.000000	chiaki-synthetic-overlay,reviewed,gpt-5.5-synthetic,synthetic-taiwan-daily-usage
ObI0I0	色瞇瞇	-3.100000	chiaki-synthetic-overlay,reviewed,gpt-5.5-synthetic,synthetic-taiwan-daily-usage
ObKPFW	色碼表	-1.716254	chiaki-synthetic-overlay,reviewed,gpt-5.5-synthetic,synthetic-taiwan-internet-usage
OdWk	脈象	-3.000000	chiaki-synthetic-overlay,reviewed,gpt-5.5-synthetic,synthetic-taiwan-daily-usage
P;L`?9]O	森下悠里	-2.402951	chiaki-synthetic-overlay,reviewed,gpt-5.5-synthetic,synthetic-taiwan-internet-usage
P;sI	森然	-3.000000	chiaki-synthetic-overlay,reviewed,gpt-5.5-synthetic,synthetic-taiwan-daily-usage
PA0__;GK	華視新聞	-1.086342	chiaki-synthetic-overlay,reviewed,gpt-5.5-synthetic,synthetic-taiwan-internet-usage
PA5_	華義	-0.903981	chiaki-synthetic-overlay,reviewed,gpt-5.5-synthetic,synthetic-taiwan-internet-usage
PABYljml	滑板運動	-3.200000	chiaki-synthetic-overlay,reviewed,gpt-5.5-synthetic,synthetic-taiwan-daily-usage
PACW	滑草	-3.000000	chiaki-synthetic-overlay,reviewed,gpt-5.5-synthetic,synthetic-taiwan-daily-usage
PAE<	華邦	-2.178857	chiaki-synthetic-overlay,reviewed,gpt-5.5-synthetic,synthetic-taiwan-internet-usage
PAF0	華醫	-1.797277	chiaki-synthetic-overlay,reviewed,gpt-5.5-synthetic,synthetic-taiwan-internet-usage
PANj	華信	-1.857025	chiaki-synthetic-overlay,reviewed,gpt-5.5-synthetic,synthetic-taiwan-internet-usage
PARd:PnH	華泰旅遊	-2.260400	chiaki-synthetic-overlay,reviewed,gpt-5.5-synthetic,synthetic-taiwan-internet-usage
PAT3e]	華歌爾	-2.394458	chiaki-synthetic-overlay,reviewed,gpt-5.5-synthetic,synthetic-taiwan-internet-usage
PAna<i6W	華碩電腦	-1.464347	chiaki-synthetic-overlay,reviewed,gpt-5.5-synthetic,synthetic-taiwan-internet-usage
PAth	華梵	-2.402772	chiaki-synthetic-overlay,reviewed,gpt-5.5-synthetic,synthetic-taiwan-internet-usage
PAvH	驊騮	-3.000000	chiaki-synthetic-overlay,reviewed,gpt-5.5-synthetic,synthetic-taiwan-daily-usage
PAwI	華研	-1.592006	chiaki-synthetic-overlay,reviewed,gpt-5.5-synthetic,synthetic-taiwan-internet-usage
PL0_6J	王識賢	-2.396177	chiaki-synthetic-overlay,reviewed,gpt-5.5-synthetic,synthetic-taiwan-internet-usage
PLE0EM	王思平	-2.401500	chiaki-synthetic-overlay,reviewed,gpt-5.5-synthetic,synthetic-taiwan-internet-usage
PLF0EM	王伊平	-2.402431	chiaki-synthetic-overlay,reviewed,gpt-5.5-synthetic,synthetic-taiwan-internet-usage
PLKMB8	王齡嬌	-2.395442	chiaki-synthetic-overlay,reviewed,gpt-5.5-synthetic,synthetic-taiwan-internet-usage
PLRKHkFY	亡魂喪膽	-3.200000	chiaki-synthetic-overlay,reviewed,gpt-5.5-synthetic,synthetic-taiwan-daily-usage
PL_;N@	王心如	-2.749714	chiaki-synthetic-overlay,reviewed,gpt-5.5-synthetic,synthetic-taiwan-internet-usage
PL_M	王瞳	-2.050029	chiaki-synthetic-overlay,reviewed,gpt-5.5-synthetic,synthetic-taiwan-internet-usage
PL`ZEM	王尹平	-2.396570	chiaki-synthetic-overlay,reviewed,gpt-5.5-synthetic,synthetic-taiwan-internet-usage
PLbObO	王綺綺	-2.402503	chiaki-synthetic-overlay,reviewed,gpt-5.5-synthetic,synthetic-taiwan-internet-usage
PLbZ2@DJ	王品集團	-2.438277	chiaki-synthetic-overlay,reviewed,gpt-5.5-synthetic,synthetic-taiwan-internet-usage
PLu?|J	王怡仁	-2.199025	chiaki-synthetic-overlay,reviewed,gpt-5.5-synthetic,synthetic-taiwan-internet-usage
PO>KPOO]	矢勤矢勇	-3.200000	chiaki-synthetic-overlay,reviewed,gpt-5.5-synthetic,synthetic-taiwan-daily-usage
POz?3@	史迪奇	-2.404970	chiaki-synthetic-overlay,reviewed,gpt-5.5-synthetic,synthetic-taiwan-internet-usage
PO|fL_2@	始料不及	-3.200000	chiaki-synthetic-overlay,reviewed,gpt-5.5-synthetic,synthetic-taiwan-daily-usage
PYeY	展顯	-3.000000	chiaki-synthetic-overlay,reviewed,gpt-5.5-synthetic,synthetic-taiwan-daily-usage
PYxg	展售	-3.000000	chiaki-synthetic-overlay,reviewed,gpt-5.5-synthetic,synthetic-taiwan-daily-usage
P_4Lf<	渡長江	-1.870999	chiaki-synthetic-overlay,reviewed,single-char-collocation
P_8_6d	度蜜月	-3.100000	chiaki-synthetic-overlay,reviewed,gpt-5.5-synthetic,synthetic-taiwan-daily-usage
P_CiwKrF	杜漸防微	-3.200000	chiaki-synthetic-overlay,reviewed,gpt-5.5-synthetic,synthetic-taiwan-daily-usage
P_J`{;	度假村	-3.100000	chiaki-synthetic-overlay,reviewed,gpt-5.5-synthetic,synthetic-taiwan-daily-usage
P_SW6d	度小月	-3.100000	chiaki-synthetic-overlay,reviewed,gpt-5.5-synthetic,synthetic-taiwan-daily-usage
P_[L6C	渡黃河	-1.870999	chiaki-synthetic-overlay,reviewed,single-char-collocation
P_m0iM	蠹書蟲	-3.100000	chiaki-synthetic-overlay,reviewed,gpt-5.5-synthetic,synthetic-taiwan-daily-usage
Q;2fLd	因為愛	-1.682403	chiaki-synthetic-overlay,reviewed,gpt-5.5-synthetic,synthetic-taiwan-internet-usage
Q;4a<@GK	湮沒無聞	-3.200000	chiaki-synthetic-overlay,reviewed,gpt-5.5-synthetic,synthetic-taiwan-daily-usage
Q;:LZY	陰陽冕	-2.222195	chiaki-synthetic-overlay,reviewed,gpt-5.5-synthetic,synthetic-taiwan-internet-usage
Q;>K	慇懃	-3.000000	chiaki-synthetic-overlay,reviewed,gpt-5.5-synthetic,synthetic-taiwan-daily-usage
Q;A@	陰毒	-3.000000	chiaki-synthetic-overlay,reviewed,gpt-5.5-synthetic,synthetic-taiwan-daily-usage
Q;`_SWRO	音速小子	-1.401606	chiaki-synthetic-overlay,reviewed,gpt-5.5-synthetic,synthetic-taiwan-internet-usage
Q;mJ	陰門	-3.000000	chiaki-synthetic-overlay,reviewed,gpt-5.5-synthetic,synthetic-taiwan-daily-usage
Q;rh	殷盼	-3.000000	chiaki-synthetic-overlay,reviewed,gpt-5.5-synthetic,synthetic-taiwan-daily-usage
Q=1K^HT_	豐銀投顧	-2.396343	chiaki-synthetic-overlay,reviewed,gpt-5.5-synthetic,synthetic-taiwan-internet-usage
Q=9K	楓林	-3.000000	chiaki-synthetic-overlay,reviewed,gpt-5.5-synthetic,synthetic-taiwan-daily-usage
Q=C0maG5	丰姿綽約	-3.200000	chiaki-synthetic-overlay,reviewed,gpt-5.5-synthetic,synthetic-taiwan-daily-usage
Q=O]6Nl0	蜂湧而出	-3.200000	chiaki-synthetic-overlay,reviewed,gpt-5.5-synthetic,synthetic-taiwan-daily-usage
Q=ObXiw[	風色幻想	-3.170613	chiaki-synthetic-overlay,reviewed,gpt-5.5-synthetic,synthetic-taiwan-internet-usage
Q=TJDblj	豐原客運	-1.645942	chiaki-synthetic-overlay,reviewed,gpt-5.5-synthetic,synthetic-taiwan-internet-usage
Q=ZLOdDb	瘋狂賣客	-1.791575	chiaki-synthetic-overlay,reviewed,gpt-5.5-synthetic,synthetic-taiwan-internet-usage
Q=cV3@	豐水期	-3.100000	chiaki-synthetic-overlay,reviewed,gpt-5.5-synthetic,synthetic-taiwan-daily-usage
Q=dT	風雪	-3.000000	chiaki-synthetic-overlay,reviewed,gpt-5.5-synthetic,synthetic-taiwan-daily-usage
Q=t7	風刀	-3.000000	chiaki-synthetic-overlay,reviewed,gpt-5.5-synthetic,synthetic-taiwan-daily-usage
Q@7i]O2P	俗諺俚語	-3.200000	chiaki-synthetic-overlay,reviewed,gpt-5.5-synthetic,synthetic-taiwan-daily-usage
QGN_^H	刨木頭	-2.516640	chiaki-synthetic-overlay,reviewed,single-char-collocation
QM5_	行易	-1.236711	chiaki-synthetic-overlay,reviewed,gpt-5.5-synthetic,synthetic-taiwan-internet-usage
QMDk5E	形上學	-3.100000	chiaki-synthetic-overlay,reviewed,gpt-5.5-synthetic,synthetic-taiwan-daily-usage
QMS_0_9\gf	型錄式廣告	-3.450000	chiaki-synthetic-overlay,reviewed,gpt-5.5-synthetic,synthetic-taiwan-daily-usage
QM[3A_S_B_	行車記錄器	-1.7000	chiaki-synthetic-overlay,reviewed,manual-taiwan-appliance
QM_Mm_GK	形同具文	-3.200000	chiaki-synthetic-overlay,reviewed,gpt-5.5-synthetic,synthetic-taiwan-daily-usage
QWQW	佼佼	-3.000000	chiaki-synthetic-overlay,reviewed,gpt-5.5-synthetic,synthetic-taiwan-daily-usage
QWZOphtA	腳底按摩	-2.034854	chiaki-synthetic-overlay,reviewed,gpt-5.5-synthetic,synthetic-taiwan-internet-usage
QWcV|?	攪水泥	-1.689389	chiaki-synthetic-overlay,reviewed,single-char-collocation
QWg6	筊杯	-3.000000	chiaki-synthetic-overlay,reviewed,gpt-5.5-synthetic,synthetic-taiwan-daily-usage
QWuh5_	攪蛋液	-2.214385	chiaki-synthetic-overlay,reviewed,single-char-collocation
QY]_Lb	產褥熱	-3.100000	chiaki-synthetic-overlay,reviewed,gpt-5.5-synthetic,synthetic-taiwan-daily-usage
Q_E0	菟絲	-3.000000	chiaki-synthetic-overlay,reviewed,gpt-5.5-synthetic,synthetic-taiwan-daily-usage
Q_zf	兔跳	-3.000000	chiaki-synthetic-overlay,reviewed,gpt-5.5-synthetic,synthetic-taiwan-daily-usage
Qd2:?;	黛安芬	-2.398393	chiaki-synthetic-overlay,reviewed,gpt-5.5-synthetic,synthetic-taiwan-internet-usage
QdLdKM	戴愛玲	-2.402228	chiaki-synthetic-overlay,reviewed,gpt-5.5-synthetic,synthetic-taiwan-internet-usage
Qd]=	代稱	-3.000000	chiaki-synthetic-overlay,reviewed,gpt-5.5-synthetic,synthetic-taiwan-daily-usage
QdmlCk	帶動唱	-3.100000	chiaki-synthetic-overlay,reviewed,gpt-5.5-synthetic,synthetic-taiwan-daily-usage
Qdnk`fYZ	帶狀疱疹	-3.200000	chiaki-synthetic-overlay,reviewed,gpt-5.5-synthetic,synthetic-taiwan-daily-usage
Qdqh0_Wk	待辦事項	-1.2500	chiaki-synthetic-overlay,reviewed,manual-office
Qdxg	待售	-3.000000	chiaki-synthetic-overlay,reviewed,gpt-5.5-synthetic,synthetic-taiwan-daily-usage
Qd{H1W	帶球跑	-3.100000	chiaki-synthetic-overlay,reviewed,gpt-5.5-synthetic,synthetic-taiwan-daily-usage
Qd{Hnk|J	帶球撞人	-3.200000	chiaki-synthetic-overlay,reviewed,gpt-5.5-synthetic,synthetic-taiwan-daily-usage
Qd|J{O0_	待人處世	-3.200000	chiaki-synthetic-overlay,reviewed,gpt-5.5-synthetic,synthetic-taiwan-daily-usage
Qd|J{O0_	待人處事	-3.200000	chiaki-synthetic-overlay,reviewed,gpt-5.5-synthetic,synthetic-taiwan-daily-usage
QkSW5_CM	量小易盈	-3.200000	chiaki-synthetic-overlay,reviewed,gpt-5.5-synthetic,synthetic-taiwan-daily-usage
QkSWB_{T	量小氣窄	-3.200000	chiaki-synthetic-overlay,reviewed,gpt-5.5-synthetic,synthetic-taiwan-daily-usage
Qk\Y	亮點	-3.000000	chiaki-synthetic-overlay,reviewed,gpt-5.5-synthetic,synthetic-taiwan-daily-usage
QkdMR=	亮紅燈	-3.100000	chiaki-synthetic-overlay,reviewed,gpt-5.5-synthetic,synthetic-taiwan-daily-usage
R02:	激安	-1.349315	chiaki-synthetic-overlay,reviewed,gpt-5.5-synthetic,synthetic-taiwan-internet-usage
R0Al	几凳	-3.000000	chiaki-synthetic-overlay,reviewed,gpt-5.5-synthetic,synthetic-taiwan-daily-usage
R0BXuHrg	雞口牛後	-3.200000	chiaki-synthetic-overlay,reviewed,gpt-5.5-synthetic,synthetic-taiwan-daily-usage
R0HL	禨祥	-3.000000	chiaki-synthetic-overlay,reviewed,gpt-5.5-synthetic,synthetic-taiwan-daily-usage
R0KM:_	畸零地	-3.100000	chiaki-synthetic-overlay,reviewed,gpt-5.5-synthetic,synthetic-taiwan-daily-usage
R0[3t2lj	機車托運	-1.823619	chiaki-synthetic-overlay,reviewed,gpt-5.5-synthetic,synthetic-taiwan-internet-usage
R0aMDblj	基隆客運	-1.366201	chiaki-synthetic-overlay,reviewed,gpt-5.5-synthetic,synthetic-taiwan-internet-usage
R0aMU<3>	基隆商工	-2.441701	chiaki-synthetic-overlay,reviewed,gpt-5.5-synthetic,synthetic-taiwan-internet-usage
R0aMwT0_	基隆海事	-1.518582	chiaki-synthetic-overlay,reviewed,gpt-5.5-synthetic,synthetic-taiwan-internet-usage
R0c[v4}l	機場接送	-1.661975	chiaki-synthetic-overlay,reviewed,gpt-5.5-synthetic,synthetic-taiwan-internet-usage
R0yf	磯釣	-3.000000	chiaki-synthetic-overlay,reviewed,gpt-5.5-synthetic,synthetic-taiwan-daily-usage
R0yghI	肌肉男	-1.813408	chiaki-synthetic-overlay,reviewed,gpt-5.5-synthetic,synthetic-taiwan-internet-usage
R0|O	雞黍	-3.000000	chiaki-synthetic-overlay,reviewed,gpt-5.5-synthetic,synthetic-taiwan-daily-usage
R7=>0_Wk	追蹤事項	-1.3500	chiaki-synthetic-overlay,reviewed,manual-office
R7R7R7	追追追	-4.438634	chiaki-synthetic-overlay,reviewed,gpt-5.5-synthetic,synthetic-taiwan-internet-usage
R7_;p?tO	椎心蝕骨	-3.200000	chiaki-synthetic-overlay,reviewed,gpt-5.5-synthetic,synthetic-taiwan-daily-usage
R;>E	賓白	-3.000000	chiaki-synthetic-overlay,reviewed,gpt-5.5-synthetic,synthetic-taiwan-daily-usage
R;rF	瀕危	-3.000000	chiaki-synthetic-overlay,reviewed,gpt-5.5-synthetic,synthetic-taiwan-daily-usage
R;{KT0A0	檳榔西施	-1.913521	chiaki-synthetic-overlay,reviewed,gpt-5.5-synthetic,synthetic-taiwan-internet-usage
R=Z_	燈炷	-3.000000	chiaki-synthetic-overlay,reviewed,gpt-5.5-synthetic,synthetic-taiwan-daily-usage
R=rl	燈控	-3.000000	chiaki-synthetic-overlay,reviewed,gpt-5.5-synthetic,synthetic-taiwan-daily-usage
R=w\	登頂	-3.000000	chiaki-synthetic-overlay,reviewed,gpt-5.5-synthetic,synthetic-taiwan-daily-usage
R@>E	魚白	-3.000000	chiaki-synthetic-overlay,reviewed,gpt-5.5-synthetic,synthetic-taiwan-daily-usage
R@>J	愚頑	-3.000000	chiaki-synthetic-overlay,reviewed,gpt-5.5-synthetic,synthetic-taiwan-daily-usage
R@@0	愚痴	-3.000000	chiaki-synthetic-overlay,reviewed,gpt-5.5-synthetic,synthetic-taiwan-daily-usage
R@BbCf	娛樂稅	-3.100000	chiaki-synthetic-overlay,reviewed,gpt-5.5-synthetic,synthetic-taiwan-daily-usage
R@R@C_2P	喁喁細語	-3.200000	chiaki-synthetic-overlay,reviewed,gpt-5.5-synthetic,synthetic-taiwan-daily-usage
R@_;L_\Z	於心不忍	-3.200000	chiaki-synthetic-overlay,reviewed,gpt-5.5-synthetic,synthetic-taiwan-daily-usage
R@g<	魚槍	-3.000000	chiaki-synthetic-overlay,reviewed,gpt-5.5-synthetic,synthetic-taiwan-daily-usage
R@iIlJ	盂蘭盆	-3.100000	chiaki-synthetic-overlay,reviewed,gpt-5.5-synthetic,synthetic-taiwan-daily-usage
R@xU|J	于美人	-1.427046	chiaki-synthetic-overlay,reviewed,gpt-5.5-synthetic,synthetic-taiwan-internet-usage
R@}_	魚拓	-3.000000	chiaki-synthetic-overlay,reviewed,gpt-5.5-synthetic,synthetic-taiwan-daily-usage
RGYF	蟊賊	-3.000000	chiaki-synthetic-overlay,reviewed,gpt-5.5-synthetic,synthetic-taiwan-daily-usage
RKU:?lCM	魂牽夢縈	-3.200000	chiaki-synthetic-overlay,reviewed,gpt-5.5-synthetic,synthetic-taiwan-daily-usage
RKsIL_3E	渾然不覺	-3.200000	chiaki-synthetic-overlay,reviewed,gpt-5.5-synthetic,synthetic-taiwan-daily-usage
RKsI_k}Q	渾然忘我	-3.200000	chiaki-synthetic-overlay,reviewed,gpt-5.5-synthetic,synthetic-taiwan-daily-usage
RO3>	梓宮	-3.000000	chiaki-synthetic-overlay,reviewed,gpt-5.5-synthetic,synthetic-taiwan-daily-usage
RO:_C_	子弟戲	-3.100000	chiaki-synthetic-overlay,reviewed,gpt-5.5-synthetic,synthetic-taiwan-daily-usage
ROL7	秭歸	-3.000000	chiaki-synthetic-overlay,reviewed,gpt-5.5-synthetic,synthetic-taiwan-daily-usage
ROObC]L_	紫色恐怖	-1.834030	chiaki-synthetic-overlay,reviewed,gpt-5.5-synthetic,synthetic-taiwan-internet-usage
RP0>3Kcf	卡通頻道	-1.295893	chiaki-synthetic-overlay,reviewed,gpt-5.5-synthetic,synthetic-taiwan-internet-usage
RP?0\0	卡之屋	-2.226115	chiaki-synthetic-overlay,reviewed,gpt-5.5-synthetic,synthetic-taiwan-internet-usage
RPRPeamO	卡卡洛普	-2.401436	chiaki-synthetic-overlay,reviewed,gpt-5.5-synthetic,synthetic-taiwan-internet-usage
RVCR	委瑣	-3.000000	chiaki-synthetic-overlay,reviewed,gpt-5.5-synthetic,synthetic-taiwan-daily-usage
RVEE	緯來	-1.949077	chiaki-synthetic-overlay,reviewed,gpt-5.5-synthetic,synthetic-taiwan-internet-usage
RVRVmli=	娓娓動聽	-3.200000	chiaki-synthetic-overlay,reviewed,gpt-5.5-synthetic,synthetic-taiwan-daily-usage
RW0J}^	巧連智	-2.397973	chiaki-synthetic-overlay,reviewed,gpt-5.5-synthetic,synthetic-taiwan-internet-usage
RWRW\0	巧巧屋	-2.348158	chiaki-synthetic-overlay,reviewed,gpt-5.5-synthetic,synthetic-taiwan-internet-usage
RWeV	巧嘴	-3.000000	chiaki-synthetic-overlay,reviewed,gpt-5.5-synthetic,synthetic-taiwan-daily-usage
RYRYnana	閃閃爍爍	-3.200000	chiaki-synthetic-overlay,reviewed,gpt-5.5-synthetic,synthetic-taiwan-daily-usage
R_~^	怒叱	-3.000000	chiaki-synthetic-overlay,reviewed,gpt-5.5-synthetic,synthetic-taiwan-daily-usage
Rd0_4L	泰市場	-1.720591	chiaki-synthetic-overlay,reviewed,gpt-5.5-synthetic,synthetic-taiwan-internet-usage
Rd2:g:NO	泰安觀止	-2.686652	chiaki-synthetic-overlay,reviewed,gpt-5.5-synthetic,synthetic-taiwan-internet-usage
Rd2:g;aJ	泰安溫泉	-1.746325	chiaki-synthetic-overlay,reviewed,gpt-5.5-synthetic,synthetic-taiwan-internet-usage
Rd4>0i0_	太空戰士	-1.408885	chiaki-synthetic-overlay,reviewed,gpt-5.5-synthetic,synthetic-taiwan-internet-usage
Rd:Lm_DJ	太陽劇團	-1.440121	chiaki-synthetic-overlay,reviewed,gpt-5.5-synthetic,synthetic-taiwan-internet-usage
RdBbE0	泰勒絲	-2.269446	chiaki-synthetic-overlay,reviewed,gpt-5.5-synthetic,synthetic-taiwan-internet-usage
RdROnHth	太子油飯	-2.164434	chiaki-synthetic-overlay,reviewed,gpt-5.5-synthetic,synthetic-taiwan-internet-usage
RdsO4Cif	太魯閣號	-2.119379	chiaki-synthetic-overlay,reviewed,gpt-5.5-synthetic,synthetic-taiwan-internet-usage
RdwI	太妍	-2.252468	chiaki-synthetic-overlay,reviewed,gpt-5.5-synthetic,synthetic-taiwan-internet-usage
RdwI	太研	-2.248990	chiaki-synthetic-overlay,reviewed,gpt-5.5-synthetic,synthetic-taiwan-internet-usage
Ri<h	斷袖	-3.000000	chiaki-synthetic-overlay,reviewed,gpt-5.5-synthetic,synthetic-taiwan-daily-usage
Ri>i	斷念	-3.000000	chiaki-synthetic-overlay,reviewed,gpt-5.5-synthetic,synthetic-taiwan-daily-usage
Rl:b	硬顎	-3.000000	chiaki-synthetic-overlay,reviewed,gpt-5.5-synthetic,synthetic-taiwan-daily-usage
Rl@\	硬闖	-3.000000	chiaki-synthetic-overlay,reviewed,gpt-5.5-synthetic,synthetic-taiwan-daily-usage
Rl]Oan	硬裡子	-3.100000	chiaki-synthetic-overlay,reviewed,gpt-5.5-synthetic,synthetic-taiwan-daily-usage
Rlw?B_	硬脾氣	-3.100000	chiaki-synthetic-overlay,reviewed,gpt-5.5-synthetic,synthetic-taiwan-daily-usage
Rlw?J1	硬皮鯊	-2.405980	chiaki-synthetic-overlay,reviewed,gpt-5.5-synthetic,synthetic-taiwan-internet-usage
S0if3>TJ	七號公園	-3.200000	chiaki-synthetic-overlay,reviewed,gpt-5.5-synthetic,synthetic-taiwan-daily-usage
S0mY	淒婉	-3.000000	chiaki-synthetic-overlay,reviewed,gpt-5.5-synthetic,synthetic-taiwan-daily-usage
S0q=gI	七星潭	-2.218426	chiaki-synthetic-overlay,reviewed,gpt-5.5-synthetic,synthetic-taiwan-internet-usage
S0tOG:0W	七股三寶	-2.399924	chiaki-synthetic-overlay,reviewed,gpt-5.5-synthetic,synthetic-taiwan-internet-usage
S0x@Yc	沏茶葉	-2.892293	chiaki-synthetic-overlay,reviewed,single-char-collocation
S7G@anAlWY	吹鬍子瞪眼	-3.450000	chiaki-synthetic-overlay,reviewed,gpt-5.5-synthetic,synthetic-taiwan-daily-usage
S7yK	吹糖	-3.000000	chiaki-synthetic-overlay,reviewed,gpt-5.5-synthetic,synthetic-taiwan-daily-usage
S;~O	拼組	-3.000000	chiaki-synthetic-overlay,reviewed,gpt-5.5-synthetic,synthetic-taiwan-daily-usage
S<9j2P	張振宇	-2.312500	chiaki-synthetic-overlay,reviewed,gpt-5.5-synthetic,synthetic-taiwan-internet-usage
S<:<JM	張鈞甯	-2.402597	chiaki-synthetic-overlay,reviewed,gpt-5.5-synthetic,synthetic-taiwan-internet-usage
S<A0|_	彰師大	-1.577307	chiaki-synthetic-overlay,reviewed,gpt-5.5-synthetic,synthetic-taiwan-internet-usage
S<M<rF	張綱維	-2.402697	chiaki-synthetic-overlay,reviewed,gpt-5.5-synthetic,synthetic-taiwan-internet-usage
S<NjR@	張芯瑜	-2.402865	chiaki-synthetic-overlay,reviewed,gpt-5.5-synthetic,synthetic-taiwan-internet-usage
S<R0	彰基	-1.842773	chiaki-synthetic-overlay,reviewed,gpt-5.5-synthetic,synthetic-taiwan-internet-usage
S<[1We	張家霈	-2.332435	chiaki-synthetic-overlay,reviewed,gpt-5.5-synthetic,synthetic-taiwan-internet-usage
S<]Ko=	張芸京	-2.395054	chiaki-synthetic-overlay,reviewed,gpt-5.5-synthetic,synthetic-taiwan-internet-usage
S<^l?0	張靜之	-2.390024	chiaki-synthetic-overlay,reviewed,gpt-5.5-synthetic,synthetic-taiwan-internet-usage
S<_;VD	張心傑	-2.196605	chiaki-synthetic-overlay,reviewed,gpt-5.5-synthetic,synthetic-taiwan-internet-usage
S<_`Dblj	彰化客運	-1.371973	chiaki-synthetic-overlay,reviewed,gpt-5.5-synthetic,synthetic-taiwan-internet-usage
S<_`G:0W	彰化三寶	-1.608467	chiaki-synthetic-overlay,reviewed,gpt-5.5-synthetic,synthetic-taiwan-internet-usage
S<f<	漳江	-3.000000	chiaki-synthetic-overlay,reviewed,gpt-5.5-synthetic,synthetic-taiwan-daily-usage
S<kMkM	張榕容	-1.959144	chiaki-synthetic-overlay,reviewed,gpt-5.5-synthetic,synthetic-taiwan-internet-usage
S<p=H<	張清芳	-2.396021	chiaki-synthetic-overlay,reviewed,gpt-5.5-synthetic,synthetic-taiwan-internet-usage
S<tf:L	張耀揚	-2.395198	chiaki-synthetic-overlay,reviewed,gpt-5.5-synthetic,synthetic-taiwan-internet-usage
SBUl	奪命	-3.000000	chiaki-synthetic-overlay,reviewed,gpt-5.5-synthetic,synthetic-taiwan-daily-usage
SBmJ6Nl0	奪門而出	-3.200000	chiaki-synthetic-overlay,reviewed,gpt-5.5-synthetic,synthetic-taiwan-daily-usage
SEI:	崖邊	-3.000000	chiaki-synthetic-overlay,reviewed,gpt-5.5-synthetic,synthetic-taiwan-daily-usage
SEph	崖岸	-3.000000	chiaki-synthetic-overlay,reviewed,gpt-5.5-synthetic,synthetic-taiwan-daily-usage
SQT0n1	剖西瓜	-2.253005	chiaki-synthetic-overlay,reviewed,single-char-collocation
SQrFdRg:	頗為可觀	-3.200000	chiaki-synthetic-overlay,reviewed,gpt-5.5-synthetic,synthetic-taiwan-daily-usage
SW0MuH	小蒙牛	-2.913956	chiaki-synthetic-overlay,reviewed,gpt-5.5-synthetic,synthetic-taiwan-internet-usage
SW1=	小窗	-3.000000	chiaki-synthetic-overlay,reviewed,gpt-5.5-synthetic,synthetic-taiwan-daily-usage
SW2:~@df	小安牙套	-4.015708	chiaki-synthetic-overlay,reviewed,gpt-5.5-synthetic,synthetic-taiwan-internet-usage
SW9KLP{K	小林髮廊	-3.195945	chiaki-synthetic-overlay,reviewed,gpt-5.5-synthetic,synthetic-taiwan-internet-usage
SW9KWY^l	小林眼鏡	-2.740230	chiaki-synthetic-overlay,reviewed,gpt-5.5-synthetic,synthetic-taiwan-internet-usage
SWHEUZvK	小孩很忙	-2.651954	chiaki-synthetic-overlay,reviewed,gpt-5.5-synthetic,synthetic-taiwan-internet-usage
SWJ`E0i=	小賈斯汀	-1.226152	chiaki-synthetic-overlay,reviewed,gpt-5.5-synthetic,synthetic-taiwan-internet-usage
SWLPDJ	小法團	-2.718299	chiaki-synthetic-overlay,reviewed,gpt-5.5-synthetic,synthetic-taiwan-internet-usage
SWLPtO	小法鼓	-1.218367	chiaki-synthetic-overlay,reviewed,gpt-5.5-synthetic,synthetic-taiwan-internet-usage
SWTd	小賴	-2.036594	chiaki-synthetic-overlay,reviewed,gpt-5.5-synthetic,synthetic-taiwan-internet-usage
SWU<BX	小傷口	-1.633579	chiaki-synthetic-overlay,reviewed,gpt-5.5-synthetic,synthetic-taiwan-internet-usage
SWZXn2	小酒窩	-2.293913	chiaki-synthetic-overlay,reviewed,gpt-5.5-synthetic,synthetic-taiwan-internet-usage
SW\[R0c[	小港機場	-1.622063	chiaki-synthetic-overlay,reviewed,gpt-5.5-synthetic,synthetic-taiwan-internet-usage
SWdMVY	小紅傘	-2.403845	chiaki-synthetic-overlay,reviewed,gpt-5.5-synthetic,synthetic-taiwan-internet-usage
SWk03e1W	小豬快跑	-2.465761	chiaki-synthetic-overlay,reviewed,gpt-5.5-synthetic,synthetic-taiwan-internet-usage
SWySr7	小野貓	-2.059496	chiaki-synthetic-overlay,reviewed,gpt-5.5-synthetic,synthetic-taiwan-internet-usage
SW}M<1<1	小熊媽媽	-1.537681	chiaki-synthetic-overlay,reviewed,gpt-5.5-synthetic,synthetic-taiwan-internet-usage
S_1W	路跑	-3.000000	chiaki-synthetic-overlay,reviewed,gpt-5.5-synthetic,synthetic-taiwan-daily-usage
S_1WXD=f	路跑協會	-2.698957	chiaki-synthetic-overlay,reviewed,gpt-5.5-synthetic,synthetic-taiwan-internet-usage
S_I:r7n2	路邊貓窩	-3.480024	chiaki-synthetic-overlay,reviewed,gpt-5.5-synthetic,synthetic-taiwan-internet-usage
S_Q;T:	錄音間	-3.100000	chiaki-synthetic-overlay,reviewed,gpt-5.5-synthetic,synthetic-taiwan-daily-usage
S_^P=ADb	路亞俠客	-3.513680	chiaki-synthetic-overlay,reviewed,gpt-5.5-synthetic,synthetic-taiwan-internet-usage
S_c[	鹿場	-3.000000	chiaki-synthetic-overlay,reviewed,gpt-5.5-synthetic,synthetic-taiwan-daily-usage
S_|J	僇人	-3.000000	chiaki-synthetic-overlay,reviewed,gpt-5.5-synthetic,synthetic-taiwan-daily-usage
Sd6CrG	奈何橋	-3.100000	chiaki-synthetic-overlay,reviewed,gpt-5.5-synthetic,synthetic-taiwan-daily-usage
Sdnk	耐撞	-3.000000	chiaki-synthetic-overlay,reviewed,gpt-5.5-synthetic,synthetic-taiwan-daily-usage
Sdxq`lan	耐著性子	-3.200000	chiaki-synthetic-overlay,reviewed,gpt-5.5-synthetic,synthetic-taiwan-daily-usage
T00_	稀世	-3.000000	chiaki-synthetic-overlay,reviewed,gpt-5.5-synthetic,synthetic-taiwan-daily-usage
T00`Kl1g	希臘正教	-3.200000	chiaki-synthetic-overlay,reviewed,gpt-5.5-synthetic,synthetic-taiwan-daily-usage
T06T	析解	-3.000000	chiaki-synthetic-overlay,reviewed,gpt-5.5-synthetic,synthetic-taiwan-daily-usage
T0D1Q;6d	嘻哈音樂	-1.510510	chiaki-synthetic-overlay,reviewed,gpt-5.5-synthetic,synthetic-taiwan-internet-usage
T0G@x79>	溪湖高中	-1.347820	chiaki-synthetic-overlay,reviewed,gpt-5.5-synthetic,synthetic-taiwan-internet-usage
T0Jb	希澈	-2.394799	chiaki-synthetic-overlay,reviewed,gpt-5.5-synthetic,synthetic-taiwan-internet-usage
T0L`nH11	膝下猶虛	-3.200000	chiaki-synthetic-overlay,reviewed,gpt-5.5-synthetic,synthetic-taiwan-daily-usage
T0T0	栖栖	-3.000000	chiaki-synthetic-overlay,reviewed,gpt-5.5-synthetic,synthetic-taiwan-daily-usage
T0^=MP	犧牲打	-3.100000	chiaki-synthetic-overlay,reviewed,gpt-5.5-synthetic,synthetic-taiwan-daily-usage
T0`L	溪床	-3.000000	chiaki-synthetic-overlay,reviewed,gpt-5.5-synthetic,synthetic-taiwan-daily-usage
T0cO	西喜	-2.530325	chiaki-synthetic-overlay,reviewed,gpt-5.5-synthetic,synthetic-taiwan-internet-usage
T0uHS<{K	犀牛蟑螂	-2.289487	chiaki-synthetic-overlay,reviewed,gpt-5.5-synthetic,synthetic-taiwan-internet-usage
T0yS[1Sd	西野加奈	-2.404232	chiaki-synthetic-overlay,reviewed,gpt-5.5-synthetic,synthetic-taiwan-internet-usage
T0{?uH?E	西堤牛排	-2.396723	chiaki-synthetic-overlay,reviewed,gpt-5.5-synthetic,synthetic-taiwan-internet-usage
T0~_	吸納	-3.000000	chiaki-synthetic-overlay,reviewed,gpt-5.5-synthetic,synthetic-taiwan-daily-usage
T3R0H:~luHt7	割雞焉用牛刀	-3.450000	chiaki-synthetic-overlay,reviewed,gpt-5.5-synthetic,synthetic-taiwan-daily-usage
T3T3paw[	咯咯作響	-3.200000	chiaki-synthetic-overlay,reviewed,gpt-5.5-synthetic,synthetic-taiwan-daily-usage
T3ZX`d	割韭菜	-2.081975	chiaki-synthetic-overlay,reviewed,single-char-collocation
T3`H	鴿樓	-3.000000	chiaki-synthetic-overlay,reviewed,gpt-5.5-synthetic,synthetic-taiwan-daily-usage
T3kOp=w;	歌舞青春	-1.797942	chiaki-synthetic-overlay,reviewed,gpt-5.5-synthetic,synthetic-taiwan-internet-usage
T3q=<inH	歌星電郵	-2.399598	chiaki-synthetic-overlay,reviewed,gpt-5.5-synthetic,synthetic-taiwan-internet-usage
T3v?9P	割鼻女	-2.398473	chiaki-synthetic-overlay,reviewed,gpt-5.5-synthetic,synthetic-taiwan-internet-usage
T:T:	濺濺	-3.000000	chiaki-synthetic-overlay,reviewed,gpt-5.5-synthetic,synthetic-taiwan-daily-usage
T:TBVB	犍陀羅	-3.100000	chiaki-synthetic-overlay,reviewed,gpt-5.5-synthetic,synthetic-taiwan-daily-usage
T:eVcHr5	尖嘴猴腮	-3.200000	chiaki-synthetic-overlay,reviewed,gpt-5.5-synthetic,synthetic-taiwan-daily-usage
T:f<	湔江	-3.000000	chiaki-synthetic-overlay,reviewed,gpt-5.5-synthetic,synthetic-taiwan-daily-usage
TBLWuh	鴕鳥蛋	-3.100000	chiaki-synthetic-overlay,reviewed,gpt-5.5-synthetic,synthetic-taiwan-daily-usage
TJ18	原燒	-2.203446	chiaki-synthetic-overlay,reviewed,gpt-5.5-synthetic,synthetic-taiwan-internet-usage
TJ9KDblj	員林客運	-1.540138	chiaki-synthetic-overlay,reviewed,gpt-5.5-synthetic,synthetic-taiwan-internet-usage
TJ9K`M3>	員林農工	-1.622976	chiaki-synthetic-overlay,reviewed,gpt-5.5-synthetic,synthetic-taiwan-internet-usage
TJ<<	元勛	-3.000000	chiaki-synthetic-overlay,reviewed,gpt-5.5-synthetic,synthetic-taiwan-daily-usage
TJB_yK	元氣堂	-2.396226	chiaki-synthetic-overlay,reviewed,gpt-5.5-synthetic,synthetic-taiwan-internet-usage
TJJ`\0	原價屋	-2.218261	chiaki-synthetic-overlay,reviewed,gpt-5.5-synthetic,synthetic-taiwan-internet-usage
TJO_	元富	-1.949247	chiaki-synthetic-overlay,reviewed,gpt-5.5-synthetic,synthetic-taiwan-internet-usage
TJO_Klpi	元富證券	-2.309189	chiaki-synthetic-overlay,reviewed,gpt-5.5-synthetic,synthetic-taiwan-internet-usage
TJROj6	原子霏	-1.902815	chiaki-synthetic-overlay,reviewed,gpt-5.5-synthetic,synthetic-taiwan-internet-usage
TJWe	原配	-3.000000	chiaki-synthetic-overlay,reviewed,gpt-5.5-synthetic,synthetic-taiwan-daily-usage
TJWlG:^=	緣定三生	-3.200000	chiaki-synthetic-overlay,reviewed,gpt-5.5-synthetic,synthetic-taiwan-daily-usage
TJ\=	圓睜	-3.000000	chiaki-synthetic-overlay,reviewed,gpt-5.5-synthetic,synthetic-taiwan-daily-usage
TJ\O	原擬	-3.000000	chiaki-synthetic-overlay,reviewed,gpt-5.5-synthetic,synthetic-taiwan-daily-usage
TJ^=F0ci	員生醫院	-1.423733	chiaki-synthetic-overlay,reviewed,gpt-5.5-synthetic,synthetic-taiwan-internet-usage
TJbO	源起	-3.000000	chiaki-synthetic-overlay,reviewed,gpt-5.5-synthetic,synthetic-taiwan-daily-usage
TJ{H=M0_	圓球城市	-1.861204	chiaki-synthetic-overlay,reviewed,gpt-5.5-synthetic,synthetic-taiwan-internet-usage
TJ|_^HNj	元大投信	-2.403121	chiaki-synthetic-overlay,reviewed,gpt-5.5-synthetic,synthetic-taiwan-internet-usage
TJ}^	元智	-1.630005	chiaki-synthetic-overlay,reviewed,gpt-5.5-synthetic,synthetic-taiwan-internet-usage
TJ~OdTs\	元祖雪餅	-2.773965	chiaki-synthetic-overlay,reviewed,gpt-5.5-synthetic,synthetic-taiwan-internet-usage
TOVe	死背	-3.000000	chiaki-synthetic-overlay,reviewed,gpt-5.5-synthetic,synthetic-taiwan-daily-usage
TQ0_	抹拭	-3.000000	chiaki-synthetic-overlay,reviewed,gpt-5.5-synthetic,synthetic-taiwan-daily-usage
TQ9i	抹片	-3.000000	chiaki-synthetic-overlay,reviewed,gpt-5.5-synthetic,synthetic-taiwan-daily-usage
TQ\c	抹滅	-3.000000	chiaki-synthetic-overlay,reviewed,gpt-5.5-synthetic,synthetic-taiwan-daily-usage
TZ7WKZ	啃老本	-2.204147	chiaki-synthetic-overlay,reviewed,single-char-collocation
TZa_XO	啃玉米	-2.204147	chiaki-synthetic-overlay,reviewed,single-char-collocation
TZh=@@PA	墾丁福華	-1.764789	chiaki-synthetic-overlay,reviewed,gpt-5.5-synthetic,synthetic-taiwan-internet-usage
TZh=L`}8	墾丁夏都	-2.262710	chiaki-synthetic-overlay,reviewed,gpt-5.5-synthetic,synthetic-taiwan-internet-usage
TZh=vTN1	墾丁凱撒	-1.869644	chiaki-synthetic-overlay,reviewed,gpt-5.5-synthetic,synthetic-taiwan-internet-usage
TZp?	啃食	-3.000000	chiaki-synthetic-overlay,reviewed,gpt-5.5-synthetic,synthetic-taiwan-daily-usage
T[1U{H	綁綵球	-2.149929	chiaki-synthetic-overlay,reviewed,single-char-collocation
T[782P	綁標語	-2.149929	chiaki-synthetic-overlay,reviewed,single-char-collocation
T[8ian	綁辮子	-2.149929	chiaki-synthetic-overlay,reviewed,single-char-collocation
T[:6	綁歪	-2.263651	chiaki-synthetic-overlay,reviewed,single-char-collocation
T[>Man	綁繩子	-2.149929	chiaki-synthetic-overlay,reviewed,single-char-collocation
T[G@ODVD	綁蝴蝶結	-2.149929	chiaki-synthetic-overlay,reviewed,single-char-collocation
T[IXR0	綁手機	-2.149929	chiaki-synthetic-overlay,reviewed,single-char-collocation
T[J1Qd	綁沙袋	-2.149929	chiaki-synthetic-overlay,reviewed,single-char-collocation
T[J1p7	綁沙包	-2.149929	chiaki-synthetic-overlay,reviewed,single-char-collocation
T[KPRV	綁馬尾	-2.149929	chiaki-synthetic-overlay,reviewed,single-char-collocation
T[L_kG	綁布條	-2.149929	chiaki-synthetic-overlay,reviewed,single-char-collocation
T[Nj~lRP	綁信用卡	-2.149929	chiaki-synthetic-overlay,reviewed,single-char-collocation
T[XDQd	綁鞋帶	-2.149929	chiaki-synthetic-overlay,reviewed,single-char-collocation
T[^HLP	綁頭髮	-2.149929	chiaki-synthetic-overlay,reviewed,single-char-collocation
T[^H];	綁頭巾	-2.149929	chiaki-synthetic-overlay,reviewed,single-char-collocation
T[rFjK	綁圍裙	-2.149929	chiaki-synthetic-overlay,reviewed,single-char-collocation
T[z\Qd	綁領帶	-2.149929	chiaki-synthetic-overlay,reviewed,single-char-collocation
T[{lan	綁粽子	-2.149929	chiaki-synthetic-overlay,reviewed,single-char-collocation
T_rh^=C0	顧盼生姿	-3.200000	chiaki-synthetic-overlay,reviewed,gpt-5.5-synthetic,synthetic-taiwan-daily-usage
TdrFN@	賴薇如	-2.398904	chiaki-synthetic-overlay,reviewed,gpt-5.5-synthetic,synthetic-taiwan-internet-usage
U30_C7	科士威	-2.069353	chiaki-synthetic-overlay,reviewed,gpt-5.5-synthetic,synthetic-taiwan-internet-usage
U33>vY	科工館	-1.951918	chiaki-synthetic-overlay,reviewed,gpt-5.5-synthetic,synthetic-taiwan-internet-usage
U3CixU2P	科見美語	-2.400356	chiaki-synthetic-overlay,reviewed,gpt-5.5-synthetic,synthetic-taiwan-internet-usage
U3U3nknk	磕磕撞撞	-3.200000	chiaki-synthetic-overlay,reviewed,gpt-5.5-synthetic,synthetic-taiwan-daily-usage
U3rA	苛薄	-3.000000	chiaki-synthetic-overlay,reviewed,gpt-5.5-synthetic,synthetic-taiwan-daily-usage
U:6C	嵌合	-1.6500	chiaki-synthetic-overlay,reviewed,manual-domain-term
U:6C	簽核	-1.2000	chiaki-synthetic-overlay,reviewed,manual-official-document
U:6C5_Ci	簽核意見	-1.4500	chiaki-synthetic-overlay,reviewed,manual-official-document
U:6C7:	簽核單	-1.4500	chiaki-synthetic-overlay,reviewed,manual-office
U:6CvH=M	簽核流程	-1.4500	chiaki-synthetic-overlay,reviewed,manual-office
U:6[	簽准	-1.7000	chiaki-synthetic-overlay,reviewed,manual-official-document
U:<8MiBZ	千挑萬選	-3.200000	chiaki-synthetic-overlay,reviewed,gpt-5.5-synthetic,synthetic-taiwan-daily-usage
U:C0mTRd	千姿百態	-3.200000	chiaki-synthetic-overlay,reviewed,gpt-5.5-synthetic,synthetic-taiwan-daily-usage
U:F0mTgj	千依百順	-3.200000	chiaki-synthetic-overlay,reviewed,gpt-5.5-synthetic,synthetic-taiwan-daily-usage
U:PL	牽亡	-3.000000	chiaki-synthetic-overlay,reviewed,gpt-5.5-synthetic,synthetic-taiwan-daily-usage
U:PL9j	牽亡陣	-3.100000	chiaki-synthetic-overlay,reviewed,gpt-5.5-synthetic,synthetic-taiwan-daily-usage
U:U:	芊芊	-3.000000	chiaki-synthetic-overlay,reviewed,gpt-5.5-synthetic,synthetic-taiwan-daily-usage
U:Yc9Rw2	千葉火鍋	-2.653838	chiaki-synthetic-overlay,reviewed,gpt-5.5-synthetic,synthetic-taiwan-internet-usage
U:`Zcf	牽引道	-1.856549	chiaki-synthetic-overlay,reviewed,gpt-5.5-synthetic,synthetic-taiwan-internet-usage
U:qh	簽辦	-1.4500	chiaki-synthetic-overlay,reviewed,manual-official-document
U:qh5_Ci	簽辦意見	-1.6500	chiaki-synthetic-overlay,reviewed,manual-official-document
U:qh7:	簽辦單	-1.5500	chiaki-synthetic-overlay,reviewed,manual-office
U:tO	牽罟	-3.000000	chiaki-synthetic-overlay,reviewed,gpt-5.5-synthetic,synthetic-taiwan-daily-usage
U:tPp?	千瓦時	-3.100000	chiaki-synthetic-overlay,reviewed,gpt-5.5-synthetic,synthetic-taiwan-daily-usage
U:uH?09P	牽牛織女	-3.200000	chiaki-synthetic-overlay,reviewed,gpt-5.5-synthetic,synthetic-taiwan-daily-usage
U:}?	遷離	-3.000000	chiaki-synthetic-overlay,reviewed,gpt-5.5-synthetic,synthetic-taiwan-daily-usage
U:~I?0?i	千年之戀	-2.636759	chiaki-synthetic-overlay,reviewed,gpt-5.5-synthetic,synthetic-taiwan-internet-usage
U<Yc89<:	商業周刊	-1.058192	chiaki-synthetic-overlay,reviewed,gpt-5.5-synthetic,synthetic-taiwan-internet-usage
U<YcE0	商業司	-1.369208	chiaki-synthetic-overlay,reviewed,gpt-5.5-synthetic,synthetic-taiwan-internet-usage
U<_;IXNO	傷心手指	-1.670605	chiaki-synthetic-overlay,reviewed,gpt-5.5-synthetic,synthetic-taiwan-internet-usage
UB7`	哪吒	-3.000000	chiaki-synthetic-overlay,reviewed,gpt-5.5-synthetic,synthetic-taiwan-daily-usage
UG8X	陶偶	-3.000000	chiaki-synthetic-overlay,reviewed,gpt-5.5-synthetic,synthetic-taiwan-daily-usage
UGTJDblj	桃園客運	-1.329683	chiaki-synthetic-overlay,reviewed,gpt-5.5-synthetic,synthetic-taiwan-internet-usage
UGTJFMQY	桃園名產	-1.725412	chiaki-synthetic-overlay,reviewed,gpt-5.5-synthetic,synthetic-taiwan-internet-usage
UGTJVD5_	桃園結義	-3.200000	chiaki-synthetic-overlay,reviewed,gpt-5.5-synthetic,synthetic-taiwan-daily-usage
UGTJ`M3>	桃園農工	-1.413744	chiaki-synthetic-overlay,reviewed,gpt-5.5-synthetic,synthetic-taiwan-internet-usage
UG];?l	淘金夢	-3.100000	chiaki-synthetic-overlay,reviewed,gpt-5.5-synthetic,synthetic-taiwan-daily-usage
UG];Db	淘金客	-3.100000	chiaki-synthetic-overlay,reviewed,gpt-5.5-synthetic,synthetic-taiwan-daily-usage
UG`_	陶塑	-3.000000	chiaki-synthetic-overlay,reviewed,gpt-5.5-synthetic,synthetic-taiwan-daily-usage
UGdMVXi_	桃紅柳綠	-3.200000	chiaki-synthetic-overlay,reviewed,gpt-5.5-synthetic,synthetic-taiwan-daily-usage
UGo=CM	陶晶瑩	-1.783495	chiaki-synthetic-overlay,reviewed,gpt-5.5-synthetic,synthetic-taiwan-internet-usage
UGp1VD	桃花劫	-3.100000	chiaki-synthetic-overlay,reviewed,gpt-5.5-synthetic,synthetic-taiwan-daily-usage
UGp1WY	桃花眼	-3.100000	chiaki-synthetic-overlay,reviewed,gpt-5.5-synthetic,synthetic-taiwan-daily-usage
UG|J	陶人	-3.000000	chiaki-synthetic-overlay,reviewed,gpt-5.5-synthetic,synthetic-taiwan-daily-usage
UO0iNO0i	以戰止戰	-2.405866	chiaki-synthetic-overlay,reviewed,gpt-5.5-synthetic,synthetic-taiwan-internet-usage
UOKPdRQd	倚馬可待	-3.200000	chiaki-synthetic-overlay,reviewed,gpt-5.5-synthetic,synthetic-taiwan-daily-usage
UX68L_	扭腰部	-2.275784	chiaki-synthetic-overlay,reviewed,single-char-collocation
UX:6	扭歪	-2.275784	chiaki-synthetic-overlay,reviewed,single-char-collocation
UXEMUd	扭瓶蓋	-2.275784	chiaki-synthetic-overlay,reviewed,single-char-collocation
UXG5|Jxg	紐約人壽	-1.947820	chiaki-synthetic-overlay,reviewed,gpt-5.5-synthetic,synthetic-taiwan-internet-usage
UXRG];	扭毛巾	-2.275784	chiaki-synthetic-overlay,reviewed,single-char-collocation
UXU<0_	扭傷勢	-2.275784	chiaki-synthetic-overlay,reviewed,single-char-collocation
UXVBE0	扭螺絲	-2.275784	chiaki-synthetic-overlay,reviewed,single-char-collocation
UXcVaMMw	扭水龍頭	-2.275784	chiaki-synthetic-overlay,reviewed,single-char-collocation
UXg5g:	扭開關	-2.275784	chiaki-synthetic-overlay,reviewed,single-char-collocation
UXh:g:VD	扭髖關節	-2.449320	chiaki-synthetic-overlay,reviewed,single-char-collocation
UYi_of~I	慘綠少年	-3.200000	chiaki-synthetic-overlay,reviewed,gpt-5.5-synthetic,synthetic-taiwan-daily-usage
UZUZnq	狠狠的	-3.100000	chiaki-synthetic-overlay,reviewed,gpt-5.5-synthetic,synthetic-taiwan-daily-usage
U_U_	矻矻	-3.000000	chiaki-synthetic-overlay,reviewed,gpt-5.5-synthetic,synthetic-taiwan-daily-usage
U_aM	酷龍	-2.354917	chiaki-synthetic-overlay,reviewed,gpt-5.5-synthetic,synthetic-taiwan-internet-usage
Ud>i[3	概念車	-3.100000	chiaki-synthetic-overlay,reviewed,gpt-5.5-synthetic,synthetic-taiwan-daily-usage
Ui2@DJ	亂集團	-3.100000	chiaki-synthetic-overlay,reviewed,gpt-5.5-synthetic,synthetic-taiwan-daily-usage
Ui9>NXo_	亂中有序	-3.200000	chiaki-synthetic-overlay,reviewed,gpt-5.5-synthetic,synthetic-taiwan-daily-usage
Ui?;?;	亂紛紛	-3.100000	chiaki-synthetic-overlay,reviewed,gpt-5.5-synthetic,synthetic-taiwan-daily-usage
UiA_	亂紀	-3.000000	chiaki-synthetic-overlay,reviewed,gpt-5.5-synthetic,synthetic-taiwan-daily-usage
UiUd	亂蓋	-3.000000	chiaki-synthetic-overlay,reviewed,gpt-5.5-synthetic,synthetic-taiwan-daily-usage
Uik@	亂麻	-3.000000	chiaki-synthetic-overlay,reviewed,gpt-5.5-synthetic,synthetic-taiwan-daily-usage
Uk0_{J0>	降世神通	-2.291068	chiaki-synthetic-overlay,reviewed,gpt-5.5-synthetic,synthetic-taiwan-internet-usage
UkBYO1	醬板鴨	-2.052193	chiaki-synthetic-overlay,reviewed,single-char-collocation
UkEf	降罪	-3.000000	chiaki-synthetic-overlay,reviewed,gpt-5.5-synthetic,synthetic-taiwan-daily-usage
UkG@	糨糊	-3.000000	chiaki-synthetic-overlay,reviewed,gpt-5.5-synthetic,synthetic-taiwan-daily-usage
UkRd{K	醬太郎	-2.395113	chiaki-synthetic-overlay,reviewed,gpt-5.5-synthetic,synthetic-taiwan-internet-usage
UkVBap	醬蘿蔔	-2.000765	chiaki-synthetic-overlay,reviewed,single-char-collocation
Uk_;	降薪	-3.000000	chiaki-synthetic-overlay,reviewed,gpt-5.5-synthetic,synthetic-taiwan-daily-usage
Uk_;A@lj	匠心獨運	-3.200000	chiaki-synthetic-overlay,reviewed,gpt-5.5-synthetic,synthetic-taiwan-daily-usage
UkaM=f	降龍會	-2.509950	chiaki-synthetic-overlay,reviewed,gpt-5.5-synthetic,synthetic-taiwan-internet-usage
V:6:	掀翻	-3.000000	chiaki-synthetic-overlay,reviewed,gpt-5.5-synthetic,synthetic-taiwan-daily-usage
V:NX9Rw2	鮮友火鍋	-2.049822	chiaki-synthetic-overlay,reviewed,gpt-5.5-synthetic,synthetic-taiwan-internet-usage
V:a_	仙域	-3.000000	chiaki-synthetic-overlay,reviewed,gpt-5.5-synthetic,synthetic-taiwan-daily-usage
V=XO	粳米	-3.000000	chiaki-synthetic-overlay,reviewed,gpt-5.5-synthetic,synthetic-taiwan-daily-usage
V=^=0WV_	更生保護	-3.200000	chiaki-synthetic-overlay,reviewed,gpt-5.5-synthetic,synthetic-taiwan-daily-usage
V=_;XiQd	更新換代	-3.200000	chiaki-synthetic-overlay,reviewed,gpt-5.5-synthetic,synthetic-taiwan-daily-usage
V>_`Q;	兒化音	-3.100000	chiaki-synthetic-overlay,reviewed,gpt-5.5-synthetic,synthetic-taiwan-daily-usage
VB2i	羅扇	-3.000000	chiaki-synthetic-overlay,reviewed,gpt-5.5-synthetic,synthetic-taiwan-daily-usage
VBKPS;Q;	羅馬拼音	-1.919387	chiaki-synthetic-overlay,reviewed,gpt-5.5-synthetic,synthetic-taiwan-internet-usage
VBVB	儸儸	-3.000000	chiaki-synthetic-overlay,reviewed,gpt-5.5-synthetic,synthetic-taiwan-daily-usage
VBVe	螺貝	-3.000000	chiaki-synthetic-overlay,reviewed,gpt-5.5-synthetic,synthetic-taiwan-daily-usage
VBbJnk	螺旋狀	-3.100000	chiaki-synthetic-overlay,reviewed,gpt-5.5-synthetic,synthetic-taiwan-daily-usage
VB~=Yc0_	羅東夜市	-1.719573	chiaki-synthetic-overlay,reviewed,gpt-5.5-synthetic,synthetic-taiwan-internet-usage
VDJ1	劫殺	-3.000000	chiaki-synthetic-overlay,reviewed,gpt-5.5-synthetic,synthetic-taiwan-daily-usage
VDOG	桀驁	-3.000000	chiaki-synthetic-overlay,reviewed,gpt-5.5-synthetic,synthetic-taiwan-daily-usage
VDR@	婕妤	-3.000000	chiaki-synthetic-overlay,reviewed,gpt-5.5-synthetic,synthetic-taiwan-daily-usage
VDTJ	捷元	-1.137188	chiaki-synthetic-overlay,reviewed,gpt-5.5-synthetic,synthetic-taiwan-internet-usage
VDecA0	結界師	-2.397037	chiaki-synthetic-overlay,reviewed,gpt-5.5-synthetic,synthetic-taiwan-internet-usage
VDr;S_r\	結婚錄影	-1.449420	chiaki-synthetic-overlay,reviewed,gpt-5.5-synthetic,synthetic-taiwan-internet-usage
VDr;];0_	結婚金飾	-1.840758	chiaki-synthetic-overlay,reviewed,gpt-5.5-synthetic,synthetic-taiwan-internet-usage
VGmlOd	橈動脈	-3.100000	chiaki-synthetic-overlay,reviewed,gpt-5.5-synthetic,synthetic-taiwan-daily-usage
VGtO	橈骨	-3.000000	chiaki-synthetic-overlay,reviewed,gpt-5.5-synthetic,synthetic-taiwan-daily-usage
VO<i	筆電	-1.5000	chiaki-synthetic-overlay,reviewed,manual-taiwan-appliance
VOJ`PL	比價王	-2.087242	chiaki-synthetic-overlay,reviewed,gpt-5.5-synthetic,synthetic-taiwan-internet-usage
VOb[}QD8	彼長我消	-3.200000	chiaki-synthetic-overlay,reviewed,gpt-5.5-synthetic,synthetic-taiwan-daily-usage
VY?P	散曲	-3.000000	chiaki-synthetic-overlay,reviewed,gpt-5.5-synthetic,synthetic-taiwan-daily-usage
VYNO	傘紙	-3.000000	chiaki-synthetic-overlay,reviewed,gpt-5.5-synthetic,synthetic-taiwan-daily-usage
VY]_	糝入	-3.000000	chiaki-synthetic-overlay,reviewed,gpt-5.5-synthetic,synthetic-taiwan-daily-usage
VYp1	傘花	-3.000000	chiaki-synthetic-overlay,reviewed,gpt-5.5-synthetic,synthetic-taiwan-daily-usage
V_2:<i=_	滬安電力	-2.404476	chiaki-synthetic-overlay,reviewed,gpt-5.5-synthetic,synthetic-taiwan-internet-usage
V_D23>=M	護坡工程	-3.200000	chiaki-synthetic-overlay,reviewed,gpt-5.5-synthetic,synthetic-taiwan-daily-usage
V_ZY	互勉	-3.000000	chiaki-synthetic-overlay,reviewed,gpt-5.5-synthetic,synthetic-taiwan-daily-usage
V_]O5E=f	護理學會	-1.041354	chiaki-synthetic-overlay,reviewed,gpt-5.5-synthetic,synthetic-taiwan-internet-usage
V_i[	護養	-3.000000	chiaki-synthetic-overlay,reviewed,gpt-5.5-synthetic,synthetic-taiwan-daily-usage
V_mfL;0]	護照申請	-1.475885	chiaki-synthetic-overlay,reviewed,gpt-5.5-synthetic,synthetic-taiwan-internet-usage
V_ml0_IF[O	互動式媒體	-3.450000	chiaki-synthetic-overlay,reviewed,gpt-5.5-synthetic,synthetic-taiwan-daily-usage
V_xd9\gf	戶外廣告	-3.200000	chiaki-synthetic-overlay,reviewed,gpt-5.5-synthetic,synthetic-taiwan-daily-usage
Ve4R	備妥	-3.000000	chiaki-synthetic-overlay,reviewed,gpt-5.5-synthetic,synthetic-taiwan-daily-usage
Ve5Ch<	貝殼箱	-2.221163	chiaki-synthetic-overlay,reviewed,gpt-5.5-synthetic,synthetic-taiwan-internet-usage
Ve9i	被騙	-3.000000	chiaki-synthetic-overlay,reviewed,gpt-5.5-synthetic,synthetic-taiwan-daily-usage
VeC1j6lg	焙咖啡豆	-2.482850	chiaki-synthetic-overlay,reviewed,single-char-collocation
VeEE0C	貝萊德	-2.404783	chiaki-synthetic-overlay,reviewed,gpt-5.5-synthetic,synthetic-taiwan-internet-usage
VeJY^;fc	倍感親切	-3.200000	chiaki-synthetic-overlay,reviewed,gpt-5.5-synthetic,synthetic-taiwan-daily-usage
VeNj_k5_	背信忘義	-3.200000	chiaki-synthetic-overlay,reviewed,gpt-5.5-synthetic,synthetic-taiwan-daily-usage
VeT:7R	焙堅果	-2.482850	chiaki-synthetic-overlay,reviewed,single-char-collocation
Ve]O|?	貝里尼	-2.405439	chiaki-synthetic-overlay,reviewed,gpt-5.5-synthetic,synthetic-taiwan-internet-usage
Ve`l|J	焙杏仁	-2.482850	chiaki-synthetic-overlay,reviewed,single-char-collocation
VedRdR	焙可可	-2.482850	chiaki-synthetic-overlay,reviewed,single-char-collocation
Vep1^=	焙花生	-2.482850	chiaki-synthetic-overlay,reviewed,single-char-collocation
VeqT	被逮	-3.000000	chiaki-synthetic-overlay,reviewed,gpt-5.5-synthetic,synthetic-taiwan-daily-usage
Vex@Yc	焙茶葉	-2.482850	chiaki-synthetic-overlay,reviewed,single-char-collocation
VexgzON_	倍受矚目	-3.200000	chiaki-synthetic-overlay,reviewed,gpt-5.5-synthetic,synthetic-taiwan-daily-usage
Ve{H	被囚	-3.000000	chiaki-synthetic-overlay,reviewed,gpt-5.5-synthetic,synthetic-taiwan-daily-usage
ViJ1af	摜紗帽	-3.100000	chiaki-synthetic-overlay,reviewed,gpt-5.5-synthetic,synthetic-taiwan-daily-usage
ViS_	灌錄	-3.000000	chiaki-synthetic-overlay,reviewed,gpt-5.5-synthetic,synthetic-taiwan-daily-usage
VjYZ	問診	-3.000000	chiaki-synthetic-overlay,reviewed,gpt-5.5-synthetic,synthetic-taiwan-daily-usage
Vk5C	嗆咳	-3.000000	chiaki-synthetic-overlay,reviewed,gpt-5.5-synthetic,synthetic-taiwan-daily-usage
W77:|?e]	崔丹尼爾	-2.400712	chiaki-synthetic-overlay,reviewed,gpt-5.5-synthetic,synthetic-taiwan-internet-usage
W7RK	催魂	-3.000000	chiaki-synthetic-overlay,reviewed,gpt-5.5-synthetic,synthetic-taiwan-daily-usage
W7Ul	催命	-3.000000	chiaki-synthetic-overlay,reviewed,gpt-5.5-synthetic,synthetic-taiwan-daily-usage
W7Ul@@	催命符	-3.100000	chiaki-synthetic-overlay,reviewed,gpt-5.5-synthetic,synthetic-taiwan-daily-usage
W7]etPE0	催淚瓦斯	-3.200000	chiaki-synthetic-overlay,reviewed,gpt-5.5-synthetic,synthetic-taiwan-daily-usage
WB4K@@0_	國民服飾	-1.396365	chiaki-synthetic-overlay,reviewed,gpt-5.5-synthetic,synthetic-taiwan-internet-usage
WB4K~I];	國民年金	-1.366955	chiaki-synthetic-overlay,reviewed,gpt-5.5-synthetic,synthetic-taiwan-internet-usage
WB@@	國服	-3.000000	chiaki-synthetic-overlay,reviewed,gpt-5.5-synthetic,synthetic-taiwan-daily-usage
WBA_tO0_	國際股市	-0.965539	chiaki-synthetic-overlay,reviewed,gpt-5.5-synthetic,synthetic-taiwan-internet-usage
WBPL[Lrg	國王皇后	-1.932519	chiaki-synthetic-overlay,reviewed,gpt-5.5-synthetic,synthetic-taiwan-internet-usage
WBRd];rl	國泰金控	-2.202057	chiaki-synthetic-overlay,reviewed,gpt-5.5-synthetic,synthetic-taiwan-internet-usage
WBRd^HNj	國泰投信	-2.405827	chiaki-synthetic-overlay,reviewed,gpt-5.5-synthetic,synthetic-taiwan-internet-usage
WB^l?0hI	國境之南	-2.403613	chiaki-synthetic-overlay,reviewed,gpt-5.5-synthetic,synthetic-taiwan-internet-usage
WDU3	茄科	-3.000000	chiaki-synthetic-overlay,reviewed,gpt-5.5-synthetic,synthetic-taiwan-daily-usage
WFEE}Q[1	誰來我家	-2.721240	chiaki-synthetic-overlay,reviewed,gpt-5.5-synthetic,synthetic-taiwan-internet-usage
WGR@hG	撈魚苗	-2.108559	chiaki-synthetic-overlay,reviewed,single-char-collocation
WG]1an	撈蝦子	-2.108559	chiaki-synthetic-overlay,reviewed,single-char-collocation
WG];R@	撈金魚	-2.108559	chiaki-synthetic-overlay,reviewed,single-char-collocation
WGcVCW	撈水草	-2.108559	chiaki-synthetic-overlay,reviewed,single-char-collocation
WGnHcV	撈油水	-2.108559	chiaki-synthetic-overlay,reviewed,single-char-collocation
WGp?an	撈什子	-3.100000	chiaki-synthetic-overlay,reviewed,gpt-5.5-synthetic,synthetic-taiwan-daily-usage
WK2P	脣語	-3.000000	chiaki-synthetic-overlay,reviewed,gpt-5.5-synthetic,synthetic-taiwan-daily-usage
WKa_	醇郁	-3.000000	chiaki-synthetic-overlay,reviewed,gpt-5.5-synthetic,synthetic-taiwan-daily-usage
WKcV	純水	-3.000000	chiaki-synthetic-overlay,reviewed,gpt-5.5-synthetic,synthetic-taiwan-daily-usage
WKvHEi	屯留縣	-3.100000	chiaki-synthetic-overlay,reviewed,gpt-5.5-synthetic,synthetic-taiwan-daily-usage
WOanc=}M	痞子英雄	-1.930747	chiaki-synthetic-overlay,reviewed,gpt-5.5-synthetic,synthetic-taiwan-internet-usage
WY5_|JTJ	演藝人員	-3.200000	chiaki-synthetic-overlay,reviewed,gpt-5.5-synthetic,synthetic-taiwan-daily-usage
W[:LRG	紡羊毛	-1.869112	chiaki-synthetic-overlay,reviewed,single-char-collocation
W[@@	髣髴	-3.000000	chiaki-synthetic-overlay,reviewed,gpt-5.5-synthetic,synthetic-taiwan-daily-usage
W[J1Ei	紡紗線	-1.869112	chiaki-synthetic-overlay,reviewed,single-char-collocation
W[zIEi	紡棉線	-1.869112	chiaki-synthetic-overlay,reviewed,single-char-collocation
We0_	配飾	-3.000000	chiaki-synthetic-overlay,reviewed,gpt-5.5-synthetic,synthetic-taiwan-daily-usage
We>1	配搭	-3.000000	chiaki-synthetic-overlay,reviewed,gpt-5.5-synthetic,synthetic-taiwan-daily-usage
WeJ;	佩甄	-2.350843	chiaki-synthetic-overlay,reviewed,gpt-5.5-synthetic,synthetic-taiwan-internet-usage
Wevf	配票	-3.000000	chiaki-synthetic-overlay,reviewed,gpt-5.5-synthetic,synthetic-taiwan-daily-usage
Wk2_	相字	-3.000000	chiaki-synthetic-overlay,reviewed,gpt-5.5-synthetic,synthetic-taiwan-daily-usage
Wk9iy<OD	相片光碟	-3.200000	chiaki-synthetic-overlay,reviewed,gpt-5.5-synthetic,synthetic-taiwan-daily-usage
Wk@j	象印	-2.401043	chiaki-synthetic-overlay,reviewed,gpt-5.5-synthetic,synthetic-taiwan-internet-usage
WkA0`l	向溼性	-3.100000	chiaki-synthetic-overlay,reviewed,gpt-5.5-synthetic,synthetic-taiwan-daily-usage
WkLP	相法	-3.000000	chiaki-synthetic-overlay,reviewed,gpt-5.5-synthetic,synthetic-taiwan-daily-usage
Wk^=tPKb	相聲瓦舍	-3.118801	chiaki-synthetic-overlay,reviewed,gpt-5.5-synthetic,synthetic-taiwan-internet-usage
Wkz<	相框	-3.000000	chiaki-synthetic-overlay,reviewed,gpt-5.5-synthetic,synthetic-taiwan-daily-usage
Wl5J	定錢	-3.000000	chiaki-synthetic-overlay,reviewed,gpt-5.5-synthetic,synthetic-taiwan-daily-usage
Wl782P	釘標語	-2.076385	chiaki-synthetic-overlay,reviewed,single-char-collocation
WlBYan	釘板子	-2.076385	chiaki-synthetic-overlay,reviewed,single-char-collocation
WlN_h<	釘木箱	-2.076385	chiaki-synthetic-overlay,reviewed,single-char-collocation
WlYe	訂費	-3.000000	chiaki-synthetic-overlay,reviewed,gpt-5.5-synthetic,synthetic-taiwan-daily-usage
Wlh<ik	釘相框	-2.463659	chiaki-synthetic-overlay,reviewed,single-char-collocation
X76C	睢河	-3.000000	chiaki-synthetic-overlay,reviewed,gpt-5.5-synthetic,synthetic-taiwan-daily-usage
X7X7	睢睢	-3.000000	chiaki-synthetic-overlay,reviewed,gpt-5.5-synthetic,synthetic-taiwan-daily-usage
X<[LA0qa	倉皇失措	-3.200000	chiaki-synthetic-overlay,reviewed,gpt-5.5-synthetic,synthetic-taiwan-daily-usage
X<~\?9	蒼井優	-2.395711	chiaki-synthetic-overlay,reviewed,gpt-5.5-synthetic,synthetic-taiwan-internet-usage
XD6C3>U<	協和工商	-1.627194	chiaki-synthetic-overlay,reviewed,gpt-5.5-synthetic,synthetic-taiwan-internet-usage
XD<i	鞋墊	-3.000000	chiaki-synthetic-overlay,reviewed,gpt-5.5-synthetic,synthetic-taiwan-daily-usage
XD_M9>5E	協同中學	-1.572784	chiaki-synthetic-overlay,reviewed,gpt-5.5-synthetic,synthetic-taiwan-internet-usage
XO[[3@	米朗琪	-2.402765	chiaki-synthetic-overlay,reviewed,gpt-5.5-synthetic,synthetic-taiwan-internet-usage
XO^P	米亞	-2.451488	chiaki-synthetic-overlay,reviewed,gpt-5.5-synthetic,synthetic-taiwan-internet-usage
XOxg	米壽	-3.000000	chiaki-synthetic-overlay,reviewed,gpt-5.5-synthetic,synthetic-taiwan-daily-usage
XVLP	腿法	-3.000000	chiaki-synthetic-overlay,reviewed,gpt-5.5-synthetic,synthetic-taiwan-daily-usage
XVtO	腿骨	-3.000000	chiaki-synthetic-overlay,reviewed,gpt-5.5-synthetic,synthetic-taiwan-daily-usage
XY>@	扁蒲	-3.000000	chiaki-synthetic-overlay,reviewed,gpt-5.5-synthetic,synthetic-taiwan-daily-usage
X[3_	檔次	-3.000000	chiaki-synthetic-overlay,reviewed,gpt-5.5-synthetic,synthetic-taiwan-daily-usage
X[M9	擋修	-3.000000	chiaki-synthetic-overlay,reviewed,gpt-5.5-synthetic,synthetic-taiwan-daily-usage
X[ph>9kKC_?]	檔案搜尋系統	-3.450000	chiaki-synthetic-overlay,reviewed,gpt-5.5-synthetic,synthetic-taiwan-daily-usage
X[phNJm0C_?]	檔案傳輸系統	-3.450000	chiaki-synthetic-overlay,reviewed,gpt-5.5-synthetic,synthetic-taiwan-daily-usage
X[qOGL	擋土牆	-3.100000	chiaki-synthetic-overlay,reviewed,gpt-5.5-synthetic,synthetic-taiwan-daily-usage
Xe=_	媚力	-3.000000	chiaki-synthetic-overlay,reviewed,gpt-5.5-synthetic,synthetic-taiwan-daily-usage
Xi1_3@g:	幻日奇觀	-2.398460	chiaki-synthetic-overlay,reviewed,gpt-5.5-synthetic,synthetic-taiwan-internet-usage
Y<R@mY~\	桑榆晚景	-3.200000	chiaki-synthetic-overlay,reviewed,gpt-5.5-synthetic,synthetic-taiwan-daily-usage
YB4_	活似	-3.000000	chiaki-synthetic-overlay,reviewed,gpt-5.5-synthetic,synthetic-taiwan-daily-usage
YBL@	活儲	-3.000000	chiaki-synthetic-overlay,reviewed,gpt-5.5-synthetic,synthetic-taiwan-daily-usage
YBuAA_3>	活佛濟公	-2.362677	chiaki-synthetic-overlay,reviewed,gpt-5.5-synthetic,synthetic-taiwan-internet-usage
YP]OYPB_	傻里傻氣	-3.200000	chiaki-synthetic-overlay,reviewed,gpt-5.5-synthetic,synthetic-taiwan-daily-usage
YPn1WkR0	傻瓜相機	-3.200000	chiaki-synthetic-overlay,reviewed,gpt-5.5-synthetic,synthetic-taiwan-daily-usage
YP|JNXYP@@	傻人有傻福	-3.450000	chiaki-synthetic-overlay,reviewed,gpt-5.5-synthetic,synthetic-taiwan-daily-usage
Yc3@	夜騎	-1.479204	chiaki-synthetic-overlay,reviewed,gpt-5.5-synthetic,synthetic-taiwan-internet-usage
Yc=_	業力	-3.000000	chiaki-synthetic-overlay,reviewed,gpt-5.5-synthetic,synthetic-taiwan-daily-usage
YcVj5J\i	葉問前傳	-2.624659	chiaki-synthetic-overlay,reviewed,gpt-5.5-synthetic,synthetic-taiwan-internet-usage
YcYc	燁燁	-3.000000	chiaki-synthetic-overlay,reviewed,gpt-5.5-synthetic,synthetic-taiwan-daily-usage
Yc_`N:sIB_	液化天然氣	-3.450000	chiaki-synthetic-overlay,reviewed,gpt-5.5-synthetic,synthetic-taiwan-daily-usage
Yc_`p?nHB_	液化石油氣	-3.450000	chiaki-synthetic-overlay,reviewed,gpt-5.5-synthetic,synthetic-taiwan-daily-usage
Yca_p=	葉玉卿	-2.404351	chiaki-synthetic-overlay,reviewed,gpt-5.5-synthetic,synthetic-taiwan-internet-usage
YcanXe	葉子媚	-2.395953	chiaki-synthetic-overlay,reviewed,gpt-5.5-synthetic,synthetic-taiwan-internet-usage
Yco=eY0_B_	液晶顯示器	-3.450000	chiaki-synthetic-overlay,reviewed,gpt-5.5-synthetic,synthetic-taiwan-daily-usage
YeE0BL	費思量	-3.100000	chiaki-synthetic-overlay,reviewed,gpt-5.5-synthetic,synthetic-taiwan-daily-usage
YekO];	廢五金	-3.100000	chiaki-synthetic-overlay,reviewed,gpt-5.5-synthetic,synthetic-taiwan-daily-usage
Z3U<	螫傷	-3.000000	chiaki-synthetic-overlay,reviewed,gpt-5.5-synthetic,synthetic-taiwan-daily-usage
ZG<@Em}^	毫無二致	-3.200000	chiaki-synthetic-overlay,reviewed,gpt-5.5-synthetic,synthetic-taiwan-daily-usage
ZG<@R0_;	毫無機心	-3.200000	chiaki-synthetic-overlay,reviewed,gpt-5.5-synthetic,synthetic-taiwan-daily-usage
ZG<@S<LP	毫無章法	-3.200000	chiaki-synthetic-overlay,reviewed,gpt-5.5-synthetic,synthetic-taiwan-daily-usage
ZG<@VD}^	毫無節制	-3.200000	chiaki-synthetic-overlay,reviewed,gpt-5.5-synthetic,synthetic-taiwan-daily-usage
ZGB_;:]K	豪氣干雲	-3.200000	chiaki-synthetic-overlay,reviewed,gpt-5.5-synthetic,synthetic-taiwan-daily-usage
ZLCW	狂草	-3.000000	chiaki-synthetic-overlay,reviewed,gpt-5.5-synthetic,synthetic-taiwan-daily-usage
ZOCf	抵稅	-3.000000	chiaki-synthetic-overlay,reviewed,gpt-5.5-synthetic,synthetic-taiwan-daily-usage
ZOEi99{H	底線抽球	-3.200000	chiaki-synthetic-overlay,reviewed,gpt-5.5-synthetic,synthetic-taiwan-daily-usage
ZOZY	抵免	-3.000000	chiaki-synthetic-overlay,reviewed,gpt-5.5-synthetic,synthetic-taiwan-daily-usage
ZOcY	抵減	-3.000000	chiaki-synthetic-overlay,reviewed,gpt-5.5-synthetic,synthetic-taiwan-daily-usage
ZOph	底案	-3.000000	chiaki-synthetic-overlay,reviewed,gpt-5.5-synthetic,synthetic-taiwan-daily-usage
ZO~l	抵用	-3.000000	chiaki-synthetic-overlay,reviewed,gpt-5.5-synthetic,synthetic-taiwan-daily-usage
ZUs\	甩餅	-3.000000	chiaki-synthetic-overlay,reviewed,gpt-5.5-synthetic,synthetic-taiwan-daily-usage
ZXIPt7	九把刀	-3.307948	chiaki-synthetic-overlay,reviewed,gpt-5.5-synthetic,synthetic-taiwan-internet-usage
ZXSl=MF0	久病成醫	-3.200000	chiaki-synthetic-overlay,reviewed,gpt-5.5-synthetic,synthetic-taiwan-daily-usage
ZXh<	酒香	-3.000000	chiaki-synthetic-overlay,reviewed,gpt-5.5-synthetic,synthetic-taiwan-daily-usage
ZXkO?0z;	九五之尊	-3.200000	chiaki-synthetic-overlay,reviewed,gpt-5.5-synthetic,synthetic-taiwan-daily-usage
ZXu?C:	九嶷山	-3.100000	chiaki-synthetic-overlay,reviewed,gpt-5.5-synthetic,synthetic-taiwan-daily-usage
ZYCd	免卻	-3.000000	chiaki-synthetic-overlay,reviewed,gpt-5.5-synthetic,synthetic-taiwan-daily-usage
ZYYe0Z[O	免費軟體	-3.200000	chiaki-synthetic-overlay,reviewed,gpt-5.5-synthetic,synthetic-taiwan-daily-usage
ZY}^KP?]	免治馬桶	-1.5000	chiaki-synthetic-overlay,reviewed,manual-taiwan-appliance
Z_2f~\x@	駐衛警察	-3.200000	chiaki-synthetic-overlay,reviewed,gpt-5.5-synthetic,synthetic-taiwan-daily-usage
Z_Ck	駐唱	-3.000000	chiaki-synthetic-overlay,reviewed,gpt-5.5-synthetic,synthetic-taiwan-daily-usage
Z_YZ	駐診	-3.000000	chiaki-synthetic-overlay,reviewed,gpt-5.5-synthetic,synthetic-taiwan-daily-usage
Z_Z_	粥粥	-3.000000	chiaki-synthetic-overlay,reviewed,gpt-5.5-synthetic,synthetic-taiwan-daily-usage
Z__M	鑄銅	-3.000000	chiaki-synthetic-overlay,reviewed,gpt-5.5-synthetic,synthetic-taiwan-daily-usage
Z_u[	助講	-3.000000	chiaki-synthetic-overlay,reviewed,gpt-5.5-synthetic,synthetic-taiwan-daily-usage
Z_xdPOVD	駐外使節	-3.200000	chiaki-synthetic-overlay,reviewed,gpt-5.5-synthetic,synthetic-taiwan-daily-usage
Zl=_mJV_	另立門戶	-3.200000	chiaki-synthetic-overlay,reviewed,gpt-5.5-synthetic,synthetic-taiwan-daily-usage
Zl[H=1PY	另謀發展	-3.200000	chiaki-synthetic-overlay,reviewed,gpt-5.5-synthetic,synthetic-taiwan-daily-usage
Zl|J1g3E	令人叫絕	-3.200000	chiaki-synthetic-overlay,reviewed,gpt-5.5-synthetic,synthetic-taiwan-daily-usage
Zl|J:bMi	令人扼腕	-3.200000	chiaki-synthetic-overlay,reviewed,gpt-5.5-synthetic,synthetic-taiwan-daily-usage
Zl|JL_OO	令人不齒	-3.200000	chiaki-synthetic-overlay,reviewed,gpt-5.5-synthetic,synthetic-taiwan-daily-usage
Zl|JR0d[	令人激賞	-3.200000	chiaki-synthetic-overlay,reviewed,gpt-5.5-synthetic,synthetic-taiwan-daily-usage
Zl|J^\O_	令人捧腹	-3.200000	chiaki-synthetic-overlay,reviewed,gpt-5.5-synthetic,synthetic-taiwan-daily-usage
Zl|J_;lI	令人心寒	-3.200000	chiaki-synthetic-overlay,reviewed,gpt-5.5-synthetic,synthetic-taiwan-daily-usage
Zl|JzON_	令人矚目	-3.200000	chiaki-synthetic-overlay,reviewed,gpt-5.5-synthetic,synthetic-taiwan-daily-usage
[10C	佳德	-1.911754	chiaki-synthetic-overlay,reviewed,gpt-5.5-synthetic,synthetic-taiwan-internet-usage
[10_p=VD	家事清潔	-1.687827	chiaki-synthetic-overlay,reviewed,gpt-5.5-synthetic,synthetic-taiwan-internet-usage
[13K	家貧	-3.000000	chiaki-synthetic-overlay,reviewed,gpt-5.5-synthetic,synthetic-taiwan-daily-usage
[15_Dblj	嘉義客運	-1.316012	chiaki-synthetic-overlay,reviewed,gpt-5.5-synthetic,synthetic-taiwan-internet-usage
[15_x73>	嘉義高工	-1.327206	chiaki-synthetic-overlay,reviewed,gpt-5.5-synthetic,synthetic-taiwan-internet-usage
[15_|_5E	嘉義大學	-1.167356	chiaki-synthetic-overlay,reviewed,gpt-5.5-synthetic,synthetic-taiwan-internet-usage
[1=_0W	佳麗寶	-2.369597	chiaki-synthetic-overlay,reviewed,gpt-5.5-synthetic,synthetic-taiwan-internet-usage
[1@@9>_;	家扶中心	-2.405409	chiaki-synthetic-overlay,reviewed,gpt-5.5-synthetic,synthetic-taiwan-internet-usage
[1Q;c=2P	佳音英語	-1.709993	chiaki-synthetic-overlay,reviewed,gpt-5.5-synthetic,synthetic-taiwan-internet-usage
[1R0	嘉基	-1.077801	chiaki-synthetic-overlay,reviewed,gpt-5.5-synthetic,synthetic-taiwan-internet-usage
[1V_^PF0	加護亞依	-2.397967	chiaki-synthetic-overlay,reviewed,gpt-5.5-synthetic,synthetic-taiwan-internet-usage
[1`0	跏趺	-3.000000	chiaki-synthetic-overlay,reviewed,gpt-5.5-synthetic,synthetic-taiwan-daily-usage
[1hI:L}O	嘉南羊乳	-2.195798	chiaki-synthetic-overlay,reviewed,gpt-5.5-synthetic,synthetic-taiwan-internet-usage
[1rg	家後	-1.639432	chiaki-synthetic-overlay,reviewed,gpt-5.5-synthetic,synthetic-taiwan-internet-usage
[1tf	嘉藥	-1.425205	chiaki-synthetic-overlay,reviewed,gpt-5.5-synthetic,synthetic-taiwan-internet-usage
[3=_\0	車麗屋	-2.399283	chiaki-synthetic-overlay,reviewed,gpt-5.5-synthetic,synthetic-taiwan-internet-usage
[3JF:L	車肥羊	-2.768875	chiaki-synthetic-overlay,reviewed,gpt-5.5-synthetic,synthetic-taiwan-internet-usage
[3MlTJ	車勝元	-2.399514	chiaki-synthetic-overlay,reviewed,gpt-5.5-synthetic,synthetic-taiwan-internet-usage
[3Yc	車業	-1.750463	chiaki-synthetic-overlay,reviewed,gpt-5.5-synthetic,synthetic-taiwan-internet-usage
[3[V	車軌	-3.000000	chiaki-synthetic-overlay,reviewed,gpt-5.5-synthetic,synthetic-taiwan-daily-usage
[L0`p?	黃臘石	-2.396851	chiaki-synthetic-overlay,reviewed,gpt-5.5-synthetic,synthetic-taiwan-internet-usage
[L2:A_	磺胺劑	-3.100000	chiaki-synthetic-overlay,reviewed,gpt-5.5-synthetic,synthetic-taiwan-daily-usage
[L?E	黃牌	-3.000000	chiaki-synthetic-overlay,reviewed,gpt-5.5-synthetic,synthetic-taiwan-daily-usage
[LGKq=	黃文星	-3.360522	chiaki-synthetic-overlay,reviewed,gpt-5.5-synthetic,synthetic-taiwan-internet-usage
[LUOKM	黃乙玲	-2.396629	chiaki-synthetic-overlay,reviewed,gpt-5.5-synthetic,synthetic-taiwan-internet-usage
[L];acAZ	黃金獵犬	-1.986496	chiaki-synthetic-overlay,reviewed,gpt-5.5-synthetic,synthetic-taiwan-internet-usage
[L];oTOd	黃金買賣	-1.213871	chiaki-synthetic-overlay,reviewed,gpt-5.5-synthetic,synthetic-taiwan-internet-usage
[LiMfa^l	蝗蟲過境	-3.200000	chiaki-synthetic-overlay,reviewed,gpt-5.5-synthetic,synthetic-taiwan-daily-usage
[Lj6	黃妃	-2.004869	chiaki-synthetic-overlay,reviewed,gpt-5.5-synthetic,synthetic-taiwan-internet-usage
[Llj	黃暈	-3.000000	chiaki-synthetic-overlay,reviewed,gpt-5.5-synthetic,synthetic-taiwan-daily-usage
[L~7gj	黃昭順	-2.394487	chiaki-synthetic-overlay,reviewed,gpt-5.5-synthetic,synthetic-taiwan-internet-usage
[O?0A_	體脂計	-1.9000	chiaki-synthetic-overlay,reviewed,manual-taiwan-appliance
[ORG	體毛	-3.000000	chiaki-synthetic-overlay,reviewed,gpt-5.5-synthetic,synthetic-taiwan-daily-usage
[VCihH	鬼見愁	-3.100000	chiaki-synthetic-overlay,reviewed,gpt-5.5-synthetic,synthetic-taiwan-daily-usage
[VEAK`2@	鬼娃恰吉	-2.402771	chiaki-synthetic-overlay,reviewed,gpt-5.5-synthetic,synthetic-taiwan-internet-usage
[VEE<i	鬼來電	-1.729123	chiaki-synthetic-overlay,reviewed,gpt-5.5-synthetic,synthetic-taiwan-internet-usage
[VcO	鬼洗	-2.299700	chiaki-synthetic-overlay,reviewed,gpt-5.5-synthetic,synthetic-taiwan-internet-usage
[VmJg5	詭門開	-2.401896	chiaki-synthetic-overlay,reviewed,gpt-5.5-synthetic,synthetic-taiwan-internet-usage
[Vr\`L`L	鬼影幢幢	-3.200000	chiaki-synthetic-overlay,reviewed,gpt-5.5-synthetic,synthetic-taiwan-daily-usage
[Zrh?0WY	審判之眼	-2.101220	chiaki-synthetic-overlay,reviewed,gpt-5.5-synthetic,synthetic-taiwan-internet-usage
[Z{O	審處	-3.000000	chiaki-synthetic-overlay,reviewed,gpt-5.5-synthetic,synthetic-taiwan-daily-usage
[[^=	朗聲	-3.000000	chiaki-synthetic-overlay,reviewed,gpt-5.5-synthetic,synthetic-taiwan-daily-usage
[[hj	朗潤	-3.000000	chiaki-synthetic-overlay,reviewed,gpt-5.5-synthetic,synthetic-taiwan-daily-usage
[]RdmTl0	窘態百出	-3.200000	chiaki-synthetic-overlay,reviewed,gpt-5.5-synthetic,synthetic-taiwan-daily-usage
[_IF|Y_`B_	觸媒轉化器	-3.450000	chiaki-synthetic-overlay,reviewed,gpt-5.5-synthetic,synthetic-taiwan-daily-usage
[_g:	黜官	-3.000000	chiaki-synthetic-overlay,reviewed,gpt-5.5-synthetic,synthetic-taiwan-daily-usage
[_~\U<PM	觸景傷情	-3.200000	chiaki-synthetic-overlay,reviewed,gpt-5.5-synthetic,synthetic-taiwan-daily-usage
[j0Z	燉軟	-2.405969	chiaki-synthetic-overlay,reviewed,single-char-collocation
[j?EtO	燉排骨	-2.405969	chiaki-synthetic-overlay,reviewed,single-char-collocation
[jA0CRF0	頓失所依	-3.200000	chiaki-synthetic-overlay,reviewed,gpt-5.5-synthetic,synthetic-taiwan-daily-usage
[jG@	燉糊	-2.405969	chiaki-synthetic-overlay,reviewed,single-char-collocation
[jR0D8^=	遁跡銷聲	-3.200000	chiaki-synthetic-overlay,reviewed,gpt-5.5-synthetic,synthetic-taiwan-daily-usage
[jR0XV	燉雞腿	-2.405969	chiaki-synthetic-overlay,reviewed,single-char-collocation
[jVBap	燉蘿蔔	-2.405969	chiaki-synthetic-overlay,reviewed,single-char-collocation
[j^H	鈍頭	-3.000000	chiaki-synthetic-overlay,reviewed,gpt-5.5-synthetic,synthetic-taiwan-daily-usage
[jlO	燉補	-3.000000	chiaki-synthetic-overlay,reviewed,gpt-5.5-synthetic,synthetic-taiwan-daily-usage
[jmg	燉透	-2.405969	chiaki-synthetic-overlay,reviewed,single-char-collocation
[jtf2i	燉藥膳	-2.405969	chiaki-synthetic-overlay,reviewed,single-char-collocation
[juHHY	燉牛腩	-2.405969	chiaki-synthetic-overlay,reviewed,single-char-collocation
[juOn1	燉苦瓜	-2.405969	chiaki-synthetic-overlay,reviewed,single-char-collocation
\0<[	汙損	-3.000000	chiaki-synthetic-overlay,reviewed,gpt-5.5-synthetic,synthetic-taiwan-daily-usage
\0=f	汙穢	-3.000000	chiaki-synthetic-overlay,reviewed,gpt-5.5-synthetic,synthetic-taiwan-daily-usage
\0B@	於菟	-3.000000	chiaki-synthetic-overlay,reviewed,gpt-5.5-synthetic,synthetic-taiwan-daily-usage
\0EEg;aJ	烏來溫泉	-1.770974	chiaki-synthetic-overlay,reviewed,gpt-5.5-synthetic,synthetic-taiwan-internet-usage
\0]K8_L_	烏雲密布	-3.200000	chiaki-synthetic-overlay,reviewed,gpt-5.5-synthetic,synthetic-taiwan-daily-usage
\0g0	於戲	-3.000000	chiaki-synthetic-overlay,reviewed,gpt-5.5-synthetic,synthetic-taiwan-daily-usage
\0xjp=	鄔竣清	-2.398980	chiaki-synthetic-overlay,reviewed,gpt-5.5-synthetic,synthetic-taiwan-internet-usage
\=0Z	蒸軟	-2.044456	chiaki-synthetic-overlay,reviewed,single-char-collocation
\=6hLP	蒸餾法	-3.100000	chiaki-synthetic-overlay,reviewed,gpt-5.5-synthetic,synthetic-taiwan-daily-usage
\=9>	怔忪	-3.000000	chiaki-synthetic-overlay,reviewed,gpt-5.5-synthetic,synthetic-taiwan-daily-usage
\=:>L_2:	怔忡不安	-3.200000	chiaki-synthetic-overlay,reviewed,gpt-5.5-synthetic,synthetic-taiwan-daily-usage
\=>Jan	蒸丸子	-2.044456	chiaki-synthetic-overlay,reviewed,single-char-collocation
\=B_lj=X	蒸氣熨斗	-1.9000	chiaki-synthetic-overlay,reviewed,manual-taiwan-appliance
\=N7	爭輝	-3.000000	chiaki-synthetic-overlay,reviewed,gpt-5.5-synthetic,synthetic-taiwan-daily-usage
\=\=uh	蒸蒸蛋	-2.044456	chiaki-synthetic-overlay,reviewed,single-char-collocation
\=]1an	蒸蝦子	-2.044456	chiaki-synthetic-overlay,reviewed,single-char-collocation
\=_Y	蒸臉	-3.000000	chiaki-synthetic-overlay,reviewed,gpt-5.5-synthetic,synthetic-taiwan-daily-usage
\=a_Mw	蒸芋頭	-2.044456	chiaki-synthetic-overlay,reviewed,single-char-collocation
\=dIMw	蒸饅頭	-2.044456	chiaki-synthetic-overlay,reviewed,single-char-collocation
\=m@	徵答	-3.000000	chiaki-synthetic-overlay,reviewed,gpt-5.5-synthetic,synthetic-taiwan-daily-usage
\=mg	蒸透	-2.044456	chiaki-synthetic-overlay,reviewed,single-char-collocation
\=p7an	蒸包子	-2.044456	chiaki-synthetic-overlay,reviewed,single-char-collocation
\=uKgc	蒸螃蟹	-2.044456	chiaki-synthetic-overlay,reviewed,single-char-collocation
\=uhx7	蒸蛋糕	-2.044456	chiaki-synthetic-overlay,reviewed,single-char-collocation
\=ygTJ	蒸肉圓	-2.044456	chiaki-synthetic-overlay,reviewed,single-char-collocation
\=ygp7	蒸肉包	-2.044456	chiaki-synthetic-overlay,reviewed,single-char-collocation
\={H	爭球	-3.000000	chiaki-synthetic-overlay,reviewed,gpt-5.5-synthetic,synthetic-taiwan-daily-usage
\=~Ix7	蒸年糕	-2.044456	chiaki-synthetic-overlay,reviewed,single-char-collocation
\O:h	擬就	-3.000000	chiaki-synthetic-overlay,reviewed,gpt-5.5-synthetic,synthetic-taiwan-daily-usage
\OI7}QaO	你推我擠	-3.200000	chiaki-synthetic-overlay,reviewed,gpt-5.5-synthetic,synthetic-taiwan-daily-usage
\OKb	擬設	-3.000000	chiaki-synthetic-overlay,reviewed,gpt-5.5-synthetic,synthetic-taiwan-daily-usage
\O\=}QSB	你爭我奪	-3.200000	chiaki-synthetic-overlay,reviewed,gpt-5.5-synthetic,synthetic-taiwan-daily-usage
\O`M}Q`M	你儂我儂	-3.200000	chiaki-synthetic-overlay,reviewed,gpt-5.5-synthetic,synthetic-taiwan-daily-usage
\Oqh5_Ci	擬辦意見	-1.6500	chiaki-synthetic-overlay,reviewed,manual-official-document
\XN_L_dR;8	朽木不可雕	-3.450000	chiaki-synthetic-overlay,reviewed,gpt-5.5-synthetic,synthetic-taiwan-daily-usage
\Y8LKZ	典藏本	-3.100000	chiaki-synthetic-overlay,reviewed,gpt-5.5-synthetic,synthetic-taiwan-daily-usage
\YPA	典華	-1.918916	chiaki-synthetic-overlay,reviewed,gpt-5.5-synthetic,synthetic-taiwan-internet-usage
\YS<}^P_	典章制度	-3.200000	chiaki-synthetic-overlay,reviewed,gpt-5.5-synthetic,synthetic-taiwan-daily-usage
\Y\Y@j	點點印	-2.401649	chiaki-synthetic-overlay,reviewed,gpt-5.5-synthetic,synthetic-taiwan-internet-usage
\Yth4L[K	典範長存	-3.200000	chiaki-synthetic-overlay,reviewed,gpt-5.5-synthetic,synthetic-taiwan-daily-usage
\Z]_{HaJ	忍辱求全	-3.200000	chiaki-synthetic-overlay,reviewed,gpt-5.5-synthetic,synthetic-taiwan-daily-usage
\Z]_~8^=	忍辱偷生	-3.200000	chiaki-synthetic-overlay,reviewed,gpt-5.5-synthetic,synthetic-taiwan-daily-usage
\[<1	港媽	-2.400027	chiaki-synthetic-overlay,reviewed,gpt-5.5-synthetic,synthetic-taiwan-internet-usage
\[K_~\x@	港務警察	-3.200000	chiaki-synthetic-overlay,reviewed,gpt-5.5-synthetic,synthetic-taiwan-daily-usage
\_2f0_yS	數位視野	-1.174580	chiaki-synthetic-overlay,reviewed,gpt-5.5-synthetic,synthetic-taiwan-internet-usage
\_>E3@	豎白旗	-3.100000	chiaki-synthetic-overlay,reviewed,gpt-5.5-synthetic,synthetic-taiwan-daily-usage
\_A@{?N_	數獨題目	-2.396852	chiaki-synthetic-overlay,reviewed,gpt-5.5-synthetic,synthetic-taiwan-internet-usage
\_Rd7W	樹太老	-2.403959	chiaki-synthetic-overlay,reviewed,gpt-5.5-synthetic,synthetic-taiwan-internet-usage
\_k0	數珠	-3.000000	chiaki-synthetic-overlay,reviewed,gpt-5.5-synthetic,synthetic-taiwan-daily-usage
\_|JF0m:	樹人醫專	-2.404599	chiaki-synthetic-overlay,reviewed,gpt-5.5-synthetic,synthetic-taiwan-internet-usage
\_|J[1U<	樹人家商	-2.186151	chiaki-synthetic-overlay,reviewed,gpt-5.5-synthetic,synthetic-taiwan-internet-usage
\c<i	篾簟	-3.000000	chiaki-synthetic-overlay,reviewed,gpt-5.5-synthetic,synthetic-taiwan-daily-usage
\e7:	內丹	-3.000000	chiaki-synthetic-overlay,reviewed,gpt-5.5-synthetic,synthetic-taiwan-daily-usage
\e=_x79>	內壢高中	-1.633860	chiaki-synthetic-overlay,reviewed,gpt-5.5-synthetic,synthetic-taiwan-internet-usage
\e?i	內斂	-3.000000	chiaki-synthetic-overlay,reviewed,gpt-5.5-synthetic,synthetic-taiwan-daily-usage
\eEi	內餡	-3.000000	chiaki-synthetic-overlay,reviewed,gpt-5.5-synthetic,synthetic-taiwan-daily-usage
\eF0<h	內衣秀	-2.093662	chiaki-synthetic-overlay,reviewed,gpt-5.5-synthetic,synthetic-taiwan-internet-usage
\eL7	內規	-3.000000	chiaki-synthetic-overlay,reviewed,gpt-5.5-synthetic,synthetic-taiwan-daily-usage
\e^:	內灣	-2.017922	chiaki-synthetic-overlay,reviewed,gpt-5.5-synthetic,synthetic-taiwan-internet-usage
]1QW	瞎攪	-3.000000	chiaki-synthetic-overlay,reviewed,gpt-5.5-synthetic,synthetic-taiwan-daily-usage
]1S;	蝦拼	-2.397812	chiaki-synthetic-overlay,reviewed,gpt-5.5-synthetic,synthetic-taiwan-internet-usage
]1d=gcUk	蝦兵蟹將	-3.200000	chiaki-synthetic-overlay,reviewed,gpt-5.5-synthetic,synthetic-taiwan-daily-usage
]5X2	唉唷	-3.000000	chiaki-synthetic-overlay,reviewed,gpt-5.5-synthetic,synthetic-taiwan-daily-usage
]5d=	哀兵	-3.000000	chiaki-synthetic-overlay,reviewed,gpt-5.5-synthetic,synthetic-taiwan-daily-usage
];D@	金爐	-2.391348	chiaki-synthetic-overlay,reviewed,gpt-5.5-synthetic,synthetic-taiwan-internet-usage
];IM	金亭	-2.299114	chiaki-synthetic-overlay,reviewed,gpt-5.5-synthetic,synthetic-taiwan-internet-usage
];J<	金湯	-3.000000	chiaki-synthetic-overlay,reviewed,gpt-5.5-synthetic,synthetic-taiwan-daily-usage
];NO	金紙	-3.000000	chiaki-synthetic-overlay,reviewed,gpt-5.5-synthetic,synthetic-taiwan-daily-usage
];dM^=	金弘笙	-2.156039	chiaki-synthetic-overlay,reviewed,gpt-5.5-synthetic,synthetic-taiwan-internet-usage
];mJ1__f	金門日報	-1.414874	chiaki-synthetic-overlay,reviewed,gpt-5.5-synthetic,synthetic-taiwan-internet-usage
];mJZXc[	金門酒廠	-1.776595	chiaki-synthetic-overlay,reviewed,gpt-5.5-synthetic,synthetic-taiwan-internet-usage
];mJ|_5E	金門大學	-1.339698	chiaki-synthetic-overlay,reviewed,gpt-5.5-synthetic,synthetic-taiwan-internet-usage
];wIci	金研院	-2.396261	chiaki-synthetic-overlay,reviewed,gpt-5.5-synthetic,synthetic-taiwan-internet-usage
];w\	金鼎	-2.296969	chiaki-synthetic-overlay,reviewed,gpt-5.5-synthetic,synthetic-taiwan-internet-usage
];w\Klpi	金鼎證券	-2.398211	chiaki-synthetic-overlay,reviewed,gpt-5.5-synthetic,synthetic-taiwan-internet-usage
]=2PVY	撐雨傘	-2.067872	chiaki-synthetic-overlay,reviewed,single-char-collocation
]B2@	啄擊	-3.000000	chiaki-synthetic-overlay,reviewed,gpt-5.5-synthetic,synthetic-taiwan-daily-usage
]B]B	濯濯	-3.000000	chiaki-synthetic-overlay,reviewed,gpt-5.5-synthetic,synthetic-taiwan-daily-usage
]KU3	雲科	-2.250194	chiaki-synthetic-overlay,reviewed,gpt-5.5-synthetic,synthetic-taiwan-internet-usage
]KbZ	雲品	-2.232073	chiaki-synthetic-overlay,reviewed,gpt-5.5-synthetic,synthetic-taiwan-internet-usage
]Kh<	芸香	-3.000000	chiaki-synthetic-overlay,reviewed,gpt-5.5-synthetic,synthetic-taiwan-daily-usage
]K|?	雲泥	-3.000000	chiaki-synthetic-overlay,reviewed,gpt-5.5-synthetic,synthetic-taiwan-daily-usage
]O29xd0J	裡勾外連	-3.200000	chiaki-synthetic-overlay,reviewed,gpt-5.5-synthetic,synthetic-taiwan-daily-usage
]O2i:<	李善均	-2.405903	chiaki-synthetic-overlay,reviewed,gpt-5.5-synthetic,synthetic-taiwan-internet-usage
]O3@	里琪	-1.814462	chiaki-synthetic-overlay,reviewed,gpt-5.5-synthetic,synthetic-taiwan-internet-usage
]O3g=_	李孝莉	-2.000021	chiaki-synthetic-overlay,reviewed,gpt-5.5-synthetic,synthetic-taiwan-internet-usage
]O4KYBml9>_;	里民活動中心	-1.3500	chiaki-synthetic-overlay,reviewed,manual-taiwan-daily
]O5_VD	李亦捷	-2.012793	chiaki-synthetic-overlay,reviewed,gpt-5.5-synthetic,synthetic-taiwan-internet-usage
]O7i	李燕	-1.744126	chiaki-synthetic-overlay,reviewed,gpt-5.5-synthetic,synthetic-taiwan-internet-usage
]OC2|?	李波妮	-2.405481	chiaki-synthetic-overlay,reviewed,gpt-5.5-synthetic,synthetic-taiwan-internet-usage
]OMlR0	李勝基	-2.394640	chiaki-synthetic-overlay,reviewed,gpt-5.5-synthetic,synthetic-taiwan-internet-usage
]ON@=A	李如霞	-2.399880	chiaki-synthetic-overlay,reviewed,gpt-5.5-synthetic,synthetic-taiwan-internet-usage
]OR0	里肌	-3.000000	chiaki-synthetic-overlay,reviewed,gpt-5.5-synthetic,synthetic-taiwan-daily-usage
]OR@zfaMmJ	鯉魚跳龍門	-3.450000	chiaki-synthetic-overlay,reviewed,gpt-5.5-synthetic,synthetic-taiwan-daily-usage
]OViu?	李冠儀	-2.394487	chiaki-synthetic-overlay,reviewed,gpt-5.5-synthetic,synthetic-taiwan-internet-usage
]OZX:C	李玖哲	-2.190853	chiaki-synthetic-overlay,reviewed,gpt-5.5-synthetic,synthetic-taiwan-internet-usage
]O[1r\	李佳穎	-2.284066	chiaki-synthetic-overlay,reviewed,gpt-5.5-synthetic,synthetic-taiwan-internet-usage
]O^=R0	李昇基	-2.016450	chiaki-synthetic-overlay,reviewed,gpt-5.5-synthetic,synthetic-taiwan-internet-usage
]O`00WcV	理膚寶水	-2.405739	chiaki-synthetic-overlay,reviewed,gpt-5.5-synthetic,synthetic-taiwan-internet-usage
]OcZ8W	李敏鎬	-2.401342	chiaki-synthetic-overlay,reviewed,gpt-5.5-synthetic,synthetic-taiwan-internet-usage
]OdMR0	李弘基	-2.309193	chiaki-synthetic-overlay,reviewed,gpt-5.5-synthetic,synthetic-taiwan-internet-usage
]Ol0xdLj	裡出外進	-3.200000	chiaki-synthetic-overlay,reviewed,gpt-5.5-synthetic,synthetic-taiwan-daily-usage
]PNO5J	撒紙錢	-3.100000	chiaki-synthetic-overlay,reviewed,gpt-5.5-synthetic,synthetic-taiwan-daily-usage
]P[1	洒家	-3.000000	chiaki-synthetic-overlay,reviewed,gpt-5.5-synthetic,synthetic-taiwan-daily-usage
]Y0_	舔拭	-3.000000	chiaki-synthetic-overlay,reviewed,gpt-5.5-synthetic,synthetic-taiwan-daily-usage
]Y8[	舔吮	-3.000000	chiaki-synthetic-overlay,reviewed,gpt-5.5-synthetic,synthetic-taiwan-daily-usage
]YwI0_hH	靦顏事仇	-3.200000	chiaki-synthetic-overlay,reviewed,gpt-5.5-synthetic,synthetic-taiwan-daily-usage
]`9kR0	掛燙機	-1.9000	chiaki-synthetic-overlay,reviewed,manual-taiwan-appliance
]dF0JY	曬衣桿	-1.9000	chiaki-synthetic-overlay,reviewed,manual-taiwan-appliance
]eQ=A0`lg:VDwI	類風溼性關節炎	-3.450000	chiaki-synthetic-overlay,reviewed,gpt-5.5-synthetic,synthetic-taiwan-daily-usage
]eVO<i6W	類比電腦	-3.200000	chiaki-synthetic-overlay,reviewed,gpt-5.5-synthetic,synthetic-taiwan-daily-usage
]eWY0MaM	淚眼矇矓	-3.200000	chiaki-synthetic-overlay,reviewed,gpt-5.5-synthetic,synthetic-taiwan-daily-usage
]ek0CMz<	淚珠盈眶	-3.200000	chiaki-synthetic-overlay,reviewed,gpt-5.5-synthetic,synthetic-taiwan-daily-usage
]ey<RYRY	淚光閃閃	-2.397398	chiaki-synthetic-overlay,reviewed,gpt-5.5-synthetic,synthetic-taiwan-internet-usage
]e{Jo=0\S_	類神經網路	-3.450000	chiaki-synthetic-overlay,reviewed,gpt-5.5-synthetic,synthetic-taiwan-daily-usage
]e~O	類組	-3.000000	chiaki-synthetic-overlay,reviewed,gpt-5.5-synthetic,synthetic-taiwan-daily-usage
]e~P	累垮	-3.000000	chiaki-synthetic-overlay,reviewed,gpt-5.5-synthetic,synthetic-taiwan-daily-usage
]i18	串燒	-3.000000	chiaki-synthetic-overlay,reviewed,gpt-5.5-synthetic,synthetic-taiwan-daily-usage
^02@	撲擊	-3.000000	chiaki-synthetic-overlay,reviewed,gpt-5.5-synthetic,synthetic-taiwan-daily-usage
^0IX	撲手	-3.000000	chiaki-synthetic-overlay,reviewed,gpt-5.5-synthetic,synthetic-taiwan-daily-usage
^:yg	剜肉	-2.851379	chiaki-synthetic-overlay,reviewed,single-char-collocation
^;3@	嶔崎	-3.000000	chiaki-synthetic-overlay,reviewed,gpt-5.5-synthetic,synthetic-taiwan-daily-usage
^;RON:L`	親子天下	-1.282444	chiaki-synthetic-overlay,reviewed,gpt-5.5-synthetic,synthetic-taiwan-internet-usage
^;Wl	欽定	-3.000000	chiaki-synthetic-overlay,reviewed,gpt-5.5-synthetic,synthetic-taiwan-daily-usage
^;^;	駸駸	-3.000000	chiaki-synthetic-overlay,reviewed,gpt-5.5-synthetic,synthetic-taiwan-daily-usage
^;^;C_ci	親親戲院	-1.728228	chiaki-synthetic-overlay,reviewed,gpt-5.5-synthetic,synthetic-taiwan-internet-usage
^;}^	親炙	-3.000000	chiaki-synthetic-overlay,reviewed,gpt-5.5-synthetic,synthetic-taiwan-daily-usage
^=1_RP9i	生日卡片	-1.302573	chiaki-synthetic-overlay,reviewed,gpt-5.5-synthetic,synthetic-taiwan-internet-usage
^=3@IX	升旗手	-3.100000	chiaki-synthetic-overlay,reviewed,gpt-5.5-synthetic,synthetic-taiwan-daily-usage
^=F0CR	生醫所	-1.844822	chiaki-synthetic-overlay,reviewed,gpt-5.5-synthetic,synthetic-taiwan-internet-usage
^=Qk	聲量	-3.000000	chiaki-synthetic-overlay,reviewed,gpt-5.5-synthetic,synthetic-taiwan-daily-usage
^=TO4Clg	生死格鬥	-1.924384	chiaki-synthetic-overlay,reviewed,gpt-5.5-synthetic,synthetic-taiwan-internet-usage
^=TOPMTJ	生死情緣	-2.039129	chiaki-synthetic-overlay,reviewed,gpt-5.5-synthetic,synthetic-taiwan-internet-usage
^=YB3>c[	生活工場	-1.141859	chiaki-synthetic-overlay,reviewed,gpt-5.5-synthetic,synthetic-taiwan-internet-usage
^=YBxq	生活著	-1.692011	chiaki-synthetic-overlay,reviewed,gpt-5.5-synthetic,synthetic-taiwan-internet-usage
^=g;	升溫	-3.000000	chiaki-synthetic-overlay,reviewed,gpt-5.5-synthetic,synthetic-taiwan-daily-usage
^@2@	跼蹐	-3.000000	chiaki-synthetic-overlay,reviewed,gpt-5.5-synthetic,synthetic-taiwan-daily-usage
^@an3>H<	橘子工坊	-2.400268	chiaki-synthetic-overlay,reviewed,gpt-5.5-synthetic,synthetic-taiwan-internet-usage
^@gI	菊壇	-3.000000	chiaki-synthetic-overlay,reviewed,gpt-5.5-synthetic,synthetic-taiwan-daily-usage
^@p1CE	菊花台	-2.049657	chiaki-synthetic-overlay,reviewed,gpt-5.5-synthetic,synthetic-taiwan-internet-usage
^H=M[1U<	頭城家商	-2.086089	chiaki-synthetic-overlay,reviewed,gpt-5.5-synthetic,synthetic-taiwan-internet-usage
^H=M`Mc[	頭城農場	-1.820312	chiaki-synthetic-overlay,reviewed,gpt-5.5-synthetic,synthetic-taiwan-internet-usage
^HEi	投現	-3.000000	chiaki-synthetic-overlay,reviewed,gpt-5.5-synthetic,synthetic-taiwan-daily-usage
^Hf<	投江	-3.000000	chiaki-synthetic-overlay,reviewed,gpt-5.5-synthetic,synthetic-taiwan-daily-usage
^PHF	亞培	-2.397784	chiaki-synthetic-overlay,reviewed,gpt-5.5-synthetic,synthetic-taiwan-internet-usage
^PKl	雅正	-3.000000	chiaki-synthetic-overlay,reviewed,gpt-5.5-synthetic,synthetic-taiwan-daily-usage
^PRdDb@@	亞太客服	-1.375677	chiaki-synthetic-overlay,reviewed,gpt-5.5-synthetic,synthetic-taiwan-internet-usage
^PRdIXR0	亞太手機	-2.197180	chiaki-synthetic-overlay,reviewed,gpt-5.5-synthetic,synthetic-taiwan-internet-usage
^PWO	雅痞	-3.000000	chiaki-synthetic-overlay,reviewed,gpt-5.5-synthetic,synthetic-taiwan-daily-usage
^Pn_	雅趣	-3.000000	chiaki-synthetic-overlay,reviewed,gpt-5.5-synthetic,synthetic-taiwan-daily-usage
^P}8=_}^	亞都麗緻	-2.399704	chiaki-synthetic-overlay,reviewed,gpt-5.5-synthetic,synthetic-taiwan-internet-usage
^Y4@	捻熄	-3.000000	chiaki-synthetic-overlay,reviewed,gpt-5.5-synthetic,synthetic-taiwan-daily-usage
^YC_	碾細	-2.695831	chiaki-synthetic-overlay,reviewed,single-char-collocation
^YXO=_	碾米粒	-2.695831	chiaki-synthetic-overlay,reviewed,single-char-collocation
^Yan	碾子	-3.000000	chiaki-synthetic-overlay,reviewed,gpt-5.5-synthetic,synthetic-taiwan-daily-usage
^Yp1^=	碾花生	-2.695831	chiaki-synthetic-overlay,reviewed,single-char-collocation
^YtOK_	碾穀物	-2.695831	chiaki-synthetic-overlay,reviewed,single-char-collocation
^Ytf>J	碾藥丸	-2.695831	chiaki-synthetic-overlay,reviewed,single-char-collocation
^\p1	捧花	-3.000000	chiaki-synthetic-overlay,reviewed,gpt-5.5-synthetic,synthetic-taiwan-daily-usage
^`t7	跨刀	-3.000000	chiaki-synthetic-overlay,reviewed,gpt-5.5-synthetic,synthetic-taiwan-daily-usage
^f0_jK}M	傲視群雄	-3.200000	chiaki-synthetic-overlay,reviewed,gpt-5.5-synthetic,synthetic-taiwan-daily-usage
^j2@r;J`	論及婚嫁	-3.200000	chiaki-synthetic-overlay,reviewed,gpt-5.5-synthetic,synthetic-taiwan-daily-usage
^j8i	論辯	-3.000000	chiaki-synthetic-overlay,reviewed,gpt-5.5-synthetic,synthetic-taiwan-daily-usage
^jTJ	論元	-1.943378	chiaki-synthetic-overlay,reviewed,gpt-5.5-synthetic,synthetic-taiwan-internet-usage
^lD8	競銷	-3.000000	chiaki-synthetic-overlay,reviewed,gpt-5.5-synthetic,synthetic-taiwan-daily-usage
^lE02P	靜思語	-2.402727	chiaki-synthetic-overlay,reviewed,gpt-5.5-synthetic,synthetic-taiwan-internet-usage
^lVD	勁節	-3.000000	chiaki-synthetic-overlay,reviewed,gpt-5.5-synthetic,synthetic-taiwan-daily-usage
^l_;SW5E	靜心小學	-1.840168	chiaki-synthetic-overlay,reviewed,gpt-5.5-synthetic,synthetic-taiwan-internet-usage
^ls?	敬詞	-3.000000	chiaki-synthetic-overlay,reviewed,gpt-5.5-synthetic,synthetic-taiwan-daily-usage
_5=_0CWkR0	拍立得相機	-3.450000	chiaki-synthetic-overlay,reviewed,gpt-5.5-synthetic,synthetic-taiwan-daily-usage
_5X[	拍檔	-3.000000	chiaki-synthetic-overlay,reviewed,gpt-5.5-synthetic,synthetic-taiwan-daily-usage
_;0=WB9>	新莊國中	-1.183909	chiaki-synthetic-overlay,reviewed,gpt-5.5-synthetic,synthetic-taiwan-internet-usage
_;0=x79>	新莊高中	-1.197698	chiaki-synthetic-overlay,reviewed,gpt-5.5-synthetic,synthetic-taiwan-internet-usage
_;1_y<	新日光	-1.902434	chiaki-synthetic-overlay,reviewed,gpt-5.5-synthetic,synthetic-taiwan-internet-usage
_;6d9\c[	新月廣場	-1.724345	chiaki-synthetic-overlay,reviewed,gpt-5.5-synthetic,synthetic-taiwan-internet-usage
_;C:cVU_	新山水庫	-2.798411	chiaki-synthetic-overlay,reviewed,gpt-5.5-synthetic,synthetic-taiwan-internet-usage
_;GKCE	新聞台	-1.345323	chiaki-synthetic-overlay,reviewed,gpt-5.5-synthetic,synthetic-taiwan-internet-usage
_;GL	心牆	-2.082805	chiaki-synthetic-overlay,reviewed,gpt-5.5-synthetic,synthetic-taiwan-internet-usage
_;K@Dblj	新竹客運	-1.268173	chiaki-synthetic-overlay,reviewed,gpt-5.5-synthetic,synthetic-taiwan-internet-usage
_;K@KPv4	新竹馬偕	-1.491085	chiaki-synthetic-overlay,reviewed,gpt-5.5-synthetic,synthetic-taiwan-internet-usage
_;K@halj	新竹貨運	-1.270229	chiaki-synthetic-overlay,reviewed,gpt-5.5-synthetic,synthetic-taiwan-internet-usage
_;K@x73>	新竹高工	-1.289680	chiaki-synthetic-overlay,reviewed,gpt-5.5-synthetic,synthetic-taiwan-internet-usage
_;Kbp1wT	新社花海	-2.489506	chiaki-synthetic-overlay,reviewed,gpt-5.5-synthetic,synthetic-taiwan-internet-usage
_;KbtO0W	新社古堡	-2.054740	chiaki-synthetic-overlay,reviewed,gpt-5.5-synthetic,synthetic-taiwan-internet-usage
_;Lj0i	新勁戰	-1.739215	chiaki-synthetic-overlay,reviewed,gpt-5.5-synthetic,synthetic-taiwan-internet-usage
_;PMSW2P	心情小語	-1.520223	chiaki-synthetic-overlay,reviewed,gpt-5.5-synthetic,synthetic-taiwan-internet-usage
_;Yc	欣葉	-1.065013	chiaki-synthetic-overlay,reviewed,gpt-5.5-synthetic,synthetic-taiwan-internet-usage
_;]ONb7i	心理測驗	-1.060346	chiaki-synthetic-overlay,reviewed,gpt-5.5-synthetic,synthetic-taiwan-internet-usage
_;^=F0m:	新生醫專	-2.401802	chiaki-synthetic-overlay,reviewed,gpt-5.5-synthetic,synthetic-taiwan-internet-usage
_;_`x73>	新化高工	-1.727195	chiaki-synthetic-overlay,reviewed,gpt-5.5-synthetic,synthetic-taiwan-internet-usage
_;af	新貌	-3.000000	chiaki-synthetic-overlay,reviewed,gpt-5.5-synthetic,synthetic-taiwan-daily-usage
_;ml3@R0	心動奇蹟	-1.855661	chiaki-synthetic-overlay,reviewed,gpt-5.5-synthetic,synthetic-taiwan-internet-usage
_;wY	新款	-3.000000	chiaki-synthetic-overlay,reviewed,gpt-5.5-synthetic,synthetic-taiwan-daily-usage
_;~=:L	新東陽	-1.893328	chiaki-synthetic-overlay,reviewed,gpt-5.5-synthetic,synthetic-taiwan-internet-usage
_GC_FW	潮汐表	-2.407615	chiaki-synthetic-overlay,reviewed,gpt-5.5-synthetic,synthetic-taiwan-internet-usage
_GQdC_ci	朝代戲院	-1.843549	chiaki-synthetic-overlay,reviewed,gpt-5.5-synthetic,synthetic-taiwan-internet-usage
_M1==f	同窗會	-2.446765	chiaki-synthetic-overlay,reviewed,gpt-5.5-synthetic,synthetic-taiwan-internet-usage
_M2P	童語	-3.000000	chiaki-synthetic-overlay,reviewed,gpt-5.5-synthetic,synthetic-taiwan-daily-usage
_MBY_`	銅版畫	-3.100000	chiaki-synthetic-overlay,reviewed,gpt-5.5-synthetic,synthetic-taiwan-daily-usage
_M_M	彤彤	-2.196803	chiaki-synthetic-overlay,reviewed,gpt-5.5-synthetic,synthetic-taiwan-internet-usage
_McI	銅盤	-1.4500	chiaki-synthetic-overlay,reviewed,manual-taiwan-daily
_Mn_	童趣	-3.000000	chiaki-synthetic-overlay,reviewed,gpt-5.5-synthetic,synthetic-taiwan-daily-usage
_Mq=	童星	-3.000000	chiaki-synthetic-overlay,reviewed,gpt-5.5-synthetic,synthetic-taiwan-daily-usage
_Mz7	茼蒿	-3.000000	chiaki-synthetic-overlay,reviewed,gpt-5.5-synthetic,synthetic-taiwan-daily-usage
_M}^1KIF	同志銀媒	-2.402391	chiaki-synthetic-overlay,reviewed,gpt-5.5-synthetic,synthetic-taiwan-internet-usage
_YDkp4];	臉上貼金	-3.200000	chiaki-synthetic-overlay,reviewed,gpt-5.5-synthetic,synthetic-taiwan-daily-usage
_YdM_;zf	臉紅心跳	-3.200000	chiaki-synthetic-overlay,reviewed,gpt-5.5-synthetic,synthetic-taiwan-daily-usage
_YdMe]~^	臉紅耳赤	-3.200000	chiaki-synthetic-overlay,reviewed,gpt-5.5-synthetic,synthetic-taiwan-daily-usage
__=1	促發	-3.000000	chiaki-synthetic-overlay,reviewed,gpt-5.5-synthetic,synthetic-taiwan-daily-usage
__T04LgI	促膝長談	-3.200000	chiaki-synthetic-overlay,reviewed,gpt-5.5-synthetic,synthetic-taiwan-daily-usage
_`:_rFPL	劃地為王	-3.200000	chiaki-synthetic-overlay,reviewed,gpt-5.5-synthetic,synthetic-taiwan-daily-usage
_`Nd	畫派	-3.000000	chiaki-synthetic-overlay,reviewed,gpt-5.5-synthetic,synthetic-taiwan-daily-usage
_`[14L	話家常	-3.100000	chiaki-synthetic-overlay,reviewed,gpt-5.5-synthetic,synthetic-taiwan-daily-usage
_`gI	畫壇	-3.000000	chiaki-synthetic-overlay,reviewed,gpt-5.5-synthetic,synthetic-taiwan-daily-usage
_`pa2f	劃座位	-3.100000	chiaki-synthetic-overlay,reviewed,gpt-5.5-synthetic,synthetic-taiwan-daily-usage
_`yK	畫糖	-3.000000	chiaki-synthetic-overlay,reviewed,gpt-5.5-synthetic,synthetic-taiwan-daily-usage
_d0_	在室	-3.000000	chiaki-synthetic-overlay,reviewed,gpt-5.5-synthetic,synthetic-taiwan-daily-usage
_d@@_dzJ	載浮載沉	-3.200000	chiaki-synthetic-overlay,reviewed,gpt-5.5-synthetic,synthetic-taiwan-daily-usage
_dDbQk	載客量	-3.100000	chiaki-synthetic-overlay,reviewed,gpt-5.5-synthetic,synthetic-taiwan-daily-usage
_d^=NO	再生紙	-3.100000	chiaki-synthetic-overlay,reviewed,gpt-5.5-synthetic,synthetic-taiwan-daily-usage
_da_	載譽	-3.000000	chiaki-synthetic-overlay,reviewed,gpt-5.5-synthetic,synthetic-taiwan-daily-usage
_dl0=1	再出發	-1.631140	chiaki-synthetic-overlay,reviewed,gpt-5.5-synthetic,synthetic-taiwan-internet-usage
_dth	再犯	-3.000000	chiaki-synthetic-overlay,reviewed,gpt-5.5-synthetic,synthetic-taiwan-daily-usage
_f=1=_	爆發力	-3.100000	chiaki-synthetic-overlay,reviewed,gpt-5.5-synthetic,synthetic-taiwan-daily-usage
_fKXN>:_	爆走兄弟	-2.132501	chiaki-synthetic-overlay,reviewed,gpt-5.5-synthetic,synthetic-taiwan-internet-usage
_f_f	爆爆	-0.867521	chiaki-synthetic-overlay,reviewed,gpt-5.5-synthetic,synthetic-taiwan-internet-usage
_fgf3:b[	報告班長	-1.332016	chiaki-synthetic-overlay,reviewed,gpt-5.5-synthetic,synthetic-taiwan-internet-usage
_f{h	抱憾	-3.000000	chiaki-synthetic-overlay,reviewed,gpt-5.5-synthetic,synthetic-taiwan-daily-usage
_kna	望朔	-3.000000	chiaki-synthetic-overlay,reviewed,gpt-5.5-synthetic,synthetic-taiwan-daily-usage
`=7_	增闢	-3.000000	chiaki-synthetic-overlay,reviewed,gpt-5.5-synthetic,synthetic-taiwan-daily-usage
`=GK`M3>	曾文農工	-1.868292	chiaki-synthetic-overlay,reviewed,gpt-5.5-synthetic,synthetic-taiwan-internet-usage
`=Tl	增聘	-3.000000	chiaki-synthetic-overlay,reviewed,gpt-5.5-synthetic,synthetic-taiwan-daily-usage
`@6J	徐賢	-2.395754	chiaki-synthetic-overlay,reviewed,gpt-5.5-synthetic,synthetic-taiwan-internet-usage
`@SWh<	徐小湘	-2.405362	chiaki-synthetic-overlay,reviewed,gpt-5.5-synthetic,synthetic-taiwan-internet-usage
`@[1CM	徐佳瑩	-2.399335	chiaki-synthetic-overlay,reviewed,gpt-5.5-synthetic,synthetic-taiwan-internet-usage
`@bJ	徐玄	-2.773054	chiaki-synthetic-overlay,reviewed,gpt-5.5-synthetic,synthetic-taiwan-internet-usage
`@h<IM	徐湘婷	-2.395554	chiaki-synthetic-overlay,reviewed,gpt-5.5-synthetic,synthetic-taiwan-internet-usage
`@}^3@	徐至琦	-2.403117	chiaki-synthetic-overlay,reviewed,gpt-5.5-synthetic,synthetic-taiwan-internet-usage
`Gtfp1	芍藥花	-3.100000	chiaki-synthetic-overlay,reviewed,gpt-5.5-synthetic,synthetic-taiwan-daily-usage
`HVB	僂儸	-3.000000	chiaki-synthetic-overlay,reviewed,gpt-5.5-synthetic,synthetic-taiwan-daily-usage
`LRO	床笫	-3.000000	chiaki-synthetic-overlay,reviewed,gpt-5.5-synthetic,synthetic-taiwan-daily-usage
`M0W	農保	-3.000000	chiaki-synthetic-overlay,reviewed,gpt-5.5-synthetic,synthetic-taiwan-daily-usage
`M43BY	濃縮版	-3.100000	chiaki-synthetic-overlay,reviewed,gpt-5.5-synthetic,synthetic-taiwan-daily-usage
`MV:6CP_	穠纖合度	-3.200000	chiaki-synthetic-overlay,reviewed,gpt-5.5-synthetic,synthetic-taiwan-daily-usage
`Mq6	濃黑	-3.000000	chiaki-synthetic-overlay,reviewed,gpt-5.5-synthetic,synthetic-taiwan-daily-usage
`Z0C	引得	-3.000000	chiaki-synthetic-overlay,reviewed,gpt-5.5-synthetic,synthetic-taiwan-daily-usage
`Z8_	隱祕	-3.000000	chiaki-synthetic-overlay,reviewed,gpt-5.5-synthetic,synthetic-taiwan-daily-usage
`Z;;=f	尹恩惠	-2.405072	chiaki-synthetic-overlay,reviewed,gpt-5.5-synthetic,synthetic-taiwan-internet-usage
`ZU3A_	癮科技	-1.959029	chiaki-synthetic-overlay,reviewed,gpt-5.5-synthetic,synthetic-taiwan-internet-usage
`Z_;	尹馨	-2.341185	chiaki-synthetic-overlay,reviewed,gpt-5.5-synthetic,synthetic-taiwan-internet-usage
`ZcVB_	飲水器	-3.100000	chiaki-synthetic-overlay,reviewed,gpt-5.5-synthetic,synthetic-taiwan-daily-usage
`Z|fx@Yc	飲料茶葉	-1.548274	chiaki-synthetic-overlay,reviewed,gpt-5.5-synthetic,synthetic-taiwan-internet-usage
`Z~K	引吭	-3.000000	chiaki-synthetic-overlay,reviewed,gpt-5.5-synthetic,synthetic-taiwan-daily-usage
`_4_N<	速賜康	-3.100000	chiaki-synthetic-overlay,reviewed,gpt-5.5-synthetic,synthetic-taiwan-daily-usage
`_M<	塑鋼	-3.000000	chiaki-synthetic-overlay,reviewed,gpt-5.5-synthetic,synthetic-taiwan-daily-usage
`_N@	夙儒	-3.000000	chiaki-synthetic-overlay,reviewed,gpt-5.5-synthetic,synthetic-taiwan-daily-usage
`_O_MlFM	夙負盛名	-3.200000	chiaki-synthetic-overlay,reviewed,gpt-5.5-synthetic,synthetic-taiwan-daily-usage
`_`lL_BL	素行不良	-3.200000	chiaki-synthetic-overlay,reviewed,gpt-5.5-synthetic,synthetic-taiwan-daily-usage
`_ciUO4L	夙願以償	-3.200000	chiaki-synthetic-overlay,reviewed,gpt-5.5-synthetic,synthetic-taiwan-daily-usage
`_|J_`[1	素人畫家	-3.200000	chiaki-synthetic-overlay,reviewed,gpt-5.5-synthetic,synthetic-taiwan-daily-usage
`cN@	囁嚅	-3.000000	chiaki-synthetic-overlay,reviewed,gpt-5.5-synthetic,synthetic-taiwan-daily-usage
`dM@J;	蔡淑臻	-2.404501	chiaki-synthetic-overlay,reviewed,gpt-5.5-synthetic,synthetic-taiwan-internet-usage
`dRV	菜尾	-3.000000	chiaki-synthetic-overlay,reviewed,gpt-5.5-synthetic,synthetic-taiwan-daily-usage
`dSWvO	蔡小虎	-2.484951	chiaki-synthetic-overlay,reviewed,gpt-5.5-synthetic,synthetic-taiwan-internet-usage
`d^H	菜頭	-3.000000	chiaki-synthetic-overlay,reviewed,gpt-5.5-synthetic,synthetic-taiwan-daily-usage
`dth	菜販	-3.000000	chiaki-synthetic-overlay,reviewed,gpt-5.5-synthetic,synthetic-taiwan-daily-usage
`f4ao=A_	泡沫經濟	-3.200000	chiaki-synthetic-overlay,reviewed,gpt-5.5-synthetic,synthetic-taiwan-daily-usage
`fCE	炮臺	-3.000000	chiaki-synthetic-overlay,reviewed,gpt-5.5-synthetic,synthetic-taiwan-daily-usage
`fNP	炮塔	-3.000000	chiaki-synthetic-overlay,reviewed,gpt-5.5-synthetic,synthetic-taiwan-daily-usage
`f`d3>zO	泡菜公主	-2.292644	chiaki-synthetic-overlay,reviewed,gpt-5.5-synthetic,synthetic-taiwan-internet-usage
`joi	睏倦	-3.000000	chiaki-synthetic-overlay,reviewed,gpt-5.5-synthetic,synthetic-taiwan-daily-usage
`l2f3ksI	興味盎然	-3.200000	chiaki-synthetic-overlay,reviewed,gpt-5.5-synthetic,synthetic-taiwan-daily-usage
`l;f	興櫃	-2.405932	chiaki-synthetic-overlay,reviewed,gpt-5.5-synthetic,synthetic-taiwan-internet-usage
`l@@4>T:	幸福空間	-1.057514	chiaki-synthetic-overlay,reviewed,gpt-5.5-synthetic,synthetic-taiwan-internet-usage
`ld\JY	性冷感	-3.100000	chiaki-synthetic-overlay,reviewed,gpt-5.5-synthetic,synthetic-taiwan-daily-usage
`lhIDblj	興南客運	-2.403575	chiaki-synthetic-overlay,reviewed,gpt-5.5-synthetic,synthetic-taiwan-internet-usage
`llj9P{J	幸運女神	-1.713562	chiaki-synthetic-overlay,reviewed,gpt-5.5-synthetic,synthetic-taiwan-internet-usage
a0KPyf	都馬調	-3.100000	chiaki-synthetic-overlay,reviewed,gpt-5.5-synthetic,synthetic-taiwan-daily-usage
a0Nb	督策	-3.000000	chiaki-synthetic-overlay,reviewed,gpt-5.5-synthetic,synthetic-taiwan-daily-usage
a0a0=M	嘟嘟成	-2.134726	chiaki-synthetic-overlay,reviewed,gpt-5.5-synthetic,synthetic-taiwan-internet-usage
aG<CT3?P	饒舌歌曲	-3.200000	chiaki-synthetic-overlay,reviewed,gpt-5.5-synthetic,synthetic-taiwan-daily-usage
aJ4Kc=cY	全民英檢	-2.177966	chiaki-synthetic-overlay,reviewed,gpt-5.5-synthetic,synthetic-taiwan-internet-usage
aJ6J	全銜	-3.000000	chiaki-synthetic-overlay,reviewed,gpt-5.5-synthetic,synthetic-taiwan-daily-usage
aJ:ibOml	全面啟動	-1.278490	chiaki-synthetic-overlay,reviewed,gpt-5.5-synthetic,synthetic-taiwan-internet-usage
aJO]	泉湧	-3.000000	chiaki-synthetic-overlay,reviewed,gpt-5.5-synthetic,synthetic-taiwan-daily-usage
aJPA	全華	-1.788107	chiaki-synthetic-overlay,reviewed,gpt-5.5-synthetic,synthetic-taiwan-internet-usage
aJWB:hYc	全國就業	-0.899415	chiaki-synthetic-overlay,reviewed,gpt-5.5-synthetic,synthetic-taiwan-internet-usage
aJWB<iRO	全國電子	-0.966393	chiaki-synthetic-overlay,reviewed,gpt-5.5-synthetic,synthetic-taiwan-internet-usage
aJWBLPL7	全國法規	-0.865925	chiaki-synthetic-overlay,reviewed,gpt-5.5-synthetic,synthetic-taiwan-internet-usage
aJaJ@@c=	拳拳服膺	-3.200000	chiaki-synthetic-overlay,reviewed,gpt-5.5-synthetic,synthetic-taiwan-daily-usage
aJ{H|Jxg	全球人壽	-1.785695	chiaki-synthetic-overlay,reviewed,gpt-5.5-synthetic,synthetic-taiwan-internet-usage
aMU:a_	龍千玉	-2.403544	chiaki-synthetic-overlay,reviewed,gpt-5.5-synthetic,synthetic-taiwan-internet-usage
aMp7	聾胞	-3.000000	chiaki-synthetic-overlay,reviewed,gpt-5.5-synthetic,synthetic-taiwan-daily-usage
aO3>[3	擠公車	-1.365103	chiaki-synthetic-overlay,reviewed,single-char-collocation
aO7fkO	擠隊伍	-1.365103	chiaki-synthetic-overlay,reviewed,single-char-collocation
aO<iL0	擠電梯	-1.365103	chiaki-synthetic-overlay,reviewed,single-char-collocation
aO?;}I	幾分甜	-2.095621	chiaki-synthetic-overlay,reviewed,gpt-5.5-synthetic,synthetic-taiwan-internet-usage
aOWY]e	擠眼淚	-1.365103	chiaki-synthetic-overlay,reviewed,single-char-collocation
aOXY	擠扁	-1.445406	chiaki-synthetic-overlay,reviewed,single-char-collocation
aOlglg	擠痘痘	-2.405303	chiaki-synthetic-overlay,reviewed,single-char-collocation
aOuHsT	擠牛奶	-1.365103	chiaki-synthetic-overlay,reviewed,single-char-collocation
aOwI|f	擠顏料	-1.365103	chiaki-synthetic-overlay,reviewed,single-char-collocation
aO|J_G	擠人潮	-1.365103	chiaki-synthetic-overlay,reviewed,single-char-collocation
a\3_	等次	-3.000000	chiaki-synthetic-overlay,reviewed,gpt-5.5-synthetic,synthetic-taiwan-daily-usage
a_0_	玉飾	-3.000000	chiaki-synthetic-overlay,reviewed,gpt-5.5-synthetic,synthetic-taiwan-daily-usage
a_8T<jK_	浴血任務	-2.189392	chiaki-synthetic-overlay,reviewed,gpt-5.5-synthetic,synthetic-taiwan-internet-usage
a_9RiM^=	浴火重生	-3.200000	chiaki-synthetic-overlay,reviewed,gpt-5.5-synthetic,synthetic-taiwan-daily-usage
a_:jC:	熨襯衫	-2.689683	chiaki-synthetic-overlay,reviewed,single-char-collocation
a_C:vfK_	玉山票務	-2.871264	chiaki-synthetic-overlay,reviewed,gpt-5.5-synthetic,synthetic-taiwan-internet-usage
a_Ci3;	御劍軒	-2.273559	chiaki-synthetic-overlay,reviewed,gpt-5.5-synthetic,synthetic-taiwan-internet-usage
a_N@	裕如	-3.000000	chiaki-synthetic-overlay,reviewed,gpt-5.5-synthetic,synthetic-taiwan-daily-usage
a_Q;	玉音	-3.000000	chiaki-synthetic-overlay,reviewed,gpt-5.5-synthetic,synthetic-taiwan-daily-usage
a_T5L_lO	遇缺不補	-3.200000	chiaki-synthetic-overlay,reviewed,gpt-5.5-synthetic,synthetic-taiwan-daily-usage
a__k=M0_	慾望城市	-1.514265	chiaki-synthetic-overlay,reviewed,gpt-5.5-synthetic,synthetic-taiwan-internet-usage
a_a_o=o=	郁郁青青	-3.200000	chiaki-synthetic-overlay,reviewed,gpt-5.5-synthetic,synthetic-taiwan-daily-usage
a_f0<@]e	欲哭無淚	-3.200000	chiaki-synthetic-overlay,reviewed,gpt-5.5-synthetic,synthetic-taiwan-daily-usage
a_m@U<n?	育達商職	-2.399461	chiaki-synthetic-overlay,reviewed,gpt-5.5-synthetic,synthetic-taiwan-internet-usage
a_m@x7n?	育達高職	-1.816392	chiaki-synthetic-overlay,reviewed,gpt-5.5-synthetic,synthetic-taiwan-internet-usage
a_o?	尉遲	-3.000000	chiaki-synthetic-overlay,reviewed,gpt-5.5-synthetic,synthetic-taiwan-daily-usage
a_p4	熨貼	-3.000000	chiaki-synthetic-overlay,reviewed,gpt-5.5-synthetic,synthetic-taiwan-daily-usage
a_qf	燠燥	-3.000000	chiaki-synthetic-overlay,reviewed,gpt-5.5-synthetic,synthetic-taiwan-daily-usage
ac2=	冽霜	-3.000000	chiaki-synthetic-overlay,reviewed,gpt-5.5-synthetic,synthetic-taiwan-daily-usage
ac4@|JTJ	列席人員	-1.5500	chiaki-synthetic-overlay,reviewed,manual-office
ac6_01K@BL6_	劣幣驅逐良幣	-3.450000	chiaki-synthetic-overlay,reviewed,gpt-5.5-synthetic,synthetic-taiwan-daily-usage
ac7i	烈燄	-3.000000	chiaki-synthetic-overlay,reviewed,gpt-5.5-synthetic,synthetic-taiwan-daily-usage
ac:L	烈陽	-3.000000	chiaki-synthetic-overlay,reviewed,gpt-5.5-synthetic,synthetic-taiwan-daily-usage
acFM	列名	-3.000000	chiaki-synthetic-overlay,reviewed,gpt-5.5-synthetic,synthetic-taiwan-daily-usage
acNb	列冊	-3.000000	chiaki-synthetic-overlay,reviewed,gpt-5.5-synthetic,synthetic-taiwan-daily-usage
acac	邋邋	-3.000000	chiaki-synthetic-overlay,reviewed,gpt-5.5-synthetic,synthetic-taiwan-daily-usage
acm_	獵具	-3.000000	chiaki-synthetic-overlay,reviewed,gpt-5.5-synthetic,synthetic-taiwan-daily-usage
ad0_	賽事	-3.000000	chiaki-synthetic-overlay,reviewed,gpt-5.5-synthetic,synthetic-taiwan-daily-usage
adV:^=	賽先生	-3.100000	chiaki-synthetic-overlay,reviewed,gpt-5.5-synthetic,synthetic-taiwan-daily-usage
ad[1	賽嘉	-2.172092	chiaki-synthetic-overlay,reviewed,gpt-5.5-synthetic,synthetic-taiwan-internet-usage
ad\e	塞內	-3.000000	chiaki-synthetic-overlay,reviewed,gpt-5.5-synthetic,synthetic-taiwan-daily-usage
afeY3@d=	冒險奇兵	-1.808472	chiaki-synthetic-overlay,reviewed,gpt-5.5-synthetic,synthetic-taiwan-internet-usage
afz?	茂迪	-2.398949	chiaki-synthetic-overlay,reviewed,gpt-5.5-synthetic,synthetic-taiwan-internet-usage
aiLjail0	竄進竄出	-3.200000	chiaki-synthetic-overlay,reviewed,gpt-5.5-synthetic,synthetic-taiwan-daily-usage
ai^=	竄升	-3.000000	chiaki-synthetic-overlay,reviewed,gpt-5.5-synthetic,synthetic-taiwan-daily-usage
aibO	竄起	-3.000000	chiaki-synthetic-overlay,reviewed,gpt-5.5-synthetic,synthetic-taiwan-daily-usage
aidM	竄紅	-3.000000	chiaki-synthetic-overlay,reviewed,gpt-5.5-synthetic,synthetic-taiwan-daily-usage
ajQ;	混音	-3.000000	chiaki-synthetic-overlay,reviewed,gpt-5.5-synthetic,synthetic-taiwan-daily-usage
ajTJ	渾元	-3.000000	chiaki-synthetic-overlay,reviewed,gpt-5.5-synthetic,synthetic-taiwan-daily-usage
b5cV2f	呆水位	-3.100000	chiaki-synthetic-overlay,reviewed,gpt-5.5-synthetic,synthetic-taiwan-daily-usage
b5n1	呆瓜	-3.000000	chiaki-synthetic-overlay,reviewed,gpt-5.5-synthetic,synthetic-taiwan-daily-usage
b5}^	獃滯	-3.000000	chiaki-synthetic-overlay,reviewed,gpt-5.5-synthetic,synthetic-taiwan-daily-usage
bB1=	痤瘡	-3.000000	chiaki-synthetic-overlay,reviewed,gpt-5.5-synthetic,synthetic-taiwan-daily-usage
bJ>i	懸念	-3.000000	chiaki-synthetic-overlay,reviewed,gpt-5.5-synthetic,synthetic-taiwan-daily-usage
bJ?\|_5E	玄奘大學	-1.873327	chiaki-synthetic-overlay,reviewed,gpt-5.5-synthetic,synthetic-taiwan-internet-usage
bJBL3_tO	懸梁刺股	-3.200000	chiaki-synthetic-overlay,reviewed,gpt-5.5-synthetic,synthetic-taiwan-daily-usage
bJN:Dk:_	玄天上帝	-3.052702	chiaki-synthetic-overlay,reviewed,gpt-5.5-synthetic,synthetic-taiwan-internet-usage
bJ_;	懸心	-3.000000	chiaki-synthetic-overlay,reviewed,gpt-5.5-synthetic,synthetic-taiwan-daily-usage
bJwI	懸岩	-3.000000	chiaki-synthetic-overlay,reviewed,gpt-5.5-synthetic,synthetic-taiwan-daily-usage
bJwI2g6_	懸岩峭壁	-3.200000	chiaki-synthetic-overlay,reviewed,gpt-5.5-synthetic,synthetic-taiwan-daily-usage
bJ|Y{H	旋轉球	-3.100000	chiaki-synthetic-overlay,reviewed,gpt-5.5-synthetic,synthetic-taiwan-daily-usage
bO=_r\=M	綺麗影城	-2.146191	chiaki-synthetic-overlay,reviewed,gpt-5.5-synthetic,synthetic-taiwan-internet-usage
bOc=x79>	啟英高中	-2.399160	chiaki-synthetic-overlay,reviewed,gpt-5.5-synthetic,synthetic-taiwan-internet-usage
bO|f	豈料	-3.000000	chiaki-synthetic-overlay,reviewed,gpt-5.5-synthetic,synthetic-taiwan-daily-usage
bZN_3;wI	品木宣言	-1.962520	chiaki-synthetic-overlay,reviewed,gpt-5.5-synthetic,synthetic-taiwan-internet-usage
bZVi:PnH	品冠旅遊	-2.685657	chiaki-synthetic-overlay,reviewed,gpt-5.5-synthetic,synthetic-taiwan-internet-usage
bZZX	品酒	-3.000000	chiaki-synthetic-overlay,reviewed,gpt-5.5-synthetic,synthetic-taiwan-daily-usage
bZ}I	品田	-2.043109	chiaki-synthetic-overlay,reviewed,gpt-5.5-synthetic,synthetic-taiwan-internet-usage
bZ}IN_c[	品田牧場	-2.396739	chiaki-synthetic-overlay,reviewed,gpt-5.5-synthetic,synthetic-taiwan-internet-usage
b[DkQM<i6W	掌上型電腦	-3.450000	chiaki-synthetic-overlay,reviewed,gpt-5.5-synthetic,synthetic-taiwan-daily-usage
b[DkQMDWhGB_	掌上型掃描器	-3.450000	chiaki-synthetic-overlay,reviewed,gpt-5.5-synthetic,synthetic-taiwan-daily-usage
ba?EtO	剁排骨	-2.622112	chiaki-synthetic-overlay,reviewed,single-char-collocation
baC_	剁細	-2.622112	chiaki-synthetic-overlay,reviewed,single-char-collocation
baH<L_	踱方步	-3.100000	chiaki-synthetic-overlay,reviewed,gpt-5.5-synthetic,synthetic-taiwan-daily-usage
baSE	墮崖	-3.000000	chiaki-synthetic-overlay,reviewed,gpt-5.5-synthetic,synthetic-taiwan-daily-usage
baba	咄咄	-3.000000	chiaki-synthetic-overlay,reviewed,gpt-5.5-synthetic,synthetic-taiwan-daily-usage
babaQW	跺跺腳	-3.100000	chiaki-synthetic-overlay,reviewed,gpt-5.5-synthetic,synthetic-taiwan-daily-usage
baxh	剁爛	-2.622112	chiaki-synthetic-overlay,reviewed,single-char-collocation
c::_	端的	-3.000000	chiaki-synthetic-overlay,reviewed,gpt-5.5-synthetic,synthetic-taiwan-daily-usage
c:cIan	端盤子	-3.100000	chiaki-synthetic-overlay,reviewed,gpt-5.5-synthetic,synthetic-taiwan-daily-usage
c=GK7:2_	英文單字	-1.235661	chiaki-synthetic-overlay,reviewed,gpt-5.5-synthetic,synthetic-taiwan-internet-usage
c=JM	嚶嚀	-3.000000	chiaki-synthetic-overlay,reviewed,gpt-5.5-synthetic,synthetic-taiwan-daily-usage
c=T3	鸚哥	-3.000000	chiaki-synthetic-overlay,reviewed,gpt-5.5-synthetic,synthetic-taiwan-daily-usage
c=T3x7n?	鶯歌高職	-1.723271	chiaki-synthetic-overlay,reviewed,gpt-5.5-synthetic,synthetic-taiwan-internet-usage
c=WK	櫻脣	-3.000000	chiaki-synthetic-overlay,reviewed,gpt-5.5-synthetic,synthetic-taiwan-daily-usage
c=[j	英噸	-3.000000	chiaki-synthetic-overlay,reviewed,gpt-5.5-synthetic,synthetic-taiwan-daily-usage
c=]O	英里	-3.000000	chiaki-synthetic-overlay,reviewed,gpt-5.5-synthetic,synthetic-taiwan-daily-usage
c=ea	瓔珞	-3.000000	chiaki-synthetic-overlay,reviewed,gpt-5.5-synthetic,synthetic-taiwan-daily-usage
c=kOI]K_	鸚鵡寵物	-1.755686	chiaki-synthetic-overlay,reviewed,gpt-5.5-synthetic,synthetic-taiwan-internet-usage
c=p1L@m_	櫻花廚具	-1.846186	chiaki-synthetic-overlay,reviewed,gpt-5.5-synthetic,synthetic-taiwan-internet-usage
cG4C	曹格	-2.754550	chiaki-synthetic-overlay,reviewed,gpt-5.5-synthetic,synthetic-taiwan-internet-usage
cH_M	侯硐	-2.394966	chiaki-synthetic-overlay,reviewed,gpt-5.5-synthetic,synthetic-taiwan-internet-usage
cIIJ	般桓	-3.000000	chiaki-synthetic-overlay,reviewed,gpt-5.5-synthetic,synthetic-taiwan-daily-usage
cIaM	盤龍	-3.000000	chiaki-synthetic-overlay,reviewed,gpt-5.5-synthetic,synthetic-taiwan-daily-usage
cI|;	盤飧	-3.000000	chiaki-synthetic-overlay,reviewed,gpt-5.5-synthetic,synthetic-taiwan-daily-usage
cO1=0J	洗窗簾	-1.624694	chiaki-synthetic-overlay,reviewed,single-char-collocation
cO29{H	洗溝球	-3.100000	chiaki-synthetic-overlay,reviewed,gpt-5.5-synthetic,synthetic-taiwan-daily-usage
cO9k	洗燙	-3.000000	chiaki-synthetic-overlay,reviewed,gpt-5.5-synthetic,synthetic-taiwan-daily-usage
cO:_GY	洗地毯	-1.624694	chiaki-synthetic-overlay,reviewed,single-char-collocation
cO:_R0	洗地機	-1.9000	chiaki-synthetic-overlay,reviewed,manual-taiwan-appliance
cO=:6N	喜憨兒	-2.404141	chiaki-synthetic-overlay,reviewed,gpt-5.5-synthetic,synthetic-taiwan-internet-usage
cO?i	洗鍊	-3.000000	chiaki-synthetic-overlay,reviewed,gpt-5.5-synthetic,synthetic-taiwan-daily-usage
cODYDb	喜滿客	-2.400998	chiaki-synthetic-overlay,reviewed,gpt-5.5-synthetic,synthetic-taiwan-internet-usage
cOIXy_	洗手帕	-1.624694	chiaki-synthetic-overlay,reviewed,single-char-collocation
cOL@m_	洗廚具	-1.624694	chiaki-synthetic-overlay,reviewed,single-char-collocation
cOTQL_	洗抹布	-1.624694	chiaki-synthetic-overlay,reviewed,single-char-collocation
cOU<BX	洗傷口	-1.624694	chiaki-synthetic-overlay,reviewed,single-char-collocation
cOXO=_	洗米粒	-1.658390	chiaki-synthetic-overlay,reviewed,single-char-collocation
cO[3an	洗車子	-1.624694	chiaki-synthetic-overlay,reviewed,single-char-collocation
cO^Hw?	洗頭皮	-1.624694	chiaki-synthetic-overlay,reviewed,single-char-collocation
cO`dYc	洗菜葉	-2.191620	chiaki-synthetic-overlay,reviewed,single-char-collocation
cO`dn1L_	洗菜瓜布	-1.943430	chiaki-synthetic-overlay,reviewed,single-char-collocation
cOdM	喜鴻	-2.397680	chiaki-synthetic-overlay,reviewed,gpt-5.5-synthetic,synthetic-taiwan-internet-usage
cOdM:PnH	喜鴻旅遊	-2.404401	chiaki-synthetic-overlay,reviewed,gpt-5.5-synthetic,synthetic-taiwan-internet-usage
cOmYcI	洗碗盤	-1.624694	chiaki-synthetic-overlay,reviewed,single-char-collocation
cO{HXD	洗球鞋	-1.624694	chiaki-synthetic-overlay,reviewed,single-char-collocation
cO{fL_	洗尿布	-1.624694	chiaki-synthetic-overlay,reviewed,single-char-collocation
cV=_|O	水利署	-1.733172	chiaki-synthetic-overlay,reviewed,gpt-5.5-synthetic,synthetic-taiwan-internet-usage
cVWkx@ol	水巷茶弄	-2.399448	chiaki-synthetic-overlay,reviewed,gpt-5.5-synthetic,synthetic-taiwan-internet-usage
cVij	水圳	-3.000000	chiaki-synthetic-overlay,reviewed,gpt-5.5-synthetic,synthetic-taiwan-daily-usage
cVt7	水刀	-3.000000	chiaki-synthetic-overlay,reviewed,gpt-5.5-synthetic,synthetic-taiwan-daily-usage
cY3axh	揀破爛	-3.100000	chiaki-synthetic-overlay,reviewed,gpt-5.5-synthetic,synthetic-taiwan-daily-usage
cY6C	檢覈	-3.000000	chiaki-synthetic-overlay,reviewed,gpt-5.5-synthetic,synthetic-taiwan-daily-usage
cY:Wha	揀好貨	-2.404262	chiaki-synthetic-overlay,reviewed,single-char-collocation
cYEi=M	撿現成	-3.100000	chiaki-synthetic-overlay,reviewed,gpt-5.5-synthetic,synthetic-taiwan-daily-usage
cYJFF:	減肥餐	-2.227108	chiaki-synthetic-overlay,reviewed,gpt-5.5-synthetic,synthetic-taiwan-internet-usage
cY^l	揀淨	-2.404262	chiaki-synthetic-overlay,reviewed,single-char-collocation
cY`dYc	揀菜葉	-2.404262	chiaki-synthetic-overlay,reviewed,single-char-collocation
cY`ip?	撿鑽石	-1.406738	chiaki-synthetic-overlay,reviewed,single-char-collocation
cYc[	檢場	-3.000000	chiaki-synthetic-overlay,reviewed,gpt-5.5-synthetic,synthetic-taiwan-daily-usage
cYlgan	揀豆子	-2.404262	chiaki-synthetic-overlay,reviewed,single-char-collocation
cYp?Mw	揀石頭	-2.404262	chiaki-synthetic-overlay,reviewed,single-char-collocation
cYtO	撿骨	-3.000000	chiaki-synthetic-overlay,reviewed,gpt-5.5-synthetic,synthetic-taiwan-daily-usage
cYtO=_	揀穀粒	-2.404262	chiaki-synthetic-overlay,reviewed,single-char-collocation
cYzJ	檢陳	-1.7000	chiaki-synthetic-overlay,reviewed,manual-official-document
cY}l	檢送	-1.5000	chiaki-synthetic-overlay,reviewed,manual-official-document
cZ=MF0ci	敏盛醫院	-2.403382	chiaki-synthetic-overlay,reviewed,gpt-5.5-synthetic,synthetic-taiwan-internet-usage
cZZY	僶俛	-3.000000	chiaki-synthetic-overlay,reviewed,gpt-5.5-synthetic,synthetic-taiwan-daily-usage
cZeVWK	抿嘴唇	-2.573840	chiaki-synthetic-overlay,reviewed,single-char-collocation
c[a_	場域	-3.000000	chiaki-synthetic-overlay,reviewed,gpt-5.5-synthetic,synthetic-taiwan-daily-usage
c[i=	敞廳	-3.000000	chiaki-synthetic-overlay,reviewed,gpt-5.5-synthetic,synthetic-taiwan-daily-usage
ca4an?7i	唾沫直嚥	-3.200000	chiaki-synthetic-overlay,reviewed,gpt-5.5-synthetic,synthetic-taiwan-daily-usage
caD8	拓銷	-3.000000	chiaki-synthetic-overlay,reviewed,gpt-5.5-synthetic,synthetic-taiwan-daily-usage
caQ=	拓峰	-2.403888	chiaki-synthetic-overlay,reviewed,gpt-5.5-synthetic,synthetic-taiwan-internet-usage
cf1U	盜採	-3.000000	chiaki-synthetic-overlay,reviewed,gpt-5.5-synthetic,synthetic-taiwan-daily-usage
cfFM9>5E	道明中學	-1.610020	chiaki-synthetic-overlay,reviewed,gpt-5.5-synthetic,synthetic-taiwan-internet-usage
cfN_	盜木	-3.000000	chiaki-synthetic-overlay,reviewed,gpt-5.5-synthetic,synthetic-taiwan-daily-usage
cfS_	盜錄	-3.000000	chiaki-synthetic-overlay,reviewed,gpt-5.5-synthetic,synthetic-taiwan-daily-usage
cf`M	稻農	-3.000000	chiaki-synthetic-overlay,reviewed,gpt-5.5-synthetic,synthetic-taiwan-daily-usage
cfac	盜獵	-3.000000	chiaki-synthetic-overlay,reviewed,gpt-5.5-synthetic,synthetic-taiwan-daily-usage
cfyf	倒吊	-3.000000	chiaki-synthetic-overlay,reviewed,gpt-5.5-synthetic,synthetic-taiwan-daily-usage
ci\eJYSY	院內感染	-3.200000	chiaki-synthetic-overlay,reviewed,gpt-5.5-synthetic,synthetic-taiwan-daily-usage
civh	怨嘆	-3.000000	chiaki-synthetic-overlay,reviewed,gpt-5.5-synthetic,synthetic-taiwan-daily-usage
d0I0	嚕咪	-3.758109	chiaki-synthetic-overlay,reviewed,gpt-5.5-synthetic,synthetic-taiwan-internet-usage
d0XO	嚕米	-3.276016	chiaki-synthetic-overlay,reviewed,gpt-5.5-synthetic,synthetic-taiwan-internet-usage
d=89	并州	-3.000000	chiaki-synthetic-overlay,reviewed,gpt-5.5-synthetic,synthetic-taiwan-daily-usage
d=CM	屏營	-3.000000	chiaki-synthetic-overlay,reviewed,gpt-5.5-synthetic,synthetic-taiwan-daily-usage
d=af	冰帽	-3.000000	chiaki-synthetic-overlay,reviewed,gpt-5.5-synthetic,synthetic-taiwan-daily-usage
dIo=	蔓菁	-3.000000	chiaki-synthetic-overlay,reviewed,gpt-5.5-synthetic,synthetic-taiwan-daily-usage
dM9>	洪鐘	-3.000000	chiaki-synthetic-overlay,reviewed,gpt-5.5-synthetic,synthetic-taiwan-daily-usage
dM;fR;	紅貴賓	-2.060210	chiaki-synthetic-overlay,reviewed,gpt-5.5-synthetic,synthetic-taiwan-internet-usage
dMG@|_}^	鴻鵠大志	-3.200000	chiaki-synthetic-overlay,reviewed,gpt-5.5-synthetic,synthetic-taiwan-daily-usage
dMGY	紅毯	-3.000000	chiaki-synthetic-overlay,reviewed,gpt-5.5-synthetic,synthetic-taiwan-daily-usage
dMRVnkg:	宏偉壯觀	-3.200000	chiaki-synthetic-overlay,reviewed,gpt-5.5-synthetic,synthetic-taiwan-daily-usage
dMRd|Jxg	宏泰人壽	-2.394442	chiaki-synthetic-overlay,reviewed,gpt-5.5-synthetic,synthetic-taiwan-internet-usage
dMSW}U	洪曉蕾	-2.402710	chiaki-synthetic-overlay,reviewed,gpt-5.5-synthetic,synthetic-taiwan-internet-usage
dMYcuhx7	紅葉蛋糕	-1.970813	chiaki-synthetic-overlay,reviewed,gpt-5.5-synthetic,synthetic-taiwan-internet-usage
dM_MEi	洪洞縣	-3.100000	chiaki-synthetic-overlay,reviewed,gpt-5.5-synthetic,synthetic-taiwan-daily-usage
dMm@<i	宏達電	-2.090139	chiaki-synthetic-overlay,reviewed,gpt-5.5-synthetic,synthetic-taiwan-internet-usage
dMmTkM	洪百榕	-2.395231	chiaki-synthetic-overlay,reviewed,gpt-5.5-synthetic,synthetic-taiwan-internet-usage
dMtA	虹膜	-2.176393	chiaki-synthetic-overlay,reviewed,benchmark-miss-rerank,domain-term
dMtA	虹膜	-2.176393	chiaki-synthetic-overlay,reviewed,gpt-5.5-synthetic,synthetic-taiwan-daily-usage
dMx@d=	紅茶冰	-2.425760	chiaki-synthetic-overlay,reviewed,gpt-5.5-synthetic,synthetic-taiwan-internet-usage
dMyK	洪棠	-1.462384	chiaki-synthetic-overlay,reviewed,gpt-5.5-synthetic,synthetic-taiwan-internet-usage
dRBb:PnH	可樂旅遊	-1.283470	chiaki-synthetic-overlay,reviewed,gpt-5.5-synthetic,synthetic-taiwan-internet-usage
dT@j	雪印	-2.669950	chiaki-synthetic-overlay,reviewed,gpt-5.5-synthetic,synthetic-taiwan-internet-usage
dTwT	雪海	-3.000000	chiaki-synthetic-overlay,reviewed,gpt-5.5-synthetic,synthetic-taiwan-daily-usage
dY4L	淺嚐	-3.000000	chiaki-synthetic-overlay,reviewed,gpt-5.5-synthetic,synthetic-taiwan-daily-usage
dY4L>CNO	淺嘗則止	-3.200000	chiaki-synthetic-overlay,reviewed,gpt-5.5-synthetic,synthetic-taiwan-daily-usage
dYCf	淺睡	-3.000000	chiaki-synthetic-overlay,reviewed,gpt-5.5-synthetic,synthetic-taiwan-daily-usage
dY_`	淺化	-3.000000	chiaki-synthetic-overlay,reviewed,gpt-5.5-synthetic,synthetic-taiwan-daily-usage
dYs?~lm_	遣辭用句	-3.200000	chiaki-synthetic-overlay,reviewed,gpt-5.5-synthetic,synthetic-taiwan-daily-usage
d\P_	冷度	-3.000000	chiaki-synthetic-overlay,reviewed,gpt-5.5-synthetic,synthetic-taiwan-daily-usage
d\Rl	冷硬	-3.000000	chiaki-synthetic-overlay,reviewed,gpt-5.5-synthetic,synthetic-taiwan-daily-usage
d\ac	冷冽	-3.000000	chiaki-synthetic-overlay,reviewed,gpt-5.5-synthetic,synthetic-taiwan-daily-usage
d\wK	冷房	-3.000000	chiaki-synthetic-overlay,reviewed,gpt-5.5-synthetic,synthetic-taiwan-daily-usage
da>`	諾亞	-3.000000	chiaki-synthetic-overlay,reviewed,gpt-5.5-synthetic,synthetic-taiwan-daily-usage
df0=:PnH	套裝旅遊	-3.200000	chiaki-synthetic-overlay,reviewed,gpt-5.5-synthetic,synthetic-taiwan-daily-usage
e06C	沽河	-3.000000	chiaki-synthetic-overlay,reviewed,gpt-5.5-synthetic,synthetic-taiwan-daily-usage
e089	孤舟	-3.000000	chiaki-synthetic-overlay,reviewed,gpt-5.5-synthetic,synthetic-taiwan-daily-usage
e0=M	孤城	-3.000000	chiaki-synthetic-overlay,reviewed,gpt-5.5-synthetic,synthetic-taiwan-daily-usage
e0`Z3@FM	姑隱其名	-2.394060	chiaki-synthetic-overlay,reviewed,gpt-5.5-synthetic,synthetic-taiwan-internet-usage
e0}?	孤離	-3.000000	chiaki-synthetic-overlay,reviewed,gpt-5.5-synthetic,synthetic-taiwan-daily-usage
e10WFk	挖寶藏	-2.011433	chiaki-synthetic-overlay,reviewed,single-char-collocation
e1:_1g	挖地窖	-2.011433	chiaki-synthetic-overlay,reviewed,single-char-collocation
e1:_R0	挖地基	-2.011433	chiaki-synthetic-overlay,reviewed,single-char-collocation
e1?>	挖鬆	-2.049647	chiaki-synthetic-overlay,reviewed,single-char-collocation
e1?EcV29	挖排水溝	-2.011433	chiaki-synthetic-overlay,reviewed,single-char-collocation
e1EM	挖平	-2.011433	chiaki-synthetic-overlay,reviewed,single-char-collocation
e1Ei~\	挖陷阱	-2.011433	chiaki-synthetic-overlay,reviewed,single-char-collocation
e1Gfcf	挖隧道	-2.011433	chiaki-synthetic-overlay,reviewed,single-char-collocation
e1L;	挖深	-2.011433	chiaki-synthetic-overlay,reviewed,single-char-collocation
e1W=cf	挖坑道	-2.011433	chiaki-synthetic-overlay,reviewed,single-char-collocation
e1\_D;	挖樹根	-2.011433	chiaki-synthetic-overlay,reviewed,single-char-collocation
e1^l	蛙鏡	-3.000000	chiaki-synthetic-overlay,reviewed,gpt-5.5-synthetic,synthetic-taiwan-daily-usage
e1cV~\	挖水井	-2.011433	chiaki-synthetic-overlay,reviewed,single-char-collocation
e1e1m0<i	蛙蛙書店	-1.900500	chiaki-synthetic-overlay,reviewed,gpt-5.5-synthetic,synthetic-taiwan-internet-usage
e1h:	挖寬	-2.011433	chiaki-synthetic-overlay,reviewed,single-char-collocation
e1ikp?	挖礦石	-2.011433	chiaki-synthetic-overlay,reviewed,single-char-collocation
e1mlDd	挖洞穴	-2.011433	chiaki-synthetic-overlay,reviewed,single-char-collocation
e1qOH<	挖土方	-2.011433	chiaki-synthetic-overlay,reviewed,single-char-collocation
e1v?C]	挖鼻孔	-2.011433	chiaki-synthetic-overlay,reviewed,single-char-collocation
eG5_	遙憶	-3.000000	chiaki-synthetic-overlay,reviewed,gpt-5.5-synthetic,synthetic-taiwan-daily-usage
eGL_dR2@	遙不可及	-3.200000	chiaki-synthetic-overlay,reviewed,gpt-5.5-synthetic,synthetic-taiwan-daily-usage
eGTJif	姚元浩	-2.399979	chiaki-synthetic-overlay,reviewed,gpt-5.5-synthetic,synthetic-taiwan-internet-usage
eGy<	搖光	-3.000000	chiaki-synthetic-overlay,reviewed,gpt-5.5-synthetic,synthetic-taiwan-daily-usage
eGyg	肴肉	-2.403955	chiaki-synthetic-overlay,reviewed,gpt-5.5-synthetic,synthetic-taiwan-internet-usage
eID8	繁囂	-3.000000	chiaki-synthetic-overlay,reviewed,gpt-5.5-synthetic,synthetic-taiwan-daily-usage
eIT:	凡間	-3.000000	chiaki-synthetic-overlay,reviewed,gpt-5.5-synthetic,synthetic-taiwan-daily-usage
eI]_	繁縟	-3.000000	chiaki-synthetic-overlay,reviewed,gpt-5.5-synthetic,synthetic-taiwan-daily-usage
eVT:<CrA	嘴尖舌薄	-3.200000	chiaki-synthetic-overlay,reviewed,gpt-5.5-synthetic,synthetic-taiwan-daily-usage
eVw?an	嘴皮子	-3.100000	chiaki-synthetic-overlay,reviewed,gpt-5.5-synthetic,synthetic-taiwan-daily-usage
eYrFIX\_	顯微手術	-3.200000	chiaki-synthetic-overlay,reviewed,gpt-5.5-synthetic,synthetic-taiwan-daily-usage
eYrF|J?0	鮮為人知	-3.200000	chiaki-synthetic-overlay,reviewed,gpt-5.5-synthetic,synthetic-taiwan-daily-usage
e[1g	嚷叫	-3.000000	chiaki-synthetic-overlay,reviewed,gpt-5.5-synthetic,synthetic-taiwan-daily-usage
e\Z_	鯁住	-3.000000	chiaki-synthetic-overlay,reviewed,gpt-5.5-synthetic,synthetic-taiwan-daily-usage
e]@@	耳福	-3.000000	chiaki-synthetic-overlay,reviewed,gpt-5.5-synthetic,synthetic-taiwan-daily-usage
e]D;0Z	耳根軟	-3.100000	chiaki-synthetic-overlay,reviewed,gpt-5.5-synthetic,synthetic-taiwan-daily-usage
e]wT	洱海	-3.000000	chiaki-synthetic-overlay,reviewed,gpt-5.5-synthetic,synthetic-taiwan-daily-usage
ea2P^=	落雨聲	-2.398948	chiaki-synthetic-overlay,reviewed,gpt-5.5-synthetic,synthetic-taiwan-internet-usage
ea6C	漯河	-3.000000	chiaki-synthetic-overlay,reviewed,gpt-5.5-synthetic,synthetic-taiwan-daily-usage
eap1]e	落花淚	-2.398848	chiaki-synthetic-overlay,reviewed,gpt-5.5-synthetic,synthetic-taiwan-internet-usage
ea}?xgE0	酪梨壽司	-3.084916	chiaki-synthetic-overlay,reviewed,gpt-5.5-synthetic,synthetic-taiwan-internet-usage
ecK_a_|J	借物喻人	-3.200000	chiaki-synthetic-overlay,reviewed,gpt-5.5-synthetic,synthetic-taiwan-daily-usage
ecSWa_|_	借小喻大	-3.200000	chiaki-synthetic-overlay,reviewed,gpt-5.5-synthetic,synthetic-taiwan-daily-usage
ef5>5>	鬧烘烘	-3.100000	chiaki-synthetic-overlay,reviewed,gpt-5.5-synthetic,synthetic-taiwan-daily-usage
efPMo_	鬧情緒	-3.100000	chiaki-synthetic-overlay,reviewed,gpt-5.5-synthetic,synthetic-taiwan-daily-usage
efZX	鬧酒	-3.000000	chiaki-synthetic-overlay,reviewed,gpt-5.5-synthetic,synthetic-taiwan-daily-usage
ef^=	鬧聲	-3.000000	chiaki-synthetic-overlay,reviewed,gpt-5.5-synthetic,synthetic-taiwan-daily-usage
f0LY	哭喊	-3.000000	chiaki-synthetic-overlay,reviewed,gpt-5.5-synthetic,synthetic-taiwan-daily-usage
f0|M	哭窮	-3.000000	chiaki-synthetic-overlay,reviewed,gpt-5.5-synthetic,synthetic-taiwan-daily-usage
f5rA	賅博	-3.000000	chiaki-synthetic-overlay,reviewed,gpt-5.5-synthetic,synthetic-taiwan-daily-usage
f<0_7Wnq0`	薑是老的辣	-3.450000	chiaki-synthetic-overlay,reviewed,gpt-5.5-synthetic,synthetic-taiwan-daily-usage
f<3>:CEf	將功折罪	-3.200000	chiaki-synthetic-overlay,reviewed,gpt-5.5-synthetic,synthetic-taiwan-daily-usage
f<5_	疆埸	-3.000000	chiaki-synthetic-overlay,reviewed,gpt-5.5-synthetic,synthetic-taiwan-daily-usage
f<F0lI	江伊涵	-2.394373	chiaki-synthetic-overlay,reviewed,gpt-5.5-synthetic,synthetic-taiwan-internet-usage
f<J<	薑湯	-3.000000	chiaki-synthetic-overlay,reviewed,gpt-5.5-synthetic,synthetic-taiwan-daily-usage
f<M@~_	江淑娜	-2.398258	chiaki-synthetic-overlay,reviewed,gpt-5.5-synthetic,synthetic-taiwan-internet-usage
f<XO|J	江米人	-3.100000	chiaki-synthetic-overlay,reviewed,gpt-5.5-synthetic,synthetic-taiwan-daily-usage
f<d\	僵冷	-3.000000	chiaki-synthetic-overlay,reviewed,gpt-5.5-synthetic,synthetic-taiwan-daily-usage
f<s\|J	薑餅人	-3.100000	chiaki-synthetic-overlay,reviewed,gpt-5.5-synthetic,synthetic-taiwan-daily-usage
f<~OEM	江祖平	-2.402672	chiaki-synthetic-overlay,reviewed,gpt-5.5-synthetic,synthetic-taiwan-internet-usage
fc0i	竊占	-3.000000	chiaki-synthetic-overlay,reviewed,gpt-5.5-synthetic,synthetic-taiwan-daily-usage
fcOd	切脈	-3.000000	chiaki-synthetic-overlay,reviewed,gpt-5.5-synthetic,synthetic-taiwan-daily-usage
fcrh	切盼	-3.000000	chiaki-synthetic-overlay,reviewed,gpt-5.5-synthetic,synthetic-taiwan-daily-usage
fcwlp?6_	切中時弊	-3.200000	chiaki-synthetic-overlay,reviewed,gpt-5.5-synthetic,synthetic-taiwan-daily-usage
g0:_	忽地	-3.000000	chiaki-synthetic-overlay,reviewed,gpt-5.5-synthetic,synthetic-taiwan-daily-usage
g0N>Xi:_	呼兄喚弟	-3.200000	chiaki-synthetic-overlay,reviewed,gpt-5.5-synthetic,synthetic-taiwan-daily-usage
g0`Zg0Ei	忽隱忽現	-3.200000	chiaki-synthetic-overlay,reviewed,gpt-5.5-synthetic,synthetic-taiwan-daily-usage
g0~L`Zqh	呼朋引伴	-3.200000	chiaki-synthetic-overlay,reviewed,gpt-5.5-synthetic,synthetic-taiwan-daily-usage
g5_;0WVe	開心寶貝	-1.584878	chiaki-synthetic-overlay,reviewed,gpt-5.5-synthetic,synthetic-taiwan-internet-usage
g5`ZR0	開飲機	-1.9000	chiaki-synthetic-overlay,reviewed,manual-taiwan-appliance
g5hI	開南	-2.169548	chiaki-synthetic-overlay,reviewed,gpt-5.5-synthetic,synthetic-taiwan-internet-usage
g5hIU<3>	開南商工	-2.396399	chiaki-synthetic-overlay,reviewed,gpt-5.5-synthetic,synthetic-taiwan-internet-usage
g5hI|_5E	開南大學	-2.396126	chiaki-synthetic-overlay,reviewed,gpt-5.5-synthetic,synthetic-taiwan-internet-usage
g5{h	揩汗	-3.000000	chiaki-synthetic-overlay,reviewed,gpt-5.5-synthetic,synthetic-taiwan-daily-usage
g60J	悲憐	-3.000000	chiaki-synthetic-overlay,reviewed,gpt-5.5-synthetic,synthetic-taiwan-daily-usage
g63>B8qa	杯觥交錯	-3.200000	chiaki-synthetic-overlay,reviewed,gpt-5.5-synthetic,synthetic-taiwan-daily-usage
g6<i	杯墊	-3.000000	chiaki-synthetic-overlay,reviewed,gpt-5.5-synthetic,synthetic-taiwan-daily-usage
g6QW	杯筊	-3.000000	chiaki-synthetic-overlay,reviewed,gpt-5.5-synthetic,synthetic-taiwan-daily-usage
g6S0	悲戚	-3.000000	chiaki-synthetic-overlay,reviewed,gpt-5.5-synthetic,synthetic-taiwan-daily-usage
g6g6p7	揹背包	-2.348812	chiaki-synthetic-overlay,reviewed,single-char-collocation
g6hIGK_`	卑南文化	-3.200000	chiaki-synthetic-overlay,reviewed,gpt-5.5-synthetic,synthetic-taiwan-daily-usage
g6m0p7	揹書包	-2.348812	chiaki-synthetic-overlay,reviewed,single-char-collocation
g:4W	官倒	-3.000000	chiaki-synthetic-overlay,reviewed,gpt-5.5-synthetic,synthetic-taiwan-daily-usage
g:@@	冠服	-3.000000	chiaki-synthetic-overlay,reviewed,gpt-5.5-synthetic,synthetic-taiwan-daily-usage
g:P_F0ci	關渡醫院	-1.311876	chiaki-synthetic-overlay,reviewed,gpt-5.5-synthetic,synthetic-taiwan-internet-usage
g:UdN@]K	冠蓋如雲	-3.200000	chiaki-synthetic-overlay,reviewed,gpt-5.5-synthetic,synthetic-taiwan-daily-usage
g:V_	觀護	-3.000000	chiaki-synthetic-overlay,reviewed,gpt-5.5-synthetic,synthetic-taiwan-daily-usage
g:a\	官等	-3.000000	chiaki-synthetic-overlay,reviewed,gpt-5.5-synthetic,synthetic-taiwan-daily-usage
g:f<IX	官將首	-2.400841	chiaki-synthetic-overlay,reviewed,gpt-5.5-synthetic,synthetic-taiwan-internet-usage
g:r\	關穎	-1.343190	chiaki-synthetic-overlay,reviewed,gpt-5.5-synthetic,synthetic-taiwan-internet-usage
g:~\CE	觀景臺	-3.100000	chiaki-synthetic-overlay,reviewed,gpt-5.5-synthetic,synthetic-taiwan-daily-usage
g<cV	鏹水	-3.000000	chiaki-synthetic-overlay,reviewed,gpt-5.5-synthetic,synthetic-taiwan-daily-usage
gI3g2_N@	談笑自如	-3.200000	chiaki-synthetic-overlay,reviewed,gpt-5.5-synthetic,synthetic-taiwan-daily-usage
gI?iLd	談戀愛	-3.100000	chiaki-synthetic-overlay,reviewed,gpt-5.5-synthetic,synthetic-taiwan-daily-usage
gIB@R@	彈塗魚	-3.100000	chiaki-synthetic-overlay,reviewed,gpt-5.5-synthetic,synthetic-taiwan-daily-usage
gICk	彈唱	-3.000000	chiaki-synthetic-overlay,reviewed,gpt-5.5-synthetic,synthetic-taiwan-daily-usage
gI[LXV	彈簧腿	-3.100000	chiaki-synthetic-overlay,reviewed,gpt-5.5-synthetic,synthetic-taiwan-daily-usage
gI^=dn	談生意	-3.100000	chiaki-synthetic-overlay,reviewed,gpt-5.5-synthetic,synthetic-taiwan-daily-usage
gI_`=f	談話會	-3.100000	chiaki-synthetic-overlay,reviewed,gpt-5.5-synthetic,synthetic-taiwan-daily-usage
gI`l3>p?	彈性工時	-3.200000	chiaki-synthetic-overlay,reviewed,gpt-5.5-synthetic,synthetic-taiwan-daily-usage
gI`l7kJ`	彈性放假	-3.200000	chiaki-synthetic-overlay,reviewed,gpt-5.5-synthetic,synthetic-taiwan-daily-usage
gI`lDk3:	彈性上班	-3.200000	chiaki-synthetic-overlay,reviewed,gpt-5.5-synthetic,synthetic-taiwan-daily-usage
gIs?	彈詞	-3.000000	chiaki-synthetic-overlay,reviewed,gpt-5.5-synthetic,synthetic-taiwan-daily-usage
ga2@	擴及	-3.000000	chiaki-synthetic-overlay,reviewed,gpt-5.5-synthetic,synthetic-taiwan-daily-usage
gcEi	解縣	-3.000000	chiaki-synthetic-overlay,reviewed,gpt-5.5-synthetic,synthetic-taiwan-daily-usage
gc];7i	謝金燕	-2.394222	chiaki-synthetic-overlay,reviewed,gpt-5.5-synthetic,synthetic-taiwan-internet-usage
gc_;	謝忻	-2.080709	chiaki-synthetic-overlay,reviewed,gpt-5.5-synthetic,synthetic-taiwan-internet-usage
gcs?	謝辭	-3.000000	chiaki-synthetic-overlay,reviewed,gpt-5.5-synthetic,synthetic-taiwan-daily-usage
gcvf	謝票	-3.000000	chiaki-synthetic-overlay,reviewed,gpt-5.5-synthetic,synthetic-taiwan-daily-usage
gf6T	告解	-3.000000	chiaki-synthetic-overlay,reviewed,gpt-5.5-synthetic,synthetic-taiwan-daily-usage
gj2@	瞬即	-3.000000	chiaki-synthetic-overlay,reviewed,gpt-5.5-synthetic,synthetic-taiwan-daily-usage
gjLb0_LbcVB_	瞬熱式熱水器	-2.0000	chiaki-synthetic-overlay,reviewed,manual-taiwan-appliance
gjQ=`_lj	順豐速運	-2.402815	chiaki-synthetic-overlay,reviewed,gpt-5.5-synthetic,synthetic-taiwan-internet-usage
gj`l	順性	-3.000000	chiaki-synthetic-overlay,reviewed,gpt-5.5-synthetic,synthetic-taiwan-daily-usage
h5^=vh4@	咳聲嘆息	-3.200000	chiaki-synthetic-overlay,reviewed,gpt-5.5-synthetic,synthetic-taiwan-daily-usage
h60iQG	披戰袍	-2.189969	chiaki-synthetic-overlay,reviewed,single-char-collocation
h6=X~L	披斗篷	-2.189969	chiaki-synthetic-overlay,reviewed,single-char-collocation
h6H0Q=	披披風	-2.189969	chiaki-synthetic-overlay,reviewed,single-char-collocation
h6Q=F0	披風衣	-2.189969	chiaki-synthetic-overlay,reviewed,single-char-collocation
h6[1J1	披袈裟	-2.189969	chiaki-synthetic-overlay,reviewed,single-char-collocation
h6^HJ1	披頭紗	-2.189969	chiaki-synthetic-overlay,reviewed,single-char-collocation
h6a_];	披浴巾	-2.189969	chiaki-synthetic-overlay,reviewed,single-char-collocation
h6zI~V	披棉襖	-2.189969	chiaki-synthetic-overlay,reviewed,single-char-collocation
h:3KwKzj	寬頻房訊	-2.401299	chiaki-synthetic-overlay,reviewed,gpt-5.5-synthetic,synthetic-taiwan-internet-usage
h:CMN_<i0_	寬螢幕電視	-3.450000	chiaki-synthetic-overlay,reviewed,gpt-5.5-synthetic,synthetic-taiwan-daily-usage
h:dMxgvf	寬宏售票	-2.372873	chiaki-synthetic-overlay,reviewed,gpt-5.5-synthetic,synthetic-taiwan-internet-usage
h:m0	寬舒	-3.000000	chiaki-synthetic-overlay,reviewed,gpt-5.5-synthetic,synthetic-taiwan-daily-usage
h<0\i[n?	箱網養殖	-3.200000	chiaki-synthetic-overlay,reviewed,gpt-5.5-synthetic,synthetic-taiwan-daily-usage
h<:euhx7	香帥蛋糕	-2.395066	chiaki-synthetic-overlay,reviewed,gpt-5.5-synthetic,synthetic-taiwan-internet-usage
h<?i	相戀	-3.000000	chiaki-synthetic-overlay,reviewed,gpt-5.5-synthetic,synthetic-taiwan-daily-usage
h<B8RdRd	香蕉太太	-1.726755	chiaki-synthetic-overlay,reviewed,gpt-5.5-synthetic,synthetic-taiwan-internet-usage
h<CM	湘瑩	-1.428041	chiaki-synthetic-overlay,reviewed,gpt-5.5-synthetic,synthetic-taiwan-internet-usage
h<ZO3>~n	箱底功夫	-3.200000	chiaki-synthetic-overlay,reviewed,gpt-5.5-synthetic,synthetic-taiwan-daily-usage
h<\[R0c[	香港機場	-1.010602	chiaki-synthetic-overlay,reviewed,gpt-5.5-synthetic,synthetic-taiwan-internet-usage
h<cVNXA@	香水有毒	-1.824097	chiaki-synthetic-overlay,reviewed,gpt-5.5-synthetic,synthetic-taiwan-internet-usage
h<lg`_	香豆素	-2.398086	chiaki-synthetic-overlay,reviewed,gpt-5.5-synthetic,synthetic-taiwan-internet-usage
h<rA	相搏	-3.000000	chiaki-synthetic-overlay,reviewed,gpt-5.5-synthetic,synthetic-taiwan-daily-usage
h<x\	相挺	-3.000000	chiaki-synthetic-overlay,reviewed,gpt-5.5-synthetic,synthetic-taiwan-daily-usage
h<{h	香汗	-3.000000	chiaki-synthetic-overlay,reviewed,gpt-5.5-synthetic,synthetic-taiwan-daily-usage
h=0Th=	釘鐵釘	-2.076385	chiaki-synthetic-overlay,reviewed,single-char-collocation
h=EW	叮咬	-3.000000	chiaki-synthetic-overlay,reviewed,gpt-5.5-synthetic,synthetic-taiwan-daily-usage
h=h=tf^@	丁丁藥局	-1.987293	chiaki-synthetic-overlay,reviewed,gpt-5.5-synthetic,synthetic-taiwan-internet-usage
h=j@	釘耙	-3.000000	chiaki-synthetic-overlay,reviewed,gpt-5.5-synthetic,synthetic-taiwan-daily-usage
h=|JwKIX	盯人防守	-3.200000	chiaki-synthetic-overlay,reviewed,gpt-5.5-synthetic,synthetic-taiwan-daily-usage
hHL@L_3E	躊躇不決	-3.200000	chiaki-synthetic-overlay,reviewed,gpt-5.5-synthetic,synthetic-taiwan-daily-usage
hHR;	酬賓	-3.000000	chiaki-synthetic-overlay,reviewed,gpt-5.5-synthetic,synthetic-taiwan-daily-usage
hH[H	綢繆	-3.000000	chiaki-synthetic-overlay,reviewed,gpt-5.5-synthetic,synthetic-taiwan-daily-usage
hI0=	男裝	-1.037423	chiaki-synthetic-overlay,reviewed,benchmark-miss-rerank,domain-term
hI>`U3A_	南亞科技	-1.442402	chiaki-synthetic-overlay,reviewed,gpt-5.5-synthetic,synthetic-taiwan-internet-usage
hIF0	南一	-1.847152	chiaki-synthetic-overlay,reviewed,gpt-5.5-synthetic,synthetic-taiwan-internet-usage
hIF0m0^@	南一書局	-2.404034	chiaki-synthetic-overlay,reviewed,gpt-5.5-synthetic,synthetic-taiwan-internet-usage
hIROx79>	楠梓高中	-1.126249	chiaki-synthetic-overlay,reviewed,gpt-5.5-synthetic,synthetic-taiwan-internet-usage
hI\[x73>	南港高工	-1.659408	chiaki-synthetic-overlay,reviewed,gpt-5.5-synthetic,synthetic-taiwan-internet-usage
hI^HDblj	南投客運	-1.497040	chiaki-synthetic-overlay,reviewed,gpt-5.5-synthetic,synthetic-taiwan-internet-usage
hIaJ	男權	-3.000000	chiaki-synthetic-overlay,reviewed,gpt-5.5-synthetic,synthetic-taiwan-daily-usage
ha5_yUdY	獲益匪淺	-3.200000	chiaki-synthetic-overlay,reviewed,gpt-5.5-synthetic,synthetic-taiwan-daily-usage
ha6_0_c[	貨幣市場	-3.200000	chiaki-synthetic-overlay,reviewed,gpt-5.5-synthetic,synthetic-taiwan-daily-usage
haT0|?	和稀泥	-3.100000	chiaki-synthetic-overlay,reviewed,gpt-5.5-synthetic,synthetic-taiwan-daily-usage
haT5	或缺	-3.000000	chiaki-synthetic-overlay,reviewed,gpt-5.5-synthetic,synthetic-taiwan-daily-usage
hjzB	潤娥	-2.405826	chiaki-synthetic-overlay,reviewed,gpt-5.5-synthetic,synthetic-taiwan-internet-usage
hk8k	逛蕩	-3.000000	chiaki-synthetic-overlay,reviewed,gpt-5.5-synthetic,synthetic-taiwan-daily-usage
hleG	甕窯	-3.000000	chiaki-synthetic-overlay,reviewed,gpt-5.5-synthetic,synthetic-taiwan-daily-usage
i:BbNd	歡樂派	-2.033489	chiaki-synthetic-overlay,reviewed,gpt-5.5-synthetic,synthetic-taiwan-internet-usage
i:RO	歡子	-2.433644	chiaki-synthetic-overlay,reviewed,gpt-5.5-synthetic,synthetic-taiwan-internet-usage
i:_l	歡慶	-3.000000	chiaki-synthetic-overlay,reviewed,gpt-5.5-synthetic,synthetic-taiwan-daily-usage
i=Kl	聽證	-3.000000	chiaki-synthetic-overlay,reviewed,gpt-5.5-synthetic,synthetic-taiwan-daily-usage
i@0C^HhH	拔得頭籌	-3.200000	chiaki-synthetic-overlay,reviewed,gpt-5.5-synthetic,synthetic-taiwan-daily-usage
i@T:	拔尖	-3.000000	chiaki-synthetic-overlay,reviewed,gpt-5.5-synthetic,synthetic-taiwan-daily-usage
iH2P	熟語	-3.000000	chiaki-synthetic-overlay,reviewed,gpt-5.5-synthetic,synthetic-taiwan-daily-usage
iI4C	藍格	-2.442834	chiaki-synthetic-overlay,reviewed,gpt-5.5-synthetic,synthetic-taiwan-internet-usage
iI4C@jv1	藍格印刷	-2.955399	chiaki-synthetic-overlay,reviewed,gpt-5.5-synthetic,synthetic-taiwan-internet-usage
iI:LEMTJ	蘭陽平原	-3.200000	chiaki-synthetic-overlay,reviewed,gpt-5.5-synthetic,synthetic-taiwan-daily-usage
iIL`G:HW9>	籃下三秒鐘	-3.450000	chiaki-synthetic-overlay,reviewed,gpt-5.5-synthetic,synthetic-taiwan-daily-usage
iIN_	欄目	-3.000000	chiaki-synthetic-overlay,reviewed,gpt-5.5-synthetic,synthetic-taiwan-daily-usage
iITJ	蘭園	-3.000000	chiaki-synthetic-overlay,reviewed,gpt-5.5-synthetic,synthetic-taiwan-daily-usage
iI}gp?	藍又時	-2.399249	chiaki-synthetic-overlay,reviewed,gpt-5.5-synthetic,synthetic-taiwan-internet-usage
iM_`	重畫	-1.650000	chiaki-synthetic-overlay,reviewed,manual,polyphone-fix
iM}g	崇右	-1.839885	chiaki-synthetic-overlay,reviewed,gpt-5.5-synthetic,synthetic-taiwan-internet-usage
iRdM	赭紅	-3.000000	chiaki-synthetic-overlay,reviewed,gpt-5.5-synthetic,synthetic-taiwan-daily-usage
i[O]	仰泳	-3.000000	chiaki-synthetic-overlay,reviewed,gpt-5.5-synthetic,synthetic-taiwan-daily-usage
i[tf	仰藥	-3.000000	chiaki-synthetic-overlay,reviewed,gpt-5.5-synthetic,synthetic-taiwan-daily-usage
i_0_ec	綠世界	-1.870574	chiaki-synthetic-overlay,reviewed,gpt-5.5-synthetic,synthetic-taiwan-internet-usage
i_<hWY	綠繡眼	-2.397311	chiaki-synthetic-overlay,reviewed,gpt-5.5-synthetic,synthetic-taiwan-internet-usage
i_C1j6H1	濾咖啡渣	-2.531736	chiaki-synthetic-overlay,reviewed,single-char-collocation
i_ObKP[3	綠色馬車	-1.703740	chiaki-synthetic-overlay,reviewed,gpt-5.5-synthetic,synthetic-taiwan-internet-usage
i_Ud	綠蓋	-2.401982	chiaki-synthetic-overlay,reviewed,gpt-5.5-synthetic,synthetic-taiwan-internet-usage
i_Udx@	綠蓋茶	-2.405646	chiaki-synthetic-overlay,reviewed,gpt-5.5-synthetic,synthetic-taiwan-internet-usage
i__;	濾心	-3.000000	chiaki-synthetic-overlay,reviewed,gpt-5.5-synthetic,synthetic-taiwan-daily-usage
i_cVG@	濾水壺	-1.901032	chiaki-synthetic-overlay,reviewed,single-char-collocation
i_ml	律動	-3.000000	chiaki-synthetic-overlay,reviewed,gpt-5.5-synthetic,synthetic-taiwan-daily-usage
i_ml1g5E	律動教學	-3.200000	chiaki-synthetic-overlay,reviewed,gpt-5.5-synthetic,synthetic-taiwan-daily-usage
i_mlJY	律動感	-3.100000	chiaki-synthetic-overlay,reviewed,gpt-5.5-synthetic,synthetic-taiwan-daily-usage
i_y<P;9K	綠光森林	-2.730531	chiaki-synthetic-overlay,reviewed,gpt-5.5-synthetic,synthetic-taiwan-internet-usage
i_y<^l	濾光鏡	-3.100000	chiaki-synthetic-overlay,reviewed,gpt-5.5-synthetic,synthetic-taiwan-daily-usage
i_{@n?	濾雜質	-1.901032	chiaki-synthetic-overlay,reviewed,single-char-collocation
i_|J	綠人	-3.000000	chiaki-synthetic-overlay,reviewed,gpt-5.5-synthetic,synthetic-taiwan-daily-usage
i_}?	綠籬	-3.000000	chiaki-synthetic-overlay,reviewed,gpt-5.5-synthetic,synthetic-taiwan-daily-usage
if3_	號次	-3.000000	chiaki-synthetic-overlay,reviewed,gpt-5.5-synthetic,synthetic-taiwan-daily-usage
if5Em:2@	好學專輯	-3.200000	chiaki-synthetic-overlay,reviewed,gpt-5.5-synthetic,synthetic-taiwan-daily-usage
ifN:	昊天	-3.000000	chiaki-synthetic-overlay,reviewed,gpt-5.5-synthetic,synthetic-taiwan-daily-usage
ifN:0\2@	昊天罔極	-3.200000	chiaki-synthetic-overlay,reviewed,gpt-5.5-synthetic,synthetic-taiwan-daily-usage
ifO]lgUZ	好勇鬥狠	-3.200000	chiaki-synthetic-overlay,reviewed,gpt-5.5-synthetic,synthetic-taiwan-daily-usage
ifQWHLbO	浩角翔起	-2.405158	chiaki-synthetic-overlay,reviewed,gpt-5.5-synthetic,synthetic-taiwan-internet-usage
if^=?00C	好生之德	-3.200000	chiaki-synthetic-overlay,reviewed,gpt-5.5-synthetic,synthetic-taiwan-daily-usage
iktO	曠古	-3.000000	chiaki-synthetic-overlay,reviewed,gpt-5.5-synthetic,synthetic-taiwan-daily-usage
j643	飛梭	-3.000000	chiaki-synthetic-overlay,reviewed,gpt-5.5-synthetic,synthetic-taiwan-daily-usage
j64CI]K_	飛格寵物	-2.401136	chiaki-synthetic-overlay,reviewed,gpt-5.5-synthetic,synthetic-taiwan-internet-usage
j66CkO01	非核武區	-3.200000	chiaki-synthetic-overlay,reviewed,gpt-5.5-synthetic,synthetic-taiwan-daily-usage
j689lZ	非洲菫	-3.100000	chiaki-synthetic-overlay,reviewed,gpt-5.5-synthetic,synthetic-taiwan-daily-usage
j69898	飛喵喵	-2.397188	chiaki-synthetic-overlay,reviewed,gpt-5.5-synthetic,synthetic-taiwan-internet-usage
j6OD<iCE	飛碟電台	-1.563899	chiaki-synthetic-overlay,reviewed,gpt-5.5-synthetic,synthetic-taiwan-internet-usage
j6OKof~I	飛輪少年	-1.949201	chiaki-synthetic-overlay,reviewed,gpt-5.5-synthetic,synthetic-taiwan-internet-usage
j6QMVY	飛行傘	-2.065003	chiaki-synthetic-overlay,reviewed,gpt-5.5-synthetic,synthetic-taiwan-internet-usage
j6eI_;GK	非凡新聞	-1.288715	chiaki-synthetic-overlay,reviewed,gpt-5.5-synthetic,synthetic-taiwan-internet-usage
j6uHN_c[	飛牛牧場	-2.403749	chiaki-synthetic-overlay,reviewed,gpt-5.5-synthetic,synthetic-taiwan-internet-usage
j6|J	飛人	-3.000000	chiaki-synthetic-overlay,reviewed,gpt-5.5-synthetic,synthetic-taiwan-daily-usage
j@4Can	爬格子	-3.100000	chiaki-synthetic-overlay,reviewed,gpt-5.5-synthetic,synthetic-taiwan-daily-usage
j@A1	扒拉	-3.000000	chiaki-synthetic-overlay,reviewed,gpt-5.5-synthetic,synthetic-taiwan-daily-usage
jH:iDJ	揉麵團	-1.938045	chiaki-synthetic-overlay,reviewed,single-char-collocation
jHPMMiU:	柔情萬千	-3.200000	chiaki-synthetic-overlay,reviewed,gpt-5.5-synthetic,synthetic-taiwan-daily-usage
jK5_Klpi	群益證券	-2.396496	chiaki-synthetic-overlay,reviewed,gpt-5.5-synthetic,synthetic-taiwan-internet-usage
jKOK	群倫	-3.000000	chiaki-synthetic-overlay,reviewed,gpt-5.5-synthetic,synthetic-taiwan-daily-usage
jKbO3>?0	群起攻之	-3.200000	chiaki-synthetic-overlay,reviewed,gpt-5.5-synthetic,synthetic-taiwan-daily-usage
jRL_p=	扯不清	-3.100000	chiaki-synthetic-overlay,reviewed,gpt-5.5-synthetic,synthetic-taiwan-daily-usage
jjCW_;	寸草心	-3.100000	chiaki-synthetic-overlay,reviewed,gpt-5.5-synthetic,synthetic-taiwan-daily-usage
k05E8M	朱學恆	-3.254105	chiaki-synthetic-overlay,reviewed,gpt-5.5-synthetic,synthetic-taiwan-internet-usage
k0=_^l	朱俐靜	-2.404635	chiaki-synthetic-overlay,reviewed,gpt-5.5-synthetic,synthetic-taiwan-internet-usage
k0Ib	藷蔗	-3.000000	chiaki-synthetic-overlay,reviewed,gpt-5.5-synthetic,synthetic-taiwan-daily-usage
k0T3Qk	豬哥亮	-2.569324	chiaki-synthetic-overlay,reviewed,gpt-5.5-synthetic,synthetic-taiwan-internet-usage
k0WKifOO	朱脣皓齒	-3.200000	chiaki-synthetic-overlay,reviewed,gpt-5.5-synthetic,synthetic-taiwan-daily-usage
k0^HJF	豬頭肥	-3.100000	chiaki-synthetic-overlay,reviewed,gpt-5.5-synthetic,synthetic-taiwan-daily-usage
k0c5	珠胎	-3.000000	chiaki-synthetic-overlay,reviewed,gpt-5.5-synthetic,synthetic-taiwan-daily-usage
k0cV	瀦水	-3.000000	chiaki-synthetic-overlay,reviewed,gpt-5.5-synthetic,synthetic-taiwan-daily-usage
k0lZ	朱槿	-3.000000	chiaki-synthetic-overlay,reviewed,gpt-5.5-synthetic,synthetic-taiwan-daily-usage
k4{f	憋尿	-3.000000	chiaki-synthetic-overlay,reviewed,gpt-5.5-synthetic,synthetic-taiwan-daily-usage
k@0`5_{;	麻辣一村	-3.616478	chiaki-synthetic-overlay,reviewed,gpt-5.5-synthetic,synthetic-taiwan-internet-usage
k@EftfbZ	麻醉藥品	-3.200000	chiaki-synthetic-overlay,reviewed,gpt-5.5-synthetic,synthetic-taiwan-daily-usage
k@F0WkLP	麻衣相法	-3.200000	chiaki-synthetic-overlay,reviewed,gpt-5.5-synthetic,synthetic-taiwan-daily-usage
k@L_x@wK	麻布茶房	-2.399578	chiaki-synthetic-overlay,reviewed,gpt-5.5-synthetic,synthetic-taiwan-internet-usage
kG];	條金	-3.000000	chiaki-synthetic-overlay,reviewed,gpt-5.5-synthetic,synthetic-taiwan-daily-usage
kK6C	洵河	-3.000000	chiaki-synthetic-overlay,reviewed,gpt-5.5-synthetic,synthetic-taiwan-daily-usage
kK>WDY6d	尋找滿月	-1.800192	chiaki-synthetic-overlay,reviewed,gpt-5.5-synthetic,synthetic-taiwan-internet-usage
kKEi	循線	-3.000000	chiaki-synthetic-overlay,reviewed,gpt-5.5-synthetic,synthetic-taiwan-daily-usage
kKIJ2i	循環扇	-1.7000	chiaki-synthetic-overlay,reviewed,manual-taiwan-appliance
kKNd	荀派	-3.000000	chiaki-synthetic-overlay,reviewed,gpt-5.5-synthetic,synthetic-taiwan-daily-usage
kKNj	尋釁	-3.000000	chiaki-synthetic-overlay,reviewed,gpt-5.5-synthetic,synthetic-taiwan-daily-usage
kKTO	尋死	-3.000000	chiaki-synthetic-overlay,reviewed,gpt-5.5-synthetic,synthetic-taiwan-daily-usage
kKW[	巡訪	-3.000000	chiaki-synthetic-overlay,reviewed,gpt-5.5-synthetic,synthetic-taiwan-daily-usage
kKhH	尋仇	-3.000000	chiaki-synthetic-overlay,reviewed,gpt-5.5-synthetic,synthetic-taiwan-daily-usage
kM6C=M	融合成	-1.45	chiaki-synthetic-overlay,manual,segmentation-fix
kM\Z=_	容忍力	-2.188394	chiaki-synthetic-overlay,reviewed,gpt-5.5-synthetic,synthetic-taiwan-internet-usage
kMa_5E2f	榮譽學位	-3.200000	chiaki-synthetic-overlay,reviewed,gpt-5.5-synthetic,synthetic-taiwan-daily-usage
kO0=Q=_f	武裝風暴	-1.802280	chiaki-synthetic-overlay,reviewed,gpt-5.5-synthetic,synthetic-taiwan-internet-usage
kO1g	武轎	-1.533363	chiaki-synthetic-overlay,reviewed,gpt-5.5-synthetic,synthetic-taiwan-internet-usage
kO7i	午宴	-3.000000	chiaki-synthetic-overlay,reviewed,gpt-5.5-synthetic,synthetic-taiwan-daily-usage
kO@@:PnH	五福旅遊	-1.123507	chiaki-synthetic-overlay,reviewed,gpt-5.5-synthetic,synthetic-taiwan-internet-usage
kOCMwf	五營廟	-2.401717	chiaki-synthetic-overlay,reviewed,gpt-5.5-synthetic,synthetic-taiwan-internet-usage
kOR0	舞姬	-1.853562	chiaki-synthetic-overlay,reviewed,gpt-5.5-synthetic,synthetic-taiwan-internet-usage
kOU<BX	摀傷口	-2.617668	chiaki-synthetic-overlay,reviewed,single-char-collocation
kO\_NO4W	武術指導	-3.200000	chiaki-synthetic-overlay,reviewed,gpt-5.5-synthetic,synthetic-taiwan-daily-usage
kOa_	五育	-3.000000	chiaki-synthetic-overlay,reviewed,gpt-5.5-synthetic,synthetic-taiwan-daily-usage
kOeV:1	摀嘴巴	-2.617668	chiaki-synthetic-overlay,reviewed,single-char-collocation
kOe]3R	摀耳朵	-2.617668	chiaki-synthetic-overlay,reviewed,single-char-collocation
kOmO	舞譜	-3.000000	chiaki-synthetic-overlay,reviewed,gpt-5.5-synthetic,synthetic-taiwan-daily-usage
kOp?Q;	五十音	-1.429119	chiaki-synthetic-overlay,reviewed,gpt-5.5-synthetic,synthetic-taiwan-internet-usage
kOr;	五葷	-3.000000	chiaki-synthetic-overlay,reviewed,gpt-5.5-synthetic,synthetic-taiwan-daily-usage
kO|_Ck9i	五大唱片	-1.376292	chiaki-synthetic-overlay,reviewed,gpt-5.5-synthetic,synthetic-taiwan-internet-usage
l04@FM7:	出席名單	-1.4500	chiaki-synthetic-overlay,reviewed,manual-office
l0EE:i7f	出來面對	-1.063570	chiaki-synthetic-overlay,reviewed,gpt-5.5-synthetic,synthetic-taiwan-internet-usage
l0F0S<eV	出一張嘴	-2.402249	chiaki-synthetic-overlay,reviewed,gpt-5.5-synthetic,synthetic-taiwan-internet-usage
l0M7	初虧	-3.000000	chiaki-synthetic-overlay,reviewed,gpt-5.5-synthetic,synthetic-taiwan-daily-usage
l0a_	出浴	-3.000000	chiaki-synthetic-overlay,reviewed,gpt-5.5-synthetic,synthetic-taiwan-daily-usage
l5q=	摘星	-3.000000	chiaki-synthetic-overlay,reviewed,gpt-5.5-synthetic,synthetic-taiwan-daily-usage
l;[L	燉煌	-3.000000	chiaki-synthetic-overlay,reviewed,gpt-5.5-synthetic,synthetic-taiwan-daily-usage
l;[Lm0^@	敦煌書局	-1.709675	chiaki-synthetic-overlay,reviewed,gpt-5.5-synthetic,synthetic-taiwan-internet-usage
l;bZ=_5E	敦品勵學	-3.200000	chiaki-synthetic-overlay,reviewed,gpt-5.5-synthetic,synthetic-taiwan-daily-usage
l;oO	蹲俯	-3.000000	chiaki-synthetic-overlay,reviewed,gpt-5.5-synthetic,synthetic-taiwan-daily-usage
lI0]	函請	-3.000000	chiaki-synthetic-overlay,reviewed,gpt-5.5-synthetic,synthetic-taiwan-daily-usage
lI3gk0	韓孝珠	-2.402949	chiaki-synthetic-overlay,reviewed,gpt-5.5-synthetic,synthetic-taiwan-internet-usage
lI6_`H	涵碧樓	-2.403202	chiaki-synthetic-overlay,reviewed,gpt-5.5-synthetic,synthetic-taiwan-internet-usage
lI7:Ei	邯鄲縣	-3.100000	chiaki-synthetic-overlay,reviewed,gpt-5.5-synthetic,synthetic-taiwan-daily-usage
lIF0j6	韓一菲	-2.405785	chiaki-synthetic-overlay,reviewed,gpt-5.5-synthetic,synthetic-taiwan-internet-usage
lIO_	函復	-1.6000	chiaki-synthetic-overlay,reviewed,manual-official-document
lIR@	韓瑜	-1.848073	chiaki-synthetic-overlay,reviewed,gpt-5.5-synthetic,synthetic-taiwan-internet-usage
lIWBDJ[O	韓國團體	-1.039325	chiaki-synthetic-overlay,reviewed,gpt-5.5-synthetic,synthetic-taiwan-internet-usage
lIg6\Z]e	含悲忍淚	-3.200000	chiaki-synthetic-overlay,reviewed,gpt-5.5-synthetic,synthetic-taiwan-daily-usage
lIn1	含括	-3.000000	chiaki-synthetic-overlay,reviewed,gpt-5.5-synthetic,synthetic-taiwan-daily-usage
lI|Y	函轉	-1.7000	chiaki-synthetic-overlay,reviewed,manual-official-document
lJp1	盆花	-3.000000	chiaki-synthetic-overlay,reviewed,gpt-5.5-synthetic,synthetic-taiwan-daily-usage
lOB_	補葺	-3.000000	chiaki-synthetic-overlay,reviewed,gpt-5.5-synthetic,synthetic-taiwan-daily-usage
lOCi	補件	-1.2500	chiaki-synthetic-overlay,reviewed,manual-taiwan-daily
lR|J0JLd	惹人憐愛	-3.200000	chiaki-synthetic-overlay,reviewed,gpt-5.5-synthetic,synthetic-taiwan-daily-usage
lZ3ah=|J	緊迫盯人	-3.200000	chiaki-synthetic-overlay,reviewed,gpt-5.5-synthetic,synthetic-taiwan-daily-usage
lZA_	緊記	-3.000000	chiaki-synthetic-overlay,reviewed,gpt-5.5-synthetic,synthetic-taiwan-daily-usage
lZR7	緊追	-3.000000	chiaki-synthetic-overlay,reviewed,gpt-5.5-synthetic,synthetic-taiwan-daily-usage
lZR@	瑾瑜	-3.000000	chiaki-synthetic-overlay,reviewed,gpt-5.5-synthetic,synthetic-taiwan-daily-usage
lZwI	謹言	-3.000000	chiaki-synthetic-overlay,reviewed,gpt-5.5-synthetic,synthetic-taiwan-daily-usage
lg3aX<M>	鬥破蒼穹	-2.403771	chiaki-synthetic-overlay,reviewed,gpt-5.5-synthetic,synthetic-taiwan-internet-usage
lg;:	豆干	-3.000000	chiaki-synthetic-overlay,reviewed,gpt-5.5-synthetic,synthetic-taiwan-daily-usage
lgf<R0	豆漿機	-1.7000	chiaki-synthetic-overlay,reviewed,manual-taiwan-appliance
lglgV:^=	豆豆先生	-1.412716	chiaki-synthetic-overlay,reviewed,gpt-5.5-synthetic,synthetic-taiwan-internet-usage
lguH9j	鬥牛陣	-3.100000	chiaki-synthetic-overlay,reviewed,gpt-5.5-synthetic,synthetic-taiwan-daily-usage
lg}^x7sK	鬥志高昂	-3.200000	chiaki-synthetic-overlay,reviewed,gpt-5.5-synthetic,synthetic-taiwan-daily-usage
lj1U	運彩	-2.520450	chiaki-synthetic-overlay,reviewed,gpt-5.5-synthetic,synthetic-taiwan-internet-usage
lji_[O48	韻律體操	-3.200000	chiaki-synthetic-overlay,reviewed,gpt-5.5-synthetic,synthetic-taiwan-daily-usage
ljml1U	運動彩	-1.609532	chiaki-synthetic-overlay,reviewed,gpt-5.5-synthetic,synthetic-taiwan-internet-usage
ljml1Upi	運動彩券	-1.712077	chiaki-synthetic-overlay,reviewed,gpt-5.5-synthetic,synthetic-taiwan-internet-usage
ljmlU<Wd	運動傷害	-3.200000	chiaki-synthetic-overlay,reviewed,gpt-5.5-synthetic,synthetic-taiwan-daily-usage
m07k	抒放	-3.000000	chiaki-synthetic-overlay,reviewed,gpt-5.5-synthetic,synthetic-taiwan-daily-usage
m08T	抒寫	-3.000000	chiaki-synthetic-overlay,reviewed,gpt-5.5-synthetic,synthetic-taiwan-daily-usage
m0A\	舒爽	-3.000000	chiaki-synthetic-overlay,reviewed,gpt-5.5-synthetic,synthetic-taiwan-daily-usage
m0]_@PdR}^	輸入許可制	-3.450000	chiaki-synthetic-overlay,reviewed,gpt-5.5-synthetic,synthetic-taiwan-daily-usage
m0ga	疏闊	-3.000000	chiaki-synthetic-overlay,reviewed,gpt-5.5-synthetic,synthetic-taiwan-daily-usage
m0}?JY	疏離感	-3.100000	chiaki-synthetic-overlay,reviewed,gpt-5.5-synthetic,synthetic-taiwan-daily-usage
m5wY=_i_	拆款利率	-3.200000	chiaki-synthetic-overlay,reviewed,gpt-5.5-synthetic,synthetic-taiwan-daily-usage
m5~7	拆招	-3.000000	chiaki-synthetic-overlay,reviewed,gpt-5.5-synthetic,synthetic-taiwan-daily-usage
m;0_q=4>	吞噬星空	-2.186044	chiaki-synthetic-overlay,reviewed,gpt-5.5-synthetic,synthetic-taiwan-internet-usage
m;89?0R@	吞舟之魚	-3.200000	chiaki-synthetic-overlay,reviewed,gpt-5.5-synthetic,synthetic-taiwan-daily-usage
m@aO	妲己	-3.000000	chiaki-synthetic-overlay,reviewed,gpt-5.5-synthetic,synthetic-taiwan-daily-usage
m@g:eYtf	達官顯要	-3.200000	chiaki-synthetic-overlay,reviewed,gpt-5.5-synthetic,synthetic-taiwan-daily-usage
m@phoi	答案卷	-3.100000	chiaki-synthetic-overlay,reviewed,gpt-5.5-synthetic,synthetic-taiwan-daily-usage
m@xUBb	達美樂	-2.402912	chiaki-synthetic-overlay,reviewed,gpt-5.5-synthetic,synthetic-taiwan-internet-usage
m@xU~K4>	達美航空	-2.293692	chiaki-synthetic-overlay,reviewed,gpt-5.5-synthetic,synthetic-taiwan-internet-usage
mG=M	療程	-3.000000	chiaki-synthetic-overlay,reviewed,gpt-5.5-synthetic,synthetic-taiwan-daily-usage
mGFWjj_;	聊表寸心	-3.200000	chiaki-synthetic-overlay,reviewed,gpt-5.5-synthetic,synthetic-taiwan-daily-usage
mGH<	療方	-3.000000	chiaki-synthetic-overlay,reviewed,gpt-5.5-synthetic,synthetic-taiwan-daily-usage
mGa_	療癒	-3.000000	chiaki-synthetic-overlay,reviewed,gpt-5.5-synthetic,synthetic-taiwan-daily-usage
mMr\	從影	-3.000000	chiaki-synthetic-overlay,reviewed,gpt-5.5-synthetic,synthetic-taiwan-daily-usage
mO8i2@	普遍級	-3.100000	chiaki-synthetic-overlay,reviewed,gpt-5.5-synthetic,synthetic-taiwan-daily-usage
mT0Wh<	百寶箱	-3.100000	chiaki-synthetic-overlay,reviewed,gpt-5.5-synthetic,synthetic-taiwan-daily-usage
mT0_m@	百視達	-2.235651	chiaki-synthetic-overlay,reviewed,gpt-5.5-synthetic,synthetic-taiwan-internet-usage
mT6C=f	百合會	-2.149692	chiaki-synthetic-overlay,reviewed,gpt-5.5-synthetic,synthetic-taiwan-internet-usage
mT8:	擺攤	-3.000000	chiaki-synthetic-overlay,reviewed,gpt-5.5-synthetic,synthetic-taiwan-daily-usage
mT8k	擺盪	-3.000000	chiaki-synthetic-overlay,reviewed,gpt-5.5-synthetic,synthetic-taiwan-daily-usage
mTC00_	擺姿勢	-3.100000	chiaki-synthetic-overlay,reviewed,gpt-5.5-synthetic,synthetic-taiwan-daily-usage
mTC7:PnH	百威旅遊	-2.564181	chiaki-synthetic-overlay,reviewed,gpt-5.5-synthetic,synthetic-taiwan-internet-usage
mTL_EM	擺不平	-3.100000	chiaki-synthetic-overlay,reviewed,gpt-5.5-synthetic,synthetic-taiwan-daily-usage
mT]OcH	百里侯	-3.100000	chiaki-synthetic-overlay,reviewed,gpt-5.5-synthetic,synthetic-taiwan-daily-usage
mYL7	晚歸	-3.000000	chiaki-synthetic-overlay,reviewed,gpt-5.5-synthetic,synthetic-taiwan-daily-usage
mYc[	晚場	-3.000000	chiaki-synthetic-overlay,reviewed,gpt-5.5-synthetic,synthetic-taiwan-daily-usage
mYzB	輓額	-3.000000	chiaki-synthetic-overlay,reviewed,gpt-5.5-synthetic,synthetic-taiwan-daily-usage
mZ3>	寢宮	-3.000000	chiaki-synthetic-overlay,reviewed,gpt-5.5-synthetic,synthetic-taiwan-daily-usage
m_0TvY	鋸鐵管	-2.214122	chiaki-synthetic-overlay,reviewed,single-char-collocation
m_=f2i	具惠善	-2.108864	chiaki-synthetic-overlay,reviewed,gpt-5.5-synthetic,synthetic-taiwan-internet-usage
m_K@an	鋸竹子	-2.214122	chiaki-synthetic-overlay,reviewed,single-char-collocation
m_K_	聚晤	-3.000000	chiaki-synthetic-overlay,reviewed,gpt-5.5-synthetic,synthetic-taiwan-daily-usage
m_M<];	鋸鋼筋	-2.214122	chiaki-synthetic-overlay,reviewed,single-char-collocation
m_N_BY	鋸木板	-2.214122	chiaki-synthetic-overlay,reviewed,single-char-collocation
m_N_^H	鋸木頭	-2.214122	chiaki-synthetic-overlay,reviewed,single-char-collocation
m_QE	聚財	-3.000000	chiaki-synthetic-overlay,reviewed,gpt-5.5-synthetic,synthetic-taiwan-daily-usage
m_Uk:PnH	巨匠旅遊	-1.480755	chiaki-synthetic-overlay,reviewed,gpt-5.5-synthetic,synthetic-taiwan-internet-usage
m_Uk<i6W	巨匠電腦	-1.735905	chiaki-synthetic-overlay,reviewed,gpt-5.5-synthetic,synthetic-taiwan-internet-usage
m_X=	鉅亨	-2.402674	chiaki-synthetic-overlay,reviewed,gpt-5.5-synthetic,synthetic-taiwan-internet-usage
m_X=0\	鉅亨網	-2.402832	chiaki-synthetic-overlay,reviewed,gpt-5.5-synthetic,synthetic-taiwan-internet-usage
m_\_?0	鋸樹枝	-2.214122	chiaki-synthetic-overlay,reviewed,single-char-collocation
m_\_D;	鋸樹根	-2.214122	chiaki-synthetic-overlay,reviewed,single-char-collocation
m_\_yh	鋸樹幹	-2.214122	chiaki-synthetic-overlay,reviewed,single-char-collocation
m_^feY]Y	倨傲鮮腆	-3.200000	chiaki-synthetic-overlay,reviewed,gpt-5.5-synthetic,synthetic-taiwan-daily-usage
m__f	巨報	-1.193063	chiaki-synthetic-overlay,reviewed,gpt-5.5-synthetic,synthetic-taiwan-internet-usage
m_na	巨碩	-3.000000	chiaki-synthetic-overlay,reviewed,gpt-5.5-synthetic,synthetic-taiwan-daily-usage
m_pa	巨作	-3.000000	chiaki-synthetic-overlay,reviewed,gpt-5.5-synthetic,synthetic-taiwan-daily-usage
m_rY	鋸短	-2.214122	chiaki-synthetic-overlay,reviewed,single-char-collocation
m_sI	瞿然	-3.000000	chiaki-synthetic-overlay,reviewed,gpt-5.5-synthetic,synthetic-taiwan-daily-usage
m_wlC00_	聚眾滋事	-3.200000	chiaki-synthetic-overlay,reviewed,gpt-5.5-synthetic,synthetic-taiwan-daily-usage
m_z\	具領	-3.000000	chiaki-synthetic-overlay,reviewed,gpt-5.5-synthetic,synthetic-taiwan-daily-usage
m_~O	劇組	-3.000000	chiaki-synthetic-overlay,reviewed,gpt-5.5-synthetic,synthetic-taiwan-daily-usage
mf2PbO	趙宇綺	-2.405258	chiaki-synthetic-overlay,reviewed,gpt-5.5-synthetic,synthetic-taiwan-internet-usage
mfQ=`Mc[	兆豐農場	-3.030185	chiaki-synthetic-overlay,reviewed,gpt-5.5-synthetic,synthetic-taiwan-internet-usage
mgFM_`	透明化	-3.100000	chiaki-synthetic-overlay,reviewed,gpt-5.5-synthetic,synthetic-taiwan-daily-usage
mgFMwKzj	透明房訊	-2.179995	chiaki-synthetic-overlay,reviewed,gpt-5.5-synthetic,synthetic-taiwan-internet-usage
mgN:qa	透天厝	-3.100000	chiaki-synthetic-overlay,reviewed,gpt-5.5-synthetic,synthetic-taiwan-daily-usage
ml6_	凍斃	-3.000000	chiaki-synthetic-overlay,reviewed,gpt-5.5-synthetic,synthetic-taiwan-daily-usage
ml=_9R[3	動力火車	-1.404147	chiaki-synthetic-overlay,reviewed,gpt-5.5-synthetic,synthetic-taiwan-internet-usage
mlK@R0V:	洞燭機先	-3.200000	chiaki-synthetic-overlay,reviewed,gpt-5.5-synthetic,synthetic-taiwan-daily-usage
mlRds2	動太多	-1.15	chiaki-synthetic-overlay,reviewed,colloquial
mlSW	洞曉	-3.000000	chiaki-synthetic-overlay,reviewed,gpt-5.5-synthetic,synthetic-taiwan-daily-usage
mllI	凍寒	-3.000000	chiaki-synthetic-overlay,reviewed,gpt-5.5-synthetic,synthetic-taiwan-daily-usage
mlx@R0V:	洞察機先	-3.200000	chiaki-synthetic-overlay,reviewed,gpt-5.5-synthetic,synthetic-taiwan-daily-usage
n1QM	蝸行	-3.000000	chiaki-synthetic-overlay,reviewed,gpt-5.5-synthetic,synthetic-taiwan-daily-usage
n1R@9K	刮魚鱗	-2.172359	chiaki-synthetic-overlay,reviewed,single-char-collocation
n1[31=	刮車窗	-2.172359	chiaki-synthetic-overlay,reviewed,single-char-collocation
n1m07R	刮蔬果	-2.172359	chiaki-synthetic-overlay,reviewed,single-char-collocation
n1qf	呱噪	-3.000000	chiaki-synthetic-overlay,reviewed,gpt-5.5-synthetic,synthetic-taiwan-daily-usage
n1tOn_A@	刮骨去毒	-3.200000	chiaki-synthetic-overlay,reviewed,gpt-5.5-synthetic,synthetic-taiwan-daily-usage
n1w2:1	刮鍋巴	-2.172359	chiaki-synthetic-overlay,reviewed,single-char-collocation
n1|?pg	刮泥垢	-2.172359	chiaki-synthetic-overlay,reviewed,single-char-collocation
n:3@Kl	川崎症	-3.100000	chiaki-synthetic-overlay,reviewed,gpt-5.5-synthetic,synthetic-taiwan-daily-usage
n:ZX0WKM	川久保玲	-2.401485	chiaki-synthetic-overlay,reviewed,gpt-5.5-synthetic,synthetic-taiwan-internet-usage
n?5Jzj?i	職前訓練	-3.200000	chiaki-synthetic-overlay,reviewed,gpt-5.5-synthetic,synthetic-taiwan-daily-usage
n?QW	擲筊	-3.000000	chiaki-synthetic-overlay,reviewed,gpt-5.5-synthetic,synthetic-taiwan-daily-usage
n?R0	植基	-3.000000	chiaki-synthetic-overlay,reviewed,gpt-5.5-synthetic,synthetic-taiwan-daily-usage
n?`L	植床	-3.000000	chiaki-synthetic-overlay,reviewed,gpt-5.5-synthetic,synthetic-taiwan-daily-usage
n?a\	職等	-3.000000	chiaki-synthetic-overlay,reviewed,gpt-5.5-synthetic,synthetic-taiwan-daily-usage
n?{;<h	植村秀	-2.396706	chiaki-synthetic-overlay,reviewed,gpt-5.5-synthetic,synthetic-taiwan-internet-usage
nHC_0iA_	遊戲戰記	-1.758578	chiaki-synthetic-overlay,reviewed,gpt-5.5-synthetic,synthetic-taiwan-internet-usage
nHC_2;	遊戲圈	-1.830820	chiaki-synthetic-overlay,reviewed,gpt-5.5-synthetic,synthetic-taiwan-internet-usage
nHRdMKTZ01	猶太屯墾區	-3.450000	chiaki-synthetic-overlay,reviewed,gpt-5.5-synthetic,synthetic-taiwan-daily-usage
nHTJ	油源	-3.000000	chiaki-synthetic-overlay,reviewed,gpt-5.5-synthetic,synthetic-taiwan-daily-usage
nH[K	猶存	-3.000000	chiaki-synthetic-overlay,reviewed,gpt-5.5-synthetic,synthetic-taiwan-daily-usage
nH_d	猶在	-3.000000	chiaki-synthetic-overlay,reviewed,gpt-5.5-synthetic,synthetic-taiwan-daily-usage
nHzJ	游塵	-3.000000	chiaki-synthetic-overlay,reviewed,gpt-5.5-synthetic,synthetic-taiwan-daily-usage
nH}?vf	游離票	-3.100000	chiaki-synthetic-overlay,reviewed,gpt-5.5-synthetic,synthetic-taiwan-daily-usage
nH~K	油行	-3.000000	chiaki-synthetic-overlay,reviewed,gpt-5.5-synthetic,synthetic-taiwan-daily-usage
nTan[3	排子車	-3.100000	chiaki-synthetic-overlay,reviewed,gpt-5.5-synthetic,synthetic-taiwan-daily-usage
nap?vH];	爍石流金	-3.200000	chiaki-synthetic-overlay,reviewed,gpt-5.5-synthetic,synthetic-taiwan-daily-usage
nk2P	狀語	-3.000000	chiaki-synthetic-overlay,reviewed,gpt-5.5-synthetic,synthetic-taiwan-daily-usage
nk3a	撞破	-3.000000	chiaki-synthetic-overlay,reviewed,gpt-5.5-synthetic,synthetic-taiwan-daily-usage
nk^=s?	狀聲詞	-3.100000	chiaki-synthetic-overlay,reviewed,gpt-5.5-synthetic,synthetic-taiwan-daily-usage
nk^Hnk6W	戇頭戇腦	-3.200000	chiaki-synthetic-overlay,reviewed,gpt-5.5-synthetic,synthetic-taiwan-daily-usage
nkga	壯闊	-3.000000	chiaki-synthetic-overlay,reviewed,gpt-5.5-synthetic,synthetic-taiwan-daily-usage
nlnlSl	痛痛病	-3.100000	chiaki-synthetic-overlay,reviewed,gpt-5.5-synthetic,synthetic-taiwan-daily-usage
o7zS	凹癟	-3.000000	chiaki-synthetic-overlay,reviewed,gpt-5.5-synthetic,synthetic-taiwan-daily-usage
o:0T?i	拴鐵鍊	-2.715357	chiaki-synthetic-overlay,reviewed,single-char-collocation
o:>MCR	拴繩索	-2.715357	chiaki-synthetic-overlay,reviewed,single-char-collocation
o:KPH0	拴馬匹	-2.715357	chiaki-synthetic-overlay,reviewed,single-char-collocation
o:TO	拴死	-2.715357	chiaki-synthetic-overlay,reviewed,single-char-collocation
o:WG	拴牢	-2.715357	chiaki-synthetic-overlay,reviewed,single-char-collocation
o:^=BX	拴牲口	-2.715357	chiaki-synthetic-overlay,reviewed,single-char-collocation
o:f<>M	拴韁繩	-2.715357	chiaki-synthetic-overlay,reviewed,single-char-collocation
o:mJo:	拴門栓	-2.715357	chiaki-synthetic-overlay,reviewed,single-char-collocation
o=6C	涇河	-3.000000	chiaki-synthetic-overlay,reviewed,gpt-5.5-synthetic,synthetic-taiwan-daily-usage
o==M9>5E	精誠中學	-1.332736	chiaki-synthetic-overlay,reviewed,gpt-5.5-synthetic,synthetic-taiwan-internet-usage
o=MK	鯨豚	-3.000000	chiaki-synthetic-overlay,reviewed,gpt-5.5-synthetic,synthetic-taiwan-daily-usage
o=PA	晶華	-0.754330	chiaki-synthetic-overlay,reviewed,gpt-5.5-synthetic,synthetic-taiwan-internet-usage
o=c=}iRO	菁英分子	-3.200000	chiaki-synthetic-overlay,reviewed,gpt-5.5-synthetic,synthetic-taiwan-daily-usage
o?O_	馳赴	-3.000000	chiaki-synthetic-overlay,reviewed,gpt-5.5-synthetic,synthetic-taiwan-daily-usage
o?~l	持用	-3.000000	chiaki-synthetic-overlay,reviewed,gpt-5.5-synthetic,synthetic-taiwan-daily-usage
o@IX3EYB	拿手絕活	-3.200000	chiaki-synthetic-overlay,reviewed,gpt-5.5-synthetic,synthetic-taiwan-daily-usage
o@IX`d	拿手菜	-3.100000	chiaki-synthetic-overlay,reviewed,gpt-5.5-synthetic,synthetic-taiwan-daily-usage
o@g<o@yf	拿腔拿調	-3.200000	chiaki-synthetic-overlay,reviewed,gpt-5.5-synthetic,synthetic-taiwan-daily-usage
o@rG	拿喬	-3.000000	chiaki-synthetic-overlay,reviewed,gpt-5.5-synthetic,synthetic-taiwan-daily-usage
o@rG	拿翹	-3.000000	chiaki-synthetic-overlay,reviewed,gpt-5.5-synthetic,synthetic-taiwan-daily-usage
o@|_w\	拿大頂	-3.100000	chiaki-synthetic-overlay,reviewed,gpt-5.5-synthetic,synthetic-taiwan-daily-usage
oMoM	喁喁	-3.000000	chiaki-synthetic-overlay,reviewed,gpt-5.5-synthetic,synthetic-taiwan-daily-usage
oO4W2@	輔導級	-3.100000	chiaki-synthetic-overlay,reviewed,gpt-5.5-synthetic,synthetic-taiwan-daily-usage
oOCW	腐草	-3.000000	chiaki-synthetic-overlay,reviewed,gpt-5.5-synthetic,synthetic-taiwan-daily-usage
oOZO	府邸	-3.000000	chiaki-synthetic-overlay,reviewed,gpt-5.5-synthetic,synthetic-taiwan-daily-usage
oO_;2_Vj	撫心自問	-3.200000	chiaki-synthetic-overlay,reviewed,gpt-5.5-synthetic,synthetic-taiwan-daily-usage
oObG	斧鑿	-3.000000	chiaki-synthetic-overlay,reviewed,gpt-5.5-synthetic,synthetic-taiwan-daily-usage
oOc=	輔英	-2.396683	chiaki-synthetic-overlay,reviewed,gpt-5.5-synthetic,synthetic-taiwan-internet-usage
oOc=fcOO	拊膺切齒	-3.200000	chiaki-synthetic-overlay,reviewed,gpt-5.5-synthetic,synthetic-taiwan-daily-usage
oTA@IJk0	買櫝還珠	-3.200000	chiaki-synthetic-overlay,reviewed,gpt-5.5-synthetic,synthetic-taiwan-daily-usage
oT\0	買屋	-2.433226	chiaki-synthetic-overlay,reviewed,gpt-5.5-synthetic,synthetic-taiwan-internet-usage
o_FM	敘明	-3.000000	chiaki-synthetic-overlay,reviewed,gpt-5.5-synthetic,synthetic-taiwan-daily-usage
o_eI	絮煩	-3.000000	chiaki-synthetic-overlay,reviewed,gpt-5.5-synthetic,synthetic-taiwan-daily-usage
oaNX3@0_	若有其事	-3.200000	chiaki-synthetic-overlay,reviewed,gpt-5.5-synthetic,synthetic-taiwan-daily-usage
oaNXCRGK	若有所聞	-3.200000	chiaki-synthetic-overlay,reviewed,gpt-5.5-synthetic,synthetic-taiwan-daily-usage
of9KaJ	少林拳	-3.100000	chiaki-synthetic-overlay,reviewed,gpt-5.5-synthetic,synthetic-taiwan-daily-usage
of9PPMtE	少女情懷	-3.200000	chiaki-synthetic-overlay,reviewed,gpt-5.5-synthetic,synthetic-taiwan-daily-usage
ogac	漏列	-3.000000	chiaki-synthetic-overlay,reviewed,gpt-5.5-synthetic,synthetic-taiwan-daily-usage
ogmlmTl0	漏洞百出	-3.200000	chiaki-synthetic-overlay,reviewed,gpt-5.5-synthetic,synthetic-taiwan-daily-usage
oi0W	眷保	-3.000000	chiaki-synthetic-overlay,reviewed,gpt-5.5-synthetic,synthetic-taiwan-daily-usage
oi2P	雋語	-3.000000	chiaki-synthetic-overlay,reviewed,gpt-5.5-synthetic,synthetic-taiwan-daily-usage
oi@j	絹印	-3.000000	chiaki-synthetic-overlay,reviewed,gpt-5.5-synthetic,synthetic-taiwan-daily-usage
oiA\	雋爽	-3.000000	chiaki-synthetic-overlay,reviewed,gpt-5.5-synthetic,synthetic-taiwan-daily-usage
oi}g	眷佑	-3.000000	chiaki-synthetic-overlay,reviewed,gpt-5.5-synthetic,synthetic-taiwan-daily-usage
ok5_NO4W	創意指導	-3.200000	chiaki-synthetic-overlay,reviewed,gpt-5.5-synthetic,synthetic-taiwan-daily-usage
ol[3tO	弄車鼓	-3.100000	chiaki-synthetic-overlay,reviewed,gpt-5.5-synthetic,synthetic-taiwan-daily-usage
p1H<	花坊	-2.221319	chiaki-synthetic-overlay,reviewed,gpt-5.5-synthetic,synthetic-taiwan-internet-usage
p1TJYc0_	花園夜市	-1.572004	chiaki-synthetic-overlay,reviewed,gpt-5.5-synthetic,synthetic-taiwan-internet-usage
p4Ei1=BX	貼現窗口	-3.200000	chiaki-synthetic-overlay,reviewed,gpt-5.5-synthetic,synthetic-taiwan-daily-usage
p4GK	貼文	-3.000000	chiaki-synthetic-overlay,reviewed,gpt-5.5-synthetic,synthetic-taiwan-daily-usage
p4_`	貼畫	-3.000000	chiaki-synthetic-overlay,reviewed,gpt-5.5-synthetic,synthetic-taiwan-daily-usage
p77R;f	包裹櫃	-1.4500	chiaki-synthetic-overlay,reviewed,manual-taiwan-daily
p7O_	包覆	-3.000000	chiaki-synthetic-overlay,reviewed,gpt-5.5-synthetic,synthetic-taiwan-daily-usage
p<~==M	汪東城	-2.813314	chiaki-synthetic-overlay,reviewed,gpt-5.5-synthetic,synthetic-taiwan-internet-usage
p=6C	青禾	-1.359151	chiaki-synthetic-overlay,reviewed,gpt-5.5-synthetic,synthetic-taiwan-internet-usage
p==1	青發	-3.000000	chiaki-synthetic-overlay,reviewed,gpt-5.5-synthetic,synthetic-taiwan-daily-usage
p=Q;L_	輕音部	-2.404179	chiaki-synthetic-overlay,reviewed,gpt-5.5-synthetic,synthetic-taiwan-internet-usage
p=Q;of9P	輕音少女	-2.124042	chiaki-synthetic-overlay,reviewed,gpt-5.5-synthetic,synthetic-taiwan-internet-usage
p=WO	傾圮	-3.000000	chiaki-synthetic-overlay,reviewed,gpt-5.5-synthetic,synthetic-taiwan-daily-usage
p=X[[3	輕檔車	-2.401208	chiaki-synthetic-overlay,reviewed,gpt-5.5-synthetic,synthetic-taiwan-internet-usage
p=^lR0	清淨機	-1.7000	chiaki-synthetic-overlay,reviewed,manual-taiwan-appliance
p=_;@@aJ	清心福全	-2.403808	chiaki-synthetic-overlay,reviewed,gpt-5.5-synthetic,synthetic-taiwan-internet-usage
p=cY	輕簡	-3.000000	chiaki-synthetic-overlay,reviewed,gpt-5.5-synthetic,synthetic-taiwan-daily-usage
p=nk	青壯	-3.000000	chiaki-synthetic-overlay,reviewed,gpt-5.5-synthetic,synthetic-taiwan-daily-usage
p=ok=f	青創會	-2.405936	chiaki-synthetic-overlay,reviewed,gpt-5.5-synthetic,synthetic-taiwan-internet-usage
p=p=SW}M	青青小熊	-1.830454	chiaki-synthetic-overlay,reviewed,gpt-5.5-synthetic,synthetic-taiwan-internet-usage
p=~\>C	輕井澤	-2.404905	chiaki-synthetic-overlay,reviewed,gpt-5.5-synthetic,synthetic-taiwan-internet-usage
p?9RR0	食火雞	-3.100000	chiaki-synthetic-overlay,reviewed,gpt-5.5-synthetic,synthetic-taiwan-daily-usage
p?Dk>J[1	時尚玩家	-1.445193	chiaki-synthetic-overlay,reviewed,gpt-5.5-synthetic,synthetic-taiwan-internet-usage
p?Dk>J[1	食尚玩家	-1.450854	chiaki-synthetic-overlay,reviewed,gpt-5.5-synthetic,synthetic-taiwan-internet-usage
p?Em];m5	十二金釵	-2.004640	chiaki-synthetic-overlay,reviewed,gpt-5.5-synthetic,synthetic-taiwan-internet-usage
p?H<	石方	-3.000000	chiaki-synthetic-overlay,reviewed,gpt-5.5-synthetic,synthetic-taiwan-daily-usage
p?mG	食療	-3.000000	chiaki-synthetic-overlay,reviewed,gpt-5.5-synthetic,synthetic-taiwan-daily-usage
p?{JI<[1	食神當家	-2.641952	chiaki-synthetic-overlay,reviewed,gpt-5.5-synthetic,synthetic-taiwan-internet-usage
p?~IF0Db	十年一刻	-1.625772	chiaki-synthetic-overlay,reviewed,gpt-5.5-synthetic,synthetic-taiwan-internet-usage
pO>i	篤念	-3.000000	chiaki-synthetic-overlay,reviewed,gpt-5.5-synthetic,synthetic-taiwan-daily-usage
pa?l	做夢	-3.000000	chiaki-synthetic-overlay,reviewed,gpt-5.5-synthetic,synthetic-taiwan-daily-usage
paA_=M[3	坐計程車	-1.633211	chiaki-synthetic-overlay,reviewed,single-char-collocation
paBYAl	坐板凳	-1.633211	chiaki-synthetic-overlay,reviewed,single-char-collocation
paR0[3	坐機車	-1.633211	chiaki-synthetic-overlay,reviewed,single-char-collocation
paS0	做七	-3.000000	chiaki-synthetic-overlay,reviewed,gpt-5.5-synthetic,synthetic-taiwan-daily-usage
paVDlj	坐捷運	-1.633211	chiaki-synthetic-overlay,reviewed,single-char-collocation
paX<	座艙	-3.000000	chiaki-synthetic-overlay,reviewed,gpt-5.5-synthetic,synthetic-taiwan-daily-usage
pa_Y	做臉	-3.000000	chiaki-synthetic-overlay,reviewed,gpt-5.5-synthetic,synthetic-taiwan-daily-usage
pa`jhH=M	坐困愁城	-3.200000	chiaki-synthetic-overlay,reviewed,gpt-5.5-synthetic,synthetic-taiwan-daily-usage
paif	座號	-3.000000	chiaki-synthetic-overlay,reviewed,gpt-5.5-synthetic,synthetic-taiwan-daily-usage
pa|J{O0_	做人處事	-3.200000	chiaki-synthetic-overlay,reviewed,gpt-5.5-synthetic,synthetic-taiwan-daily-usage
pa~=cf	做東道	-3.100000	chiaki-synthetic-overlay,reviewed,gpt-5.5-synthetic,synthetic-taiwan-daily-usage
pfBLG:1_	繞梁三日	-3.200000	chiaki-synthetic-overlay,reviewed,gpt-5.5-synthetic,synthetic-taiwan-daily-usage
pf^l	繞境	-3.000000	chiaki-synthetic-overlay,reviewed,gpt-5.5-synthetic,synthetic-taiwan-daily-usage
pf^l	遶境	-3.000000	chiaki-synthetic-overlay,reviewed,gpt-5.5-synthetic,synthetic-taiwan-daily-usage
pg8k	句當	-3.000000	chiaki-synthetic-overlay,reviewed,gpt-5.5-synthetic,synthetic-taiwan-daily-usage
pgB8PM	夠交情	-3.100000	chiaki-synthetic-overlay,reviewed,gpt-5.5-synthetic,synthetic-taiwan-daily-usage
pgK_CE	購物台	-1.339393	chiaki-synthetic-overlay,reviewed,gpt-5.5-synthetic,synthetic-taiwan-internet-usage
ph3@<@2=	暗棋無雙	-2.400536	chiaki-synthetic-overlay,reviewed,gpt-5.5-synthetic,synthetic-taiwan-internet-usage
ph6C	暗合	-3.000000	chiaki-synthetic-overlay,reviewed,gpt-5.5-synthetic,synthetic-taiwan-daily-usage
phA@WGQM	案牘勞形	-3.200000	chiaki-synthetic-overlay,reviewed,gpt-5.5-synthetic,synthetic-taiwan-daily-usage
phh<	暗香	-3.000000	chiaki-synthetic-overlay,reviewed,gpt-5.5-synthetic,synthetic-taiwan-daily-usage
phr\	暗影	-3.000000	chiaki-synthetic-overlay,reviewed,gpt-5.5-synthetic,synthetic-taiwan-daily-usage
phtAUO	按摩椅	-1.5000	chiaki-synthetic-overlay,reviewed,manual-taiwan-appliance
phtAg<	按摩槍	-1.7000	chiaki-synthetic-overlay,reviewed,manual-taiwan-appliance
pi2iL7fa	勸善規過	-3.200000	chiaki-synthetic-overlay,reviewed,gpt-5.5-synthetic,synthetic-taiwan-daily-usage
q0p1cH	蘇花猴	-2.402701	chiaki-synthetic-overlay,reviewed,gpt-5.5-synthetic,synthetic-taiwan-internet-usage
q4:i|J	捏麵人	-3.100000	chiaki-synthetic-overlay,reviewed,gpt-5.5-synthetic,synthetic-taiwan-daily-usage
q4`_	捏塑	-3.000000	chiaki-synthetic-overlay,reviewed,gpt-5.5-synthetic,synthetic-taiwan-daily-usage
q4h6	捏坏	-3.000000	chiaki-synthetic-overlay,reviewed,gpt-5.5-synthetic,synthetic-taiwan-daily-usage
q6WYlglg	黑眼豆豆	-2.738995	chiaki-synthetic-overlay,reviewed,gpt-5.5-synthetic,synthetic-taiwan-internet-usage
q6r7LE2@8i	黑貓宅急便	-1.3500	chiaki-synthetic-overlay,reviewed,manual-taiwan-daily
q6|J^H	黑人頭	-2.169604	chiaki-synthetic-overlay,reviewed,gpt-5.5-synthetic,synthetic-taiwan-internet-usage
q7_d6Wrg	拋在腦後	-3.200000	chiaki-synthetic-overlay,reviewed,gpt-5.5-synthetic,synthetic-taiwan-daily-usage
q;<@	錕鋙	-3.000000	chiaki-synthetic-overlay,reviewed,gpt-5.5-synthetic,synthetic-taiwan-daily-usage
q;m@	坤達	-2.398692	chiaki-synthetic-overlay,reviewed,gpt-5.5-synthetic,synthetic-taiwan-internet-usage
q;u?	混夷	-3.000000	chiaki-synthetic-overlay,reviewed,gpt-5.5-synthetic,synthetic-taiwan-daily-usage
q=3>	興工	-3.000000	chiaki-synthetic-overlay,reviewed,gpt-5.5-synthetic,synthetic-taiwan-daily-usage
q=582f	腥臊味	-3.100000	chiaki-synthetic-overlay,reviewed,gpt-5.5-synthetic,synthetic-taiwan-daily-usage
q=WB9>5E	興國中學	-1.528606	chiaki-synthetic-overlay,reviewed,gpt-5.5-synthetic,synthetic-taiwan-internet-usage
q=a\	星等	-3.000000	chiaki-synthetic-overlay,reviewed,gpt-5.5-synthetic,synthetic-taiwan-daily-usage
q=m_\Y	星聚點	-1.839346	chiaki-synthetic-overlay,reviewed,gpt-5.5-synthetic,synthetic-taiwan-internet-usage
q=pa?;T0	星座分析	-1.199682	chiaki-synthetic-overlay,reviewed,gpt-5.5-synthetic,synthetic-taiwan-internet-usage
q=vh	興嘆	-3.000000	chiaki-synthetic-overlay,reviewed,gpt-5.5-synthetic,synthetic-taiwan-daily-usage
q=wT\=x_	星海爭霸	-3.182739	chiaki-synthetic-overlay,reviewed,gpt-5.5-synthetic,synthetic-taiwan-internet-usage
q@Lj	軋進	-3.000000	chiaki-synthetic-overlay,reviewed,gpt-5.5-synthetic,synthetic-taiwan-daily-usage
qI3Msh	纏藤蔓	-2.179738	chiaki-synthetic-overlay,reviewed,single-char-collocation
qI<iEi	纏電線	-2.179738	chiaki-synthetic-overlay,reviewed,single-char-collocation
qIB8Qd	纏膠帶	-2.179738	chiaki-synthetic-overlay,reviewed,single-char-collocation
qIE0Ei	纏絲線	-2.179738	chiaki-synthetic-overlay,reviewed,single-char-collocation
qIJ1L_	纏紗布	-2.179738	chiaki-synthetic-overlay,reviewed,single-char-collocation
qIN=Qd	纏繃帶	-2.179738	chiaki-synthetic-overlay,reviewed,single-char-collocation
qIRGEi	纏毛線	-2.179738	chiaki-synthetic-overlay,reviewed,single-char-collocation
qOL@	土除	-2.404516	chiaki-synthetic-overlay,reviewed,gpt-5.5-synthetic,synthetic-taiwan-internet-usage
qOU_U<3>	土庫商工	-2.851548	chiaki-synthetic-overlay,reviewed,gpt-5.5-synthetic,synthetic-taiwan-internet-usage
qOr7	土貓	-2.402771	chiaki-synthetic-overlay,reviewed,gpt-5.5-synthetic,synthetic-taiwan-internet-usage
qO{?	土堤	-3.000000	chiaki-synthetic-overlay,reviewed,gpt-5.5-synthetic,synthetic-taiwan-daily-usage
qO~_	吐納	-3.000000	chiaki-synthetic-overlay,reviewed,gpt-5.5-synthetic,synthetic-taiwan-daily-usage
qTC_t2~L	歹戲拖棚	-3.200000	chiaki-synthetic-overlay,reviewed,gpt-5.5-synthetic,synthetic-taiwan-daily-usage
qTK@l0:W<[	歹竹出好筍	-3.450000	chiaki-synthetic-overlay,reviewed,gpt-5.5-synthetic,synthetic-taiwan-daily-usage
qTS_L_dRQM	歹路不可行	-3.450000	chiaki-synthetic-overlay,reviewed,gpt-5.5-synthetic,synthetic-taiwan-daily-usage
q[i=ci	兩廳院	-2.406525	chiaki-synthetic-overlay,reviewed,gpt-5.5-synthetic,synthetic-taiwan-internet-usage
qaI:	厝邊	-3.000000	chiaki-synthetic-overlay,reviewed,gpt-5.5-synthetic,synthetic-taiwan-daily-usage
qaL;6Nfa	錯身而過	-3.200000	chiaki-synthetic-overlay,reviewed,gpt-5.5-synthetic,synthetic-taiwan-daily-usage
qaeaNX}^	錯落有致	-3.200000	chiaki-synthetic-overlay,reviewed,gpt-5.5-synthetic,synthetic-taiwan-daily-usage
qat7	挫刀	-3.000000	chiaki-synthetic-overlay,reviewed,gpt-5.5-synthetic,synthetic-taiwan-daily-usage
qfQ;\0SY	噪音汙染	-3.200000	chiaki-synthetic-overlay,reviewed,gpt-5.5-synthetic,synthetic-taiwan-daily-usage
qg2@	扣擊	-3.000000	chiaki-synthetic-overlay,reviewed,gpt-5.5-synthetic,synthetic-taiwan-daily-usage
qg9W	扣考	-3.000000	chiaki-synthetic-overlay,reviewed,gpt-5.5-synthetic,synthetic-taiwan-daily-usage
qgan	扣子	-3.000000	chiaki-synthetic-overlay,reviewed,gpt-5.5-synthetic,synthetic-taiwan-daily-usage
qg{?	扣題	-3.000000	chiaki-synthetic-overlay,reviewed,gpt-5.5-synthetic,synthetic-taiwan-daily-usage
qh4_|f	拌飼料	-2.114088	chiaki-synthetic-overlay,reviewed,single-char-collocation
qh6C	拌合	-3.000000	chiaki-synthetic-overlay,reviewed,gpt-5.5-synthetic,synthetic-taiwan-daily-usage
qh:<]K	拌均勻	-2.114088	chiaki-synthetic-overlay,reviewed,single-char-collocation
qh:W	辦好	-3.000000	chiaki-synthetic-overlay,reviewed,gpt-5.5-synthetic,synthetic-taiwan-daily-usage
qhBL:i	拌涼麵	-2.114088	chiaki-synthetic-overlay,reviewed,single-char-collocation
qhCkQd	伴唱帶	-3.100000	chiaki-synthetic-overlay,reviewed,gpt-5.5-synthetic,synthetic-taiwan-daily-usage
qhJ1A1	拌沙拉	-2.114088	chiaki-synthetic-overlay,reviewed,single-char-collocation
qhVY	拌散	-2.114088	chiaki-synthetic-overlay,reviewed,single-char-collocation
qhV_mf	辦護照	-2.040942	chiaki-synthetic-overlay,reviewed,gpt-5.5-synthetic,synthetic-taiwan-internet-usage
qh[1[1ZX	扮家家酒	-3.200000	chiaki-synthetic-overlay,reviewed,gpt-5.5-synthetic,synthetic-taiwan-daily-usage
qhcV|?	拌水泥	-2.114088	chiaki-synthetic-overlay,reviewed,single-char-collocation
qhg5	拌開	-2.114088	chiaki-synthetic-overlay,reviewed,single-char-collocation
qh}2	辦桌	-3.000000	chiaki-synthetic-overlay,reviewed,gpt-5.5-synthetic,synthetic-taiwan-daily-usage
qi=_s2C0	絢麗多姿	-3.200000	chiaki-synthetic-overlay,reviewed,gpt-5.5-synthetic,synthetic-taiwan-daily-usage
qi^P	泫雅	-2.394980	chiaki-synthetic-overlay,reviewed,gpt-5.5-synthetic,synthetic-taiwan-internet-usage
qisIa_B_	泫然欲泣	-3.200000	chiaki-synthetic-overlay,reviewed,gpt-5.5-synthetic,synthetic-taiwan-daily-usage
qlP_	共度	-3.000000	chiaki-synthetic-overlay,reviewed,gpt-5.5-synthetic,synthetic-taiwan-daily-usage
r70i0_	貓戰士	-2.075404	chiaki-synthetic-overlay,reviewed,gpt-5.5-synthetic,synthetic-taiwan-internet-usage
r74>IY[3	貓空纜車	-3.843846	chiaki-synthetic-overlay,reviewed,gpt-5.5-synthetic,synthetic-taiwan-internet-usage
r;NXKb	婚友社	-3.100000	chiaki-synthetic-overlay,reviewed,gpt-5.5-synthetic,synthetic-taiwan-daily-usage
r;Q;TZgI	婚姻懇談	-3.200000	chiaki-synthetic-overlay,reviewed,gpt-5.5-synthetic,synthetic-taiwan-daily-usage
r;Q;_f=_	婚姻暴力	-3.200000	chiaki-synthetic-overlay,reviewed,gpt-5.5-synthetic,synthetic-taiwan-daily-usage
r;]OL_}^	婚禮佈置	-1.734747	chiaki-synthetic-overlay,reviewed,gpt-5.5-synthetic,synthetic-taiwan-internet-usage
r;]OSWK_	婚禮小物	-2.088747	chiaki-synthetic-overlay,reviewed,gpt-5.5-synthetic,synthetic-taiwan-internet-usage
rA9R	駁火	-3.000000	chiaki-synthetic-overlay,reviewed,gpt-5.5-synthetic,synthetic-taiwan-daily-usage
rATZ	勃肯	-2.397412	chiaki-synthetic-overlay,reviewed,gpt-5.5-synthetic,synthetic-taiwan-internet-usage
rAUl	搏命	-3.000000	chiaki-synthetic-overlay,reviewed,gpt-5.5-synthetic,synthetic-taiwan-daily-usage
rA[3	泊車	-3.000000	chiaki-synthetic-overlay,reviewed,gpt-5.5-synthetic,synthetic-taiwan-daily-usage
rA];P;0_Sl	柏金森氏病	-3.450000	chiaki-synthetic-overlay,reviewed,gpt-5.5-synthetic,synthetic-taiwan-daily-usage
rAm0	帛書	-3.000000	chiaki-synthetic-overlay,reviewed,gpt-5.5-synthetic,synthetic-taiwan-daily-usage
rA~@3E6J	伯牙絕弦	-2.401065	chiaki-synthetic-overlay,reviewed,gpt-5.5-synthetic,synthetic-taiwan-internet-usage
rF0CL_O@	為德不卒	-3.200000	chiaki-synthetic-overlay,reviewed,gpt-5.5-synthetic,synthetic-taiwan-daily-usage
rF4C	薇閣	-2.398732	chiaki-synthetic-overlay,reviewed,gpt-5.5-synthetic,synthetic-taiwan-internet-usage
rF@@	微服	-3.000000	chiaki-synthetic-overlay,reviewed,gpt-5.5-synthetic,synthetic-taiwan-daily-usage
rF@Z	微卷	-3.000000	chiaki-synthetic-overlay,reviewed,gpt-5.5-synthetic,synthetic-taiwan-daily-usage
rFA_F:BZ	違紀參選	-3.200000	chiaki-synthetic-overlay,reviewed,gpt-5.5-synthetic,synthetic-taiwan-daily-usage
rFDbE0	維克斯	-2.397543	chiaki-synthetic-overlay,reviewed,gpt-5.5-synthetic,synthetic-taiwan-internet-usage
rFLbC:L9	微熱山丘	-3.661143	chiaki-synthetic-overlay,reviewed,gpt-5.5-synthetic,synthetic-taiwan-internet-usage
rFQ=9\c[	微風廣場	-1.678730	chiaki-synthetic-overlay,reviewed,gpt-5.5-synthetic,synthetic-taiwan-internet-usage
rFR05_0_	危機意識	-3.200000	chiaki-synthetic-overlay,reviewed,gpt-5.5-synthetic,synthetic-taiwan-daily-usage
rFS<3>c[	違章工廠	-1.651648	chiaki-synthetic-overlay,reviewed,gpt-5.5-synthetic,synthetic-taiwan-internet-usage
rFT0	微曦	-3.000000	chiaki-synthetic-overlay,reviewed,gpt-5.5-synthetic,synthetic-taiwan-daily-usage
rF]O2:	韋禮安	-2.403135	chiaki-synthetic-overlay,reviewed,gpt-5.5-synthetic,synthetic-taiwan-internet-usage
rF_;B@GL	維新圖強	-3.200000	chiaki-synthetic-overlay,reviewed,gpt-5.5-synthetic,synthetic-taiwan-daily-usage
rFoa	危弱	-3.000000	chiaki-synthetic-overlay,reviewed,gpt-5.5-synthetic,synthetic-taiwan-daily-usage
rFq=U3A_	微星科技	-2.769063	chiaki-synthetic-overlay,reviewed,gpt-5.5-synthetic,synthetic-taiwan-internet-usage
rFtO=_	維骨力	-1.763169	chiaki-synthetic-overlay,reviewed,gpt-5.5-synthetic,synthetic-taiwan-internet-usage
rF}?	圍籬	-3.000000	chiaki-synthetic-overlay,reviewed,gpt-5.5-synthetic,synthetic-taiwan-daily-usage
rGIXrh_k	翹首盼望	-3.200000	chiaki-synthetic-overlay,reviewed,gpt-5.5-synthetic,synthetic-taiwan-daily-usage
rGKb	僑社	-3.000000	chiaki-synthetic-overlay,reviewed,gpt-5.5-synthetic,synthetic-taiwan-daily-usage
rGTJ	僑園	-2.124921	chiaki-synthetic-overlay,reviewed,gpt-5.5-synthetic,synthetic-taiwan-internet-usage
rGm_	橋劇	-3.000000	chiaki-synthetic-overlay,reviewed,gpt-5.5-synthetic,synthetic-taiwan-daily-usage
rGy<	僑光	-2.362557	chiaki-synthetic-overlay,reviewed,gpt-5.5-synthetic,synthetic-taiwan-internet-usage
rGz\	僑領	-3.000000	chiaki-synthetic-overlay,reviewed,gpt-5.5-synthetic,synthetic-taiwan-daily-usage
rY9i	短片	-3.000000	chiaki-synthetic-overlay,reviewed,gpt-5.5-synthetic,synthetic-taiwan-daily-usage
rYog	短漏	-3.000000	chiaki-synthetic-overlay,reviewed,gpt-5.5-synthetic,synthetic-taiwan-daily-usage
r\6C	潁河	-3.000000	chiaki-synthetic-overlay,reviewed,gpt-5.5-synthetic,synthetic-taiwan-daily-usage
r\OD	影碟	-3.000000	chiaki-synthetic-overlay,reviewed,gpt-5.5-synthetic,synthetic-taiwan-daily-usage
r\kOiR	影武者	-2.826096	chiaki-synthetic-overlay,reviewed,gpt-5.5-synthetic,synthetic-taiwan-internet-usage
rg\0	厚誣	-3.000000	chiaki-synthetic-overlay,reviewed,gpt-5.5-synthetic,synthetic-taiwan-daily-usage
rg~l	候用	-3.000000	chiaki-synthetic-overlay,reviewed,gpt-5.5-synthetic,synthetic-taiwan-daily-usage
rhrA	拚搏	-3.000000	chiaki-synthetic-overlay,reviewed,gpt-5.5-synthetic,synthetic-taiwan-daily-usage
rl:_Cf	空地稅	-3.100000	chiaki-synthetic-overlay,reviewed,gpt-5.5-synthetic,synthetic-taiwan-daily-usage
rltO3>E0	控股公司	-3.200000	chiaki-synthetic-overlay,reviewed,gpt-5.5-synthetic,synthetic-taiwan-daily-usage
s25_	多益	-1.239147	chiaki-synthetic-overlay,reviewed,gpt-5.5-synthetic,synthetic-taiwan-internet-usage
s2BbXO	多樂米	-3.419534	chiaki-synthetic-overlay,reviewed,gpt-5.5-synthetic,synthetic-taiwan-internet-usage
s2yK	多糖	-3.000000	chiaki-synthetic-overlay,reviewed,gpt-5.5-synthetic,synthetic-taiwan-daily-usage
s:k@	痠麻	-3.000000	chiaki-synthetic-overlay,reviewed,gpt-5.5-synthetic,synthetic-taiwan-daily-usage
s?=fF0m:	慈惠醫專	-2.399646	chiaki-synthetic-overlay,reviewed,gpt-5.5-synthetic,synthetic-taiwan-internet-usage
s?FM	慈明	-2.130947	chiaki-synthetic-overlay,reviewed,gpt-5.5-synthetic,synthetic-taiwan-internet-usage
s?FMx79>	慈明高中	-2.397010	chiaki-synthetic-overlay,reviewed,gpt-5.5-synthetic,synthetic-taiwan-internet-usage
s?IF2iN_	慈眉善目	-3.200000	chiaki-synthetic-overlay,reviewed,gpt-5.5-synthetic,synthetic-taiwan-daily-usage
s?R@	詞餘	-3.000000	chiaki-synthetic-overlay,reviewed,gpt-5.5-synthetic,synthetic-taiwan-daily-usage
s?lT	慈藹	-3.000000	chiaki-synthetic-overlay,reviewed,gpt-5.5-synthetic,synthetic-taiwan-daily-usage
sK8L	昂藏	-3.000000	chiaki-synthetic-overlay,reviewed,gpt-5.5-synthetic,synthetic-taiwan-daily-usage
sO`_R=	鹵素燈	-3.100000	chiaki-synthetic-overlay,reviewed,gpt-5.5-synthetic,synthetic-taiwan-daily-usage
sOd=p1	魯冰花	-2.400478	chiaki-synthetic-overlay,reviewed,gpt-5.5-synthetic,synthetic-taiwan-internet-usage
sh<@~@A_	漫無涯際	-3.200000	chiaki-synthetic-overlay,reviewed,gpt-5.5-synthetic,synthetic-taiwan-daily-usage
shTB9K	曼陀林	-3.100000	chiaki-synthetic-overlay,reviewed,gpt-5.5-synthetic,synthetic-taiwan-daily-usage
shXi	漫漶	-3.000000	chiaki-synthetic-overlay,reviewed,gpt-5.5-synthetic,synthetic-taiwan-daily-usage
shsha\	慢慢等	-1.493991	chiaki-synthetic-overlay,reviewed,gpt-5.5-synthetic,synthetic-taiwan-internet-usage
shwf	曼妙	-3.000000	chiaki-synthetic-overlay,reviewed,gpt-5.5-synthetic,synthetic-taiwan-daily-usage
sh}8	曼都	-2.036509	chiaki-synthetic-overlay,reviewed,gpt-5.5-synthetic,synthetic-taiwan-internet-usage
t189	抓週	-3.000000	chiaki-synthetic-overlay,reviewed,gpt-5.5-synthetic,synthetic-taiwan-daily-usage
t1ZL5_O@	抓狂一族	-2.612139	chiaki-synthetic-overlay,reviewed,gpt-5.5-synthetic,synthetic-taiwan-internet-usage
t1aJ	抓權	-3.000000	chiaki-synthetic-overlay,reviewed,gpt-5.5-synthetic,synthetic-taiwan-daily-usage
t1cH	抓猴	-2.397443	chiaki-synthetic-overlay,reviewed,gpt-5.5-synthetic,synthetic-taiwan-internet-usage
t23:	拖班	-3.000000	chiaki-synthetic-overlay,reviewed,gpt-5.5-synthetic,synthetic-taiwan-daily-usage
t25_VY	拖曳傘	-3.100000	chiaki-synthetic-overlay,reviewed,gpt-5.5-synthetic,synthetic-taiwan-daily-usage
t27W9>_;	托老中心	-3.200000	chiaki-synthetic-overlay,reviewed,gpt-5.5-synthetic,synthetic-taiwan-daily-usage
t2QM]O	拖行李	-1.843256	chiaki-synthetic-overlay,reviewed,single-char-collocation
t2`j	脫困	-3.000000	chiaki-synthetic-overlay,reviewed,gpt-5.5-synthetic,synthetic-taiwan-daily-usage
t2a_	托育	-3.000000	chiaki-synthetic-overlay,reviewed,gpt-5.5-synthetic,synthetic-taiwan-daily-usage
t2lj	託運	-1.239159	chiaki-synthetic-overlay,reviewed,benchmark-miss-rerank,tw-variant
t2o_	脫序	-3.000000	chiaki-synthetic-overlay,reviewed,gpt-5.5-synthetic,synthetic-taiwan-daily-usage
t2r5	托腮	-3.000000	chiaki-synthetic-overlay,reviewed,gpt-5.5-synthetic,synthetic-taiwan-daily-usage
t7Ci<@PM	刀劍無情	-3.200000	chiaki-synthetic-overlay,reviewed,gpt-5.5-synthetic,synthetic-taiwan-daily-usage
t7D8d=	刀削冰	-3.100000	chiaki-synthetic-overlay,reviewed,gpt-5.5-synthetic,synthetic-taiwan-daily-usage
t:j6=_N:	鳶飛戾天	-3.200000	chiaki-synthetic-overlay,reviewed,gpt-5.5-synthetic,synthetic-taiwan-daily-usage
tA43	摩娑	-3.000000	chiaki-synthetic-overlay,reviewed,gpt-5.5-synthetic,synthetic-taiwan-daily-usage
tA=_dM	魔力紅	-2.335584	chiaki-synthetic-overlay,reviewed,gpt-5.5-synthetic,synthetic-taiwan-internet-usage
tAD;POGY=_NO\_	摩根史坦利指數	-3.450000	chiaki-synthetic-overlay,reviewed,gpt-5.5-synthetic,synthetic-taiwan-daily-usage
tAIX	魔手	-3.000000	chiaki-synthetic-overlay,reviewed,gpt-5.5-synthetic,synthetic-taiwan-daily-usage
tALP0i7f	魔法戰隊	-2.297229	chiaki-synthetic-overlay,reviewed,gpt-5.5-synthetic,synthetic-taiwan-internet-usage
tALP7WA0	魔法老師	-1.062916	chiaki-synthetic-overlay,reviewed,gpt-5.5-synthetic,synthetic-taiwan-internet-usage
tASEp?Db	摩崖石刻	-3.200000	chiaki-synthetic-overlay,reviewed,gpt-5.5-synthetic,synthetic-taiwan-daily-usage
tA\_\_2_	魔術數字	-3.200000	chiaki-synthetic-overlay,reviewed,gpt-5.5-synthetic,synthetic-taiwan-daily-usage
tAlgR0	磨豆機	-1.7000	chiaki-synthetic-overlay,reviewed,manual-taiwan-appliance
tE?9	懷憂	-3.000000	chiaki-synthetic-overlay,reviewed,gpt-5.5-synthetic,synthetic-taiwan-daily-usage
tO3G	鼓錘	-3.000000	chiaki-synthetic-overlay,reviewed,gpt-5.5-synthetic,synthetic-taiwan-daily-usage
tO?E]O^j	骨牌理論	-3.200000	chiaki-synthetic-overlay,reviewed,gpt-5.5-synthetic,synthetic-taiwan-daily-usage
tOA13E	古拉爵	-2.401436	chiaki-synthetic-overlay,reviewed,gpt-5.5-synthetic,synthetic-taiwan-internet-usage
tOUGan	谷桃子	-2.281208	chiaki-synthetic-overlay,reviewed,gpt-5.5-synthetic,synthetic-taiwan-internet-usage
tOg:g;aJ	谷關溫泉	-1.922416	chiaki-synthetic-overlay,reviewed,gpt-5.5-synthetic,synthetic-taiwan-internet-usage
tOgVu?n?	骨髓移植	-3.200000	chiaki-synthetic-overlay,reviewed,gpt-5.5-synthetic,synthetic-taiwan-daily-usage
tOnO	鈷鉧	-3.000000	chiaki-synthetic-overlay,reviewed,gpt-5.5-synthetic,synthetic-taiwan-daily-usage
tOn_	古趣	-3.000000	chiaki-synthetic-overlay,reviewed,gpt-5.5-synthetic,synthetic-taiwan-daily-usage
tOtOnq	鼓鼓的	-3.100000	chiaki-synthetic-overlay,reviewed,gpt-5.5-synthetic,synthetic-taiwan-daily-usage
tP<X	瓦缶	-3.000000	chiaki-synthetic-overlay,reviewed,gpt-5.5-synthetic,synthetic-taiwan-daily-usage
tPE0LbcVB_	瓦斯熱水器	-1.9000	chiaki-synthetic-overlay,reviewed,manual-taiwan-appliance
tPE0[3	瓦斯車	-3.100000	chiaki-synthetic-overlay,reviewed,gpt-5.5-synthetic,synthetic-taiwan-daily-usage
tPE0wlA@	瓦斯中毒	-3.200000	chiaki-synthetic-overlay,reviewed,gpt-5.5-synthetic,synthetic-taiwan-daily-usage
tY5_	暖意	-3.000000	chiaki-synthetic-overlay,reviewed,gpt-5.5-synthetic,synthetic-taiwan-daily-usage
tYL;ljml	暖身運動	-3.200000	chiaki-synthetic-overlay,reviewed,gpt-5.5-synthetic,synthetic-taiwan-daily-usage
tYQ=	暖風	-3.000000	chiaki-synthetic-overlay,reviewed,gpt-5.5-synthetic,synthetic-taiwan-daily-usage
tYQ=R0	暖風機	-1.9000	chiaki-synthetic-overlay,reviewed,manual-taiwan-appliance
tYtY	暖暖	-3.000000	chiaki-synthetic-overlay,reviewed,gpt-5.5-synthetic,synthetic-taiwan-daily-usage
tYyf	暖調	-3.000000	chiaki-synthetic-overlay,reviewed,gpt-5.5-synthetic,synthetic-taiwan-daily-usage
tfWl	藥錠	-3.000000	chiaki-synthetic-overlay,reviewed,gpt-5.5-synthetic,synthetic-taiwan-daily-usage
tfnq	要得	-3.000000	chiaki-synthetic-overlay,reviewed,gpt-5.5-synthetic,synthetic-taiwan-daily-usage
u7u7}M8i	滔滔雄辯	-3.200000	chiaki-synthetic-overlay,reviewed,gpt-5.5-synthetic,synthetic-taiwan-daily-usage
u?4K<1Zo	移民媽媽	-3.200000	chiaki-synthetic-overlay,reviewed,gpt-5.5-synthetic,synthetic-taiwan-daily-usage
u?rGLj:P	圯橋進履	-3.200000	chiaki-synthetic-overlay,reviewed,gpt-5.5-synthetic,synthetic-taiwan-daily-usage
uA^H]B}i	佛頭著糞	-3.200000	chiaki-synthetic-overlay,reviewed,gpt-5.5-synthetic,synthetic-taiwan-daily-usage
uAy<|_5E	佛光大學	-1.714448	chiaki-synthetic-overlay,reviewed,gpt-5.5-synthetic,synthetic-taiwan-internet-usage
uH0UUZvK	牛仔很忙	-3.129954	chiaki-synthetic-overlay,reviewed,gpt-5.5-synthetic,synthetic-taiwan-internet-usage
uHS<?0	牛樟芝	-2.395284	chiaki-synthetic-overlay,reviewed,gpt-5.5-synthetic,synthetic-taiwan-internet-usage
uH];XD	牛津鞋	-2.405720	chiaki-synthetic-overlay,reviewed,gpt-5.5-synthetic,synthetic-taiwan-internet-usage
uHe]	牛爾	-1.277912	chiaki-synthetic-overlay,reviewed,gpt-5.5-synthetic,synthetic-taiwan-internet-usage
uITJ	殘垣	-3.000000	chiaki-synthetic-overlay,reviewed,gpt-5.5-synthetic,synthetic-taiwan-daily-usage
uIU_nqLd	殘酷的愛	-2.405691	chiaki-synthetic-overlay,reviewed,gpt-5.5-synthetic,synthetic-taiwan-internet-usage
uKO_3>	篣婦公	-3.100000	chiaki-synthetic-overlay,reviewed,gpt-5.5-synthetic,synthetic-taiwan-daily-usage
uK[LA0qa	彷徨失措	-3.200000	chiaki-synthetic-overlay,reviewed,gpt-5.5-synthetic,synthetic-taiwan-daily-usage
uKuK	龐龐	-2.399232	chiaki-synthetic-overlay,reviewed,gpt-5.5-synthetic,synthetic-taiwan-internet-usage
uK{O	篣楚	-3.000000	chiaki-synthetic-overlay,reviewed,gpt-5.5-synthetic,synthetic-taiwan-daily-usage
uOa\	苦等	-3.000000	chiaki-synthetic-overlay,reviewed,gpt-5.5-synthetic,synthetic-taiwan-daily-usage
uO{h	苦旱	-3.000000	chiaki-synthetic-overlay,reviewed,gpt-5.5-synthetic,synthetic-taiwan-daily-usage
u[NXp=	蔣友青	-2.404910	chiaki-synthetic-overlay,reviewed,gpt-5.5-synthetic,synthetic-taiwan-internet-usage
uh@Z	蛋卷	-3.000000	chiaki-synthetic-overlay,reviewed,gpt-5.5-synthetic,synthetic-taiwan-daily-usage
uhR0	蛋雞	-3.000000	chiaki-synthetic-overlay,reviewed,gpt-5.5-synthetic,synthetic-taiwan-daily-usage
uhWl	淡定	-3.000000	chiaki-synthetic-overlay,reviewed,gpt-5.5-synthetic,synthetic-taiwan-daily-usage
uhcV7Wv4	淡水老街	-1.689014	chiaki-synthetic-overlay,reviewed,gpt-5.5-synthetic,synthetic-taiwan-internet-usage
uhcVU<3>	淡水商工	-2.500553	chiaki-synthetic-overlay,reviewed,gpt-5.5-synthetic,synthetic-taiwan-internet-usage
uhrAFM=_	淡泊名利	-3.200000	chiaki-synthetic-overlay,reviewed,gpt-5.5-synthetic,synthetic-taiwan-daily-usage
v4BX?0O_	街口支付	-1.2500	chiaki-synthetic-overlay,reviewed,manual-taiwan-daily
v;v;2i}g	諄諄善誘	-3.200000	chiaki-synthetic-overlay,reviewed,gpt-5.5-synthetic,synthetic-taiwan-daily-usage
vHJ;	劉真	-2.119388	chiaki-synthetic-overlay,reviewed,gpt-5.5-synthetic,synthetic-taiwan-internet-usage
vHJ;WB78	劉真國標	-2.396682	chiaki-synthetic-overlay,reviewed,gpt-5.5-synthetic,synthetic-taiwan-internet-usage
vHY[	流淌	-3.000000	chiaki-synthetic-overlay,reviewed,gpt-5.5-synthetic,synthetic-taiwan-daily-usage
vH[LtO	硫磺谷	-3.100000	chiaki-synthetic-overlay,reviewed,gpt-5.5-synthetic,synthetic-taiwan-daily-usage
vHo=Gf6d	流經歲月	-2.832785	chiaki-synthetic-overlay,reviewed,gpt-5.5-synthetic,synthetic-taiwan-internet-usage
vHuh`f	榴彈炮	-3.100000	chiaki-synthetic-overlay,reviewed,gpt-5.5-synthetic,synthetic-taiwan-daily-usage
vH}?k0	琉璃珠	-3.100000	chiaki-synthetic-overlay,reviewed,gpt-5.5-synthetic,synthetic-taiwan-daily-usage
vH}?m:	琉璃磚	-3.100000	chiaki-synthetic-overlay,reviewed,gpt-5.5-synthetic,synthetic-taiwan-daily-usage
vKL_ODnq	忙不迭地	-3.200000	chiaki-synthetic-overlay,reviewed,gpt-5.5-synthetic,synthetic-taiwan-daily-usage
vODbNJb[	虎克船長	-3.298697	chiaki-synthetic-overlay,reviewed,gpt-5.5-synthetic,synthetic-taiwan-internet-usage
vT:_WeDf	凱蒂佩芮	-2.394118	chiaki-synthetic-overlay,reviewed,gpt-5.5-synthetic,synthetic-taiwan-internet-usage
vTR0	凱基	-2.072093	chiaki-synthetic-overlay,reviewed,gpt-5.5-synthetic,synthetic-taiwan-internet-usage
vTR0Klpi	凱基證券	-2.405916	chiaki-synthetic-overlay,reviewed,gpt-5.5-synthetic,synthetic-taiwan-internet-usage
vT]a	凱渥	-2.404960	chiaki-synthetic-overlay,reviewed,gpt-5.5-synthetic,synthetic-taiwan-internet-usage
vUCE^:	北台灣	-1.440198	chiaki-synthetic-overlay,reviewed,gpt-5.5-synthetic,synthetic-taiwan-internet-usage
vUU3	北科	-2.184275	chiaki-synthetic-overlay,reviewed,gpt-5.5-synthetic,synthetic-taiwan-internet-usage
vUV_	北護	-2.404277	chiaki-synthetic-overlay,reviewed,gpt-5.5-synthetic,synthetic-taiwan-internet-usage
vU^Hg;aJ	北投溫泉	-1.616888	chiaki-synthetic-overlay,reviewed,gpt-5.5-synthetic,synthetic-taiwan-internet-usage
vUn:~\RO	北川景子	-2.401784	chiaki-synthetic-overlay,reviewed,gpt-5.5-synthetic,synthetic-taiwan-internet-usage
vUvY	北管	-3.000000	chiaki-synthetic-overlay,reviewed,gpt-5.5-synthetic,synthetic-taiwan-daily-usage
vUx8{J_`	北歐神話	-1.928056	chiaki-synthetic-overlay,reviewed,gpt-5.5-synthetic,synthetic-taiwan-internet-usage
vUxUvY	北美館	-1.868864	chiaki-synthetic-overlay,reviewed,gpt-5.5-synthetic,synthetic-taiwan-internet-usage
vYM7	管窺	-3.000000	chiaki-synthetic-overlay,reviewed,gpt-5.5-synthetic,synthetic-taiwan-daily-usage
vYzj	管訓	-3.000000	chiaki-synthetic-overlay,reviewed,gpt-5.5-synthetic,synthetic-taiwan-daily-usage
vZ\iL_HF	穩賺不賠	-3.200000	chiaki-synthetic-overlay,reviewed,gpt-5.5-synthetic,synthetic-taiwan-daily-usage
vZ~\?0B8	刎頸之交	-3.200000	chiaki-synthetic-overlay,reviewed,gpt-5.5-synthetic,synthetic-taiwan-daily-usage
v[0>	搶通	-3.000000	chiaki-synthetic-overlay,reviewed,gpt-5.5-synthetic,synthetic-taiwan-daily-usage
v[3awlu[	強迫中獎	-3.200000	chiaki-synthetic-overlay,reviewed,gpt-5.5-synthetic,synthetic-taiwan-daily-usage
v[Q=Mw	搶風頭	-3.100000	chiaki-synthetic-overlay,reviewed,gpt-5.5-synthetic,synthetic-taiwan-daily-usage
v[\Z	強忍	-3.000000	chiaki-synthetic-overlay,reviewed,gpt-5.5-synthetic,synthetic-taiwan-daily-usage
v[m@	搶答	-3.000000	chiaki-synthetic-overlay,reviewed,gpt-5.5-synthetic,synthetic-taiwan-daily-usage
v[}^0WeY	強制保險	-3.200000	chiaki-synthetic-overlay,reviewed,gpt-5.5-synthetic,synthetic-taiwan-daily-usage
vfIM	票亭	-3.000000	chiaki-synthetic-overlay,reviewed,gpt-5.5-synthetic,synthetic-taiwan-daily-usage
vfwY	票款	-3.000000	chiaki-synthetic-overlay,reviewed,gpt-5.5-synthetic,synthetic-taiwan-daily-usage
vh9W	炭烤	-3.000000	chiaki-synthetic-overlay,reviewed,gpt-5.5-synthetic,synthetic-taiwan-daily-usage
w26C	渦河	-3.000000	chiaki-synthetic-overlay,reviewed,gpt-5.5-synthetic,synthetic-taiwan-daily-usage
w2QY	鍋鏟	-3.000000	chiaki-synthetic-overlay,reviewed,gpt-5.5-synthetic,synthetic-taiwan-daily-usage
w2TJ5_	郭元益	-1.731054	chiaki-synthetic-overlay,reviewed,gpt-5.5-synthetic,synthetic-taiwan-internet-usage
w2Vic=	郭冠櫻	-2.404689	chiaki-synthetic-overlay,reviewed,gpt-5.5-synthetic,synthetic-taiwan-internet-usage
w2^l	郭靜	-1.347004	chiaki-synthetic-overlay,reviewed,gpt-5.5-synthetic,synthetic-taiwan-internet-usage
w2dT@@	郭雪芙	-2.403395	chiaki-synthetic-overlay,reviewed,gpt-5.5-synthetic,synthetic-taiwan-internet-usage
w7faec	撈過界	-3.100000	chiaki-synthetic-overlay,reviewed,gpt-5.5-synthetic,synthetic-taiwan-daily-usage
w7lO	撈捕	-3.000000	chiaki-synthetic-overlay,reviewed,gpt-5.5-synthetic,synthetic-taiwan-daily-usage
w;?;\Y	春分點	-3.100000	chiaki-synthetic-overlay,reviewed,gpt-5.5-synthetic,synthetic-taiwan-daily-usage
w;|?	春泥	-2.560434	chiaki-synthetic-overlay,reviewed,gpt-5.5-synthetic,synthetic-taiwan-internet-usage
w?;8	皮雕	-3.000000	chiaki-synthetic-overlay,reviewed,gpt-5.5-synthetic,synthetic-taiwan-daily-usage
w?@@{h\_	蚍蜉撼樹	-3.200000	chiaki-synthetic-overlay,reviewed,gpt-5.5-synthetic,synthetic-taiwan-daily-usage
w?x8	皮歐	-2.651745	chiaki-synthetic-overlay,reviewed,gpt-5.5-synthetic,synthetic-taiwan-internet-usage
wI3E	嚴爵	-2.399112	chiaki-synthetic-overlay,reviewed,gpt-5.5-synthetic,synthetic-taiwan-internet-usage
wI4a	研末	-3.000000	chiaki-synthetic-overlay,reviewed,gpt-5.5-synthetic,synthetic-taiwan-daily-usage
wI5_	研議	-3.000000	chiaki-synthetic-overlay,reviewed,gpt-5.5-synthetic,synthetic-taiwan-daily-usage
wI6_NXm_	言必有據	-3.200000	chiaki-synthetic-overlay,reviewed,gpt-5.5-synthetic,synthetic-taiwan-daily-usage
wI:L}^|J	炎陽炙人	-3.200000	chiaki-synthetic-overlay,reviewed,gpt-5.5-synthetic,synthetic-taiwan-daily-usage
wI=_IM	嚴立婷	-2.398072	chiaki-synthetic-overlay,reviewed,gpt-5.5-synthetic,synthetic-taiwan-internet-usage
wIU<	研商	-3.000000	chiaki-synthetic-overlay,reviewed,gpt-5.5-synthetic,synthetic-taiwan-daily-usage
wIWl	研訂	-3.000000	chiaki-synthetic-overlay,reviewed,gpt-5.5-synthetic,synthetic-taiwan-daily-usage
wIcVQ=`f	鹽水蜂炮	-3.200000	chiaki-synthetic-overlay,reviewed,gpt-5.5-synthetic,synthetic-taiwan-daily-usage
wI}^	嚴制	-3.000000	chiaki-synthetic-overlay,reviewed,gpt-5.5-synthetic,synthetic-taiwan-daily-usage
wI~^	嚴斥	-3.000000	chiaki-synthetic-overlay,reviewed,gpt-5.5-synthetic,synthetic-taiwan-daily-usage
wK\0Cf	房屋稅	-3.100000	chiaki-synthetic-overlay,reviewed,gpt-5.5-synthetic,synthetic-taiwan-daily-usage
wK\0wlec	房屋仲介	-1.195995	chiaki-synthetic-overlay,reviewed,gpt-5.5-synthetic,synthetic-taiwan-internet-usage
wT7i	海宴	-1.481778	chiaki-synthetic-overlay,reviewed,gpt-5.5-synthetic,synthetic-taiwan-internet-usage
wT:L|_5E	海洋大學	-1.134234	chiaki-synthetic-overlay,reviewed,gpt-5.5-synthetic,synthetic-taiwan-internet-usage
wTC:x73>	海山高工	-1.944796	chiaki-synthetic-overlay,reviewed,gpt-5.5-synthetic,synthetic-taiwan-internet-usage
wTMKhI	海豚男	-1.909546	chiaki-synthetic-overlay,reviewed,gpt-5.5-synthetic,synthetic-taiwan-internet-usage
wTU3|_	海科大	-2.418563	chiaki-synthetic-overlay,reviewed,gpt-5.5-synthetic,synthetic-taiwan-internet-usage
wT^=vY	海生館	-2.280475	chiaki-synthetic-overlay,reviewed,gpt-5.5-synthetic,synthetic-taiwan-internet-usage
wY7i	款宴	-3.000000	chiaki-synthetic-overlay,reviewed,gpt-5.5-synthetic,synthetic-taiwan-daily-usage
wYwYml|J	款款動人	-3.200000	chiaki-synthetic-overlay,reviewed,gpt-5.5-synthetic,synthetic-taiwan-daily-usage
w[Bb0\	享樂網	-2.397920	chiaki-synthetic-overlay,reviewed,gpt-5.5-synthetic,synthetic-taiwan-internet-usage
w[I<I<	響噹噹	-3.100000	chiaki-synthetic-overlay,reviewed,gpt-5.5-synthetic,synthetic-taiwan-daily-usage
w[g;_;	享溫馨	-1.745938	chiaki-synthetic-overlay,reviewed,gpt-5.5-synthetic,synthetic-taiwan-internet-usage
w[h=I<	響叮噹	-3.100000	chiaki-synthetic-overlay,reviewed,gpt-5.5-synthetic,synthetic-taiwan-daily-usage
w[p?N:yK	饗食天堂	-2.379917	chiaki-synthetic-overlay,reviewed,gpt-5.5-synthetic,synthetic-taiwan-internet-usage
w\GK	鼎文	-2.402494	chiaki-synthetic-overlay,reviewed,gpt-5.5-synthetic,synthetic-taiwan-internet-usage
w\I:43	鼎邊趖	-3.100000	chiaki-synthetic-overlay,reviewed,gpt-5.5-synthetic,synthetic-taiwan-daily-usage
w\J;	頂真	-3.000000	chiaki-synthetic-overlay,reviewed,gpt-5.5-synthetic,synthetic-taiwan-daily-usage
w\JM	耵聹	-3.000000	chiaki-synthetic-overlay,reviewed,gpt-5.5-synthetic,synthetic-taiwan-daily-usage
w\PL	鼎王	-2.333440	chiaki-synthetic-overlay,reviewed,gpt-5.5-synthetic,synthetic-taiwan-internet-usage
w\g5	頂開	-3.000000	chiaki-synthetic-overlay,reviewed,gpt-5.5-synthetic,synthetic-taiwan-daily-usage
w\o1Db	頂夸克	-3.100000	chiaki-synthetic-overlay,reviewed,gpt-5.5-synthetic,synthetic-taiwan-daily-usage
wfLP	妙法	-3.000000	chiaki-synthetic-overlay,reviewed,gpt-5.5-synthetic,synthetic-taiwan-daily-usage
wf~7	妙招	-3.000000	chiaki-synthetic-overlay,reviewed,gpt-5.5-synthetic,synthetic-taiwan-daily-usage
wgFM~7S<	臭名昭彰	-3.200000	chiaki-synthetic-overlay,reviewed,gpt-5.5-synthetic,synthetic-taiwan-daily-usage
wgw?Uk	臭皮匠	-3.100000	chiaki-synthetic-overlay,reviewed,gpt-5.5-synthetic,synthetic-taiwan-daily-usage
wl_`	重畫	-3.200000	chiaki-synthetic-overlay,reviewed,manual,polyphone-demote
wl03	眾說	-3.000000	chiaki-synthetic-overlay,reviewed,gpt-5.5-synthetic,synthetic-taiwan-daily-usage
wlP_	重度	-3.000000	chiaki-synthetic-overlay,reviewed,gpt-5.5-synthetic,synthetic-taiwan-daily-usage
wlQMR0[3	重型機車	-1.694769	chiaki-synthetic-overlay,reviewed,gpt-5.5-synthetic,synthetic-taiwan-internet-usage
x411	些須	-3.000000	chiaki-synthetic-overlay,reviewed,gpt-5.5-synthetic,synthetic-taiwan-daily-usage
x70T?9=f	高鐵優惠	-2.180002	chiaki-synthetic-overlay,reviewed,gpt-5.5-synthetic,synthetic-taiwan-internet-usage
x72PJ;	高宇蓁	-2.397101	chiaki-synthetic-overlay,reviewed,gpt-5.5-synthetic,synthetic-taiwan-internet-usage
x79>[OL]	高中體總	-2.440189	chiaki-synthetic-overlay,reviewed,gpt-5.5-synthetic,synthetic-taiwan-internet-usage
x7:L;f}O	羔羊跪乳	-3.200000	chiaki-synthetic-overlay,reviewed,gpt-5.5-synthetic,synthetic-taiwan-daily-usage
x7:_F0	高第一	-1.172014	chiaki-synthetic-overlay,reviewed,gpt-5.5-synthetic,synthetic-taiwan-internet-usage
x7A0|_	高師大	-1.555074	chiaki-synthetic-overlay,reviewed,gpt-5.5-synthetic,synthetic-taiwan-internet-usage
x7BL	膏粱	-3.000000	chiaki-synthetic-overlay,reviewed,gpt-5.5-synthetic,synthetic-taiwan-daily-usage
x7Dk	高上	-1.153022	chiaki-synthetic-overlay,reviewed,gpt-5.5-synthetic,synthetic-taiwan-internet-usage
x7F:	高餐	-2.295357	chiaki-synthetic-overlay,reviewed,gpt-5.5-synthetic,synthetic-taiwan-internet-usage
x7U3|_	高科大	-2.235211	chiaki-synthetic-overlay,reviewed,gpt-5.5-synthetic,synthetic-taiwan-internet-usage
x7w?	皋比	-3.000000	chiaki-synthetic-overlay,reviewed,gpt-5.5-synthetic,synthetic-taiwan-daily-usage
x7xUA0:_	高美濕地	-2.403504	chiaki-synthetic-overlay,reviewed,gpt-5.5-synthetic,synthetic-taiwan-internet-usage
x7}M4LV=	高雄長庚	-2.558132	chiaki-synthetic-overlay,reviewed,gpt-5.5-synthetic,synthetic-taiwan-internet-usage
x7}MDblj	高雄客運	-1.061634	chiaki-synthetic-overlay,reviewed,gpt-5.5-synthetic,synthetic-taiwan-internet-usage
x7}MkML]	高雄榮總	-1.005256	chiaki-synthetic-overlay,reviewed,gpt-5.5-synthetic,synthetic-taiwan-internet-usage
x7}Mm_uh	高雄巨蛋	-1.495912	chiaki-synthetic-overlay,reviewed,gpt-5.5-synthetic,synthetic-taiwan-internet-usage
x86d	歐悅	-1.976137	chiaki-synthetic-overlay,reviewed,gpt-5.5-synthetic,synthetic-taiwan-internet-usage
x?3>NP	迷宮塔	-2.292915	chiaki-synthetic-overlay,reviewed,gpt-5.5-synthetic,synthetic-taiwan-internet-usage
x?N1?P	彌撒曲	-3.100000	chiaki-synthetic-overlay,reviewed,gpt-5.5-synthetic,synthetic-taiwan-daily-usage
x?O@J;;f	彌足珍貴	-3.200000	chiaki-synthetic-overlay,reviewed,gpt-5.5-synthetic,synthetic-taiwan-daily-usage
x?\ODb	迷你客	-1.876095	chiaki-synthetic-overlay,reviewed,gpt-5.5-synthetic,synthetic-taiwan-internet-usage
x@5_	茶藝	-3.000000	chiaki-synthetic-overlay,reviewed,gpt-5.5-synthetic,synthetic-taiwan-daily-usage
x@p7	茶包	-3.000000	chiaki-synthetic-overlay,reviewed,gpt-5.5-synthetic,synthetic-taiwan-daily-usage
x@~K	茶行	-3.000000	chiaki-synthetic-overlay,reviewed,gpt-5.5-synthetic,synthetic-taiwan-daily-usage
x@~_	察納	-3.000000	chiaki-synthetic-overlay,reviewed,gpt-5.5-synthetic,synthetic-taiwan-daily-usage
xU2:	美安	-1.941751	chiaki-synthetic-overlay,reviewed,gpt-5.5-synthetic,synthetic-taiwan-internet-usage
xU=_m@	美利達	-1.534621	chiaki-synthetic-overlay,reviewed,gpt-5.5-synthetic,synthetic-taiwan-internet-usage
xUBb:_	美樂蒂	-2.395172	chiaki-synthetic-overlay,reviewed,gpt-5.5-synthetic,synthetic-taiwan-internet-usage
xUBb[1	美樂家	-2.402832	chiaki-synthetic-overlay,reviewed,gpt-5.5-synthetic,synthetic-taiwan-internet-usage
xUPARd	美華泰	-2.394646	chiaki-synthetic-overlay,reviewed,gpt-5.5-synthetic,synthetic-taiwan-internet-usage
xUWG	美勞	-3.000000	chiaki-synthetic-overlay,reviewed,gpt-5.5-synthetic,synthetic-taiwan-daily-usage
xU];`M	美津濃	-2.064229	chiaki-synthetic-overlay,reviewed,gpt-5.5-synthetic,synthetic-taiwan-internet-usage
xUp?@l2f	美食鳳味	-2.405157	chiaki-synthetic-overlay,reviewed,gpt-5.5-synthetic,synthetic-taiwan-internet-usage
xU{h	美和	-1.548833	chiaki-synthetic-overlay,reviewed,gpt-5.5-synthetic,synthetic-taiwan-internet-usage
x_PO	罷駛	-3.000000	chiaki-synthetic-overlay,reviewed,gpt-5.5-synthetic,synthetic-taiwan-daily-usage
xg2@	瘦瘠	-3.000000	chiaki-synthetic-overlay,reviewed,gpt-5.5-synthetic,synthetic-taiwan-daily-usage
xg5_	授藝	-3.000000	chiaki-synthetic-overlay,reviewed,gpt-5.5-synthetic,synthetic-taiwan-daily-usage
xg=d	受虐	-3.000000	chiaki-synthetic-overlay,reviewed,gpt-5.5-synthetic,synthetic-taiwan-daily-usage
xgQ=	受封	-3.000000	chiaki-synthetic-overlay,reviewed,gpt-5.5-synthetic,synthetic-taiwan-daily-usage
xgT_	受僱	-3.000000	chiaki-synthetic-overlay,reviewed,gpt-5.5-synthetic,synthetic-taiwan-daily-usage
xgW[	受訪	-3.000000	chiaki-synthetic-overlay,reviewed,gpt-5.5-synthetic,synthetic-taiwan-daily-usage
xgeY3>=f	壽險公會	-1.399444	chiaki-synthetic-overlay,reviewed,gpt-5.5-synthetic,synthetic-taiwan-internet-usage
xgw?cH	瘦皮猴	-3.100000	chiaki-synthetic-overlay,reviewed,gpt-5.5-synthetic,synthetic-taiwan-daily-usage
xh9i	爛片	-3.000000	chiaki-synthetic-overlay,reviewed,gpt-5.5-synthetic,synthetic-taiwan-daily-usage
xhBk	爛帳	-3.000000	chiaki-synthetic-overlay,reviewed,gpt-5.5-synthetic,synthetic-taiwan-daily-usage
xhFk	濫葬	-3.000000	chiaki-synthetic-overlay,reviewed,gpt-5.5-synthetic,synthetic-taiwan-daily-usage
xjQE	雋才	-3.000000	chiaki-synthetic-overlay,reviewed,gpt-5.5-synthetic,synthetic-taiwan-daily-usage
y<:LR0[3	光陽機車	-2.396542	chiaki-synthetic-overlay,reviewed,gpt-5.5-synthetic,synthetic-taiwan-internet-usage
y<PA9P9>	光華女中	-1.491388	chiaki-synthetic-overlay,reviewed,gpt-5.5-synthetic,synthetic-taiwan-internet-usage
y<PAWB9>	光華國中	-1.107873	chiaki-synthetic-overlay,reviewed,gpt-5.5-synthetic,synthetic-taiwan-internet-usage
y<PAx73>	光華高工	-1.525571	chiaki-synthetic-overlay,reviewed,gpt-5.5-synthetic,synthetic-taiwan-internet-usage
y<aM[1U<	光隆家商	-2.404214	chiaki-synthetic-overlay,reviewed,gpt-5.5-synthetic,synthetic-taiwan-internet-usage
y<bO	光啟	-2.038226	chiaki-synthetic-overlay,reviewed,gpt-5.5-synthetic,synthetic-taiwan-internet-usage
y<bOx79>	光啟高中	-2.396412	chiaki-synthetic-overlay,reviewed,gpt-5.5-synthetic,synthetic-taiwan-internet-usage
y<kO	光舞	-3.000000	chiaki-synthetic-overlay,reviewed,gpt-5.5-synthetic,synthetic-taiwan-daily-usage
y<}IF0ci	光田醫院	-2.399961	chiaki-synthetic-overlay,reviewed,gpt-5.5-synthetic,synthetic-taiwan-internet-usage
y==_NX	翁立友	-2.398986	chiaki-synthetic-overlay,reviewed,gpt-5.5-synthetic,synthetic-taiwan-internet-usage
yIyI	便便	-3.000000	chiaki-synthetic-overlay,reviewed,gpt-5.5-synthetic,synthetic-taiwan-daily-usage
yK9K	唐林	-2.396854	chiaki-synthetic-overlay,reviewed,gpt-5.5-synthetic,synthetic-taiwan-internet-usage
yKC:|_:_9j	唐山大地震	-3.450000	chiaki-synthetic-overlay,reviewed,gpt-5.5-synthetic,synthetic-taiwan-daily-usage
yKQ=	唐豐	-2.398261	chiaki-synthetic-overlay,reviewed,gpt-5.5-synthetic,synthetic-taiwan-internet-usage
yKT<>@	唐菖蒲	-3.100000	chiaki-synthetic-overlay,reviewed,gpt-5.5-synthetic,synthetic-taiwan-daily-usage
yKVian	糖罐子	-2.404480	chiaki-synthetic-overlay,reviewed,gpt-5.5-synthetic,synthetic-taiwan-internet-usage
yK{;	糖村	-2.396783	chiaki-synthetic-overlay,reviewed,gpt-5.5-synthetic,synthetic-taiwan-internet-usage
yS9K	野林	-3.000000	chiaki-synthetic-overlay,reviewed,gpt-5.5-synthetic,synthetic-taiwan-daily-usage
yf4kan	弔膀子	-3.100000	chiaki-synthetic-overlay,reviewed,gpt-5.5-synthetic,synthetic-taiwan-daily-usage
yf?E	吊牌	-3.000000	chiaki-synthetic-overlay,reviewed,gpt-5.5-synthetic,synthetic-taiwan-daily-usage
yfDb	調課	-3.000000	chiaki-synthetic-overlay,reviewed,gpt-5.5-synthetic,synthetic-taiwan-daily-usage
yfF0J`	吊衣架	-3.100000	chiaki-synthetic-overlay,reviewed,gpt-5.5-synthetic,synthetic-taiwan-daily-usage
yfM<E0	吊鋼絲	-3.100000	chiaki-synthetic-overlay,reviewed,gpt-5.5-synthetic,synthetic-taiwan-daily-usage
yfNX	釣友	-3.000000	chiaki-synthetic-overlay,reviewed,gpt-5.5-synthetic,synthetic-taiwan-daily-usage
yfR@;:	釣魚竿	-3.100000	chiaki-synthetic-overlay,reviewed,gpt-5.5-synthetic,synthetic-taiwan-daily-usage
yfR@CE	釣魚臺	-3.100000	chiaki-synthetic-overlay,reviewed,gpt-5.5-synthetic,synthetic-taiwan-daily-usage
yfVj	弔問	-3.000000	chiaki-synthetic-overlay,reviewed,gpt-5.5-synthetic,synthetic-taiwan-daily-usage
yfZ_	調駐	-3.000000	chiaki-synthetic-overlay,reviewed,gpt-5.5-synthetic,synthetic-taiwan-daily-usage
yf[3RV	吊車尾	-3.100000	chiaki-synthetic-overlay,reviewed,gpt-5.5-synthetic,synthetic-taiwan-daily-usage
yf[V	弔詭	-3.000000	chiaki-synthetic-overlay,reviewed,gpt-5.5-synthetic,synthetic-taiwan-daily-usage
z;5J	尊前	-3.000000	chiaki-synthetic-overlay,reviewed,gpt-5.5-synthetic,synthetic-taiwan-daily-usage
z?0_|?BbTJ	迪士尼樂園	-3.450000	chiaki-synthetic-overlay,reviewed,gpt-5.5-synthetic,synthetic-taiwan-daily-usage
z?0_|?RP0>	迪士尼卡通	-3.450000	chiaki-synthetic-overlay,reviewed,gpt-5.5-synthetic,synthetic-taiwan-daily-usage
z?8k	的當	-3.000000	chiaki-synthetic-overlay,reviewed,gpt-5.5-synthetic,synthetic-taiwan-daily-usage
z?Lj	滌盡	-3.000000	chiaki-synthetic-overlay,reviewed,gpt-5.5-synthetic,synthetic-taiwan-daily-usage
z?NJ:_RO	嫡傳弟子	-3.200000	chiaki-synthetic-overlay,reviewed,gpt-5.5-synthetic,synthetic-taiwan-daily-usage
zBVBE0H<3e	俄羅斯方塊	-3.450000	chiaki-synthetic-overlay,reviewed,gpt-5.5-synthetic,synthetic-taiwan-daily-usage
zB[L	娥皇	-3.000000	chiaki-synthetic-overlay,reviewed,gpt-5.5-synthetic,synthetic-taiwan-daily-usage
zB]=	訛稱	-3.000000	chiaki-synthetic-overlay,reviewed,gpt-5.5-synthetic,synthetic-taiwan-daily-usage
zBg;g<	額溫槍	-1.9000	chiaki-synthetic-overlay,reviewed,manual-taiwan-appliance
zBsI[_=_	峨然矗立	-3.200000	chiaki-synthetic-overlay,reviewed,gpt-5.5-synthetic,synthetic-taiwan-daily-usage
zBz7	莪蒿	-3.000000	chiaki-synthetic-overlay,reviewed,gpt-5.5-synthetic,synthetic-taiwan-daily-usage
zB}I	蚵田	-3.000000	chiaki-synthetic-overlay,reviewed,gpt-5.5-synthetic,synthetic-taiwan-daily-usage
zI]OJ;	綿裡針	-3.100000	chiaki-synthetic-overlay,reviewed,gpt-5.5-synthetic,synthetic-taiwan-daily-usage
zI`L	眠床	-3.000000	chiaki-synthetic-overlay,reviewed,gpt-5.5-synthetic,synthetic-taiwan-daily-usage
zJ1W	晨跑	-3.000000	chiaki-synthetic-overlay,reviewed,gpt-5.5-synthetic,synthetic-taiwan-daily-usage
zJ5_fax7	陳義過高	-3.200000	chiaki-synthetic-overlay,reviewed,gpt-5.5-synthetic,synthetic-taiwan-daily-usage
zJ5_lI	陳意涵	-1.757689	chiaki-synthetic-overlay,reviewed,gpt-5.5-synthetic,synthetic-taiwan-internet-usage
zJ6C	陳核	-1.6000	chiaki-synthetic-overlay,reviewed,manual-official-document
zJ@@	沉浮	-3.000000	chiaki-synthetic-overlay,reviewed,gpt-5.5-synthetic,synthetic-taiwan-daily-usage
zJIM|?	陳庭妮	-2.403409	chiaki-synthetic-overlay,reviewed,gpt-5.5-synthetic,synthetic-taiwan-internet-usage
zJNF	陳雷	-2.201093	chiaki-synthetic-overlay,reviewed,gpt-5.5-synthetic,synthetic-taiwan-internet-usage
zJROlI	陳紫函	-2.401487	chiaki-synthetic-overlay,reviewed,gpt-5.5-synthetic,synthetic-taiwan-internet-usage
zJVDDf	陳傑瑞	-3.109040	chiaki-synthetic-overlay,reviewed,gpt-5.5-synthetic,synthetic-taiwan-internet-usage
zJYeKl	塵肺症	-3.100000	chiaki-synthetic-overlay,reviewed,gpt-5.5-synthetic,synthetic-taiwan-daily-usage
zJa_4K	陳郁旻	-2.395825	chiaki-synthetic-overlay,reviewed,gpt-5.5-synthetic,synthetic-taiwan-internet-usage
zJdM	宸鴻	-2.069873	chiaki-synthetic-overlay,reviewed,gpt-5.5-synthetic,synthetic-taiwan-internet-usage
zJh<	沉香	-3.000000	chiaki-synthetic-overlay,reviewed,gpt-5.5-synthetic,synthetic-taiwan-daily-usage
zJrG;;	陳喬恩	-3.333407	chiaki-synthetic-overlay,reviewed,gpt-5.5-synthetic,synthetic-taiwan-internet-usage
zJrg	沉厚	-3.000000	chiaki-synthetic-overlay,reviewed,gpt-5.5-synthetic,synthetic-taiwan-daily-usage
zJu?kM	陳怡蓉	-2.073840	chiaki-synthetic-overlay,reviewed,gpt-5.5-synthetic,synthetic-taiwan-internet-usage
zJxU]O	陳美里	-2.164934	chiaki-synthetic-overlay,reviewed,gpt-5.5-synthetic,synthetic-taiwan-internet-usage
zJzJCM	陳陳瑩	-2.398594	chiaki-synthetic-overlay,reviewed,gpt-5.5-synthetic,synthetic-taiwan-internet-usage
zKQd	囊袋	-3.000000	chiaki-synthetic-overlay,reviewed,gpt-5.5-synthetic,synthetic-taiwan-daily-usage
zO9Rw2	煮火鍋	-1.570825	chiaki-synthetic-overlay,reviewed,single-char-collocation
zO:iEi	煮麵線	-1.570825	chiaki-synthetic-overlay,reviewed,single-char-collocation
zO:ikG	煮麵條	-1.570825	chiaki-synthetic-overlay,reviewed,single-char-collocation
zOB8	煮焦	-1.570825	chiaki-synthetic-overlay,reviewed,single-char-collocation
zOC1j6	煮咖啡	-1.570825	chiaki-synthetic-overlay,reviewed,single-char-collocation
zOC1j6lg	煮咖啡豆	-1.570825	chiaki-synthetic-overlay,reviewed,single-char-collocation
zOG@	煮糊	-1.575601	chiaki-synthetic-overlay,reviewed,single-char-collocation
zOJ<TJ	煮湯圓	-1.570825	chiaki-synthetic-overlay,reviewed,single-char-collocation
zORV	麈尾	-3.000000	chiaki-synthetic-overlay,reviewed,gpt-5.5-synthetic,synthetic-taiwan-daily-usage
zOT0th	煮稀飯	-1.622463	chiaki-synthetic-overlay,reviewed,single-char-collocation
zO`MJ<	煮濃湯	-1.570825	chiaki-synthetic-overlay,reviewed,single-char-collocation
zO`f:i	煮泡麵	-1.570825	chiaki-synthetic-overlay,reviewed,single-char-collocation
zOa_XO	煮玉米	-1.570825	chiaki-synthetic-overlay,reviewed,single-char-collocation
zOcVQW	煮水餃	-1.570825	chiaki-synthetic-overlay,reviewed,single-char-collocation
zOg5cV	煮開水	-1.570825	chiaki-synthetic-overlay,reviewed,single-char-collocation
zOhH	煮稠	-2.311017	chiaki-synthetic-overlay,reviewed,single-char-collocation
zOi_lgJ<	煮綠豆湯	-1.815172	chiaki-synthetic-overlay,reviewed,single-char-collocation
zOlgf<	煮豆漿	-1.570825	chiaki-synthetic-overlay,reviewed,single-char-collocation
zOp=e1	煮青蛙	-1.570825	chiaki-synthetic-overlay,reviewed,single-char-collocation
z\CE	領檯	-3.000000	chiaki-synthetic-overlay,reviewed,gpt-5.5-synthetic,synthetic-taiwan-daily-usage
zfBWKZM_	跳蚤本舖	-2.403947	chiaki-synthetic-overlay,reviewed,gpt-5.5-synthetic,synthetic-taiwan-internet-usage
zf_kCE	眺望臺	-3.100000	chiaki-synthetic-overlay,reviewed,gpt-5.5-synthetic,synthetic-taiwan-daily-usage
zflg	跳豆	-3.000000	chiaki-synthetic-overlay,reviewed,gpt-5.5-synthetic,synthetic-taiwan-daily-usage
zgOD	驟跌	-3.000000	chiaki-synthetic-overlay,reviewed,gpt-5.5-synthetic,synthetic-taiwan-daily-usage
zgUk	驟降	-3.000000	chiaki-synthetic-overlay,reviewed,gpt-5.5-synthetic,synthetic-taiwan-daily-usage
ziLWV:j6	笨鳥先飛	-3.200000	chiaki-synthetic-overlay,reviewed,gpt-5.5-synthetic,synthetic-taiwan-daily-usage
zj4@m@|J	訊息達人	-1.656819	chiaki-synthetic-overlay,reviewed,gpt-5.5-synthetic,synthetic-taiwan-internet-usage
zjnk]K	蕈狀雲	-3.100000	chiaki-synthetic-overlay,reviewed,gpt-5.5-synthetic,synthetic-taiwan-daily-usage
{;yS	村野	-3.000000	chiaki-synthetic-overlay,reviewed,gpt-5.5-synthetic,synthetic-taiwan-daily-usage
{?2f	提味	-3.000000	chiaki-synthetic-overlay,reviewed,gpt-5.5-synthetic,synthetic-taiwan-daily-usage
{?QM	題型	-3.000000	chiaki-synthetic-overlay,reviewed,gpt-5.5-synthetic,synthetic-taiwan-daily-usage
{?R0ZGlI	啼飢號寒	-3.200000	chiaki-synthetic-overlay,reviewed,gpt-5.5-synthetic,synthetic-taiwan-daily-usage
{?xd_`	題外話	-3.100000	chiaki-synthetic-overlay,reviewed,gpt-5.5-synthetic,synthetic-taiwan-daily-usage
{@wl];	砸重金	-2.295834	chiaki-synthetic-overlay,reviewed,single-char-collocation
{@zJ	雜陳	-3.000000	chiaki-synthetic-overlay,reviewed,gpt-5.5-synthetic,synthetic-taiwan-daily-usage
{@|_5J	砸大錢	-2.295834	chiaki-synthetic-overlay,reviewed,single-char-collocation
{@}_	雜遝	-3.000000	chiaki-synthetic-overlay,reviewed,gpt-5.5-synthetic,synthetic-taiwan-daily-usage
{@~7?E	砸招牌	-2.295834	chiaki-synthetic-overlay,reviewed,single-char-collocation
{H5_	球藝	-3.000000	chiaki-synthetic-overlay,reviewed,gpt-5.5-synthetic,synthetic-taiwan-daily-usage
{HQEZl	求才令	-1.808078	chiaki-synthetic-overlay,reviewed,gpt-5.5-synthetic,synthetic-taiwan-internet-usage
{HR@	犰狳	-3.000000	chiaki-synthetic-overlay,reviewed,gpt-5.5-synthetic,synthetic-taiwan-daily-usage
{H\_	球數	-3.000000	chiaki-synthetic-overlay,reviewed,gpt-5.5-synthetic,synthetic-taiwan-daily-usage
{H_M	球童	-3.000000	chiaki-synthetic-overlay,reviewed,gpt-5.5-synthetic,synthetic-taiwan-daily-usage
{J3@0_ec	神奇世界	-1.569194	chiaki-synthetic-overlay,reviewed,gpt-5.5-synthetic,synthetic-taiwan-internet-usage
{J6W	神腦	-2.383850	chiaki-synthetic-overlay,reviewed,gpt-5.5-synthetic,synthetic-taiwan-internet-usage
{J6WWBA_	神腦國際	-2.998333	chiaki-synthetic-overlay,reviewed,gpt-5.5-synthetic,synthetic-taiwan-internet-usage
{J`Zof9P	神隱少女	-3.107107	chiaki-synthetic-overlay,reviewed,gpt-5.5-synthetic,synthetic-taiwan-internet-usage
{J~8sTx_	神偷奶爸	-3.503807	chiaki-synthetic-overlay,reviewed,gpt-5.5-synthetic,synthetic-taiwan-internet-usage
{KJD	瑯琊	-3.000000	chiaki-synthetic-overlay,reviewed,gpt-5.5-synthetic,synthetic-taiwan-daily-usage
{K_;	狼辛	-1.752193	chiaki-synthetic-overlay,reviewed,benchmark-miss-rerank,domain-term
{OL;	處身	-3.000000	chiaki-synthetic-overlay,reviewed,gpt-5.5-synthetic,synthetic-taiwan-daily-usage
{Ohj6Na_	礎潤而雨	-3.200000	chiaki-synthetic-overlay,reviewed,gpt-5.5-synthetic,synthetic-taiwan-daily-usage
{O{Hh<7f	楚囚相對	-3.200000	chiaki-synthetic-overlay,reviewed,gpt-5.5-synthetic,synthetic-taiwan-daily-usage
{f9i	尿片	-3.000000	chiaki-synthetic-overlay,reviewed,gpt-5.5-synthetic,synthetic-taiwan-daily-usage
{fL_YZ	尿布疹	-3.100000	chiaki-synthetic-overlay,reviewed,gpt-5.5-synthetic,synthetic-taiwan-daily-usage
{fYcn5cY	尿液篩檢	-3.200000	chiaki-synthetic-overlay,reviewed,gpt-5.5-synthetic,synthetic-taiwan-daily-usage
{fcfJYSY	尿道感染	-3.200000	chiaki-synthetic-overlay,reviewed,gpt-5.5-synthetic,synthetic-taiwan-daily-usage
{fzK	尿囊	-3.000000	chiaki-synthetic-overlay,reviewed,gpt-5.5-synthetic,synthetic-taiwan-daily-usage
{f{f	尿尿	-3.000000	chiaki-synthetic-overlay,reviewed,gpt-5.5-synthetic,synthetic-taiwan-daily-usage
{g5J	湊錢	-3.000000	chiaki-synthetic-overlay,reviewed,gpt-5.5-synthetic,synthetic-taiwan-daily-usage
{h4K	和民	-1.173610	chiaki-synthetic-overlay,reviewed,gpt-5.5-synthetic,synthetic-taiwan-internet-usage
{hNjF0ci	和信醫院	-1.973631	chiaki-synthetic-overlay,reviewed,gpt-5.5-synthetic,synthetic-taiwan-internet-usage
{hTJ	翰園	-1.433801	chiaki-synthetic-overlay,reviewed,gpt-5.5-synthetic,synthetic-taiwan-internet-usage
{h_;Dblj	和欣客運	-2.395596	chiaki-synthetic-overlay,reviewed,gpt-5.5-synthetic,synthetic-taiwan-internet-usage
{hac	悍烈	-3.000000	chiaki-synthetic-overlay,reviewed,gpt-5.5-synthetic,synthetic-taiwan-daily-usage
{hff	旱澇	-3.000000	chiaki-synthetic-overlay,reviewed,gpt-5.5-synthetic,synthetic-taiwan-daily-usage
{hlj	和運	-1.925885	chiaki-synthetic-overlay,reviewed,gpt-5.5-synthetic,synthetic-taiwan-internet-usage
{hljo0[3	和運租車	-2.900713	chiaki-synthetic-overlay,reviewed,gpt-5.5-synthetic,synthetic-taiwan-internet-usage
{h{J	漢神	-1.735109	chiaki-synthetic-overlay,reviewed,gpt-5.5-synthetic,synthetic-taiwan-internet-usage
{h{JmTha	漢神百貨	-2.297881	chiaki-synthetic-overlay,reviewed,gpt-5.5-synthetic,synthetic-taiwan-internet-usage
{h{Jm_uh	漢神巨蛋	-2.402534	chiaki-synthetic-overlay,reviewed,gpt-5.5-synthetic,synthetic-taiwan-internet-usage
{h~J~J	汗涔涔	-3.100000	chiaki-synthetic-overlay,reviewed,gpt-5.5-synthetic,synthetic-taiwan-daily-usage
{l5_DJ	綜藝團	-3.100000	chiaki-synthetic-overlay,reviewed,gpt-5.5-synthetic,synthetic-taiwan-daily-usage
{l5_VDN_	綜藝節目	-3.200000	chiaki-synthetic-overlay,reviewed,gpt-5.5-synthetic,synthetic-taiwan-daily-usage
{l6C1K~K	綜合銀行	-3.200000	chiaki-synthetic-overlay,reviewed,gpt-5.5-synthetic,synthetic-taiwan-daily-usage
{l6C[KwY	綜合存款	-3.200000	chiaki-synthetic-overlay,reviewed,gpt-5.5-synthetic,synthetic-taiwan-daily-usage
{l6Cga|_R0	綜合擴大機	-3.450000	chiaki-synthetic-overlay,reviewed,gpt-5.5-synthetic,synthetic-taiwan-daily-usage
{l7k	縱放	-3.000000	chiaki-synthetic-overlay,reviewed,gpt-5.5-synthetic,synthetic-taiwan-daily-usage
{l]O	綜理	-3.000000	chiaki-synthetic-overlay,reviewed,gpt-5.5-synthetic,synthetic-taiwan-daily-usage
{l^j	綜論	-3.000000	chiaki-synthetic-overlay,reviewed,gpt-5.5-synthetic,synthetic-taiwan-daily-usage
|;2_}g	孫自佑	-2.394325	chiaki-synthetic-overlay,reviewed,gpt-5.5-synthetic,synthetic-taiwan-internet-usage
|;5_J;	孫藝珍	-2.395311	chiaki-synthetic-overlay,reviewed,gpt-5.5-synthetic,synthetic-taiwan-internet-usage
|;M@Xe	孫淑媚	-2.398533	chiaki-synthetic-overlay,reviewed,gpt-5.5-synthetic,synthetic-taiwan-internet-usage
|?9RC:	泥火山	-3.100000	chiaki-synthetic-overlay,reviewed,gpt-5.5-synthetic,synthetic-taiwan-daily-usage
|?:_	泥地	-3.000000	chiaki-synthetic-overlay,reviewed,gpt-5.5-synthetic,synthetic-taiwan-daily-usage
|?H7	泥堆	-3.000000	chiaki-synthetic-overlay,reviewed,gpt-5.5-synthetic,synthetic-taiwan-daily-usage
|Fq=x7mf	奎星高照	-3.200000	chiaki-synthetic-overlay,reviewed,gpt-5.5-synthetic,synthetic-taiwan-daily-usage
|J3>Lj_`	人工進化	-1.702356	chiaki-synthetic-overlay,reviewed,gpt-5.5-synthetic,synthetic-taiwan-internet-usage
|J>C	仁澤	-3.000000	chiaki-synthetic-overlay,reviewed,gpt-5.5-synthetic,synthetic-taiwan-daily-usage
|JB_9PPL	人氣女王	-1.864172	chiaki-synthetic-overlay,reviewed,gpt-5.5-synthetic,synthetic-taiwan-internet-usage
|JB_T3eG	人氣歌謠	-1.921183	chiaki-synthetic-overlay,reviewed,gpt-5.5-synthetic,synthetic-taiwan-internet-usage
|JLd?0[1	仁愛之家	-3.200000	chiaki-synthetic-overlay,reviewed,gpt-5.5-synthetic,synthetic-taiwan-daily-usage
|JLdWY^l	仁愛眼鏡	-1.487098	chiaki-synthetic-overlay,reviewed,gpt-5.5-synthetic,synthetic-taiwan-internet-usage
|JO_	人父	-3.000000	chiaki-synthetic-overlay,reviewed,gpt-5.5-synthetic,synthetic-taiwan-daily-usage
|J}^V_Ci	仁智互見	-3.200000	chiaki-synthetic-overlay,reviewed,gpt-5.5-synthetic,synthetic-taiwan-daily-usage
|M<f	窮匱	-3.000000	chiaki-synthetic-overlay,reviewed,gpt-5.5-synthetic,synthetic-taiwan-daily-usage
|MR@RlO_	窮於應付	-3.200000	chiaki-synthetic-overlay,reviewed,gpt-5.5-synthetic,synthetic-taiwan-daily-usage
|MVD	窮竭	-3.000000	chiaki-synthetic-overlay,reviewed,gpt-5.5-synthetic,synthetic-taiwan-daily-usage
|OEE0W	鼠來寶	-1.711810	chiaki-synthetic-overlay,reviewed,gpt-5.5-synthetic,synthetic-taiwan-internet-usage
|ON_jjy<	鼠目寸光	-3.200000	chiaki-synthetic-overlay,reviewed,gpt-5.5-synthetic,synthetic-taiwan-daily-usage
|Y5E9W	轉學考	-2.314675	chiaki-synthetic-overlay,reviewed,gpt-5.5-synthetic,synthetic-taiwan-internet-usage
|YO_	轉赴	-3.000000	chiaki-synthetic-overlay,reviewed,gpt-5.5-synthetic,synthetic-taiwan-daily-usage
|YX[=M0_	轉檔程式	-2.402046	chiaki-synthetic-overlay,reviewed,gpt-5.5-synthetic,synthetic-taiwan-internet-usage
|Y~K	轉行	-3.000000	chiaki-synthetic-overlay,reviewed,gpt-5.5-synthetic,synthetic-taiwan-daily-usage
|_2:x73>	大安高工	-1.631051	chiaki-synthetic-overlay,reviewed,gpt-5.5-synthetic,synthetic-taiwan-internet-usage
|_4ZmT	大遠百	-3.066178	chiaki-synthetic-overlay,reviewed,gpt-5.5-synthetic,synthetic-taiwan-internet-usage
|_5EWYU3	大學眼科	-1.420749	chiaki-synthetic-overlay,reviewed,gpt-5.5-synthetic,synthetic-taiwan-internet-usage
|_5EWY^l	大學眼鏡	-1.334216	chiaki-synthetic-overlay,reviewed,gpt-5.5-synthetic,synthetic-taiwan-internet-usage
|_5_=_}^	大億麗緻	-2.137494	chiaki-synthetic-overlay,reviewed,gpt-5.5-synthetic,synthetic-taiwan-internet-usage
|_6T6T	大姐姐	-1.326128	chiaki-synthetic-overlay,reviewed,benchmark-miss-rerank,tw-variant
|_7WEm	大老二	-1.812187	chiaki-synthetic-overlay,reviewed,gpt-5.5-synthetic,synthetic-taiwan-internet-usage
|_9W9>_;	大考中心	-1.864141	chiaki-synthetic-overlay,reviewed,gpt-5.5-synthetic,synthetic-taiwan-internet-usage
|_=MU<3>	大成商工	-2.301285	chiaki-synthetic-overlay,reviewed,gpt-5.5-synthetic,synthetic-taiwan-internet-usage
|_Bbmg	大樂透	-1.723224	chiaki-synthetic-overlay,reviewed,gpt-5.5-synthetic,synthetic-taiwan-internet-usage
|_FMx79>	大明高中	-0.950477	chiaki-synthetic-overlay,reviewed,gpt-5.5-synthetic,synthetic-taiwan-internet-usage
|_H]Ld	大塚愛	-2.402630	chiaki-synthetic-overlay,reviewed,gpt-5.5-synthetic,synthetic-taiwan-internet-usage
|_Ldm_c[	大愛劇場	-1.940648	chiaki-synthetic-overlay,reviewed,gpt-5.5-synthetic,synthetic-taiwan-internet-usage
|_S<^H	大彰投	-2.401368	chiaki-synthetic-overlay,reviewed,gpt-5.5-synthetic,synthetic-taiwan-internet-usage
|_S_T3IX	大陸歌手	-1.534589	chiaki-synthetic-overlay,reviewed,gpt-5.5-synthetic,synthetic-taiwan-internet-usage
|_UGJ1	大逃殺	-2.395999	chiaki-synthetic-overlay,reviewed,gpt-5.5-synthetic,synthetic-taiwan-internet-usage
|__M<iw2	大同電鍋	-2.000962	chiaki-synthetic-overlay,reviewed,gpt-5.5-synthetic,synthetic-taiwan-internet-usage
|__lU<3>	大慶商工	-2.933263	chiaki-synthetic-overlay,reviewed,gpt-5.5-synthetic,synthetic-taiwan-internet-usage
|_kMhalj	大榮貨運	-2.611446	chiaki-synthetic-overlay,reviewed,gpt-5.5-synthetic,synthetic-taiwan-internet-usage
|_oT[1	大買家	-2.648078	chiaki-synthetic-overlay,reviewed,gpt-5.5-synthetic,synthetic-taiwan-internet-usage
|_q=:PnH	大興旅遊	-1.326959	chiaki-synthetic-overlay,reviewed,gpt-5.5-synthetic,synthetic-taiwan-internet-usage
|_~=wT	大東海	-1.514780	chiaki-synthetic-overlay,reviewed,gpt-5.5-synthetic,synthetic-taiwan-internet-usage
|f[1u?	廖家儀	-2.395171	chiaki-synthetic-overlay,reviewed,gpt-5.5-synthetic,synthetic-taiwan-internet-usage
}2<i	桌墊	-3.000000	chiaki-synthetic-overlay,reviewed,gpt-5.5-synthetic,synthetic-taiwan-daily-usage
}2=_	桌曆	-3.000000	chiaki-synthetic-overlay,reviewed,gpt-5.5-synthetic,synthetic-taiwan-daily-usage
}2mf	桌罩	-3.000000	chiaki-synthetic-overlay,reviewed,gpt-5.5-synthetic,synthetic-taiwan-daily-usage
}8P_	兜肚	-3.000000	chiaki-synthetic-overlay,reviewed,gpt-5.5-synthetic,synthetic-taiwan-daily-usage
}?RO;A	離子夾	-1.9000	chiaki-synthetic-overlay,reviewed,manual-taiwan-appliance
}?_G	離巢	-3.000000	chiaki-synthetic-overlay,reviewed,gpt-5.5-synthetic,synthetic-taiwan-daily-usage
}?c[	離場	-3.000000	chiaki-synthetic-overlay,reviewed,gpt-5.5-synthetic,synthetic-taiwan-daily-usage
}?n2	梨渦	-3.000000	chiaki-synthetic-overlay,reviewed,gpt-5.5-synthetic,synthetic-taiwan-daily-usage
}F4L8kB_	迴腸蕩氣	-3.200000	chiaki-synthetic-overlay,reviewed,gpt-5.5-synthetic,synthetic-taiwan-daily-usage
}FQd	迴帶	-3.000000	chiaki-synthetic-overlay,reviewed,gpt-5.5-synthetic,synthetic-taiwan-daily-usage
}FS_	回祿	-3.000000	chiaki-synthetic-overlay,reviewed,gpt-5.5-synthetic,synthetic-taiwan-daily-usage
}Fw2	回鍋	-3.000000	chiaki-synthetic-overlay,reviewed,gpt-5.5-synthetic,synthetic-taiwan-daily-usage
}I0`Uk	甜辣醬	-3.100000	chiaki-synthetic-overlay,reviewed,gpt-5.5-synthetic,synthetic-taiwan-daily-usage
}I:10W	甜八寶	-3.100000	chiaki-synthetic-overlay,reviewed,gpt-5.5-synthetic,synthetic-taiwan-daily-usage
}I:>>Jm_	填充玩具	-3.200000	chiaki-synthetic-overlay,reviewed,gpt-5.5-synthetic,synthetic-taiwan-daily-usage
}I<_	甜膩	-3.000000	chiaki-synthetic-overlay,reviewed,gpt-5.5-synthetic,synthetic-taiwan-daily-usage
}IP_	甜度	-3.000000	chiaki-synthetic-overlay,reviewed,gpt-5.5-synthetic,synthetic-taiwan-daily-usage
}IwT	填海	-3.000000	chiaki-synthetic-overlay,reviewed,gpt-5.5-synthetic,synthetic-taiwan-daily-usage
}M8iu7u7	雄辯滔滔	-3.200000	chiaki-synthetic-overlay,reviewed,gpt-5.5-synthetic,synthetic-taiwan-daily-usage
}MA0:PnH	雄獅旅遊	-1.142660	chiaki-synthetic-overlay,reviewed,gpt-5.5-synthetic,synthetic-taiwan-internet-usage
}MQd9K	熊黛林	-2.404548	chiaki-synthetic-overlay,reviewed,gpt-5.5-synthetic,synthetic-taiwan-internet-usage
}M_;_fFY	熊心豹膽	-3.200000	chiaki-synthetic-overlay,reviewed,gpt-5.5-synthetic,synthetic-taiwan-daily-usage
}Mr7P;9K	熊貓森林	-1.607391	chiaki-synthetic-overlay,reviewed,gpt-5.5-synthetic,synthetic-taiwan-internet-usage
}P0i	寡占	-3.000000	chiaki-synthetic-overlay,reviewed,gpt-5.5-synthetic,synthetic-taiwan-daily-usage
}Q0_NJ03	我是傳說	-1.141553	chiaki-synthetic-overlay,reviewed,gpt-5.5-synthetic,synthetic-taiwan-internet-usage
}QUOrF	我以為	-1.148143	chiaki-synthetic-overlay,reviewed,gpt-5.5-synthetic,synthetic-taiwan-internet-usage
}U4>	礨空	-3.000000	chiaki-synthetic-overlay,reviewed,gpt-5.5-synthetic,synthetic-taiwan-daily-usage
}U=_x8	蕾莉歐	-2.398038	chiaki-synthetic-overlay,reviewed,gpt-5.5-synthetic,synthetic-taiwan-internet-usage
}Up7	壘包	-3.000000	chiaki-synthetic-overlay,reviewed,gpt-5.5-synthetic,synthetic-taiwan-daily-usage
}^0_|J|J	志士仁人	-3.200000	chiaki-synthetic-overlay,reviewed,gpt-5.5-synthetic,synthetic-taiwan-daily-usage
}^2eSW03	志怪小說	-3.200000	chiaki-synthetic-overlay,reviewed,gpt-5.5-synthetic,synthetic-taiwan-daily-usage
}^=fQMIXR0	智慧型手機	-3.450000	chiaki-synthetic-overlay,reviewed,gpt-5.5-synthetic,synthetic-taiwan-daily-usage
}^=fQM|_`H	智慧型大樓	-3.450000	chiaki-synthetic-overlay,reviewed,gpt-5.5-synthetic,synthetic-taiwan-daily-usage
}^E<	智邦	-2.122796	chiaki-synthetic-overlay,reviewed,gpt-5.5-synthetic,synthetic-taiwan-internet-usage
}^EM	置評	-3.000000	chiaki-synthetic-overlay,reviewed,gpt-5.5-synthetic,synthetic-taiwan-daily-usage
}^l@W<WO	陟罰臧否	-3.200000	chiaki-synthetic-overlay,reviewed,gpt-5.5-synthetic,synthetic-taiwan-daily-usage
}^y<	志光	-1.368851	chiaki-synthetic-overlay,reviewed,gpt-5.5-synthetic,synthetic-taiwan-internet-usage
}_9i	拓片	-3.000000	chiaki-synthetic-overlay,reviewed,gpt-5.5-synthetic,synthetic-taiwan-daily-usage
}_cV	漯水	-3.000000	chiaki-synthetic-overlay,reviewed,gpt-5.5-synthetic,synthetic-taiwan-daily-usage
}_g6	拓碑	-3.000000	chiaki-synthetic-overlay,reviewed,gpt-5.5-synthetic,synthetic-taiwan-daily-usage
}g5_}iRO	右翼分子	-3.200000	chiaki-synthetic-overlay,reviewed,gpt-5.5-synthetic,synthetic-taiwan-daily-usage
}gh<:_WB	幼香帝國	-2.397160	chiaki-synthetic-overlay,reviewed,gpt-5.5-synthetic,synthetic-taiwan-internet-usage
}i=_	奮勵	-3.000000	chiaki-synthetic-overlay,reviewed,gpt-5.5-synthetic,synthetic-taiwan-daily-usage
}iVO2@m0	奮筆疾書	-3.200000	chiaki-synthetic-overlay,reviewed,gpt-5.5-synthetic,synthetic-taiwan-daily-usage
}ixdWYdM	分外眼紅	-3.200000	chiaki-synthetic-overlay,reviewed,gpt-5.5-synthetic,synthetic-taiwan-daily-usage
}lF:	送餐	-3.000000	chiaki-synthetic-overlay,reviewed,gpt-5.5-synthetic,synthetic-taiwan-daily-usage
}lU:	送簽	-1.4500	chiaki-synthetic-overlay,reviewed,manual-official-document
}lU:6C	送簽核	-1.5500	chiaki-synthetic-overlay,reviewed,manual-official-document
}lU:vH=M	送簽流程	-1.6500	chiaki-synthetic-overlay,reviewed,manual-office
}lf<9j	宋江陣	-3.100000	chiaki-synthetic-overlay,reviewed,gpt-5.5-synthetic,synthetic-taiwan-daily-usage
~0o@	拘拿	-3.000000	chiaki-synthetic-overlay,reviewed,gpt-5.5-synthetic,synthetic-taiwan-daily-usage
~0|JWB9>	居仁國中	-2.355044	chiaki-synthetic-overlay,reviewed,gpt-5.5-synthetic,synthetic-taiwan-internet-usage
~7N_	朝暮	-3.000000	chiaki-synthetic-overlay,reviewed,gpt-5.5-synthetic,synthetic-taiwan-daily-usage
~84LLj7R	偷嚐禁果	-3.200000	chiaki-synthetic-overlay,reviewed,gpt-5.5-synthetic,synthetic-taiwan-daily-usage
~8~8nq	偷偷的	-3.100000	chiaki-synthetic-overlay,reviewed,gpt-5.5-synthetic,synthetic-taiwan-daily-usage
~=0_9Kc[	東勢林場	-1.832200	chiaki-synthetic-overlay,reviewed,gpt-5.5-synthetic,synthetic-taiwan-internet-usage
~=0_x73>	東勢高工	-1.583816	chiaki-synthetic-overlay,reviewed,gpt-5.5-synthetic,synthetic-taiwan-internet-usage
~=B_	氡氣	-3.000000	chiaki-synthetic-overlay,reviewed,gpt-5.5-synthetic,synthetic-taiwan-daily-usage
~=P;:PnH	東森旅遊	-1.513874	chiaki-synthetic-overlay,reviewed,gpt-5.5-synthetic,synthetic-taiwan-internet-usage
~=TJF0ci	東元醫院	-1.327466	chiaki-synthetic-overlay,reviewed,gpt-5.5-synthetic,synthetic-taiwan-internet-usage
~=ZlLjlO	冬令進補	-3.200000	chiaki-synthetic-overlay,reviewed,gpt-5.5-synthetic,synthetic-taiwan-daily-usage
~=hI:PnH	東南旅遊	-1.170087	chiaki-synthetic-overlay,reviewed,gpt-5.5-synthetic,synthetic-taiwan-internet-usage
~=o=F0]B	東京衣著	-1.637130	chiaki-synthetic-overlay,reviewed,gpt-5.5-synthetic,synthetic-taiwan-internet-usage
~=o=ZURV	東京甩尾	-1.965870	chiaki-synthetic-overlay,reviewed,gpt-5.5-synthetic,synthetic-taiwan-internet-usage
~=x@	冬茶	-3.000000	chiaki-synthetic-overlay,reviewed,gpt-5.5-synthetic,synthetic-taiwan-daily-usage
~=zO	東主	-3.000000	chiaki-synthetic-overlay,reviewed,gpt-5.5-synthetic,synthetic-taiwan-daily-usage
~I>1>1	黏答答	-3.100000	chiaki-synthetic-overlay,reviewed,gpt-5.5-synthetic,synthetic-taiwan-daily-usage
~IQd_;GK	年代新聞	-0.913063	chiaki-synthetic-overlay,reviewed,gpt-5.5-synthetic,synthetic-taiwan-internet-usage
~IQdxgvf	年代售票	-1.297938	chiaki-synthetic-overlay,reviewed,gpt-5.5-synthetic,synthetic-taiwan-internet-usage
~In?	黏質	-3.000000	chiaki-synthetic-overlay,reviewed,gpt-5.5-synthetic,synthetic-taiwan-daily-usage
~I~@	黏牙	-3.000000	chiaki-synthetic-overlay,reviewed,gpt-5.5-synthetic,synthetic-taiwan-daily-usage
~K=19>_;	航發中心	-3.200000	chiaki-synthetic-overlay,reviewed,gpt-5.5-synthetic,synthetic-taiwan-daily-usage
~Kgz	行當	-3.000000	chiaki-synthetic-overlay,reviewed,gpt-5.5-synthetic,synthetic-taiwan-daily-usage
~KwTN:L`	航海天下	-1.547993	chiaki-synthetic-overlay,reviewed,gpt-5.5-synthetic,synthetic-taiwan-internet-usage
~LKlcZ	彭政閔	-2.400421	chiaki-synthetic-overlay,reviewed,gpt-5.5-synthetic,synthetic-taiwan-internet-usage
~LjK	蓬裙	-3.000000	chiaki-synthetic-overlay,reviewed,gpt-5.5-synthetic,synthetic-taiwan-daily-usage
~Oe\	阻梗	-3.000000	chiaki-synthetic-overlay,reviewed,gpt-5.5-synthetic,synthetic-taiwan-daily-usage
~OhI	阻難	-3.000000	chiaki-synthetic-overlay,reviewed,gpt-5.5-synthetic,synthetic-taiwan-daily-usage
~VjK	襖裙	-3.000000	chiaki-synthetic-overlay,reviewed,gpt-5.5-synthetic,synthetic-taiwan-daily-usage
~\m:	警專	-2.344679	chiaki-synthetic-overlay,reviewed,gpt-5.5-synthetic,synthetic-taiwan-internet-usage
~\mf	警兆	-3.000000	chiaki-synthetic-overlay,reviewed,gpt-5.5-synthetic,synthetic-taiwan-daily-usage
~\q=WBSW	景興國小	-2.400301	chiaki-synthetic-overlay,reviewed,gpt-5.5-synthetic,synthetic-taiwan-internet-usage
~\x@@b9W	警察特考	-1.582473	chiaki-synthetic-overlay,reviewed,gpt-5.5-synthetic,synthetic-taiwan-internet-usage
~\x@|_5E	警察大學	-1.283378	chiaki-synthetic-overlay,reviewed,gpt-5.5-synthetic,synthetic-taiwan-internet-usage
~\|_	警大	-1.832261	chiaki-synthetic-overlay,reviewed,gpt-5.5-synthetic,synthetic-taiwan-internet-usage
~^2_a_bi	赤字預算	-3.200000	chiaki-synthetic-overlay,reviewed,gpt-5.5-synthetic,synthetic-taiwan-daily-usage
~^7i	熾豔	-3.000000	chiaki-synthetic-overlay,reviewed,gpt-5.5-synthetic,synthetic-taiwan-daily-usage
~^L;6R[O	赤身裸體	-3.200000	chiaki-synthetic-overlay,reviewed,gpt-5.5-synthetic,synthetic-taiwan-daily-usage
~^Ld	熾愛	-3.000000	chiaki-synthetic-overlay,reviewed,gpt-5.5-synthetic,synthetic-taiwan-daily-usage
~^[V	赤鬼	-2.391313	chiaki-synthetic-overlay,reviewed,gpt-5.5-synthetic,synthetic-taiwan-internet-usage
~^[_	彳亍	-3.000000	chiaki-synthetic-overlay,reviewed,gpt-5.5-synthetic,synthetic-taiwan-daily-usage
~^cfu?	赤道儀	-3.100000	chiaki-synthetic-overlay,reviewed,gpt-5.5-synthetic,synthetic-taiwan-daily-usage
~_=@0_Ld	那不是愛	-2.503652	chiaki-synthetic-overlay,reviewed,gpt-5.5-synthetic,synthetic-taiwan-internet-usage
~_@@	納福	-3.000000	chiaki-synthetic-overlay,reviewed,gpt-5.5-synthetic,synthetic-taiwan-daily-usage
~_Cf5_K_|J	納稅義務人	-3.450000	chiaki-synthetic-overlay,reviewed,gpt-5.5-synthetic,synthetic-taiwan-daily-usage
~_UlEE	納命來	-3.100000	chiaki-synthetic-overlay,reviewed,gpt-5.5-synthetic,synthetic-taiwan-daily-usage
~_tONP	納骨塔	-3.100000	chiaki-synthetic-overlay,reviewed,gpt-5.5-synthetic,synthetic-taiwan-daily-usage
~l|f	用料	-3.000000	chiaki-synthetic-overlay,reviewed,gpt-5.5-synthetic,synthetic-taiwan-daily-usage
}i0_A_Q@	憤世嫉俗	-2.6402	chiaki-modern-overlay,manual,alt-reading,common-mistype
CWvY|JUl	草菅人命	-2.6402	chiaki-modern-overlay,manual,alt-reading,common-mistype
2_ci2_Ld	自怨自艾	-2.5119	chiaki-modern-overlay,manual,alt-reading,common-mistype
F0L9?04C	一丘之貉	-2.7685	chiaki-modern-overlay,manual,alt-reading,common-mistype
BL<hL_3@	良莠不齊	-2.4421	chiaki-modern-overlay,manual,alt-reading,common-mistype
B_6NL_kR	鍥而不捨	-2.4587	chiaki-modern-overlay,manual,alt-reading,common-mistype
F0_fp?lI	一暴十寒	-3.3	chiaki-modern-overlay,manual,alt-reading,common-mistype
ikJ`	框架	-2.1215	chiaki-modern-overlay,manual,alt-reading,common-mistype
cR=_	蛤蜊	-2.5044	chiaki-modern-overlay,manual,alt-reading,common-mistype
A:BY	砧板	-2.4646	chiaki-modern-overlay,manual,alt-reading,common-mistype
<jzJ	妊娠	-2.0361	chiaki-modern-overlay,manual,alt-reading,common-mistype
L7ac	龜裂	-2.2141	chiaki-modern-overlay,manual,alt-reading,common-mistype
raB8	塑膠	-1.509	chiaki-modern-overlay,manual,alt-reading,common-mistype
tOea	骨骼	-1.9239	chiaki-modern-overlay,manual,alt-reading,common-mistype
zj=_	絢麗	-2.2516	chiaki-modern-overlay,manual,alt-reading,common-mistype
p0ik	粗獷	-2.4174	chiaki-modern-overlay,manual,alt-reading,common-mistype
<X2@RdEE	否極泰來	-2.453	chiaki-modern-overlay,manual,alt-reading,common-mistype
|_3_3_	大剌剌	-2.6563	chiaki-modern-overlay,manual,alt-reading,common-mistype
fVFf	璀璨	-2.2066	chiaki-modern-overlay,manual,alt-reading,common-mistype
3aWl	破綻	-2.3061	chiaki-modern-overlay,manual,alt-reading,common-mistype
112PRV<C	虛與委蛇	-2.7685	chiaki-modern-overlay,manual,alt-reading,common-mistype
2f\=	味噌	-1.5	chiaki-modern-overlay,manual,alt-reading,common-mistype
yUGK	緋聞	-2.0	chiaki-modern-overlay,manual,alt-reading,common-mistype
NOwK	脂肪	-1.5	chiaki-modern-overlay,manual,alt-reading,common-mistype
]aqa	齷齪	-2.6	chiaki-modern-overlay,manual,alt-reading,common-mistype
n233	齷齪	-2.8	chiaki-modern-overlay,manual,alt-reading,common-mistype
^lFJ	痙攣	-1.1	chiaki-modern-overlay,manual,alt-reading
o=FJ	痙攣	-2.1	chiaki-modern-overlay,manual,alt-reading,common-mistype
tfPO	鑰匙	-1.5	chiaki-modern-overlay,manual,alt-reading,colloquial
b[nq	長的	-1.609047	chiaki-modern-overlay,manual,polyphone
L_u?Ik	不一樣	-1.25	chiaki-modern-overlay,manual,tone-sandhi,common-phrase
L_F0Ik	不一樣	-1.25	chiaki-modern-overlay,manual,tone-sandhi,common-phrase
L_SW_;	不小心	-1.2	chiaki-modern-overlay,manual,alt-reading,colloquial
LPf0	髮箍	-2.297106	chiaki-modern-overlay,manual
T5s?	缺詞	-1.75	chiaki-modern-overlay,manual,homophone-order
0_O@ad	世足賽	-2.1	chiaki-modern-overlay,manual
VB<i	螺鈿	-1.998589	chiaki-modern-overlay,auto-pr
o=8G	精髓	-2.236734	chiaki-modern-overlay,auto-pr
0U]_	載入	-0.962109	chiaki-modern-overlay,auto-pr
iMg5	重開	-2.184048	chiaki-modern-overlay,manual,alt-reading
iMg5R0	重開機	-1.977599	chiaki-modern-overlay,manual,alt-reading
iM0_	重試	-1.915735	chiaki-modern-overlay,manual,alt-reading
iMMP	重打	-2.301244	chiaki-modern-overlay,manual,alt-reading
iMzh	重看	-2.020692	chiaki-modern-overlay,manual,alt-reading
iMS_	重錄	-2.229594	chiaki-modern-overlay,manual,alt-reading
iMp4	重貼	-2.34	chiaki-modern-overlay,manual,alt-reading
iMNJ	重傳	-2.176937	chiaki-modern-overlay,manual,alt-reading
iMe0	重估	-2.253613	chiaki-modern-overlay,manual,alt-reading
iMm_	重聚	-2.178028	chiaki-modern-overlay,manual,alt-reading
iM[Z	重審	-2.292602	chiaki-modern-overlay,manual,alt-reading
iMSB	重奪	-2.534791	chiaki-modern-overlay,manual,alt-reading
iMl0	重出	-2.020587	chiaki-modern-overlay,manual,alt-reading
iMTJ	重圓	-1.944337	chiaki-modern-overlay,manual,alt-reading
iM03	重說	-2.13718	chiaki-modern-overlay,manual,alt-reading
iMW[	重訪	-2.301758	chiaki-modern-overlay,manual,alt-reading
iMEM	重評	-2.272002	chiaki-modern-overlay,manual,alt-reading
iM=f	重繪	-2.232632	chiaki-modern-overlay,manual,alt-reading
iMa_	重遇	-2.307794	chiaki-modern-overlay,manual,alt-reading
iMqh	重瓣	-2.311262	chiaki-modern-overlay,manual,alt-reading
iMwI	重簷	-2.229286	chiaki-modern-overlay,manual,alt-reading
iMCE	重臺	-1.989078	chiaki-modern-overlay,manual,alt-reading
iMD8	重霄	-2.262541	chiaki-modern-overlay,manual,alt-reading
iMy<	重光	-2.092558	chiaki-modern-overlay,manual,alt-reading
iMZ_	重鑄	-2.299841	chiaki-modern-overlay,manual,alt-reading
iM}g	重又	-1.984715	chiaki-modern-overlay,manual,alt-reading
iMcY	重瞼	-2.230019	chiaki-modern-overlay,manual,alt-reading
wlU:	中籤	-1.868411	chiaki-modern-overlay,manual,alt-reading
wl~7	中招	-1.874088	chiaki-modern-overlay,manual,alt-reading
wlCi	中箭	-2.460852	chiaki-modern-overlay,manual,alt-reading
6dWk	月相	-1.888677	chiaki-modern-overlay,manual,alt-reading
?PQ=	曲風	-1.857429	chiaki-modern-overlay,manual,alt-reading
];?P	金曲	-1.875774	chiaki-modern-overlay,manual,alt-reading
p?wK	提防	-1.083749	chiaki-modern-overlay,manual,alt-reading
aO2P	給予	-0.853952	chiaki-modern-overlay,manual,alt-reading
?Pi_	曲率	-1.52804	chiaki-modern-overlay,manual,alt-reading
_d\e:_	在內地	-1.874546	chiaki-modern-overlay,manual,alt-reading,homophone-collision
_dxd:_	在外地	-1.907797	chiaki-modern-overlay,manual,alt-reading,homophone-collision
0_ecCb:_	世界各地	-1.877862	chiaki-modern-overlay,manual,alt-reading,homophone-collision
m_2@:_	聚集地	-1.879366	chiaki-modern-overlay,manual,alt-reading,homophone-collision
L7|O:_	歸屬地	-1.895064	chiaki-modern-overlay,manual,alt-reading,homophone-collision
m_~0:_	聚居地	-1.94864	chiaki-modern-overlay,manual,alt-reading,homophone-collision
cVTJ:_	水源地	-1.910329	chiaki-modern-overlay,manual,alt-reading,homophone-collision
S04@:_	棲息地	-1.911315	chiaki-modern-overlay,manual,alt-reading,homophone-collision
g5ga:_	開闊地	-1.956025	chiaki-modern-overlay,manual,alt-reading,homophone-collision
[LqO:_	黃土地	-1.94162	chiaki-modern-overlay,manual,alt-reading,homophone-collision
^@:_	局地	-1.942848	chiaki-modern-overlay,manual,alt-reading,homophone-collision
mJ:_	門地	-1.952285	chiaki-modern-overlay,manual,alt-reading,homophone-collision
1g:_	校地	-1.976042	chiaki-modern-overlay,manual,alt-reading,homophone-collision
PG:_	薄地	-1.976666	chiaki-modern-overlay,manual,alt-reading,homophone-collision
6J:_	閒地	-1.957111	chiaki-modern-overlay,manual,alt-reading,homophone-collision
0=J`:_	莊稼地	-1.977139	chiaki-modern-overlay,manual,alt-reading,homophone-collision
o?:_	茬地	-1.993937	chiaki-modern-overlay,manual,alt-reading,homophone-collision
RG:_	錨地	-1.987802	chiaki-modern-overlay,manual,alt-reading,homophone-collision
|_Od:_	大麥地	-1.990449	chiaki-modern-overlay,manual,alt-reading,homophone-collision
