# phrase	weight	tags
一詮	-2.6	chiaki-auto-hotwords-overlay,auto,source=google-trends,first_seen=2026-08-28,last_seen=2026-09-09,seen_days_30=4,signal_14=0,signal_30=0,windows_14=,max_traffic=1000,status=active
一護	-2.8	chiaki-auto-hotwords-overlay,auto,source=ptt-cchat,first_seen=2026-08-25,last_seen=2026-08-29,seen_days_30=0,signal_14=0,signal_30=0,windows_14=,max_traffic=126,status=cooling
丁國琳	-3.0	chiaki-auto-hotwords-overlay,auto,source=google-trends,first_seen=2026-07-30,last_seen=2026-08-05,seen_days_30=0,signal_14=0,signal_30=0,windows_14=,max_traffic=1000,status=dormant
丁柔安	-2.8	chiaki-auto-hotwords-overlay,auto,source=google-trends+google-trends-trending,first_seen=2026-07-27,last_seen=2026-08-13,seen_days_30=0,signal_14=0,signal_30=0,windows_14=,max_traffic=10000,status=cooling
丁海寅	-2.8	chiaki-auto-hotwords-overlay,auto,source=google-trends,first_seen=2026-08-08,last_seen=2026-08-14,seen_days_30=0,signal_14=0,signal_30=0,windows_14=,max_traffic=20000,status=cooling
丁瑀	-2.4	chiaki-auto-hotwords-overlay,auto,source=google-trends+google-trends-trending,first_seen=2026-07-26,last_seen=2026-09-22,seen_days_30=9,signal_14=3,signal_30=3,windows_14=7d,max_traffic=20000,status=active
三中案	-3.0	chiaki-auto-hotwords-overlay,auto,source=google-trends,first_seen=2026-07-09,last_seen=2026-07-15,seen_days_30=0,signal_14=0,signal_30=0,windows_14=,max_traffic=500,status=dormant
三吉彩花	-1.9	chiaki-auto-hotwords-overlay,auto,source=google-trends,first_seen=2026-10-02,last_seen=2026-10-05,seen_days_30=4,signal_14=17,signal_30=17,windows_14=24h+48h+7d,max_traffic=1000,status=active
三山凌輝	-2.8	chiaki-auto-hotwords-overlay,auto,source=google-trends+google-trends-trending,first_seen=2026-07-24,last_seen=2026-08-28,seen_days_30=0,signal_14=0,signal_30=0,windows_14=,max_traffic=1000,status=cooling
三浦璃來	-2.8	chiaki-auto-hotwords-overlay,auto,source=google-trends,first_seen=2026-08-24,last_seen=2026-08-24,seen_days_30=0,signal_14=0,signal_30=0,windows_14=,max_traffic=5000,status=cooling
三越	-2.8	chiaki-auto-hotwords-overlay,auto,source=google-trends,first_seen=2026-08-15,last_seen=2026-08-21,seen_days_30=0,signal_14=0,signal_30=0,windows_14=,max_traffic=20000,status=cooling
三野文太	-3.0	chiaki-auto-hotwords-overlay,auto,source=google-trends,first_seen=2026-07-30,last_seen=2026-08-03,seen_days_30=0,signal_14=0,signal_30=0,windows_14=,max_traffic=20000,status=dormant
三鶯線	-2.1	chiaki-auto-hotwords-overlay,auto,source=google-trends,first_seen=2026-08-12,last_seen=2026-10-05,seen_days_30=3,signal_14=11,signal_30=11,windows_14=48h+7d,max_traffic=2000,status=active
上海仔	-2.6	chiaki-auto-hotwords-overlay,auto,source=google-trends,first_seen=2026-09-06,last_seen=2026-09-10,seen_days_30=5,signal_14=0,signal_30=0,windows_14=,max_traffic=1000,status=active
上詮	-2.6	chiaki-auto-hotwords-overlay,auto,source=google-trends,first_seen=2026-09-04,last_seen=2026-09-10,seen_days_30=5,signal_14=0,signal_30=0,windows_14=,max_traffic=100,status=active
不二坊	-2.6	chiaki-auto-hotwords-overlay,auto,source=google-trends,first_seen=2026-08-11,last_seen=2026-09-16,seen_days_30=1,signal_14=0,signal_30=0,windows_14=,max_traffic=2000,status=active
世羽賽	-2.8	chiaki-auto-hotwords-overlay,auto,source=google-trends,first_seen=2026-08-23,last_seen=2026-08-29,seen_days_30=0,signal_14=0,signal_30=0,windows_14=,max_traffic=200,status=cooling
世芯	-1.9	chiaki-auto-hotwords-overlay,auto,source=google-trends,first_seen=2026-08-12,last_seen=2026-09-25,seen_days_30=17,signal_14=12,signal_30=12,windows_14=7d,max_traffic=500,status=active
丘秀珠	-2.8	chiaki-auto-hotwords-overlay,auto,source=google-trends,first_seen=2026-08-22,last_seen=2026-08-27,seen_days_30=0,signal_14=0,signal_30=0,windows_14=,max_traffic=100,status=cooling
中再保	-2.8	chiaki-auto-hotwords-overlay,auto,source=google-trends,first_seen=2026-08-21,last_seen=2026-08-27,seen_days_30=0,signal_14=0,signal_30=0,windows_14=,max_traffic=500,status=cooling
中壢車站	-3.0	chiaki-auto-hotwords-overlay,auto,source=google-trends+google-trends-trending,first_seen=2026-07-24,last_seen=2026-07-28,seen_days_30=0,signal_14=0,signal_30=0,windows_14=,max_traffic=200,status=dormant
中彰大橋	-2.6	chiaki-auto-hotwords-overlay,auto,source=google-trends,first_seen=2026-09-09,last_seen=2026-09-14,seen_days_30=6,signal_14=0,signal_30=0,windows_14=,max_traffic=100,status=active
中澳沙灘	-2.8	chiaki-auto-hotwords-overlay,auto,source=google-trends,first_seen=2026-08-11,last_seen=2026-08-16,seen_days_30=0,signal_14=0,signal_30=0,windows_14=,max_traffic=1000,status=cooling
中砂	-2.1	chiaki-auto-hotwords-overlay,auto,source=google-trends,first_seen=2026-09-05,last_seen=2026-09-24,seen_days_30=12,signal_14=9,signal_30=9,windows_14=7d,max_traffic=2000,status=active
中磊	-2.8	chiaki-auto-hotwords-overlay,auto,source=google-trends,first_seen=2026-08-13,last_seen=2026-08-19,seen_days_30=0,signal_14=0,signal_30=0,windows_14=,max_traffic=500,status=cooling
中美晶	-2.8	chiaki-auto-hotwords-overlay,auto,source=google-trends+google-trends-trending,first_seen=2026-07-03,last_seen=2026-08-15,seen_days_30=0,signal_14=0,signal_30=0,windows_14=,max_traffic=1000,status=cooling
中職賽程	-3.0	chiaki-auto-hotwords-overlay,auto,source=google-trends+google-trends-trending,first_seen=2026-07-22,last_seen=2026-07-28,seen_days_30=0,signal_14=0,signal_30=0,windows_14=,max_traffic=200,status=dormant
中興電	-2.8	chiaki-auto-hotwords-overlay,auto,source=google-trends,first_seen=2026-08-14,last_seen=2026-08-20,seen_days_30=0,signal_14=0,signal_30=0,windows_14=,max_traffic=200,status=cooling
之血	-2.6	chiaki-auto-hotwords-overlay,auto,source=google-trends,first_seen=2026-09-04,last_seen=2026-09-10,seen_days_30=5,signal_14=0,signal_30=0,windows_14=,max_traffic=1000,status=active,derived_from=黎明行者之血
尹乃菁	-3.0	chiaki-auto-hotwords-overlay,auto,source=google-trends,first_seen=2026-07-19,last_seen=2026-07-19,seen_days_30=0,signal_14=0,signal_30=0,windows_14=,max_traffic=5000,status=dormant
尹崇堯	-2.4	chiaki-auto-hotwords-overlay,auto,source=google-trends,first_seen=2026-09-15,last_seen=2026-09-21,seen_days_30=7,signal_14=0,signal_30=0,windows_14=,max_traffic=100,status=active
尹崇恩	-1.9	chiaki-auto-hotwords-overlay,auto,source=google-trends,first_seen=2026-09-29,last_seen=2026-10-05,seen_days_30=7,signal_14=26,signal_30=26,windows_14=24h+48h+7d,max_traffic=2000,status=active
尹敬浩	-2.8	chiaki-auto-hotwords-overlay,auto,source=google-trends,first_seen=2026-07-30,last_seen=2026-08-07,seen_days_30=0,signal_14=0,signal_30=0,windows_14=,max_traffic=500,status=cooling
九粒	-3.0	chiaki-auto-hotwords-overlay,auto,source=google-trends+google-trends-trending,first_seen=2026-07-25,last_seen=2026-07-30,seen_days_30=0,signal_14=0,signal_30=0,windows_14=,max_traffic=10000,status=dormant
了妖	-2.8	chiaki-auto-hotwords-overlay,auto,source=google-trends,first_seen=2026-08-24,last_seen=2026-08-30,seen_days_30=0,signal_14=0,signal_30=0,windows_14=,max_traffic=2000,status=cooling,derived_from=把人寫成了妖
五互集團	-2.6	chiaki-auto-hotwords-overlay,auto,source=google-trends,first_seen=2026-09-03,last_seen=2026-09-09,seen_days_30=4,signal_14=0,signal_30=0,windows_14=,max_traffic=2000,status=active
五桐號	-3.0	chiaki-auto-hotwords-overlay,auto,source=google-trends+google-trends-trending,first_seen=2026-07-16,last_seen=2026-07-22,seen_days_30=0,signal_14=0,signal_30=0,windows_14=,max_traffic=5000,status=dormant
五桐號蒙	-3.0	chiaki-auto-hotwords-overlay,auto,source=google-trends+google-trends-trending,first_seen=2026-07-17,last_seen=2026-07-23,seen_days_30=0,signal_14=0,signal_30=0,windows_14=,max_traffic=200,status=dormant,derived_from=五桐號蒙奇奇
五熊	-2.6	chiaki-auto-hotwords-overlay,auto,source=google-trends+ptt-gossiping,first_seen=2026-08-24,last_seen=2026-09-05,seen_days_30=0,signal_14=0,signal_30=0,windows_14=,max_traffic=200000,status=active,derived_from=五熊為什麼要潑油
五熊宗教	-2.8	chiaki-auto-hotwords-overlay,auto,source=google-trends,first_seen=2026-08-25,last_seen=2026-08-26,seen_days_30=0,signal_14=0,signal_30=0,windows_14=,max_traffic=5000,status=cooling
井柏然	-2.6	chiaki-auto-hotwords-overlay,auto,source=google-trends,first_seen=2026-09-01,last_seen=2026-09-20,seen_days_30=6,signal_14=0,signal_30=0,windows_14=,max_traffic=50000,status=active,derived_from=井柏然女友+井柏然郭書瑤
亞倫賈吉	-2.8	chiaki-auto-hotwords-overlay,auto,source=google-trends,first_seen=2026-08-22,last_seen=2026-08-28,seen_days_30=0,signal_14=0,signal_30=0,windows_14=,max_traffic=500,status=cooling
亞莉安娜	-2.8	chiaki-auto-hotwords-overlay,auto,source=google-trends,first_seen=2026-08-05,last_seen=2026-08-11,seen_days_30=0,signal_14=0,signal_30=0,windows_14=,max_traffic=200,status=cooling
亞電	-2.8	chiaki-auto-hotwords-overlay,auto,source=google-trends+google-trends-trending,first_seen=2026-07-21,last_seen=2026-09-04,seen_days_30=0,signal_14=0,signal_30=0,windows_14=,max_traffic=2000,status=cooling
仁寶	-2.6	chiaki-auto-hotwords-overlay,auto,source=google-trends,first_seen=2026-07-10,last_seen=2026-09-19,seen_days_30=8,signal_14=0,signal_30=0,windows_14=,max_traffic=20000,status=active
仁新	-2.6	chiaki-auto-hotwords-overlay,auto,source=google-trends,first_seen=2026-09-01,last_seen=2026-09-14,seen_days_30=9,signal_14=0,signal_30=0,windows_14=,max_traffic=1000,status=active
仁湯	-3.0	chiaki-auto-hotwords-overlay,auto,source=google-trends+google-trends-trending,first_seen=2026-07-16,last_seen=2026-07-23,seen_days_30=0,signal_14=0,signal_30=0,windows_14=,max_traffic=2000,status=dormant,derived_from=莊子土豆仁湯
今井達也	-2.8	chiaki-auto-hotwords-overlay,auto,source=google-trends,first_seen=2026-08-02,last_seen=2026-08-28,seen_days_30=0,signal_14=0,signal_30=0,windows_14=,max_traffic=1000,status=cooling
今國光	-2.6	chiaki-auto-hotwords-overlay,auto,source=google-trends,first_seen=2026-09-02,last_seen=2026-09-10,seen_days_30=5,signal_14=0,signal_30=0,windows_14=,max_traffic=500,status=active
今永昇太	-2.8	chiaki-auto-hotwords-overlay,auto,source=google-trends,first_seen=2026-08-02,last_seen=2026-08-08,seen_days_30=0,signal_14=0,signal_30=0,windows_14=,max_traffic=200,status=cooling
今週刊	-2.4	chiaki-auto-hotwords-overlay,auto,source=google-trends+google-trends-trending,first_seen=2026-07-18,last_seen=2026-09-21,seen_days_30=12,signal_14=0,signal_30=0,windows_14=,max_traffic=50000,status=active
仙園	-2.8	chiaki-auto-hotwords-overlay,auto,source=google-trends,first_seen=2026-08-14,last_seen=2026-08-20,seen_days_30=0,signal_14=0,signal_30=0,windows_14=,max_traffic=500,status=cooling,derived_from=仙園海鮮會館
仙塔律師	-3.0	chiaki-auto-hotwords-overlay,auto,source=google-trends,first_seen=2026-07-09,last_seen=2026-07-15,seen_days_30=0,signal_14=0,signal_30=0,windows_14=,max_traffic=200,status=dormant
伊勢神宮	-2.6	chiaki-auto-hotwords-overlay,auto,source=google-trends,first_seen=2026-09-01,last_seen=2026-09-07,seen_days_30=2,signal_14=0,signal_30=0,windows_14=,max_traffic=2000,status=active
伍兩五	-3.0	chiaki-auto-hotwords-overlay,auto,source=google-trends,first_seen=2026-07-11,last_seen=2026-07-16,seen_days_30=0,signal_14=0,signal_30=0,windows_14=,max_traffic=5000,status=dormant,derived_from=伍兩五炸雞
伍婉華	-2.8	chiaki-auto-hotwords-overlay,auto,source=google-trends,first_seen=2026-08-10,last_seen=2026-08-16,seen_days_30=0,signal_14=0,signal_30=0,windows_14=,max_traffic=200,status=cooling
伍程嶸	-2.6	chiaki-auto-hotwords-overlay,auto,source=google-trends,first_seen=2026-09-02,last_seen=2026-09-08,seen_days_30=1,signal_14=0,signal_30=0,windows_14=,max_traffic=200,status=active
佀廣洋	-2.6	chiaki-auto-hotwords-overlay,auto,source=google-trends,first_seen=2026-07-04,last_seen=2026-09-10,seen_days_30=5,signal_14=0,signal_30=0,windows_14=,max_traffic=20000,status=active
何九華	-2.8	chiaki-auto-hotwords-overlay,auto,source=google-trends,first_seen=2026-09-01,last_seen=2026-09-01,seen_days_30=0,signal_14=0,signal_30=0,windows_14=,max_traffic=1000,status=cooling
何元楷	-3.0	chiaki-auto-hotwords-overlay,auto,source=google-trends+google-trends-trending,first_seen=2026-07-26,last_seen=2026-08-01,seen_days_30=0,signal_14=0,signal_30=0,windows_14=,max_traffic=10000,status=dormant
何勇	-2.6	chiaki-auto-hotwords-overlay,auto,source=google-trends,first_seen=2026-09-05,last_seen=2026-09-11,seen_days_30=6,signal_14=0,signal_30=0,windows_14=,max_traffic=2000,status=active
何勝豐	-2.6	chiaki-auto-hotwords-overlay,auto,source=google-trends,first_seen=2026-09-01,last_seen=2026-09-07,seen_days_30=2,signal_14=0,signal_30=0,windows_14=,max_traffic=200,status=active
何品室融	-3.0	chiaki-auto-hotwords-overlay,auto,source=google-trends+google-trends-trending,first_seen=2026-07-19,last_seen=2026-07-26,seen_days_30=0,signal_14=0,signal_30=0,windows_14=,max_traffic=1000,status=dormant
何妤玟	-1.9	chiaki-auto-hotwords-overlay,auto,source=google-trends,first_seen=2026-09-04,last_seen=2026-10-05,seen_days_30=9,signal_14=17,signal_30=17,windows_14=24h+48h+7d,max_traffic=1000,status=active
何宗旂	-3.0	chiaki-auto-hotwords-overlay,auto,source=google-trends+google-trends-trending,first_seen=2026-07-16,last_seen=2026-07-22,seen_days_30=0,signal_14=0,signal_30=0,windows_14=,max_traffic=10000,status=dormant
何志勇	-2.6	chiaki-auto-hotwords-overlay,auto,source=google-trends,first_seen=2026-09-06,last_seen=2026-09-16,seen_days_30=6,signal_14=0,signal_30=0,windows_14=,max_traffic=2000,status=active
何璦芸	-2.6	chiaki-auto-hotwords-overlay,auto,source=google-trends,first_seen=2026-09-14,last_seen=2026-09-20,seen_days_30=7,signal_14=0,signal_30=0,windows_14=,max_traffic=500,status=active
何篤霖	-1.9	chiaki-auto-hotwords-overlay,auto,source=google-trends,first_seen=2026-09-06,last_seen=2026-10-02,seen_days_30=14,signal_14=26,signal_30=26,windows_14=24h+48h+7d,max_traffic=2000,status=active
何超雲	-2.8	chiaki-auto-hotwords-overlay,auto,source=google-trends,first_seen=2026-08-01,last_seen=2026-08-07,seen_days_30=0,signal_14=0,signal_30=0,windows_14=,max_traffic=100,status=cooling
佳世達	-2.8	chiaki-auto-hotwords-overlay,auto,source=google-trends,first_seen=2026-08-15,last_seen=2026-08-21,seen_days_30=0,signal_14=0,signal_30=0,windows_14=,max_traffic=100,status=cooling
佳必琪	-2.6	chiaki-auto-hotwords-overlay,auto,source=google-trends,first_seen=2026-09-03,last_seen=2026-09-09,seen_days_30=4,signal_14=0,signal_30=0,windows_14=,max_traffic=200,status=active
侯明昊	-2.8	chiaki-auto-hotwords-overlay,auto,source=google-trends,first_seen=2026-08-09,last_seen=2026-08-14,seen_days_30=0,signal_14=0,signal_30=0,windows_14=,max_traffic=1000,status=cooling
侯湘婷	-1.9	chiaki-auto-hotwords-overlay,auto,source=google-trends,first_seen=2026-09-01,last_seen=2026-10-05,seen_days_30=8,signal_14=23,signal_30=23,windows_14=24h+48h+7d,max_traffic=10000,status=active
侯漢廷	-2.8	chiaki-auto-hotwords-overlay,auto,source=google-trends,first_seen=2026-08-22,last_seen=2026-08-27,seen_days_30=0,signal_14=0,signal_30=0,windows_14=,max_traffic=5000,status=cooling
侯炳瑩	-2.8	chiaki-auto-hotwords-overlay,auto,source=google-trends,first_seen=2026-08-03,last_seen=2026-08-09,seen_days_30=0,signal_14=0,signal_30=0,windows_14=,max_traffic=10000,status=cooling
保利澄香	-2.6	chiaki-auto-hotwords-overlay,auto,source=google-trends,first_seen=2026-09-14,last_seen=2026-09-19,seen_days_30=6,signal_14=0,signal_30=0,windows_14=,max_traffic=1000,status=active
俞利	-2.8	chiaki-auto-hotwords-overlay,auto,source=google-trends,first_seen=2026-08-01,last_seen=2026-08-06,seen_days_30=0,signal_14=0,signal_30=0,windows_14=,max_traffic=200,status=cooling
俞泰彬	-2.8	chiaki-auto-hotwords-overlay,auto,source=google-trends,first_seen=2026-08-02,last_seen=2026-08-09,seen_days_30=0,signal_14=0,signal_30=0,windows_14=,max_traffic=1000,status=cooling
信昌電	-2.8	chiaki-auto-hotwords-overlay,auto,source=google-trends,first_seen=2026-08-20,last_seen=2026-08-20,seen_days_30=0,signal_14=0,signal_30=0,windows_14=,max_traffic=100,status=cooling
信驊	-1.9	chiaki-auto-hotwords-overlay,auto,source=google-trends+google-trends-trending,first_seen=2026-07-16,last_seen=2026-09-29,seen_days_30=14,signal_14=26,signal_30=26,windows_14=24h+48h+7d,max_traffic=2000,status=active
假面美顏	-2.1	chiaki-auto-hotwords-overlay,auto,source=google-trends,first_seen=2026-09-18,last_seen=2026-09-24,seen_days_30=7,signal_14=9,signal_30=9,windows_14=7d,max_traffic=5000,status=active
健康幣	-1.9	chiaki-auto-hotwords-overlay,auto,source=google-trends,first_seen=2026-08-28,last_seen=2026-10-05,seen_days_30=17,signal_14=46,signal_30=46,windows_14=24h+48h+7d,max_traffic=20000,status=active
健策	-2.4	chiaki-auto-hotwords-overlay,auto,source=google-trends,first_seen=2026-08-05,last_seen=2026-09-22,seen_days_30=7,signal_14=3,signal_30=3,windows_14=7d,max_traffic=1000,status=active
傅兆玄	-1.9	chiaki-auto-hotwords-overlay,auto,source=google-trends,first_seen=2026-09-28,last_seen=2026-10-04,seen_days_30=7,signal_14=26,signal_30=26,windows_14=24h+48h+7d,max_traffic=10000,status=active
傅天穎	-1.9	chiaki-auto-hotwords-overlay,auto,source=google-trends,first_seen=2026-09-24,last_seen=2026-09-30,seen_days_30=7,signal_14=26,signal_30=26,windows_14=24h+48h+7d,max_traffic=200,status=active
傅子純	-2.1	chiaki-auto-hotwords-overlay,auto,source=google-trends,first_seen=2026-08-23,last_seen=2026-10-05,seen_days_30=8,signal_14=11,signal_30=11,windows_14=24h+48h+7d,max_traffic=5000,status=active
優裡	-3.0	chiaki-auto-hotwords-overlay,auto,source=google-trends,first_seen=2026-07-14,last_seen=2026-07-20,seen_days_30=0,signal_14=0,signal_30=0,windows_14=,max_traffic=1000,status=dormant,derived_from=優裡演唱會
元炫埈	-2.4	chiaki-auto-hotwords-overlay,auto,source=google-trends,first_seen=2026-09-16,last_seen=2026-09-22,seen_days_30=7,signal_14=3,signal_30=3,windows_14=7d,max_traffic=100,status=active
光聖	-2.6	chiaki-auto-hotwords-overlay,auto,source=google-trends,first_seen=2026-08-13,last_seen=2026-09-09,seen_days_30=4,signal_14=0,signal_30=0,windows_14=,max_traffic=1000,status=active
光華夜市	-2.8	chiaki-auto-hotwords-overlay,auto,source=google-trends,first_seen=2026-08-08,last_seen=2026-08-14,seen_days_30=0,signal_14=0,signal_30=0,windows_14=,max_traffic=500,status=cooling
光鼎	-1.9	chiaki-auto-hotwords-overlay,auto,source=google-trends,first_seen=2026-07-29,last_seen=2026-09-25,seen_days_30=9,signal_14=12,signal_30=12,windows_14=7d,max_traffic=2000,status=active
入交昭	-3.0	chiaki-auto-hotwords-overlay,auto,source=google-trends,first_seen=2026-07-17,last_seen=2026-07-17,seen_days_30=0,signal_14=0,signal_30=0,windows_14=,max_traffic=500,status=dormant,derived_from=入交昭一郎
全友	-1.9	chiaki-auto-hotwords-overlay,auto,source=google-trends,first_seen=2026-09-11,last_seen=2026-10-05,seen_days_30=12,signal_14=17,signal_30=17,windows_14=24h+48h+7d,max_traffic=2000,status=active
全昭旻	-2.8	chiaki-auto-hotwords-overlay,auto,source=google-trends,first_seen=2026-08-17,last_seen=2026-08-23,seen_days_30=0,signal_14=0,signal_30=0,windows_14=,max_traffic=1000,status=cooling
八三夭	-2.8	chiaki-auto-hotwords-overlay,auto,source=google-trends,first_seen=2026-08-16,last_seen=2026-08-22,seen_days_30=0,signal_14=0,signal_30=0,windows_14=,max_traffic=2000,status=cooling
八代宮	-3.0	chiaki-auto-hotwords-overlay,auto,source=google-trends,first_seen=2026-07-29,last_seen=2026-08-04,seen_days_30=0,signal_14=0,signal_30=0,windows_14=,max_traffic=200,status=dormant
八重山丸	-1.9	chiaki-auto-hotwords-overlay,auto,source=google-trends,first_seen=2026-09-19,last_seen=2026-09-25,seen_days_30=7,signal_14=12,signal_30=12,windows_14=7d,max_traffic=500,status=active
公視連署	-3.0	chiaki-auto-hotwords-overlay,auto,source=google-trends,first_seen=2026-08-02,last_seen=2026-08-03,seen_days_30=0,signal_14=0,signal_30=0,windows_14=,max_traffic=200,status=dormant
六氟化鎢	-3.0	chiaki-auto-hotwords-overlay,auto,source=google-trends+google-trends-trending,first_seen=2026-07-24,last_seen=2026-07-30,seen_days_30=0,signal_14=0,signal_30=0,windows_14=,max_traffic=200,status=dormant
共伴效應	-2.6	chiaki-auto-hotwords-overlay,auto,source=google-trends,first_seen=2026-09-06,last_seen=2026-09-08,seen_days_30=3,signal_14=0,signal_30=0,windows_14=,max_traffic=100000,status=active
兵家綺	-2.6	chiaki-auto-hotwords-overlay,auto,source=google-trends,first_seen=2026-09-02,last_seen=2026-09-07,seen_days_30=2,signal_14=0,signal_30=0,windows_14=,max_traffic=100,status=active
具俊曄	-2.8	chiaki-auto-hotwords-overlay,auto,source=google-trends+google-trends-trending,first_seen=2026-07-12,last_seen=2026-08-25,seen_days_30=0,signal_14=0,signal_30=0,windows_14=,max_traffic=50000,status=cooling
具建逸	-2.8	chiaki-auto-hotwords-overlay,auto,source=google-trends,first_seen=2026-08-14,last_seen=2026-08-20,seen_days_30=0,signal_14=0,signal_30=0,windows_14=,max_traffic=2000,status=cooling
冠佑	-3.0	chiaki-auto-hotwords-overlay,auto,source=google-trends+google-trends-trending,first_seen=2026-07-10,last_seen=2026-07-21,seen_days_30=0,signal_14=0,signal_30=0,windows_14=,max_traffic=1000,status=dormant
冰炫風	-2.8	chiaki-auto-hotwords-overlay,auto,source=google-trends,first_seen=2026-07-31,last_seen=2026-08-06,seen_days_30=0,signal_14=0,signal_30=0,windows_14=,max_traffic=200,status=cooling,derived_from=巧克力脆脆冰炫風
冼迪琦	-1.9	chiaki-auto-hotwords-overlay,auto,source=google-trends,first_seen=2026-09-19,last_seen=2026-09-25,seen_days_30=7,signal_14=12,signal_30=12,windows_14=7d,max_traffic=2000,status=active
凌巨新聞	-2.8	chiaki-auto-hotwords-overlay,auto,source=google-trends,first_seen=2026-08-20,last_seen=2026-08-26,seen_days_30=0,signal_14=0,signal_30=0,windows_14=,max_traffic=200,status=cooling
凌巨科技	-2.8	chiaki-auto-hotwords-overlay,auto,source=google-trends,first_seen=2026-08-19,last_seen=2026-08-25,seen_days_30=0,signal_14=0,signal_30=0,windows_14=,max_traffic=200,status=cooling
凌航	-2.8	chiaki-auto-hotwords-overlay,auto,source=google-trends,first_seen=2026-08-08,last_seen=2026-08-14,seen_days_30=0,signal_14=0,signal_30=0,windows_14=,max_traffic=200,status=cooling
凌華	-2.8	chiaki-auto-hotwords-overlay,auto,source=google-trends,first_seen=2026-08-01,last_seen=2026-08-07,seen_days_30=0,signal_14=0,signal_30=0,windows_14=,max_traffic=1000,status=cooling
凱道遊行	-3.0	chiaki-auto-hotwords-overlay,auto,source=google-trends+google-trends-trending,first_seen=2026-07-27,last_seen=2026-08-01,seen_days_30=0,signal_14=0,signal_30=0,windows_14=,max_traffic=50000,status=dormant
前鼎	-2.6	chiaki-auto-hotwords-overlay,auto,source=google-trends,first_seen=2026-09-02,last_seen=2026-09-17,seen_days_30=10,signal_14=0,signal_30=0,windows_14=,max_traffic=100,status=active
剛力彩芽	-2.8	chiaki-auto-hotwords-overlay,auto,source=google-trends,first_seen=2026-08-04,last_seen=2026-08-10,seen_days_30=0,signal_14=0,signal_30=0,windows_14=,max_traffic=200,status=cooling
剴剴案	-3.0	chiaki-auto-hotwords-overlay,auto,source=google-trends+google-trends-trending,first_seen=2026-07-25,last_seen=2026-07-30,seen_days_30=0,signal_14=0,signal_30=0,windows_14=,max_traffic=500,status=dormant
劉乃潔	-2.8	chiaki-auto-hotwords-overlay,auto,source=google-trends,first_seen=2026-08-05,last_seen=2026-08-11,seen_days_30=0,signal_14=0,signal_30=0,windows_14=,max_traffic=5000,status=cooling
劉亞仁	-2.8	chiaki-auto-hotwords-overlay,auto,source=google-trends,first_seen=2026-08-09,last_seen=2026-08-15,seen_days_30=0,signal_14=0,signal_30=0,windows_14=,max_traffic=2000,status=cooling
劉任右	-2.6	chiaki-auto-hotwords-overlay,auto,source=google-trends,first_seen=2026-09-08,last_seen=2026-09-09,seen_days_30=2,signal_14=0,signal_30=0,windows_14=,max_traffic=10000,status=active
劉伊心	-2.8	chiaki-auto-hotwords-overlay,auto,source=google-trends,first_seen=2026-08-01,last_seen=2026-08-07,seen_days_30=0,signal_14=0,signal_30=0,windows_14=,max_traffic=500,status=cooling
劉俊緯	-2.8	chiaki-auto-hotwords-overlay,auto,source=google-trends,first_seen=2026-08-22,last_seen=2026-08-28,seen_days_30=0,signal_14=0,signal_30=0,windows_14=,max_traffic=1000,status=cooling
劉兆銘	-2.6	chiaki-auto-hotwords-overlay,auto,source=google-trends,first_seen=2026-09-03,last_seen=2026-09-09,seen_days_30=4,signal_14=0,signal_30=0,windows_14=,max_traffic=5000,status=active
劉冠廷	-3.0	chiaki-auto-hotwords-overlay,auto,source=google-trends,first_seen=2026-07-13,last_seen=2026-07-19,seen_days_30=0,signal_14=0,signal_30=0,windows_14=,max_traffic=10000,status=dormant
劉品薇	-2.8	chiaki-auto-hotwords-overlay,auto,source=google-trends,first_seen=2026-08-13,last_seen=2026-08-17,seen_days_30=0,signal_14=0,signal_30=0,windows_14=,max_traffic=1000,status=cooling
劉喬安	-2.1	chiaki-auto-hotwords-overlay,auto,source=google-trends,first_seen=2026-10-05,last_seen=2026-10-05,seen_days_30=1,signal_14=6,signal_30=6,windows_14=24h+48h+7d,max_traffic=2000,status=active
劉在錫	-2.8	chiaki-auto-hotwords-overlay,auto,source=google-trends,first_seen=2026-08-04,last_seen=2026-08-30,seen_days_30=0,signal_14=0,signal_30=0,windows_14=,max_traffic=20000,status=cooling
劉學義	-2.6	chiaki-auto-hotwords-overlay,auto,source=google-trends,first_seen=2026-09-17,last_seen=2026-09-18,seen_days_30=2,signal_14=0,signal_30=0,windows_14=,max_traffic=200,status=active
劉寅娜	-2.6	chiaki-auto-hotwords-overlay,auto,source=google-trends,first_seen=2026-09-12,last_seen=2026-09-17,seen_days_30=6,signal_14=0,signal_30=0,windows_14=,max_traffic=1000,status=active
劉寶傑	-2.8	chiaki-auto-hotwords-overlay,auto,source=google-trends+ptt-gossiping,first_seen=2026-08-05,last_seen=2026-08-11,seen_days_30=0,signal_14=0,signal_30=0,windows_14=,max_traffic=2000,status=cooling
劉尚謙	-1.9	chiaki-auto-hotwords-overlay,auto,source=google-trends,first_seen=2026-09-06,last_seen=2026-10-05,seen_days_30=6,signal_14=14,signal_30=14,windows_14=24h+48h+7d,max_traffic=10000,status=active
劉彩萱	-3.0	chiaki-auto-hotwords-overlay,auto,source=google-trends+google-trends-trending,first_seen=2026-07-24,last_seen=2026-07-30,seen_days_30=0,signal_14=0,signal_30=0,windows_14=,max_traffic=1000,status=dormant
劉德凱	-3.0	chiaki-auto-hotwords-overlay,auto,source=google-trends+google-trends-trending,first_seen=2026-07-21,last_seen=2026-07-27,seen_days_30=0,signal_14=0,signal_30=0,windows_14=,max_traffic=10000,status=dormant
劉恃蘟	-3.0	chiaki-auto-hotwords-overlay,auto,source=google-trends,first_seen=2026-07-30,last_seen=2026-08-05,seen_days_30=0,signal_14=0,signal_30=0,windows_14=,max_traffic=10000,status=dormant
劉憶如	-3.0	chiaki-auto-hotwords-overlay,auto,source=google-trends,first_seen=2026-07-11,last_seen=2026-07-17,seen_days_30=0,signal_14=0,signal_30=0,windows_14=,max_traffic=10000,status=dormant
劉揚偉	-2.8	chiaki-auto-hotwords-overlay,auto,source=google-trends,first_seen=2026-09-03,last_seen=2026-09-04,seen_days_30=0,signal_14=0,signal_30=0,windows_14=,max_traffic=5000,status=cooling
劉昱吟	-2.8	chiaki-auto-hotwords-overlay,auto,source=google-trends,first_seen=2026-08-24,last_seen=2026-08-30,seen_days_30=0,signal_14=0,signal_30=0,windows_14=,max_traffic=1000,status=cooling
劉暢	-2.6	chiaki-auto-hotwords-overlay,auto,source=google-trends,first_seen=2026-09-06,last_seen=2026-09-11,seen_days_30=6,signal_14=0,signal_30=0,windows_14=,max_traffic=1000,status=active
劉曉憶	-2.6	chiaki-auto-hotwords-overlay,auto,source=google-trends+google-trends-trending,first_seen=2026-07-17,last_seen=2026-09-16,seen_days_30=9,signal_14=0,signal_30=0,windows_14=,max_traffic=2000,status=active
劉書宏	-2.8	chiaki-auto-hotwords-overlay,auto,source=google-trends+google-trends-trending,first_seen=2026-07-22,last_seen=2026-08-30,seen_days_30=0,signal_14=0,signal_30=0,windows_14=,max_traffic=1000,status=cooling
劉柏葳	-3.0	chiaki-auto-hotwords-overlay,auto,source=google-trends+google-trends-trending,first_seen=2026-07-26,last_seen=2026-07-31,seen_days_30=0,signal_14=0,signal_30=0,windows_14=,max_traffic=200,status=dormant
劉樂妍	-3.0	chiaki-auto-hotwords-overlay,auto,source=google-trends+google-trends-trending,first_seen=2026-07-15,last_seen=2026-07-21,seen_days_30=0,signal_14=0,signal_30=0,windows_14=,max_traffic=2000,status=dormant
劉櫂豪	-3.0	chiaki-auto-hotwords-overlay,auto,source=google-trends,first_seen=2026-08-01,last_seen=2026-08-02,seen_days_30=0,signal_14=0,signal_30=0,windows_14=,max_traffic=1000,status=dormant
劉涵竹	-2.8	chiaki-auto-hotwords-overlay,auto,source=google-trends+google-trends-trending,first_seen=2026-07-22,last_seen=2026-08-06,seen_days_30=0,signal_14=0,signal_30=0,windows_14=,max_traffic=500,status=cooling
劉義周	-2.8	chiaki-auto-hotwords-overlay,auto,source=google-trends,first_seen=2026-08-25,last_seen=2026-08-31,seen_days_30=0,signal_14=0,signal_30=0,windows_14=,max_traffic=100,status=cooling
劉致妤	-2.6	chiaki-auto-hotwords-overlay,auto,source=google-trends,first_seen=2026-09-06,last_seen=2026-09-11,seen_days_30=6,signal_14=0,signal_30=0,windows_14=,max_traffic=20000,status=active
劉致榮	-1.9	chiaki-auto-hotwords-overlay,auto,source=google-trends+google-trends-trending,first_seen=2026-07-19,last_seen=2026-10-05,seen_days_30=5,signal_14=20,signal_30=20,windows_14=24h+48h+7d,max_traffic=1000,status=active
劉虹翎	-3.0	chiaki-auto-hotwords-overlay,auto,source=google-trends+google-trends-trending,first_seen=2026-07-19,last_seen=2026-07-24,seen_days_30=0,signal_14=0,signal_30=0,windows_14=,max_traffic=20000,status=dormant
劉雨柔	-2.6	chiaki-auto-hotwords-overlay,auto,source=google-trends,first_seen=2026-09-07,last_seen=2026-09-13,seen_days_30=7,signal_14=0,signal_30=0,windows_14=,max_traffic=200,status=active
劉雯	-1.9	chiaki-auto-hotwords-overlay,auto,source=google-trends,first_seen=2026-08-29,last_seen=2026-10-02,seen_days_30=14,signal_14=35,signal_30=35,windows_14=24h+48h+7d,max_traffic=5000,status=active
力積電	-1.9	chiaki-auto-hotwords-overlay,auto,source=google-trends+google-trends-trending,first_seen=2026-06-28,last_seen=2026-10-05,seen_days_30=9,signal_14=31,signal_30=31,windows_14=24h+48h+7d,max_traffic=200000,status=active
加藤浩次	-2.6	chiaki-auto-hotwords-overlay,auto,source=google-trends,first_seen=2026-08-31,last_seen=2026-09-06,seen_days_30=1,signal_14=0,signal_30=0,windows_14=,max_traffic=200,status=active
加蚋站	-2.8	chiaki-auto-hotwords-overlay,auto,source=google-trends,first_seen=2026-08-15,last_seen=2026-08-21,seen_days_30=0,signal_14=0,signal_30=0,windows_14=,max_traffic=200,status=cooling
勤誠	-2.8	chiaki-auto-hotwords-overlay,auto,source=google-trends,first_seen=2026-08-08,last_seen=2026-08-14,seen_days_30=0,signal_14=0,signal_30=0,windows_14=,max_traffic=1000,status=cooling
包偉銘	-1.9	chiaki-auto-hotwords-overlay,auto,source=google-trends,first_seen=2026-09-27,last_seen=2026-10-03,seen_days_30=7,signal_14=26,signal_30=26,windows_14=24h+48h+7d,max_traffic=100,status=active
北香湖	-1.9	chiaki-auto-hotwords-overlay,auto,source=google-trends,first_seen=2026-09-27,last_seen=2026-10-03,seen_days_30=7,signal_14=26,signal_30=26,windows_14=24h+48h+7d,max_traffic=200,status=active,derived_from=北香湖公園
匿蹤戰機	-2.8	chiaki-auto-hotwords-overlay,auto,source=google-trends,first_seen=2026-08-20,last_seen=2026-08-26,seen_days_30=0,signal_14=0,signal_30=0,windows_14=,max_traffic=500,status=cooling
區桂芝	-2.1	chiaki-auto-hotwords-overlay,auto,source=google-trends,first_seen=2026-08-15,last_seen=2026-09-23,seen_days_30=7,signal_14=6,signal_30=6,windows_14=7d,max_traffic=10000,status=active
十勝嶽	-2.1	chiaki-auto-hotwords-overlay,auto,source=google-trends+google-trends-trending,first_seen=2026-07-23,last_seen=2026-09-23,seen_days_30=11,signal_14=6,signal_30=6,windows_14=7d,max_traffic=2000,status=active
十銓	-2.8	chiaki-auto-hotwords-overlay,auto,source=google-trends,first_seen=2026-08-05,last_seen=2026-08-10,seen_days_30=0,signal_14=0,signal_30=0,windows_14=,max_traffic=500,status=cooling
千戀萬花	-3.0	chiaki-auto-hotwords-overlay,auto,source=google-trends,first_seen=2026-07-27,last_seen=2026-08-02,seen_days_30=0,signal_14=0,signal_30=0,windows_14=,max_traffic=200,status=dormant
千賀滉大	-2.6	chiaki-auto-hotwords-overlay,auto,source=google-trends,first_seen=2026-08-02,last_seen=2026-09-14,seen_days_30=6,signal_14=0,signal_30=0,windows_14=,max_traffic=2000,status=active
千附	-3.0	chiaki-auto-hotwords-overlay,auto,source=google-trends+google-trends-trending,first_seen=2026-07-15,last_seen=2026-07-21,seen_days_30=0,signal_14=0,signal_30=0,windows_14=,max_traffic=100,status=dormant
千黛亞	-2.8	chiaki-auto-hotwords-overlay,auto,source=google-trends,first_seen=2026-08-09,last_seen=2026-08-15,seen_days_30=0,signal_14=0,signal_30=0,windows_14=,max_traffic=100,status=cooling
半季	-1.9	chiaki-auto-hotwords-overlay,auto,source=google-trends,first_seen=2026-07-28,last_seen=2026-09-29,seen_days_30=14,signal_14=15,signal_30=15,windows_14=24h+48h+7d,max_traffic=5000,status=active
卓伯源	-2.8	chiaki-auto-hotwords-overlay,auto,source=google-trends,first_seen=2026-08-18,last_seen=2026-08-30,seen_days_30=0,signal_14=0,signal_30=0,windows_14=,max_traffic=5000,status=cooling
南僑集團	-3.0	chiaki-auto-hotwords-overlay,auto,source=google-trends,first_seen=2026-07-31,last_seen=2026-08-02,seen_days_30=0,signal_14=0,signal_30=0,windows_14=,max_traffic=1000,status=dormant
南宮珉	-3.0	chiaki-auto-hotwords-overlay,auto,source=google-trends,first_seen=2026-07-28,last_seen=2026-08-03,seen_days_30=0,signal_14=0,signal_30=0,windows_14=,max_traffic=500,status=dormant
南崁企鵝	-2.8	chiaki-auto-hotwords-overlay,auto,source=google-trends,first_seen=2026-08-22,last_seen=2026-08-28,seen_days_30=0,signal_14=0,signal_30=0,windows_14=,max_traffic=200,status=cooling
南珉貞	-2.6	chiaki-auto-hotwords-overlay,auto,source=google-trends,first_seen=2026-09-06,last_seen=2026-09-11,seen_days_30=6,signal_14=0,signal_30=0,windows_14=,max_traffic=1000,status=active
南茂	-1.9	chiaki-auto-hotwords-overlay,auto,source=google-trends+google-trends-trending,first_seen=2026-07-07,last_seen=2026-09-29,seen_days_30=7,signal_14=26,signal_30=26,windows_14=24h+48h+7d,max_traffic=1000,status=active
南電	-2.6	chiaki-auto-hotwords-overlay,auto,source=google-trends+google-trends-trending,first_seen=2026-06-25,last_seen=2026-09-10,seen_days_30=5,signal_14=0,signal_30=0,windows_14=,max_traffic=10000,status=active
卡巴迪	-1.9	chiaki-auto-hotwords-overlay,auto,source=google-trends,first_seen=2026-09-23,last_seen=2026-10-03,seen_days_30=9,signal_14=38,signal_30=38,windows_14=24h+48h+7d,max_traffic=1000,status=active
卡蜜拉	-3.0	chiaki-auto-hotwords-overlay,auto,source=google-trends+google-trends-trending,first_seen=2026-07-20,last_seen=2026-07-27,seen_days_30=0,signal_14=0,signal_30=0,windows_14=,max_traffic=500,status=dormant,derived_from=卡蜜拉王后
及川光博	-2.8	chiaki-auto-hotwords-overlay,auto,source=google-trends,first_seen=2026-08-09,last_seen=2026-08-15,seen_days_30=0,signal_14=0,signal_30=0,windows_14=,max_traffic=200,status=cooling
友克鑫	-2.6	chiaki-auto-hotwords-overlay,auto,source=google-trends,first_seen=2026-09-02,last_seen=2026-09-08,seen_days_30=1,signal_14=0,signal_30=0,windows_14=,max_traffic=100,status=active
友克鑫市	-2.6	chiaki-auto-hotwords-overlay,auto,source=google-trends,first_seen=2026-09-02,last_seen=2026-09-07,seen_days_30=2,signal_14=0,signal_30=0,windows_14=,max_traffic=5000,status=active
友哈	-2.8	chiaki-auto-hotwords-overlay,auto,source=ptt-cchat,first_seen=2026-08-30,last_seen=2026-08-31,seen_days_30=0,signal_14=0,signal_30=0,windows_14=,max_traffic=106,status=cooling
友訊	-3.0	chiaki-auto-hotwords-overlay,auto,source=google-trends+google-trends-trending,first_seen=2026-07-10,last_seen=2026-07-30,seen_days_30=0,signal_14=0,signal_30=0,windows_14=,max_traffic=1000,status=dormant
反共義士	-2.6	chiaki-auto-hotwords-overlay,auto,source=google-trends,first_seen=2026-09-01,last_seen=2026-09-06,seen_days_30=1,signal_14=0,signal_30=0,windows_14=,max_traffic=2000,status=active
反智轉身	-3.0	chiaki-auto-hotwords-overlay,auto,source=google-trends+google-trends-trending,first_seen=2026-07-25,last_seen=2026-07-31,seen_days_30=0,signal_14=0,signal_30=0,windows_14=,max_traffic=100,status=dormant
反町隆史	-2.4	chiaki-auto-hotwords-overlay,auto,source=google-trends+google-trends-trending+ptt-gossiping,first_seen=2026-07-23,last_seen=2026-09-21,seen_days_30=7,signal_14=0,signal_30=0,windows_14=,max_traffic=5000,status=active
古手川	-2.8	chiaki-auto-hotwords-overlay,auto,source=ptt-cchat,first_seen=2026-08-17,last_seen=2026-08-18,seen_days_30=0,signal_14=0,signal_30=0,windows_14=,max_traffic=77,status=cooling
古曼童	-2.8	chiaki-auto-hotwords-overlay,auto,source=google-trends+ptt-gossiping,first_seen=2026-08-18,last_seen=2026-08-26,seen_days_30=0,signal_14=0,signal_30=0,windows_14=,max_traffic=10000,status=cooling
古林睿煬	-2.8	chiaki-auto-hotwords-overlay,auto,source=google-trends,first_seen=2026-08-23,last_seen=2026-09-03,seen_days_30=0,signal_14=0,signal_30=0,windows_14=,max_traffic=1000,status=cooling
古謝玄太	-2.6	chiaki-auto-hotwords-overlay,auto,source=google-trends,first_seen=2026-09-14,last_seen=2026-09-20,seen_days_30=7,signal_14=0,signal_30=0,windows_14=,max_traffic=1000,status=active
古阿明	-2.8	chiaki-auto-hotwords-overlay,auto,source=google-trends,first_seen=2026-09-03,last_seen=2026-09-03,seen_days_30=0,signal_14=0,signal_30=0,windows_14=,max_traffic=2000,status=cooling
可利	-2.8	chiaki-auto-hotwords-overlay,auto,source=google-trends,first_seen=2026-08-19,last_seen=2026-08-25,seen_days_30=0,signal_14=0,signal_30=0,windows_14=,max_traffic=1000,status=cooling,derived_from=新竹可利工程師
合晶	-2.6	chiaki-auto-hotwords-overlay,auto,source=google-trends+google-trends-trending,first_seen=2026-06-26,last_seen=2026-09-08,seen_days_30=1,signal_14=0,signal_30=0,windows_14=,max_traffic=5000,status=active
吉伊卡	-2.8	chiaki-auto-hotwords-overlay,auto,source=ptt-cchat,first_seen=2026-08-08,last_seen=2026-08-14,seen_days_30=0,signal_14=0,signal_30=0,windows_14=,max_traffic=908,status=cooling
吉力吉撈	-2.6	chiaki-auto-hotwords-overlay,auto,source=google-trends,first_seen=2026-09-10,last_seen=2026-09-15,seen_days_30=6,signal_14=0,signal_30=0,windows_14=,max_traffic=10000,status=active
同欣電	-2.6	chiaki-auto-hotwords-overlay,auto,source=google-trends,first_seen=2026-08-07,last_seen=2026-09-11,seen_days_30=6,signal_14=0,signal_30=0,windows_14=,max_traffic=200,status=active
向日芽	-3.0	chiaki-auto-hotwords-overlay,auto,source=google-trends+google-trends-trending,first_seen=2026-07-24,last_seen=2026-07-24,seen_days_30=0,signal_14=0,signal_30=0,windows_14=,max_traffic=2000,status=dormant
吳乃仁	-2.8	chiaki-auto-hotwords-overlay,auto,source=google-trends,first_seen=2026-08-06,last_seen=2026-08-17,seen_days_30=0,signal_14=0,signal_30=0,windows_14=,max_traffic=2000,status=cooling
吳卓源	-2.8	chiaki-auto-hotwords-overlay,auto,source=google-trends,first_seen=2026-08-19,last_seen=2026-08-25,seen_days_30=0,signal_14=0,signal_30=0,windows_14=,max_traffic=500,status=cooling
吳子嘉	-2.6	chiaki-auto-hotwords-overlay,auto,source=google-trends+google-trends-trending,first_seen=2026-06-27,last_seen=2026-09-09,seen_days_30=2,signal_14=0,signal_30=0,windows_14=,max_traffic=20000,status=active
吳安琪	-2.6	chiaki-auto-hotwords-overlay,auto,source=google-trends,first_seen=2026-08-04,last_seen=2026-09-06,seen_days_30=1,signal_14=0,signal_30=0,windows_14=,max_traffic=2000,status=active
吳崑玉	-2.1	chiaki-auto-hotwords-overlay,auto,source=google-trends,first_seen=2026-10-05,last_seen=2026-10-05,seen_days_30=1,signal_14=6,signal_30=6,windows_14=24h+48h+7d,max_traffic=200,status=active
吳崢	-3.0	chiaki-auto-hotwords-overlay,auto,source=google-trends,first_seen=2026-07-17,last_seen=2026-07-19,seen_days_30=0,signal_14=0,signal_30=0,windows_14=,max_traffic=10000,status=dormant
吳德榮	-2.6	chiaki-auto-hotwords-overlay,auto,source=google-trends,first_seen=2026-07-14,last_seen=2026-09-13,seen_days_30=1,signal_14=0,signal_30=0,windows_14=,max_traffic=100000,status=active
吳思瑤	-2.6	chiaki-auto-hotwords-overlay,auto,source=google-trends+ptt-gossiping,first_seen=2026-08-18,last_seen=2026-09-16,seen_days_30=1,signal_14=0,signal_30=0,windows_14=,max_traffic=10000,status=active
吳怡萱	-2.8	chiaki-auto-hotwords-overlay,auto,source=google-trends,first_seen=2026-08-17,last_seen=2026-08-22,seen_days_30=0,signal_14=0,signal_30=0,windows_14=,max_traffic=500,status=cooling
吳怡農	-2.1	chiaki-auto-hotwords-overlay,auto,source=google-trends,first_seen=2026-10-05,last_seen=2026-10-05,seen_days_30=1,signal_14=6,signal_30=6,windows_14=24h+48h+7d,max_traffic=500,status=active
吳慷仁	-2.6	chiaki-auto-hotwords-overlay,auto,source=google-trends,first_seen=2026-08-22,last_seen=2026-09-13,seen_days_30=7,signal_14=0,signal_30=0,windows_14=,max_traffic=2000,status=active
吳敬田	-2.8	chiaki-auto-hotwords-overlay,auto,source=google-trends,first_seen=2026-08-06,last_seen=2026-08-12,seen_days_30=0,signal_14=0,signal_30=0,windows_14=,max_traffic=1000,status=cooling
吳旭智	-2.6	chiaki-auto-hotwords-overlay,auto,source=google-trends+ptt-gossiping,first_seen=2026-09-01,last_seen=2026-09-11,seen_days_30=1,signal_14=0,signal_30=0,windows_14=,max_traffic=10000,status=active
吳明華	-2.8	chiaki-auto-hotwords-overlay,auto,source=google-trends,first_seen=2026-08-05,last_seen=2026-08-08,seen_days_30=0,signal_14=0,signal_30=0,windows_14=,max_traffic=2000,status=cooling
吳明賢	-2.8	chiaki-auto-hotwords-overlay,auto,source=google-trends+google-trends-trending,first_seen=2026-07-26,last_seen=2026-08-19,seen_days_30=0,signal_14=0,signal_30=0,windows_14=,max_traffic=5000,status=cooling
吳映潔	-2.8	chiaki-auto-hotwords-overlay,auto,source=google-trends,first_seen=2026-07-31,last_seen=2026-08-12,seen_days_30=0,signal_14=0,signal_30=0,windows_14=,max_traffic=500,status=cooling
吳東亮	-3.0	chiaki-auto-hotwords-overlay,auto,source=google-trends+google-trends-trending,first_seen=2026-07-24,last_seen=2026-07-24,seen_days_30=0,signal_14=0,signal_30=0,windows_14=,max_traffic=500,status=dormant
吳欣岱	-2.6	chiaki-auto-hotwords-overlay,auto,source=google-trends,first_seen=2026-09-10,last_seen=2026-09-16,seen_days_30=4,signal_14=0,signal_30=0,windows_14=,max_traffic=200,status=active
吳淑敏	-1.9	chiaki-auto-hotwords-overlay,auto,source=google-trends,first_seen=2026-09-22,last_seen=2026-09-28,seen_days_30=7,signal_14=26,signal_30=26,windows_14=24h+48h+7d,max_traffic=200,status=active
吳淑珍	-2.8	chiaki-auto-hotwords-overlay,auto,source=google-trends,first_seen=2026-07-13,last_seen=2026-08-16,seen_days_30=0,signal_14=0,signal_30=0,windows_14=,max_traffic=5000,status=cooling
吳申梅	-2.6	chiaki-auto-hotwords-overlay,auto,source=google-trends+google-trends-trending,first_seen=2026-07-15,last_seen=2026-09-11,seen_days_30=6,signal_14=0,signal_30=0,windows_14=,max_traffic=2000,status=active
吳益政	-2.8	chiaki-auto-hotwords-overlay,auto,source=google-trends,first_seen=2026-08-16,last_seen=2026-08-22,seen_days_30=0,signal_14=0,signal_30=0,windows_14=,max_traffic=100,status=cooling
吳興國	-3.0	chiaki-auto-hotwords-overlay,auto,source=google-trends,first_seen=2026-07-31,last_seen=2026-08-05,seen_days_30=0,signal_14=0,signal_30=0,windows_14=,max_traffic=2000,status=dormant
吳謹言	-2.8	chiaki-auto-hotwords-overlay,auto,source=google-trends,first_seen=2026-08-06,last_seen=2026-08-12,seen_days_30=0,signal_14=0,signal_30=0,windows_14=,max_traffic=200,status=cooling
吳釗燮	-2.6	chiaki-auto-hotwords-overlay,auto,source=google-trends+ptt-gossiping,first_seen=2026-08-31,last_seen=2026-09-12,seen_days_30=2,signal_14=0,signal_30=0,windows_14=,max_traffic=100,status=active
吳雪芬	-2.8	chiaki-auto-hotwords-overlay,auto,source=google-trends,first_seen=2026-08-26,last_seen=2026-09-01,seen_days_30=0,signal_14=0,signal_30=0,windows_14=,max_traffic=2000,status=cooling
吳音寧	-2.8	chiaki-auto-hotwords-overlay,auto,source=google-trends,first_seen=2026-08-27,last_seen=2026-09-02,seen_days_30=0,signal_14=0,signal_30=0,windows_14=,max_traffic=2000,status=cooling
呂坤修	-3.0	chiaki-auto-hotwords-overlay,auto,source=google-trends+google-trends-trending,first_seen=2026-07-03,last_seen=2026-07-29,seen_days_30=0,signal_14=0,signal_30=0,windows_14=,max_traffic=200,status=dormant
呂彥青	-2.8	chiaki-auto-hotwords-overlay,auto,source=google-trends,first_seen=2026-08-22,last_seen=2026-08-28,seen_days_30=0,signal_14=0,signal_30=0,windows_14=,max_traffic=1000,status=cooling
呂忠霖	-2.8	chiaki-auto-hotwords-overlay,auto,source=google-trends,first_seen=2026-08-15,last_seen=2026-08-21,seen_days_30=0,signal_14=0,signal_30=0,windows_14=,max_traffic=5000,status=cooling
呂政儒	-2.6	chiaki-auto-hotwords-overlay,auto,source=google-trends,first_seen=2026-09-01,last_seen=2026-09-07,seen_days_30=2,signal_14=0,signal_30=0,windows_14=,max_traffic=200,status=active
呂秋遠	-2.8	chiaki-auto-hotwords-overlay,auto,source=google-trends,first_seen=2026-08-31,last_seen=2026-08-31,seen_days_30=0,signal_14=0,signal_30=0,windows_14=,max_traffic=2000,status=cooling
呂超群	-3.0	chiaki-auto-hotwords-overlay,auto,source=google-trends+google-trends-trending,first_seen=2026-07-15,last_seen=2026-07-21,seen_days_30=0,signal_14=0,signal_30=0,windows_14=,max_traffic=1000,status=dormant
呂雪鳳	-1.9	chiaki-auto-hotwords-overlay,auto,source=google-trends,first_seen=2026-09-24,last_seen=2026-09-29,seen_days_30=5,signal_14=17,signal_30=17,windows_14=48h+7d,max_traffic=200,status=active
周丹薇	-2.4	chiaki-auto-hotwords-overlay,auto,source=google-trends,first_seen=2026-09-15,last_seen=2026-09-21,seen_days_30=7,signal_14=0,signal_30=0,windows_14=,max_traffic=1000,status=active
周儀翔	-2.8	chiaki-auto-hotwords-overlay,auto,source=google-trends,first_seen=2026-07-28,last_seen=2026-08-14,seen_days_30=0,signal_14=0,signal_30=0,windows_14=,max_traffic=200,status=cooling
周冠男	-2.8	chiaki-auto-hotwords-overlay,auto,source=google-trends,first_seen=2026-08-03,last_seen=2026-08-09,seen_days_30=0,signal_14=0,signal_30=0,windows_14=,max_traffic=1000,status=cooling
周彥農	-1.9	chiaki-auto-hotwords-overlay,auto,source=google-trends,first_seen=2026-09-25,last_seen=2026-10-01,seen_days_30=7,signal_14=26,signal_30=26,windows_14=24h+48h+7d,max_traffic=500,status=active
周思潔	-1.9	chiaki-auto-hotwords-overlay,auto,source=google-trends,first_seen=2026-08-29,last_seen=2026-10-04,seen_days_30=7,signal_14=26,signal_30=26,windows_14=24h+48h+7d,max_traffic=2000,status=active
周慕姿	-2.8	chiaki-auto-hotwords-overlay,auto,source=google-trends,first_seen=2026-08-16,last_seen=2026-08-22,seen_days_30=0,signal_14=0,signal_30=0,windows_14=,max_traffic=1000,status=cooling
周明增	-2.6	chiaki-auto-hotwords-overlay,auto,source=google-trends,first_seen=2026-09-07,last_seen=2026-09-13,seen_days_30=7,signal_14=0,signal_30=0,windows_14=,max_traffic=5000,status=active
周玉蔻	-3.0	chiaki-auto-hotwords-overlay,auto,source=google-trends,first_seen=2026-08-05,last_seen=2026-08-05,seen_days_30=0,signal_14=0,signal_30=0,windows_14=,max_traffic=2000,status=dormant
周玲妏	-2.8	chiaki-auto-hotwords-overlay,auto,source=google-trends,first_seen=2026-08-02,last_seen=2026-08-07,seen_days_30=0,signal_14=0,signal_30=0,windows_14=,max_traffic=10000,status=cooling
周興哲	-2.6	chiaki-auto-hotwords-overlay,auto,source=google-trends,first_seen=2026-09-11,last_seen=2026-09-16,seen_days_30=6,signal_14=0,signal_30=0,windows_14=,max_traffic=500,status=active
周阿司	-2.1	chiaki-auto-hotwords-overlay,auto,source=google-trends,first_seen=2026-09-23,last_seen=2026-09-23,seen_days_30=1,signal_14=6,signal_30=6,windows_14=24h+48h+7d,max_traffic=100,status=active,derived_from=林投姐活捉周阿司
周麟	-3.0	chiaki-auto-hotwords-overlay,auto,source=google-trends+google-trends-trending,first_seen=2026-07-16,last_seen=2026-07-22,seen_days_30=0,signal_14=0,signal_30=0,windows_14=,max_traffic=20000,status=dormant
周麟演員	-3.0	chiaki-auto-hotwords-overlay,auto,source=google-trends+google-trends-trending,first_seen=2026-07-22,last_seen=2026-07-28,seen_days_30=0,signal_14=0,signal_30=0,windows_14=,max_traffic=500,status=dormant
呱吉	-2.8	chiaki-auto-hotwords-overlay,auto,source=google-trends,first_seen=2026-08-16,last_seen=2026-08-22,seen_days_30=0,signal_14=0,signal_30=0,windows_14=,max_traffic=100,status=cooling
和牛鍋敘	-2.8	chiaki-auto-hotwords-overlay,auto,source=google-trends,first_seen=2026-08-27,last_seen=2026-09-02,seen_days_30=0,signal_14=0,signal_30=0,windows_14=,max_traffic=200,status=cooling
和田毅	-2.8	chiaki-auto-hotwords-overlay,auto,source=google-trends,first_seen=2026-08-20,last_seen=2026-08-26,seen_days_30=0,signal_14=0,signal_30=0,windows_14=,max_traffic=1000,status=cooling
和益	-1.9	chiaki-auto-hotwords-overlay,auto,source=google-trends,first_seen=2026-09-19,last_seen=2026-09-25,seen_days_30=7,signal_14=12,signal_30=12,windows_14=7d,max_traffic=100,status=active
咕咕嘎嘎	-2.6	chiaki-auto-hotwords-overlay,auto,source=google-trends,first_seen=2026-09-01,last_seen=2026-09-06,seen_days_30=1,signal_14=0,signal_30=0,windows_14=,max_traffic=500,status=active
咪嚕炎上	-2.6	chiaki-auto-hotwords-overlay,auto,source=google-trends,first_seen=2026-09-05,last_seen=2026-09-11,seen_days_30=2,signal_14=0,signal_30=0,windows_14=,max_traffic=200,status=active,derived_from=杏仁咪嚕炎上
品川徹	-2.6	chiaki-auto-hotwords-overlay,auto,source=google-trends,first_seen=2026-09-08,last_seen=2026-09-14,seen_days_30=7,signal_14=0,signal_30=0,windows_14=,max_traffic=100,status=active
哈登	-3.0	chiaki-auto-hotwords-overlay,auto,source=google-trends+google-trends-trending,first_seen=2026-07-27,last_seen=2026-08-02,seen_days_30=0,signal_14=0,signal_30=0,windows_14=,max_traffic=1000,status=dormant,derived_from=詹姆斯哈登
唐婧	-1.9	chiaki-auto-hotwords-overlay,auto,source=google-trends,first_seen=2026-10-03,last_seen=2026-10-05,seen_days_30=3,signal_14=14,signal_30=14,windows_14=24h+48h+7d,max_traffic=200,status=active
唐從聖	-3.0	chiaki-auto-hotwords-overlay,auto,source=google-trends,first_seen=2026-07-13,last_seen=2026-07-19,seen_days_30=0,signal_14=0,signal_30=0,windows_14=,max_traffic=10000,status=dormant
唐禹哲	-2.8	chiaki-auto-hotwords-overlay,auto,source=google-trends,first_seen=2026-08-19,last_seen=2026-08-23,seen_days_30=0,signal_14=0,signal_30=0,windows_14=,max_traffic=5000,status=cooling
唐藝婷	-1.9	chiaki-auto-hotwords-overlay,auto,source=google-trends,first_seen=2026-09-29,last_seen=2026-10-04,seen_days_30=6,signal_14=20,signal_30=20,windows_14=48h+7d,max_traffic=2000,status=active
喬楚瑜	-2.8	chiaki-auto-hotwords-overlay,auto,source=google-trends,first_seen=2026-08-01,last_seen=2026-08-07,seen_days_30=0,signal_14=0,signal_30=0,windows_14=,max_traffic=1000,status=cooling
喻虹淵	-2.8	chiaki-auto-hotwords-overlay,auto,source=google-trends,first_seen=2026-08-01,last_seen=2026-08-07,seen_days_30=0,signal_14=0,signal_30=0,windows_14=,max_traffic=100,status=cooling
嘉晶	-1.9	chiaki-auto-hotwords-overlay,auto,source=google-trends,first_seen=2026-06-26,last_seen=2026-10-01,seen_days_30=14,signal_14=26,signal_30=26,windows_14=24h+48h+7d,max_traffic=500,status=active
嘉澤	-2.8	chiaki-auto-hotwords-overlay,auto,source=google-trends,first_seen=2026-08-14,last_seen=2026-08-20,seen_days_30=0,signal_14=0,signal_30=0,windows_14=,max_traffic=1000,status=cooling
嚴藝文	-3.0	chiaki-auto-hotwords-overlay,auto,source=google-trends+google-trends-trending,first_seen=2026-07-15,last_seen=2026-07-21,seen_days_30=0,signal_14=0,signal_30=0,windows_14=,max_traffic=1000,status=dormant
四叉貓	-2.6	chiaki-auto-hotwords-overlay,auto,source=google-trends,first_seen=2026-09-12,last_seen=2026-09-18,seen_days_30=7,signal_14=0,signal_30=0,windows_14=,max_traffic=500,status=active
四巫日	-2.1	chiaki-auto-hotwords-overlay,auto,source=google-trends,first_seen=2026-09-18,last_seen=2026-09-24,seen_days_30=7,signal_14=9,signal_30=9,windows_14=7d,max_traffic=2000,status=active
四死球	-2.8	chiaki-auto-hotwords-overlay,auto,source=google-trends,first_seen=2026-07-31,last_seen=2026-08-06,seen_days_30=0,signal_14=0,signal_30=0,windows_14=,max_traffic=2000,status=cooling
國喬	-2.6	chiaki-auto-hotwords-overlay,auto,source=google-trends,first_seen=2026-08-27,last_seen=2026-09-07,seen_days_30=2,signal_14=0,signal_30=0,windows_14=,max_traffic=5000,status=active
園田彩乃	-3.0	chiaki-auto-hotwords-overlay,auto,source=google-trends+google-trends-trending,first_seen=2026-07-20,last_seen=2026-07-26,seen_days_30=0,signal_14=0,signal_30=0,windows_14=,max_traffic=1000,status=dormant
土下座	-2.6	chiaki-auto-hotwords-overlay,auto,source=google-trends,first_seen=2026-09-13,last_seen=2026-09-17,seen_days_30=5,signal_14=0,signal_30=0,windows_14=,max_traffic=500,status=active
坂口	-2.6	chiaki-auto-hotwords-overlay,auto,source=google-trends,first_seen=2026-09-07,last_seen=2026-09-13,seen_days_30=7,signal_14=0,signal_30=0,windows_14=,max_traffic=2000,status=active,derived_from=坂口健太郎
坂口杏裡	-2.4	chiaki-auto-hotwords-overlay,auto,source=google-trends,first_seen=2026-08-20,last_seen=2026-09-21,seen_days_30=7,signal_14=0,signal_30=0,windows_14=,max_traffic=1000,status=active
坂本憐	-2.6	chiaki-auto-hotwords-overlay,auto,source=google-trends,first_seen=2026-09-04,last_seen=2026-09-10,seen_days_30=5,signal_14=0,signal_30=0,windows_14=,max_traffic=200,status=active
坎沙諾	-2.6	chiaki-auto-hotwords-overlay,auto,source=google-trends,first_seen=2026-09-13,last_seen=2026-09-19,seen_days_30=7,signal_14=0,signal_30=0,windows_14=,max_traffic=100,status=active
基富通	-2.1	chiaki-auto-hotwords-overlay,auto,source=google-trends,first_seen=2026-08-14,last_seen=2026-09-24,seen_days_30=7,signal_14=9,signal_30=9,windows_14=7d,max_traffic=500,status=active
基泰大直	-2.6	chiaki-auto-hotwords-overlay,auto,source=google-trends,first_seen=2026-09-11,last_seen=2026-09-17,seen_days_30=7,signal_14=0,signal_30=0,windows_14=,max_traffic=200,status=active
堀大輔	-2.1	chiaki-auto-hotwords-overlay,auto,source=google-trends,first_seen=2026-09-16,last_seen=2026-09-24,seen_days_30=9,signal_14=9,signal_30=9,windows_14=7d,max_traffic=2000,status=active
堀越耕平	-2.8	chiaki-auto-hotwords-overlay,auto,source=google-trends,first_seen=2026-08-11,last_seen=2026-08-17,seen_days_30=0,signal_14=0,signal_30=0,windows_14=,max_traffic=200,status=cooling
壹貳壹貳	-2.8	chiaki-auto-hotwords-overlay,auto,source=google-trends,first_seen=2026-08-30,last_seen=2026-09-04,seen_days_30=0,signal_14=0,signal_30=0,windows_14=,max_traffic=500,status=cooling
壽美花代	-2.8	chiaki-auto-hotwords-overlay,auto,source=google-trends,first_seen=2026-08-07,last_seen=2026-08-13,seen_days_30=0,signal_14=0,signal_30=0,windows_14=,max_traffic=10000,status=cooling
夏和熙	-2.8	chiaki-auto-hotwords-overlay,auto,source=google-trends,first_seen=2026-08-13,last_seen=2026-08-19,seen_days_30=0,signal_14=0,signal_30=0,windows_14=,max_traffic=500,status=cooling
夏奇拉	-3.0	chiaki-auto-hotwords-overlay,auto,source=google-trends+google-trends-trending,first_seen=2026-07-20,last_seen=2026-07-26,seen_days_30=0,signal_14=0,signal_30=0,windows_14=,max_traffic=20000,status=dormant
夏宇禾	-2.8	chiaki-auto-hotwords-overlay,auto,source=google-trends,first_seen=2026-08-06,last_seen=2026-08-09,seen_days_30=0,signal_14=0,signal_30=0,windows_14=,max_traffic=1000,status=cooling
夏帆	-2.4	chiaki-auto-hotwords-overlay,auto,source=google-trends,first_seen=2026-09-16,last_seen=2026-09-22,seen_days_30=7,signal_14=3,signal_30=3,windows_14=7d,max_traffic=2000,status=active
夜衝武嶺	-2.6	chiaki-auto-hotwords-overlay,auto,source=google-trends,first_seen=2026-09-13,last_seen=2026-09-19,seen_days_30=3,signal_14=0,signal_30=0,windows_14=,max_traffic=100,status=active
夢田之戰	-2.8	chiaki-auto-hotwords-overlay,auto,source=google-trends,first_seen=2026-08-15,last_seen=2026-08-21,seen_days_30=0,signal_14=0,signal_30=0,windows_14=,max_traffic=2000,status=cooling
大坂直美	-2.6	chiaki-auto-hotwords-overlay,auto,source=google-trends,first_seen=2026-09-09,last_seen=2026-09-14,seen_days_30=6,signal_14=0,signal_30=0,windows_14=,max_traffic=100,status=active
大墩	-2.8	chiaki-auto-hotwords-overlay,auto,source=google-trends+ptt-gossiping,first_seen=2026-08-19,last_seen=2026-08-25,seen_days_30=0,signal_14=0,signal_30=0,windows_14=,max_traffic=5000,status=cooling,derived_from=大墩派出所
大士爺	-2.6	chiaki-auto-hotwords-overlay,auto,source=google-trends,first_seen=2026-09-03,last_seen=2026-09-10,seen_days_30=5,signal_14=0,signal_30=0,windows_14=,max_traffic=1000,status=active
大威廉絲	-2.6	chiaki-auto-hotwords-overlay,auto,source=google-trends,first_seen=2026-09-01,last_seen=2026-09-07,seen_days_30=2,signal_14=0,signal_30=0,windows_14=,max_traffic=200,status=active
大成鋼	-2.8	chiaki-auto-hotwords-overlay,auto,source=google-trends+google-trends-trending,first_seen=2026-07-23,last_seen=2026-08-20,seen_days_30=0,signal_14=0,signal_30=0,windows_14=,max_traffic=500,status=cooling
大暑節氣	-3.0	chiaki-auto-hotwords-overlay,auto,source=google-trends+google-trends-trending,first_seen=2026-07-24,last_seen=2026-07-30,seen_days_30=0,signal_14=0,signal_30=0,windows_14=,max_traffic=5000,status=dormant
大港閱冰	-3.0	chiaki-auto-hotwords-overlay,auto,source=google-trends,first_seen=2026-07-19,last_seen=2026-07-20,seen_days_30=0,signal_14=0,signal_30=0,windows_14=,max_traffic=500,status=dormant
大立光	-2.4	chiaki-auto-hotwords-overlay,auto,source=google-trends,first_seen=2026-09-15,last_seen=2026-09-21,seen_days_30=7,signal_14=0,signal_30=0,windows_14=,max_traffic=500,status=active
大茗	-2.4	chiaki-auto-hotwords-overlay,auto,source=google-trends,first_seen=2026-09-16,last_seen=2026-09-21,seen_days_30=6,signal_14=0,signal_30=0,windows_14=,max_traffic=10000,status=active
大茗抹茶	-2.4	chiaki-auto-hotwords-overlay,auto,source=google-trends,first_seen=2026-09-17,last_seen=2026-09-21,seen_days_30=5,signal_14=0,signal_30=0,windows_14=,max_traffic=1000,status=active
大雅火災	-2.8	chiaki-auto-hotwords-overlay,auto,source=google-trends,first_seen=2026-08-14,last_seen=2026-08-20,seen_days_30=0,signal_14=0,signal_30=0,windows_14=,max_traffic=1000,status=cooling
天公伯	-2.8	chiaki-auto-hotwords-overlay,auto,source=ptt-gossiping,first_seen=2026-08-23,last_seen=2026-08-25,seen_days_30=0,signal_14=0,signal_30=0,windows_14=,max_traffic=482,status=cooling
天気	-2.6	chiaki-auto-hotwords-overlay,auto,source=google-trends,first_seen=2026-08-10,last_seen=2026-09-12,seen_days_30=7,signal_14=0,signal_30=0,windows_14=,max_traffic=200,status=active
天瀚	-2.6	chiaki-auto-hotwords-overlay,auto,source=google-trends,first_seen=2026-09-09,last_seen=2026-09-15,seen_days_30=7,signal_14=0,signal_30=0,windows_14=,max_traffic=5000,status=active
天貺日	-3.0	chiaki-auto-hotwords-overlay,auto,source=google-trends,first_seen=2026-07-20,last_seen=2026-07-20,seen_days_30=0,signal_14=0,signal_30=0,windows_14=,max_traffic=2000,status=dormant
天赦日	-2.1	chiaki-auto-hotwords-overlay,auto,source=google-trends+google-trends-trending,first_seen=2026-07-15,last_seen=2026-10-02,seen_days_30=2,signal_14=11,signal_30=11,windows_14=24h+48h+7d,max_traffic=50000,status=active
奇鋐	-2.8	chiaki-auto-hotwords-overlay,auto,source=google-trends,first_seen=2026-06-26,last_seen=2026-08-20,seen_days_30=0,signal_14=0,signal_30=0,windows_14=,max_traffic=2000,status=cooling
女球友	-3.0	chiaki-auto-hotwords-overlay,auto,source=google-trends,first_seen=2026-07-14,last_seen=2026-07-20,seen_days_30=0,signal_14=0,signal_30=0,windows_14=,max_traffic=10000,status=dormant,derived_from=郭臺銘女球友
始源	-2.6	chiaki-auto-hotwords-overlay,auto,source=google-trends,first_seen=2026-08-07,last_seen=2026-09-12,seen_days_30=7,signal_14=0,signal_30=0,windows_14=,max_traffic=5000,status=active
姚正菁	-2.8	chiaki-auto-hotwords-overlay,auto,source=google-trends,first_seen=2026-08-15,last_seen=2026-08-21,seen_days_30=0,signal_14=0,signal_30=0,windows_14=,max_traffic=500,status=cooling
姚黛瑋	-2.8	chiaki-auto-hotwords-overlay,auto,source=google-trends,first_seen=2026-08-20,last_seen=2026-08-26,seen_days_30=0,signal_14=0,signal_30=0,windows_14=,max_traffic=100,status=cooling
姜保紅	-2.6	chiaki-auto-hotwords-overlay,auto,source=google-trends,first_seen=2026-09-11,last_seen=2026-09-17,seen_days_30=7,signal_14=0,signal_30=0,windows_14=,max_traffic=100,status=active
姜勳	-3.0	chiaki-auto-hotwords-overlay,auto,source=google-trends,first_seen=2026-07-29,last_seen=2026-08-04,seen_days_30=0,signal_14=0,signal_30=0,windows_14=,max_traffic=100,status=dormant
姜厚任	-2.8	chiaki-auto-hotwords-overlay,auto,source=google-trends+ptt-gossiping,first_seen=2026-08-07,last_seen=2026-08-21,seen_days_30=0,signal_14=0,signal_30=0,windows_14=,max_traffic=100000,status=cooling,derived_from=姜厚任女友+姜厚任記者會
姜小柔	-2.8	chiaki-auto-hotwords-overlay,auto,source=google-trends,first_seen=2026-08-13,last_seen=2026-08-18,seen_days_30=0,signal_14=0,signal_30=0,windows_14=,max_traffic=2000,status=cooling
威克	-2.6	chiaki-auto-hotwords-overlay,auto,source=google-trends+google-trends-trending,first_seen=2026-07-25,last_seen=2026-09-18,seen_days_30=5,signal_14=0,signal_30=0,windows_14=,max_traffic=2000,status=active
娜璉	-2.6	chiaki-auto-hotwords-overlay,auto,source=google-trends+google-trends-trending,first_seen=2026-07-18,last_seen=2026-09-05,seen_days_30=0,signal_14=0,signal_30=0,windows_14=,max_traffic=20000,status=active
孔令奇	-3.0	chiaki-auto-hotwords-overlay,auto,source=google-trends,first_seen=2026-07-12,last_seen=2026-07-18,seen_days_30=0,signal_14=0,signal_30=0,windows_14=,max_traffic=500,status=dormant
孔曉振	-2.8	chiaki-auto-hotwords-overlay,auto,source=google-trends,first_seen=2026-08-27,last_seen=2026-09-02,seen_days_30=0,signal_14=0,signal_30=0,windows_14=,max_traffic=200,status=cooling
孔鏘	-1.9	chiaki-auto-hotwords-overlay,auto,source=google-trends+google-trends-trending,first_seen=2026-07-27,last_seen=2026-10-01,seen_days_30=7,signal_14=26,signal_30=26,windows_14=24h+48h+7d,max_traffic=1000,status=active
孝利秀	-2.6	chiaki-auto-hotwords-overlay,auto,source=google-trends,first_seen=2026-09-03,last_seen=2026-09-07,seen_days_30=2,signal_14=0,signal_30=0,windows_14=,max_traffic=100,status=active
孟子義	-3.0	chiaki-auto-hotwords-overlay,auto,source=google-trends,first_seen=2026-07-13,last_seen=2026-07-18,seen_days_30=0,signal_14=0,signal_30=0,windows_14=,max_traffic=5000,status=dormant
孟耿如	-2.8	chiaki-auto-hotwords-overlay,auto,source=google-trends+google-trends-trending,first_seen=2026-07-21,last_seen=2026-08-18,seen_days_30=0,signal_14=0,signal_30=0,windows_14=,max_traffic=10000,status=cooling
孫伊涵	-3.0	chiaki-auto-hotwords-overlay,auto,source=google-trends+google-trends-trending,first_seen=2026-07-25,last_seen=2026-07-31,seen_days_30=0,signal_14=0,signal_30=0,windows_14=,max_traffic=1000,status=dormant
孫佩霞	-2.4	chiaki-auto-hotwords-overlay,auto,source=google-trends,first_seen=2026-09-18,last_seen=2026-09-23,seen_days_30=2,signal_14=3,signal_30=3,windows_14=7d,max_traffic=5000,status=active
孫宇晨	-2.8	chiaki-auto-hotwords-overlay,auto,source=google-trends,first_seen=2026-08-28,last_seen=2026-08-28,seen_days_30=0,signal_14=0,signal_30=0,windows_14=,max_traffic=1000,status=cooling,derived_from=景甜孫宇晨
孫安佐	-3.0	chiaki-auto-hotwords-overlay,auto,source=google-trends,first_seen=2026-07-31,last_seen=2026-07-31,seen_days_30=0,signal_14=0,signal_30=0,windows_14=,max_traffic=100,status=dormant
孫易磊	-2.8	chiaki-auto-hotwords-overlay,auto,source=google-trends+google-trends-trending,first_seen=2026-07-15,last_seen=2026-08-27,seen_days_30=0,signal_14=0,signal_30=0,windows_14=,max_traffic=500,status=cooling
孫藝真	-2.6	chiaki-auto-hotwords-overlay,auto,source=google-trends,first_seen=2026-06-26,last_seen=2026-09-18,seen_days_30=12,signal_14=0,signal_30=0,windows_14=,max_traffic=5000,status=active
孫鵬	-2.8	chiaki-auto-hotwords-overlay,auto,source=google-trends+google-trends-trending,first_seen=2026-07-03,last_seen=2026-08-26,seen_days_30=0,signal_14=0,signal_30=0,windows_14=,max_traffic=5000,status=cooling
宇樹科技	-2.8	chiaki-auto-hotwords-overlay,auto,source=google-trends,first_seen=2026-08-20,last_seen=2026-08-26,seen_days_30=0,signal_14=0,signal_30=0,windows_14=,max_traffic=5000,status=cooling
宇瞻	-3.0	chiaki-auto-hotwords-overlay,auto,source=google-trends+google-trends-trending,first_seen=2026-07-25,last_seen=2026-08-05,seen_days_30=0,signal_14=0,signal_30=0,windows_14=,max_traffic=200,status=dormant
宇瞻科技	-3.0	chiaki-auto-hotwords-overlay,auto,source=google-trends+google-trends-trending,first_seen=2026-07-27,last_seen=2026-08-01,seen_days_30=0,signal_14=0,signal_30=0,windows_14=,max_traffic=200,status=dormant
守岸人	-2.8	chiaki-auto-hotwords-overlay,auto,source=ptt-cchat,first_seen=2026-08-08,last_seen=2026-08-12,seen_days_30=0,signal_14=0,signal_30=0,windows_14=,max_traffic=72,status=cooling
安洗瑩	-2.8	chiaki-auto-hotwords-overlay,auto,source=google-trends,first_seen=2026-08-23,last_seen=2026-08-30,seen_days_30=0,signal_14=0,signal_30=0,windows_14=,max_traffic=1000,status=cooling
安芝儇	-1.9	chiaki-auto-hotwords-overlay,auto,source=google-trends,first_seen=2026-08-14,last_seen=2026-10-05,seen_days_30=7,signal_14=28,signal_30=28,windows_14=24h+48h+7d,max_traffic=2000,status=active
安賀營	-2.8	chiaki-auto-hotwords-overlay,auto,source=google-trends,first_seen=2026-08-15,last_seen=2026-08-20,seen_days_30=0,signal_14=0,signal_30=0,windows_14=,max_traffic=100,status=cooling
宋亞東	-2.6	chiaki-auto-hotwords-overlay,auto,source=google-trends,first_seen=2026-08-31,last_seen=2026-09-05,seen_days_30=0,signal_14=0,signal_30=0,windows_14=,max_traffic=200,status=active
宋仲基	-3.0	chiaki-auto-hotwords-overlay,auto,source=google-trends,first_seen=2026-07-14,last_seen=2026-07-20,seen_days_30=0,signal_14=0,signal_30=0,windows_14=,max_traffic=2000,status=dormant
宋偉恩	-2.8	chiaki-auto-hotwords-overlay,auto,source=google-trends,first_seen=2026-08-28,last_seen=2026-09-03,seen_days_30=0,signal_14=0,signal_30=0,windows_14=,max_traffic=200,status=cooling
宋威龍	-3.0	chiaki-auto-hotwords-overlay,auto,source=google-trends,first_seen=2026-07-13,last_seen=2026-07-15,seen_days_30=0,signal_14=0,signal_30=0,windows_14=,max_traffic=1000,status=dormant
宋孟瑤	-3.0	chiaki-auto-hotwords-overlay,auto,source=google-trends+google-trends-trending,first_seen=2026-07-24,last_seen=2026-07-30,seen_days_30=0,signal_14=0,signal_30=0,windows_14=,max_traffic=200,status=dormant
宋承炫	-3.0	chiaki-auto-hotwords-overlay,auto,source=google-trends,first_seen=2026-07-12,last_seen=2026-07-18,seen_days_30=0,signal_14=0,signal_30=0,windows_14=,max_traffic=2000,status=dormant
宋昕澔	-2.8	chiaki-auto-hotwords-overlay,auto,source=google-trends,first_seen=2026-07-29,last_seen=2026-08-20,seen_days_30=0,signal_14=0,signal_30=0,windows_14=,max_traffic=2000,status=cooling
宋晟睿	-2.1	chiaki-auto-hotwords-overlay,auto,source=google-trends+google-trends-trending,first_seen=2026-07-27,last_seen=2026-09-23,seen_days_30=12,signal_14=6,signal_30=6,windows_14=7d,max_traffic=10000,status=active
宋智孝	-1.9	chiaki-auto-hotwords-overlay,auto,source=google-trends+google-trends-trending,first_seen=2026-07-22,last_seen=2026-09-25,seen_days_30=7,signal_14=12,signal_30=12,windows_14=7d,max_traffic=1000,status=active
宋柏翰	-3.0	chiaki-auto-hotwords-overlay,auto,source=google-trends+google-trends-trending,first_seen=2026-07-21,last_seen=2026-07-25,seen_days_30=0,signal_14=0,signal_30=0,windows_14=,max_traffic=500,status=dormant
宋紀妍	-3.0	chiaki-auto-hotwords-overlay,auto,source=google-trends+google-trends-trending,first_seen=2026-07-25,last_seen=2026-07-31,seen_days_30=0,signal_14=0,signal_30=0,windows_14=,max_traffic=2000,status=dormant
宋雨琦	-2.8	chiaki-auto-hotwords-overlay,auto,source=google-trends,first_seen=2026-08-18,last_seen=2026-08-21,seen_days_30=0,signal_14=0,signal_30=0,windows_14=,max_traffic=5000,status=cooling
宋麗華	-2.8	chiaki-auto-hotwords-overlay,auto,source=google-trends,first_seen=2026-08-14,last_seen=2026-08-20,seen_days_30=0,signal_14=0,signal_30=0,windows_14=,max_traffic=10000,status=cooling
宏匯廣場	-3.0	chiaki-auto-hotwords-overlay,auto,source=google-trends,first_seen=2026-07-11,last_seen=2026-07-17,seen_days_30=0,signal_14=0,signal_30=0,windows_14=,max_traffic=1000,status=dormant
宏捷科	-2.8	chiaki-auto-hotwords-overlay,auto,source=google-trends,first_seen=2026-08-08,last_seen=2026-08-08,seen_days_30=0,signal_14=0,signal_30=0,windows_14=,max_traffic=200,status=cooling
宏致	-2.6	chiaki-auto-hotwords-overlay,auto,source=google-trends,first_seen=2026-08-13,last_seen=2026-09-18,seen_days_30=4,signal_14=0,signal_30=0,windows_14=,max_traffic=2000,status=active
定穎投控	-2.6	chiaki-auto-hotwords-overlay,auto,source=google-trends,first_seen=2026-09-02,last_seen=2026-09-08,seen_days_30=3,signal_14=0,signal_30=0,windows_14=,max_traffic=200,status=active
宜鼎	-2.8	chiaki-auto-hotwords-overlay,auto,source=google-trends,first_seen=2026-07-12,last_seen=2026-09-04,seen_days_30=0,signal_14=0,signal_30=0,windows_14=,max_traffic=5000,status=cooling
宣昶有	-3.0	chiaki-auto-hotwords-overlay,auto,source=google-trends+google-trends-trending,first_seen=2026-07-21,last_seen=2026-07-27,seen_days_30=0,signal_14=0,signal_30=0,windows_14=,max_traffic=100,status=dormant
宮崎友花	-2.6	chiaki-auto-hotwords-overlay,auto,source=google-trends,first_seen=2026-09-07,last_seen=2026-09-13,seen_days_30=7,signal_14=0,signal_30=0,windows_14=,max_traffic=100,status=active
宮美樂	-2.8	chiaki-auto-hotwords-overlay,auto,source=google-trends,first_seen=2026-08-28,last_seen=2026-09-03,seen_days_30=0,signal_14=0,signal_30=0,windows_14=,max_traffic=1000,status=cooling
家寧	-2.8	chiaki-auto-hotwords-overlay,auto,source=google-trends+google-trends-trending+ptt-gossiping,first_seen=2026-07-08,last_seen=2026-08-18,seen_days_30=0,signal_14=0,signal_30=0,windows_14=,max_traffic=20000,status=cooling
家寧律師	-2.8	chiaki-auto-hotwords-overlay,auto,source=google-trends,first_seen=2026-08-13,last_seen=2026-08-19,seen_days_30=0,signal_14=0,signal_30=0,windows_14=,max_traffic=100,status=cooling
家登	-2.6	chiaki-auto-hotwords-overlay,auto,source=google-trends,first_seen=2026-09-01,last_seen=2026-09-15,seen_days_30=8,signal_14=0,signal_30=0,windows_14=,max_traffic=20000,status=active
寂地	-2.8	chiaki-auto-hotwords-overlay,auto,source=google-trends,first_seen=2026-08-28,last_seen=2026-09-02,seen_days_30=0,signal_14=0,signal_30=0,windows_14=,max_traffic=5000,status=cooling
寄丟	-2.8	chiaki-auto-hotwords-overlay,auto,source=ptt-cchat,first_seen=2026-08-14,last_seen=2026-08-16,seen_days_30=0,signal_14=0,signal_30=0,windows_14=,max_traffic=244,status=cooling
富喬	-1.9	chiaki-auto-hotwords-overlay,auto,source=google-trends,first_seen=2026-08-07,last_seen=2026-09-25,seen_days_30=12,signal_14=12,signal_30=12,windows_14=7d,max_traffic=5000,status=active
富採	-2.6	chiaki-auto-hotwords-overlay,auto,source=google-trends,first_seen=2026-09-04,last_seen=2026-09-10,seen_days_30=5,signal_14=0,signal_30=0,windows_14=,max_traffic=200,status=active
實價登錄	-2.8	chiaki-auto-hotwords-overlay,auto,source=google-trends,first_seen=2026-08-02,last_seen=2026-08-08,seen_days_30=0,signal_14=0,signal_30=0,windows_14=,max_traffic=200,status=cooling
實衣與	-3.0	chiaki-auto-hotwords-overlay,auto,source=google-trends,first_seen=2026-07-30,last_seen=2026-08-04,seen_days_30=0,signal_14=0,signal_30=0,windows_14=,max_traffic=1000,status=dormant,derived_from=實衣與山田小姐
寬褲	-3.0	chiaki-auto-hotwords-overlay,auto,source=google-trends+google-trends-trending,first_seen=2026-07-15,last_seen=2026-07-21,seen_days_30=0,signal_14=0,signal_30=0,windows_14=,max_traffic=200,status=dormant
寬魚國際	-2.8	chiaki-auto-hotwords-overlay,auto,source=google-trends,first_seen=2026-08-09,last_seen=2026-08-15,seen_days_30=0,signal_14=0,signal_30=0,windows_14=,max_traffic=1000,status=cooling
寶桑小町	-2.8	chiaki-auto-hotwords-overlay,auto,source=google-trends,first_seen=2026-08-01,last_seen=2026-08-06,seen_days_30=0,signal_14=0,signal_30=0,windows_14=,max_traffic=200,status=cooling
寺田心	-2.8	chiaki-auto-hotwords-overlay,auto,source=google-trends,first_seen=2026-08-17,last_seen=2026-08-22,seen_days_30=0,signal_14=0,signal_30=0,windows_14=,max_traffic=1000,status=cooling
小園海鬥	-1.9	chiaki-auto-hotwords-overlay,auto,source=google-trends,first_seen=2026-09-01,last_seen=2026-10-05,seen_days_30=6,signal_14=17,signal_30=17,windows_14=24h+48h+7d,max_traffic=2000,status=active
小島秀夫	-2.6	chiaki-auto-hotwords-overlay,auto,source=google-trends,first_seen=2026-09-15,last_seen=2026-09-18,seen_days_30=4,signal_14=0,signal_30=0,windows_14=,max_traffic=500,status=active
小池淳義	-2.6	chiaki-auto-hotwords-overlay,auto,source=google-trends,first_seen=2026-09-13,last_seen=2026-09-18,seen_days_30=6,signal_14=0,signal_30=0,windows_14=,max_traffic=100,status=active
小茉	-1.9	chiaki-auto-hotwords-overlay,auto,source=google-trends,first_seen=2026-09-30,last_seen=2026-10-05,seen_days_30=6,signal_14=23,signal_30=23,windows_14=24h+48h+7d,max_traffic=500,status=active
尤雅	-2.8	chiaki-auto-hotwords-overlay,auto,source=google-trends+google-trends-trending,first_seen=2026-07-16,last_seen=2026-08-20,seen_days_30=0,signal_14=0,signal_30=0,windows_14=,max_traffic=5000,status=cooling
尬電	-3.0	chiaki-auto-hotwords-overlay,auto,source=google-trends+google-trends-trending,first_seen=2026-07-20,last_seen=2026-07-26,seen_days_30=0,signal_14=0,signal_30=0,windows_14=,max_traffic=200,status=dormant
尼古	-2.6	chiaki-auto-hotwords-overlay,auto,source=ptt-cchat+ptt-gossiping,first_seen=2026-08-14,last_seen=2026-09-05,seen_days_30=0,signal_14=0,signal_30=0,windows_14=,max_traffic=307,status=active
尼古喵	-2.8	chiaki-auto-hotwords-overlay,auto,source=ptt-cchat,first_seen=2026-08-15,last_seen=2026-09-03,seen_days_30=0,signal_14=0,signal_30=0,windows_14=,max_traffic=340,status=cooling
尼古喵喵	-2.8	chiaki-auto-hotwords-overlay,auto,source=ptt-cchat,first_seen=2026-08-21,last_seen=2026-09-03,seen_days_30=0,signal_14=0,signal_30=0,windows_14=,max_traffic=407,status=cooling
山口茜	-2.8	chiaki-auto-hotwords-overlay,auto,source=google-trends+google-trends-trending,first_seen=2026-07-27,last_seen=2026-08-30,seen_days_30=0,signal_14=0,signal_30=0,windows_14=,max_traffic=500,status=cooling
山東小館	-2.6	chiaki-auto-hotwords-overlay,auto,source=google-trends,first_seen=2026-09-03,last_seen=2026-09-09,seen_days_30=4,signal_14=0,signal_30=0,windows_14=,max_traffic=100,status=active
岡功大	-2.8	chiaki-auto-hotwords-overlay,auto,source=google-trends,first_seen=2026-08-23,last_seen=2026-08-29,seen_days_30=0,signal_14=0,signal_30=0,windows_14=,max_traffic=1000,status=cooling,derived_from=奈良岡功大
岡田紗佳	-2.6	chiaki-auto-hotwords-overlay,auto,source=google-trends,first_seen=2026-09-07,last_seen=2026-09-13,seen_days_30=7,signal_14=0,signal_30=0,windows_14=,max_traffic=1000,status=active
岡索林	-2.8	chiaki-auto-hotwords-overlay,auto,source=google-trends,first_seen=2026-08-15,last_seen=2026-08-15,seen_days_30=0,signal_14=0,signal_30=0,windows_14=,max_traffic=1000,status=cooling,derived_from=湯尼岡索林
峮峮男友	-2.6	chiaki-auto-hotwords-overlay,auto,source=google-trends,first_seen=2026-09-12,last_seen=2026-09-20,seen_days_30=9,signal_14=0,signal_30=0,windows_14=,max_traffic=200,status=active
崇越	-2.8	chiaki-auto-hotwords-overlay,auto,source=google-trends,first_seen=2026-08-19,last_seen=2026-08-25,seen_days_30=0,signal_14=0,signal_30=0,windows_14=,max_traffic=100,status=cooling
崇越電	-2.8	chiaki-auto-hotwords-overlay,auto,source=google-trends,first_seen=2026-08-19,last_seen=2026-08-24,seen_days_30=0,signal_14=0,signal_30=0,windows_14=,max_traffic=200,status=cooling
崔代勳	-3.0	chiaki-auto-hotwords-overlay,auto,source=google-trends,first_seen=2026-07-28,last_seen=2026-08-01,seen_days_30=0,signal_14=0,signal_30=0,windows_14=,max_traffic=500,status=dormant
崔傘	-1.9	chiaki-auto-hotwords-overlay,auto,source=google-trends,first_seen=2026-09-27,last_seen=2026-10-03,seen_days_30=7,signal_14=26,signal_30=26,windows_14=24h+48h+7d,max_traffic=1000,status=active
崔泰源	-3.0	chiaki-auto-hotwords-overlay,auto,source=google-trends+google-trends-trending,first_seen=2026-07-25,last_seen=2026-08-03,seen_days_30=0,signal_14=0,signal_30=0,windows_14=,max_traffic=1000,status=dormant
崔立於	-2.8	chiaki-auto-hotwords-overlay,auto,source=google-trends,first_seen=2026-08-07,last_seen=2026-08-12,seen_days_30=0,signal_14=0,signal_30=0,windows_14=,max_traffic=200,status=cooling
嶽東華	-2.6	chiaki-auto-hotwords-overlay,auto,source=google-trends,first_seen=2026-08-24,last_seen=2026-09-14,seen_days_30=6,signal_14=0,signal_30=0,windows_14=,max_traffic=2000,status=active
川湖	-2.8	chiaki-auto-hotwords-overlay,auto,source=google-trends,first_seen=2026-08-05,last_seen=2026-08-13,seen_days_30=0,signal_14=0,signal_30=0,windows_14=,max_traffic=100000,status=cooling
川湖科技	-2.8	chiaki-auto-hotwords-overlay,auto,source=google-trends,first_seen=2026-08-12,last_seen=2026-08-13,seen_days_30=0,signal_14=0,signal_30=0,windows_14=,max_traffic=10000,status=cooling
川習會	-1.9	chiaki-auto-hotwords-overlay,auto,source=google-trends,first_seen=2026-09-22,last_seen=2026-09-30,seen_days_30=7,signal_14=26,signal_30=26,windows_14=24h+48h+7d,max_traffic=2000,status=active
左左右右	-1.9	chiaki-auto-hotwords-overlay,auto,source=google-trends,first_seen=2026-10-02,last_seen=2026-10-05,seen_days_30=4,signal_14=17,signal_30=17,windows_14=24h+48h+7d,max_traffic=1000,status=active
巨有科技	-2.6	chiaki-auto-hotwords-overlay,auto,source=google-trends,first_seen=2026-09-12,last_seen=2026-09-18,seen_days_30=7,signal_14=0,signal_30=0,windows_14=,max_traffic=100,status=active
巨濟島	-2.8	chiaki-auto-hotwords-overlay,auto,source=google-trends,first_seen=2026-08-19,last_seen=2026-08-24,seen_days_30=0,signal_14=0,signal_30=0,windows_14=,max_traffic=500,status=cooling
巫啟賢	-2.4	chiaki-auto-hotwords-overlay,auto,source=google-trends,first_seen=2026-09-28,last_seen=2026-09-28,seen_days_30=1,signal_14=5,signal_30=5,windows_14=48h+7d,max_traffic=2000,status=active
巫苡萱	-2.6	chiaki-auto-hotwords-overlay,auto,source=google-trends+google-trends-trending,first_seen=2026-07-25,last_seen=2026-09-14,seen_days_30=7,signal_14=0,signal_30=0,windows_14=,max_traffic=2000,status=active
巴丹島	-3.0	chiaki-auto-hotwords-overlay,auto,source=google-trends,first_seen=2026-07-13,last_seen=2026-07-14,seen_days_30=0,signal_14=0,signal_30=0,windows_14=,max_traffic=100,status=dormant
巴威	-3.0	chiaki-auto-hotwords-overlay,auto,source=google-trends,first_seen=2026-07-04,last_seen=2026-07-17,seen_days_30=0,signal_14=0,signal_30=0,windows_14=,max_traffic=1000000,status=dormant,derived_from=巴威中國災情
巴威大陸	-3.0	chiaki-auto-hotwords-overlay,auto,source=google-trends,first_seen=2026-07-13,last_seen=2026-07-19,seen_days_30=0,signal_14=0,signal_30=0,windows_14=,max_traffic=10000,status=dormant
巴毛律師	-2.6	chiaki-auto-hotwords-overlay,auto,source=google-trends,first_seen=2026-09-08,last_seen=2026-09-14,seen_days_30=3,signal_14=0,signal_30=0,windows_14=,max_traffic=1000,status=active
巴甲	-3.0	chiaki-auto-hotwords-overlay,auto,source=google-trends,first_seen=2026-07-27,last_seen=2026-08-02,seen_days_30=0,signal_14=0,signal_30=0,windows_14=,max_traffic=100,status=dormant
巴逆逆	-1.9	chiaki-auto-hotwords-overlay,auto,source=google-trends+google-trends-trending,first_seen=2026-07-22,last_seen=2026-10-05,seen_days_30=5,signal_14=20,signal_30=20,windows_14=24h+48h+7d,max_traffic=10000,status=active
帕雷德斯	-3.0	chiaki-auto-hotwords-overlay,auto,source=google-trends+google-trends-trending,first_seen=2026-07-21,last_seen=2026-07-27,seen_days_30=0,signal_14=0,signal_30=0,windows_14=,max_traffic=200,status=dormant
帕魯	-3.0	chiaki-auto-hotwords-overlay,auto,source=google-trends+google-trends-trending,first_seen=2026-07-11,last_seen=2026-07-27,seen_days_30=0,signal_14=0,signal_30=0,windows_14=,max_traffic=10000,status=dormant
師盧武鎮	-3.0	chiaki-auto-hotwords-overlay,auto,source=google-trends+google-trends-trending,first_seen=2026-07-25,last_seen=2026-07-31,seen_days_30=0,signal_14=0,signal_30=0,windows_14=,max_traffic=500,status=dormant,derived_from=勞務師盧武鎮
師鐸獎	-3.0	chiaki-auto-hotwords-overlay,auto,source=google-trends+google-trends-trending,first_seen=2026-07-21,last_seen=2026-07-27,seen_days_30=0,signal_14=0,signal_30=0,windows_14=,max_traffic=2000,status=dormant
席惟倫	-1.9	chiaki-auto-hotwords-overlay,auto,source=google-trends,first_seen=2026-10-01,last_seen=2026-10-05,seen_days_30=5,signal_14=20,signal_30=20,windows_14=24h+48h+7d,max_traffic=500,status=active
平良海馬	-2.6	chiaki-auto-hotwords-overlay,auto,source=google-trends,first_seen=2026-09-12,last_seen=2026-09-18,seen_days_30=7,signal_14=0,signal_30=0,windows_14=,max_traffic=500,status=active
平良翔太	-2.6	chiaki-auto-hotwords-overlay,auto,source=google-trends,first_seen=2026-09-15,last_seen=2026-09-20,seen_days_30=6,signal_14=0,signal_30=0,windows_14=,max_traffic=5000,status=active
平野惠一	-2.1	chiaki-auto-hotwords-overlay,auto,source=google-trends+google-trends-trending,first_seen=2026-07-08,last_seen=2026-09-25,seen_days_30=10,signal_14=6,signal_30=6,windows_14=24h+48h+7d,max_traffic=2000,status=active
幻世錄	-2.6	chiaki-auto-hotwords-overlay,auto,source=google-trends,first_seen=2026-09-11,last_seen=2026-09-17,seen_days_30=7,signal_14=0,signal_30=0,windows_14=,max_traffic=200,status=active
庇護工場	-2.6	chiaki-auto-hotwords-overlay,auto,source=google-trends,first_seen=2026-08-21,last_seen=2026-09-12,seen_days_30=4,signal_14=0,signal_30=0,windows_14=,max_traffic=20000,status=active
庫拉皮卡	-2.8	chiaki-auto-hotwords-overlay,auto,source=ptt-cchat,first_seen=2026-08-04,last_seen=2026-08-06,seen_days_30=0,signal_14=0,signal_30=0,windows_14=,max_traffic=83,status=cooling
康世明	-1.9	chiaki-auto-hotwords-overlay,auto,source=google-trends,first_seen=2026-09-28,last_seen=2026-10-04,seen_days_30=7,signal_14=26,signal_30=26,windows_14=24h+48h+7d,max_traffic=200,status=active
康普茶	-2.8	chiaki-auto-hotwords-overlay,auto,source=google-trends,first_seen=2026-08-07,last_seen=2026-08-13,seen_days_30=0,signal_14=0,signal_30=0,windows_14=,max_traffic=100,status=cooling
康舒	-2.8	chiaki-auto-hotwords-overlay,auto,source=google-trends,first_seen=2026-08-14,last_seen=2026-08-19,seen_days_30=0,signal_14=0,signal_30=0,windows_14=,max_traffic=200,status=cooling
康霈	-2.6	chiaki-auto-hotwords-overlay,auto,source=google-trends,first_seen=2026-08-29,last_seen=2026-09-11,seen_days_30=6,signal_14=0,signal_30=0,windows_14=,max_traffic=200,status=active
庾恩利	-2.8	chiaki-auto-hotwords-overlay,auto,source=google-trends,first_seen=2026-07-31,last_seen=2026-08-06,seen_days_30=0,signal_14=0,signal_30=0,windows_14=,max_traffic=1000,status=cooling
廖乙忠	-2.8	chiaki-auto-hotwords-overlay,auto,source=google-trends,first_seen=2026-08-10,last_seen=2026-08-21,seen_days_30=0,signal_14=0,signal_30=0,windows_14=,max_traffic=500,status=cooling
廖人傑	-2.8	chiaki-auto-hotwords-overlay,auto,source=google-trends,first_seen=2026-08-14,last_seen=2026-08-20,seen_days_30=0,signal_14=0,signal_30=0,windows_14=,max_traffic=5000,status=cooling
廖任磊	-2.6	chiaki-auto-hotwords-overlay,auto,source=google-trends,first_seen=2026-08-14,last_seen=2026-09-20,seen_days_30=6,signal_14=0,signal_30=0,windows_14=,max_traffic=2000,status=active
廖國宏	-2.6	chiaki-auto-hotwords-overlay,auto,source=google-trends+ptt-gossiping,first_seen=2026-09-07,last_seen=2026-09-13,seen_days_30=7,signal_14=0,signal_30=0,windows_14=,max_traffic=5000,status=active,derived_from=廖國宏福華
廖思惟	-2.8	chiaki-auto-hotwords-overlay,auto,source=google-trends+google-trends-trending,first_seen=2026-07-20,last_seen=2026-08-28,seen_days_30=0,signal_14=0,signal_30=0,windows_14=,max_traffic=200,status=cooling
廖泰翔	-2.8	chiaki-auto-hotwords-overlay,auto,source=google-trends,first_seen=2026-08-15,last_seen=2026-08-21,seen_days_30=0,signal_14=0,signal_30=0,windows_14=,max_traffic=2000,status=cooling
廖美然	-2.8	chiaki-auto-hotwords-overlay,auto,source=google-trends,first_seen=2026-08-26,last_seen=2026-08-31,seen_days_30=0,signal_14=0,signal_30=0,windows_14=,max_traffic=1000,status=cooling
廖致翔	-2.6	chiaki-auto-hotwords-overlay,auto,source=google-trends,first_seen=2026-08-31,last_seen=2026-09-06,seen_days_30=1,signal_14=0,signal_30=0,windows_14=,max_traffic=500,status=active,derived_from=廖致翔醫師
廖苡任	-2.8	chiaki-auto-hotwords-overlay,auto,source=google-trends,first_seen=2026-08-29,last_seen=2026-09-04,seen_days_30=0,signal_14=0,signal_30=0,windows_14=,max_traffic=200,status=cooling
廢校	-2.8	chiaki-auto-hotwords-overlay,auto,source=google-trends,first_seen=2026-08-04,last_seen=2026-08-13,seen_days_30=0,signal_14=0,signal_30=0,windows_14=,max_traffic=5000,status=cooling
廣川漾	-2.8	chiaki-auto-hotwords-overlay,auto,source=google-trends,first_seen=2026-08-09,last_seen=2026-08-15,seen_days_30=0,signal_14=0,signal_30=0,windows_14=,max_traffic=1000,status=cooling
廣慈奉	-2.8	chiaki-auto-hotwords-overlay,auto,source=google-trends,first_seen=2026-08-31,last_seen=2026-08-31,seen_days_30=0,signal_14=0,signal_30=0,windows_14=,max_traffic=5000,status=cooling,derived_from=廣慈奉天宮
廣慈社宅	-2.8	chiaki-auto-hotwords-overlay,auto,source=google-trends,first_seen=2026-08-19,last_seen=2026-08-25,seen_days_30=0,signal_14=0,signal_30=0,windows_14=,max_traffic=1000,status=cooling
廣洋	-2.8	chiaki-auto-hotwords-overlay,auto,source=google-trends,first_seen=2026-08-20,last_seen=2026-08-21,seen_days_30=0,signal_14=0,signal_30=0,windows_14=,max_traffic=100,status=cooling
廣達電腦	-2.8	chiaki-auto-hotwords-overlay,auto,source=google-trends,first_seen=2026-08-18,last_seen=2026-08-22,seen_days_30=0,signal_14=0,signal_30=0,windows_14=,max_traffic=10000,status=cooling
龐祥麟	-1.9	chiaki-auto-hotwords-overlay,auto,source=google-trends,first_seen=2026-09-08,last_seen=2026-10-03,seen_days_30=14,signal_14=26,signal_30=26,windows_14=24h+48h+7d,max_traffic=50000,status=active
延三夜市	-1.9	chiaki-auto-hotwords-overlay,auto,source=google-trends,first_seen=2026-09-23,last_seen=2026-09-29,seen_days_30=7,signal_14=26,signal_30=26,windows_14=24h+48h+7d,max_traffic=5000,status=active
建準	-2.6	chiaki-auto-hotwords-overlay,auto,source=google-trends,first_seen=2026-09-01,last_seen=2026-09-07,seen_days_30=2,signal_14=0,signal_30=0,windows_14=,max_traffic=500,status=active
建滔積	-2.6	chiaki-auto-hotwords-overlay,auto,source=google-trends,first_seen=2026-09-04,last_seen=2026-09-10,seen_days_30=5,signal_14=0,signal_30=0,windows_14=,max_traffic=100,status=active,derived_from=建滔積層板
弘塑	-2.8	chiaki-auto-hotwords-overlay,auto,source=google-trends,first_seen=2026-08-06,last_seen=2026-08-07,seen_days_30=0,signal_14=0,signal_30=0,windows_14=,max_traffic=200,status=cooling
弘記	-2.6	chiaki-auto-hotwords-overlay,auto,source=google-trends,first_seen=2026-09-13,last_seen=2026-09-18,seen_days_30=6,signal_14=0,signal_30=0,windows_14=,max_traffic=200,status=active,derived_from=弘記肉燥飯舖
張一鳴	-2.1	chiaki-auto-hotwords-overlay,auto,source=google-trends,first_seen=2026-09-17,last_seen=2026-09-23,seen_days_30=7,signal_14=6,signal_30=6,windows_14=7d,max_traffic=200,status=active
張仁瑋	-2.6	chiaki-auto-hotwords-overlay,auto,source=google-trends+google-trends-trending,first_seen=2026-07-24,last_seen=2026-09-07,seen_days_30=2,signal_14=0,signal_30=0,windows_14=,max_traffic=1000,status=active
張佳寧	-1.9	chiaki-auto-hotwords-overlay,auto,source=google-trends,first_seen=2026-09-23,last_seen=2026-09-29,seen_days_30=7,signal_14=26,signal_30=26,windows_14=24h+48h+7d,max_traffic=100,status=active
張倩	-2.4	chiaki-auto-hotwords-overlay,auto,source=google-trends,first_seen=2026-09-16,last_seen=2026-09-22,seen_days_30=7,signal_14=3,signal_30=3,windows_14=7d,max_traffic=200,status=active
張元瀚	-3.0	chiaki-auto-hotwords-overlay,auto,source=google-trends+google-trends-trending,first_seen=2026-07-26,last_seen=2026-08-01,seen_days_30=0,signal_14=0,signal_30=0,windows_14=,max_traffic=20000,status=dormant,derived_from=張元瀚醫師
張凌赫	-2.6	chiaki-auto-hotwords-overlay,auto,source=google-trends+google-trends-trending,first_seen=2026-07-15,last_seen=2026-09-19,seen_days_30=10,signal_14=0,signal_30=0,windows_14=,max_traffic=5000,status=active
張可昀	-3.0	chiaki-auto-hotwords-overlay,auto,source=google-trends+google-trends-trending,first_seen=2026-07-07,last_seen=2026-07-21,seen_days_30=0,signal_14=0,signal_30=0,windows_14=,max_traffic=10000,status=dormant
張善政	-1.9	chiaki-auto-hotwords-overlay,auto,source=google-trends,first_seen=2026-07-12,last_seen=2026-09-29,seen_days_30=15,signal_14=26,signal_30=26,windows_14=24h+48h+7d,max_traffic=2000,status=active
張嘉郡	-2.6	chiaki-auto-hotwords-overlay,auto,source=google-trends,first_seen=2026-09-09,last_seen=2026-09-15,seen_days_30=7,signal_14=0,signal_30=0,windows_14=,max_traffic=2000,status=active
張土火	-1.9	chiaki-auto-hotwords-overlay,auto,source=google-trends,first_seen=2026-09-23,last_seen=2026-09-29,seen_days_30=7,signal_14=26,signal_30=26,windows_14=24h+48h+7d,max_traffic=500,status=active
張士綸	-1.9	chiaki-auto-hotwords-overlay,auto,source=google-trends,first_seen=2026-08-08,last_seen=2026-10-01,seen_days_30=11,signal_14=35,signal_30=35,windows_14=24h+48h+7d,max_traffic=2000,status=active
張婧儀	-3.0	chiaki-auto-hotwords-overlay,auto,source=google-trends+google-trends-trending,first_seen=2026-07-21,last_seen=2026-07-27,seen_days_30=0,signal_14=0,signal_30=0,windows_14=,max_traffic=1000,status=dormant
張家閎	-2.6	chiaki-auto-hotwords-overlay,auto,source=google-trends,first_seen=2026-09-09,last_seen=2026-09-15,seen_days_30=7,signal_14=0,signal_30=0,windows_14=,max_traffic=2000,status=active
張峻	-1.9	chiaki-auto-hotwords-overlay,auto,source=google-trends,first_seen=2026-09-20,last_seen=2026-09-26,seen_days_30=7,signal_14=15,signal_30=15,windows_14=7d,max_traffic=200,status=active
張峻瑋	-3.0	chiaki-auto-hotwords-overlay,auto,source=google-trends+google-trends-trending,first_seen=2026-07-17,last_seen=2026-07-23,seen_days_30=0,signal_14=0,signal_30=0,windows_14=,max_traffic=500,status=dormant
張惇涵	-2.6	chiaki-auto-hotwords-overlay,auto,source=google-trends,first_seen=2026-09-12,last_seen=2026-09-12,seen_days_30=1,signal_14=0,signal_30=0,windows_14=,max_traffic=200,status=active
張敦量	-2.8	chiaki-auto-hotwords-overlay,auto,source=google-trends,first_seen=2026-08-01,last_seen=2026-08-07,seen_days_30=0,signal_14=0,signal_30=0,windows_14=,max_traffic=500,status=cooling
張文綺	-2.6	chiaki-auto-hotwords-overlay,auto,source=google-trends,first_seen=2026-09-03,last_seen=2026-09-09,seen_days_30=4,signal_14=0,signal_30=0,windows_14=,max_traffic=2000,status=active
張斯綱	-1.9	chiaki-auto-hotwords-overlay,auto,source=google-trends,first_seen=2026-10-02,last_seen=2026-10-05,seen_days_30=4,signal_14=14,signal_30=14,windows_14=48h+7d,max_traffic=1000,status=active
張海漢	-2.8	chiaki-auto-hotwords-overlay,auto,source=google-trends,first_seen=2026-08-08,last_seen=2026-08-13,seen_days_30=0,signal_14=0,signal_30=0,windows_14=,max_traffic=2000,status=cooling
張淑娟	-1.9	chiaki-auto-hotwords-overlay,auto,source=google-trends,first_seen=2026-10-01,last_seen=2026-10-05,seen_days_30=5,signal_14=20,signal_30=20,windows_14=24h+48h+7d,max_traffic=5000,status=active
張瀚元	-1.9	chiaki-auto-hotwords-overlay,auto,source=google-trends,first_seen=2026-09-20,last_seen=2026-09-26,seen_days_30=7,signal_14=15,signal_30=15,windows_14=7d,max_traffic=200,status=active
張甄芸	-2.8	chiaki-auto-hotwords-overlay,auto,source=google-trends,first_seen=2026-08-28,last_seen=2026-09-03,seen_days_30=0,signal_14=0,signal_30=0,windows_14=,max_traffic=10000,status=cooling
張皓崴	-2.6	chiaki-auto-hotwords-overlay,auto,source=google-trends,first_seen=2026-08-24,last_seen=2026-09-17,seen_days_30=7,signal_14=0,signal_30=0,windows_14=,max_traffic=2000,status=active
張睿	-2.8	chiaki-auto-hotwords-overlay,auto,source=google-trends,first_seen=2026-08-18,last_seen=2026-08-23,seen_days_30=0,signal_14=0,signal_30=0,windows_14=,max_traffic=200,status=cooling
張秀卿	-2.8	chiaki-auto-hotwords-overlay,auto,source=google-trends,first_seen=2026-07-31,last_seen=2026-08-06,seen_days_30=0,signal_14=0,signal_30=0,windows_14=,max_traffic=5000,status=cooling
張立東	-2.8	chiaki-auto-hotwords-overlay,auto,source=google-trends,first_seen=2026-08-14,last_seen=2026-08-20,seen_days_30=0,signal_14=0,signal_30=0,windows_14=,max_traffic=100,status=cooling
張維為	-2.8	chiaki-auto-hotwords-overlay,auto,source=google-trends,first_seen=2026-08-04,last_seen=2026-08-07,seen_days_30=0,signal_14=0,signal_30=0,windows_14=,max_traffic=1000,status=cooling
張葳葳	-3.0	chiaki-auto-hotwords-overlay,auto,source=google-trends+google-trends-trending,first_seen=2026-07-20,last_seen=2026-07-26,seen_days_30=0,signal_14=0,signal_30=0,windows_14=,max_traffic=20000,status=dormant
張鈞綸	-3.0	chiaki-auto-hotwords-overlay,auto,source=google-trends,first_seen=2026-08-03,last_seen=2026-08-05,seen_days_30=0,signal_14=0,signal_30=0,windows_14=,max_traffic=100,status=dormant,derived_from=張鈞綸律師
張靜懿	-2.6	chiaki-auto-hotwords-overlay,auto,source=google-trends,first_seen=2026-08-31,last_seen=2026-09-06,seen_days_30=1,signal_14=0,signal_30=0,windows_14=,max_traffic=1000,status=active
張麗善	-2.4	chiaki-auto-hotwords-overlay,auto,source=google-trends,first_seen=2026-07-10,last_seen=2026-09-21,seen_days_30=7,signal_14=0,signal_30=0,windows_14=,max_traffic=2000,status=active
張齡予	-3.0	chiaki-auto-hotwords-overlay,auto,source=google-trends,first_seen=2026-07-13,last_seen=2026-07-19,seen_days_30=0,signal_14=0,signal_30=0,windows_14=,max_traffic=200,status=dormant
彩晶	-2.6	chiaki-auto-hotwords-overlay,auto,source=google-trends,first_seen=2026-09-13,last_seen=2026-09-19,seen_days_30=4,signal_14=0,signal_30=0,windows_14=,max_traffic=200,status=active
彩瑛	-2.8	chiaki-auto-hotwords-overlay,auto,source=google-trends,first_seen=2026-08-14,last_seen=2026-08-20,seen_days_30=0,signal_14=0,signal_30=0,windows_14=,max_traffic=10000,status=cooling
彭佳慧	-2.4	chiaki-auto-hotwords-overlay,auto,source=google-trends,first_seen=2026-07-29,last_seen=2026-10-05,seen_days_30=1,signal_14=5,signal_30=5,windows_14=48h+7d,max_traffic=2000,status=active
彭鬱涵	-2.8	chiaki-auto-hotwords-overlay,auto,source=google-trends,first_seen=2026-08-15,last_seen=2026-08-21,seen_days_30=0,signal_14=0,signal_30=0,windows_14=,max_traffic=2000,status=cooling
彭麗媛	-2.6	chiaki-auto-hotwords-overlay,auto,source=google-trends,first_seen=2026-09-03,last_seen=2026-09-09,seen_days_30=4,signal_14=0,signal_30=0,windows_14=,max_traffic=2000,status=active
影之刃零	-2.8	chiaki-auto-hotwords-overlay,auto,source=google-trends+ptt-cchat,first_seen=2026-08-13,last_seen=2026-08-20,seen_days_30=0,signal_14=0,signal_30=0,windows_14=,max_traffic=1000,status=cooling
徐乃麟	-2.6	chiaki-auto-hotwords-overlay,auto,source=google-trends,first_seen=2026-08-09,last_seen=2026-09-09,seen_days_30=4,signal_14=0,signal_30=0,windows_14=,max_traffic=10000,status=active
徐佳青	-2.8	chiaki-auto-hotwords-overlay,auto,source=google-trends+ptt-gossiping,first_seen=2026-07-29,last_seen=2026-09-02,seen_days_30=0,signal_14=0,signal_30=0,windows_14=,max_traffic=20000,status=cooling
徐傑	-2.8	chiaki-auto-hotwords-overlay,auto,source=google-trends,first_seen=2026-08-24,last_seen=2026-09-01,seen_days_30=0,signal_14=0,signal_30=0,windows_14=,max_traffic=50000,status=cooling
徐傑死因	-2.8	chiaki-auto-hotwords-overlay,auto,source=google-trends,first_seen=2026-08-27,last_seen=2026-09-02,seen_days_30=0,signal_14=0,signal_30=0,windows_14=,max_traffic=2000,status=cooling
徐千京	-2.8	chiaki-auto-hotwords-overlay,auto,source=google-trends,first_seen=2026-07-12,last_seen=2026-09-01,seen_days_30=0,signal_14=0,signal_30=0,windows_14=,max_traffic=1000,status=cooling
徐國勇	-3.0	chiaki-auto-hotwords-overlay,auto,source=google-trends+google-trends-trending,first_seen=2026-07-26,last_seen=2026-08-01,seen_days_30=0,signal_14=0,signal_30=0,windows_14=,max_traffic=5000,status=dormant
徐培菁	-1.9	chiaki-auto-hotwords-overlay,auto,source=google-trends,first_seen=2026-10-03,last_seen=2026-10-05,seen_days_30=3,signal_14=14,signal_30=14,windows_14=24h+48h+7d,max_traffic=1000,status=active
徐基麟	-2.6	chiaki-auto-hotwords-overlay,auto,source=google-trends,first_seen=2026-09-01,last_seen=2026-09-05,seen_days_30=0,signal_14=0,signal_30=0,windows_14=,max_traffic=10000,status=active
徐子翔	-2.8	chiaki-auto-hotwords-overlay,auto,source=google-trends,first_seen=2026-08-04,last_seen=2026-08-10,seen_days_30=0,signal_14=0,signal_30=0,windows_14=,max_traffic=100000,status=cooling
徐巧芯	-2.6	chiaki-auto-hotwords-overlay,auto,source=google-trends+ptt-gossiping,first_seen=2026-07-31,last_seen=2026-09-09,seen_days_30=4,signal_14=0,signal_30=0,windows_14=,max_traffic=10000,status=active
徐慧原	-2.8	chiaki-auto-hotwords-overlay,auto,source=google-trends,first_seen=2026-08-11,last_seen=2026-08-17,seen_days_30=0,signal_14=0,signal_30=0,windows_14=,max_traffic=500,status=cooling
徐春鶯	-2.8	chiaki-auto-hotwords-overlay,auto,source=google-trends,first_seen=2026-08-12,last_seen=2026-08-18,seen_days_30=0,signal_14=0,signal_30=0,windows_14=,max_traffic=2000,status=cooling
徐永明	-2.8	chiaki-auto-hotwords-overlay,auto,source=google-trends,first_seen=2026-08-22,last_seen=2026-08-23,seen_days_30=0,signal_14=0,signal_30=0,windows_14=,max_traffic=10000,status=cooling
徐潔兒	-2.1	chiaki-auto-hotwords-overlay,auto,source=google-trends,first_seen=2026-09-18,last_seen=2026-09-24,seen_days_30=7,signal_14=9,signal_30=9,windows_14=7d,max_traffic=1000,status=active
徐立信	-2.6	chiaki-auto-hotwords-overlay,auto,source=google-trends+google-trends-trending,first_seen=2026-07-23,last_seen=2026-09-18,seen_days_30=7,signal_14=0,signal_30=0,windows_14=,max_traffic=1000,status=active
徐翔聖	-2.8	chiaki-auto-hotwords-overlay,auto,source=google-trends,first_seen=2026-08-08,last_seen=2026-08-09,seen_days_30=0,signal_14=0,signal_30=0,windows_14=,max_traffic=500,status=cooling
徐若熙	-2.6	chiaki-auto-hotwords-overlay,auto,source=google-trends,first_seen=2026-07-28,last_seen=2026-09-20,seen_days_30=14,signal_14=0,signal_30=0,windows_14=,max_traffic=1000,status=active
徐莉玲	-2.8	chiaki-auto-hotwords-overlay,auto,source=google-trends+google-trends-trending,first_seen=2026-07-24,last_seen=2026-08-16,seen_days_30=0,signal_14=0,signal_30=0,windows_14=,max_traffic=5000,status=cooling
徐閉	-2.8	chiaki-auto-hotwords-overlay,auto,source=ptt-gossiping,first_seen=2026-08-13,last_seen=2026-08-19,seen_days_30=0,signal_14=0,signal_30=0,windows_14=,max_traffic=110,status=cooling
得正	-2.1	chiaki-auto-hotwords-overlay,auto,source=google-trends,first_seen=2026-09-19,last_seen=2026-09-24,seen_days_30=6,signal_14=9,signal_30=9,windows_14=7d,max_traffic=5000,status=active
御嵿	-2.8	chiaki-auto-hotwords-overlay,auto,source=google-trends+google-trends-trending,first_seen=2026-07-22,last_seen=2026-08-09,seen_days_30=0,signal_14=0,signal_30=0,windows_14=,max_traffic=500,status=cooling,derived_from=新竹御嵿攻城獅
御廷謠	-2.8	chiaki-auto-hotwords-overlay,auto,source=google-trends,first_seen=2026-07-29,last_seen=2026-08-06,seen_days_30=0,signal_14=0,signal_30=0,windows_14=,max_traffic=20000,status=cooling,derived_from=御廷謠線上看
復華夜市	-1.9	chiaki-auto-hotwords-overlay,auto,source=google-trends,first_seen=2026-09-19,last_seen=2026-09-25,seen_days_30=7,signal_14=12,signal_30=12,windows_14=7d,max_traffic=2000,status=active
德乙	-2.8	chiaki-auto-hotwords-overlay,auto,source=google-trends,first_seen=2026-08-10,last_seen=2026-08-15,seen_days_30=0,signal_14=0,signal_30=0,windows_14=,max_traffic=100,status=cooling
德尚	-3.0	chiaki-auto-hotwords-overlay,auto,source=google-trends,first_seen=2026-07-20,last_seen=2026-07-20,seen_days_30=0,signal_14=0,signal_30=0,windows_14=,max_traffic=100,status=dormant
德雷託	-2.8	chiaki-auto-hotwords-overlay,auto,source=google-trends,first_seen=2026-07-31,last_seen=2026-08-06,seen_days_30=0,signal_14=0,signal_30=0,windows_14=,max_traffic=200,status=cooling,derived_from=傑瑞德雷託
必比登	-2.8	chiaki-auto-hotwords-overlay,auto,source=google-trends+google-trends-trending,first_seen=2026-07-15,last_seen=2026-08-30,seen_days_30=0,signal_14=0,signal_30=0,windows_14=,max_traffic=2000,status=cooling
志效	-3.0	chiaki-auto-hotwords-overlay,auto,source=google-trends,first_seen=2026-07-29,last_seen=2026-08-04,seen_days_30=0,signal_14=0,signal_30=0,windows_14=,max_traffic=2000,status=dormant
念能力	-2.8	chiaki-auto-hotwords-overlay,auto,source=ptt-cchat,first_seen=2026-08-03,last_seen=2026-08-28,seen_days_30=0,signal_14=0,signal_30=0,windows_14=,max_traffic=109,status=cooling
恐怖心展	-2.6	chiaki-auto-hotwords-overlay,auto,source=google-trends,first_seen=2026-09-12,last_seen=2026-09-17,seen_days_30=6,signal_14=0,signal_30=0,windows_14=,max_traffic=2000,status=active
悍裡歐	-2.8	chiaki-auto-hotwords-overlay,auto,source=google-trends,first_seen=2026-08-24,last_seen=2026-08-30,seen_days_30=0,signal_14=0,signal_30=0,windows_14=,max_traffic=200,status=cooling
悠葵	-2.8	chiaki-auto-hotwords-overlay,auto,source=google-trends,first_seen=2026-08-24,last_seen=2026-08-24,seen_days_30=0,signal_14=0,signal_30=0,windows_14=,max_traffic=200,status=cooling,derived_from=佐佐木悠葵
惠中	-2.6	chiaki-auto-hotwords-overlay,auto,source=google-trends,first_seen=2026-09-08,last_seen=2026-09-20,seen_days_30=13,signal_14=0,signal_30=0,windows_14=,max_traffic=10000,status=active,derived_from=惠中千百萬彩券行
愛之味	-3.0	chiaki-auto-hotwords-overlay,auto,source=google-trends+google-trends-trending,first_seen=2026-07-17,last_seen=2026-07-23,seen_days_30=0,signal_14=0,signal_30=0,windows_14=,max_traffic=2000,status=dormant
愛莉莎莎	-2.6	chiaki-auto-hotwords-overlay,auto,source=google-trends,first_seen=2026-08-01,last_seen=2026-09-06,seen_days_30=1,signal_14=0,signal_30=0,windows_14=,max_traffic=2000,status=active
愷樂	-2.8	chiaki-auto-hotwords-overlay,auto,source=google-trends+google-trends-trending,first_seen=2026-07-24,last_seen=2026-08-14,seen_days_30=0,signal_14=0,signal_30=0,windows_14=,max_traffic=1000,status=cooling
慄喉蜂虎	-3.0	chiaki-auto-hotwords-overlay,auto,source=google-trends+google-trends-trending,first_seen=2026-07-24,last_seen=2026-07-30,seen_days_30=0,signal_14=0,signal_30=0,windows_14=,max_traffic=100,status=dormant
慄山巧	-2.6	chiaki-auto-hotwords-overlay,auto,source=google-trends,first_seen=2026-08-31,last_seen=2026-09-06,seen_days_30=1,signal_14=0,signal_30=0,windows_14=,max_traffic=5000,status=active
慄山龍	-3.0	chiaki-auto-hotwords-overlay,auto,source=google-trends+google-trends-trending,first_seen=2026-07-27,last_seen=2026-07-29,seen_days_30=0,signal_14=0,signal_30=0,windows_14=,max_traffic=500,status=dormant
慎之介	-3.0	chiaki-auto-hotwords-overlay,auto,source=google-trends+google-trends-trending,first_seen=2026-07-20,last_seen=2026-07-26,seen_days_30=0,signal_14=0,signal_30=0,windows_14=,max_traffic=500,status=dormant,derived_from=小笠原慎之介
戀愛修課	-3.0	chiaki-auto-hotwords-overlay,auto,source=google-trends+google-trends-trending,first_seen=2026-07-19,last_seen=2026-07-25,seen_days_30=0,signal_14=0,signal_30=0,windows_14=,max_traffic=500,status=dormant
戴培峰	-2.6	chiaki-auto-hotwords-overlay,auto,source=google-trends,first_seen=2026-09-09,last_seen=2026-09-09,seen_days_30=1,signal_14=0,signal_30=0,windows_14=,max_traffic=2000,status=active
戴瑋姍	-2.8	chiaki-auto-hotwords-overlay,auto,source=google-trends+google-trends-trending,first_seen=2026-07-21,last_seen=2026-08-18,seen_days_30=0,signal_14=0,signal_30=0,windows_14=,max_traffic=20000,status=cooling
戴立安	-1.9	chiaki-auto-hotwords-overlay,auto,source=google-trends,first_seen=2026-08-26,last_seen=2026-09-29,seen_days_30=6,signal_14=20,signal_30=20,windows_14=48h+7d,max_traffic=2000,status=active
戴資穎	-2.8	chiaki-auto-hotwords-overlay,auto,source=google-trends+google-trends-trending,first_seen=2026-07-25,last_seen=2026-08-10,seen_days_30=0,signal_14=0,signal_30=0,windows_14=,max_traffic=500,status=cooling
戴錫欽	-2.8	chiaki-auto-hotwords-overlay,auto,source=google-trends,first_seen=2026-08-13,last_seen=2026-08-19,seen_days_30=0,signal_14=0,signal_30=0,windows_14=,max_traffic=2000,status=cooling
投控	-2.6	chiaki-auto-hotwords-overlay,auto,source=google-trends,first_seen=2026-09-05,last_seen=2026-09-15,seen_days_30=10,signal_14=0,signal_30=0,windows_14=,max_traffic=100,status=active,derived_from=中光電投控
抗中保臺	-3.0	chiaki-auto-hotwords-overlay,auto,source=ptt-gossiping,first_seen=2026-07-30,last_seen=2026-07-31,seen_days_30=0,signal_14=0,signal_30=0,windows_14=,max_traffic=434,status=dormant
拉明也	-3.0	chiaki-auto-hotwords-overlay,auto,source=google-trends+google-trends-trending,first_seen=2026-07-23,last_seen=2026-07-29,seen_days_30=0,signal_14=0,signal_30=0,windows_14=,max_traffic=200000,status=dormant,derived_from=拉明也馬爾
捷立康	-2.8	chiaki-auto-hotwords-overlay,auto,source=google-trends,first_seen=2026-08-27,last_seen=2026-09-02,seen_days_30=0,signal_14=0,signal_30=0,windows_14=,max_traffic=200,status=cooling
掀背車	-2.8	chiaki-auto-hotwords-overlay,auto,source=google-trends+google-trends-trending,first_seen=2026-07-20,last_seen=2026-08-30,seen_days_30=0,signal_14=0,signal_30=0,windows_14=,max_traffic=2000,status=cooling
控肉飯	-3.0	chiaki-auto-hotwords-overlay,auto,source=google-trends+google-trends-trending,first_seen=2026-07-25,last_seen=2026-07-25,seen_days_30=0,signal_14=0,signal_30=0,windows_14=,max_traffic=2000,status=dormant,derived_from=彰化謝家控肉飯
提幫功	-2.8	chiaki-auto-hotwords-overlay,auto,source=google-trends,first_seen=2026-08-09,last_seen=2026-08-15,seen_days_30=0,signal_14=0,signal_30=0,windows_14=,max_traffic=200,status=cooling,derived_from=提幫功王子
揚博	-1.9	chiaki-auto-hotwords-overlay,auto,source=google-trends,first_seen=2026-08-15,last_seen=2026-09-25,seen_days_30=7,signal_14=12,signal_30=12,windows_14=7d,max_traffic=200,status=active
擎亞處置	-3.0	chiaki-auto-hotwords-overlay,auto,source=google-trends+google-trends-trending,first_seen=2026-07-17,last_seen=2026-07-23,seen_days_30=0,signal_14=0,signal_30=0,windows_14=,max_traffic=10000,status=dormant
擺接堡路	-3.0	chiaki-auto-hotwords-overlay,auto,source=google-trends,first_seen=2026-07-30,last_seen=2026-08-05,seen_days_30=0,signal_14=0,signal_30=0,windows_14=,max_traffic=200,status=dormant
啟碁	-3.0	chiaki-auto-hotwords-overlay,auto,source=google-trends,first_seen=2026-07-10,last_seen=2026-07-16,seen_days_30=0,signal_14=0,signal_30=0,windows_14=,max_traffic=100,status=dormant
文大培	-2.8	chiaki-auto-hotwords-overlay,auto,source=google-trends,first_seen=2026-08-22,last_seen=2026-08-23,seen_days_30=0,signal_14=0,signal_30=0,windows_14=,max_traffic=1000,status=cooling
文廷	-2.6	chiaki-auto-hotwords-overlay,auto,source=google-trends,first_seen=2026-09-15,last_seen=2026-09-15,seen_days_30=1,signal_14=0,signal_30=0,windows_14=,max_traffic=2000,status=active
文曄	-2.6	chiaki-auto-hotwords-overlay,auto,source=google-trends,first_seen=2026-08-07,last_seen=2026-09-10,seen_days_30=5,signal_14=0,signal_30=0,windows_14=,max_traffic=1000,status=active
文瑾瑩	-3.0	chiaki-auto-hotwords-overlay,auto,source=google-trends,first_seen=2026-07-30,last_seen=2026-08-05,seen_days_30=0,signal_14=0,signal_30=0,windows_14=,max_traffic=2000,status=dormant
新喀裡多	-1.9	chiaki-auto-hotwords-overlay,auto,source=google-trends,first_seen=2026-09-28,last_seen=2026-10-03,seen_days_30=6,signal_14=20,signal_30=20,windows_14=48h+7d,max_traffic=100,status=active,derived_from=新喀裡多尼亞
新日興	-2.8	chiaki-auto-hotwords-overlay,auto,source=google-trends,first_seen=2026-08-28,last_seen=2026-08-28,seen_days_30=0,signal_14=0,signal_30=0,windows_14=,max_traffic=10000,status=cooling
新纖	-2.6	chiaki-auto-hotwords-overlay,auto,source=google-trends,first_seen=2026-09-02,last_seen=2026-09-16,seen_days_30=10,signal_14=0,signal_30=0,windows_14=,max_traffic=500,status=active
方念華	-3.0	chiaki-auto-hotwords-overlay,auto,source=google-trends+google-trends-trending,first_seen=2026-07-27,last_seen=2026-08-02,seen_days_30=0,signal_14=0,signal_30=0,windows_14=,max_traffic=1000,status=dormant
方馨	-2.6	chiaki-auto-hotwords-overlay,auto,source=google-trends,first_seen=2026-09-12,last_seen=2026-09-17,seen_days_30=4,signal_14=0,signal_30=0,windows_14=,max_traffic=200,status=active
於冠華	-2.8	chiaki-auto-hotwords-overlay,auto,source=google-trends,first_seen=2026-08-04,last_seen=2026-08-10,seen_days_30=0,signal_14=0,signal_30=0,windows_14=,max_traffic=1000,status=cooling
於齊優	-3.0	chiaki-auto-hotwords-overlay,auto,source=google-trends,first_seen=2026-08-03,last_seen=2026-08-03,seen_days_30=0,signal_14=0,signal_30=0,windows_14=,max_traffic=500,status=dormant
施俊吉	-3.0	chiaki-auto-hotwords-overlay,auto,source=google-trends,first_seen=2026-07-28,last_seen=2026-08-05,seen_days_30=0,signal_14=0,signal_30=0,windows_14=,max_traffic=10000,status=dormant
施文彬	-2.8	chiaki-auto-hotwords-overlay,auto,source=google-trends,first_seen=2026-08-23,last_seen=2026-08-29,seen_days_30=0,signal_14=0,signal_30=0,windows_14=,max_traffic=200,status=cooling
施淑婷	-3.0	chiaki-auto-hotwords-overlay,auto,source=google-trends,first_seen=2026-07-14,last_seen=2026-07-15,seen_days_30=0,signal_14=0,signal_30=0,windows_14=,max_traffic=1000,status=dormant
施能傑	-3.0	chiaki-auto-hotwords-overlay,auto,source=google-trends,first_seen=2026-07-18,last_seen=2026-07-19,seen_days_30=0,signal_14=0,signal_30=0,windows_14=,max_traffic=200,status=dormant
日股休市	-2.8	chiaki-auto-hotwords-overlay,auto,source=google-trends,first_seen=2026-08-12,last_seen=2026-08-18,seen_days_30=0,signal_14=0,signal_30=0,windows_14=,max_traffic=500,status=cooling
日電貿	-3.0	chiaki-auto-hotwords-overlay,auto,source=google-trends+google-trends-trending,first_seen=2026-07-22,last_seen=2026-07-28,seen_days_30=0,signal_14=0,signal_30=0,windows_14=,max_traffic=200,status=dormant
日香食品	-2.8	chiaki-auto-hotwords-overlay,auto,source=google-trends,first_seen=2026-08-21,last_seen=2026-08-27,seen_days_30=0,signal_14=0,signal_30=0,windows_14=,max_traffic=5000,status=cooling
旺宏	-2.6	chiaki-auto-hotwords-overlay,auto,source=google-trends+google-trends-trending,first_seen=2026-06-25,last_seen=2026-09-17,seen_days_30=7,signal_14=0,signal_30=0,windows_14=,max_traffic=5000,status=active
旺宏股票	-3.0	chiaki-auto-hotwords-overlay,auto,source=google-trends+google-trends-trending,first_seen=2026-07-21,last_seen=2026-08-02,seen_days_30=0,signal_14=0,signal_30=0,windows_14=,max_traffic=1000,status=dormant
旺宏電子	-2.6	chiaki-auto-hotwords-overlay,auto,source=google-trends,first_seen=2026-07-30,last_seen=2026-09-07,seen_days_30=2,signal_14=0,signal_30=0,windows_14=,max_traffic=10000,status=active
旺矽	-2.8	chiaki-auto-hotwords-overlay,auto,source=google-trends,first_seen=2026-08-18,last_seen=2026-09-02,seen_days_30=0,signal_14=0,signal_30=0,windows_14=,max_traffic=5000,status=cooling
昇達科	-2.6	chiaki-auto-hotwords-overlay,auto,source=google-trends+google-trends-trending,first_seen=2026-07-15,last_seen=2026-09-10,seen_days_30=5,signal_14=0,signal_30=0,windows_14=,max_traffic=20000,status=active
昌鴻颱風	-2.8	chiaki-auto-hotwords-overlay,auto,source=google-trends,first_seen=2026-08-10,last_seen=2026-08-16,seen_days_30=0,signal_14=0,signal_30=0,windows_14=,max_traffic=200,status=cooling
明居正	-2.4	chiaki-auto-hotwords-overlay,auto,source=google-trends,first_seen=2026-09-14,last_seen=2026-09-21,seen_days_30=8,signal_14=0,signal_30=0,windows_14=,max_traffic=2000,status=active
明晟	-2.6	chiaki-auto-hotwords-overlay,auto,source=google-trends,first_seen=2026-09-02,last_seen=2026-09-07,seen_days_30=2,signal_14=0,signal_30=0,windows_14=,max_traffic=1000,status=active
昱承藥局	-2.6	chiaki-auto-hotwords-overlay,auto,source=google-trends,first_seen=2026-09-05,last_seen=2026-09-11,seen_days_30=6,signal_14=0,signal_30=0,windows_14=,max_traffic=20000,status=active
時之笛	-2.6	chiaki-auto-hotwords-overlay,auto,source=google-trends+ptt-cchat,first_seen=2026-09-09,last_seen=2026-09-16,seen_days_30=8,signal_14=0,signal_30=0,windows_14=,max_traffic=5000,status=active,derived_from=薩爾達傳說時之笛
晟德	-2.8	chiaki-auto-hotwords-overlay,auto,source=google-trends,first_seen=2026-08-13,last_seen=2026-08-19,seen_days_30=0,signal_14=0,signal_30=0,windows_14=,max_traffic=200,status=cooling
晟碟公司	-2.8	chiaki-auto-hotwords-overlay,auto,source=google-trends,first_seen=2026-08-07,last_seen=2026-08-13,seen_days_30=0,signal_14=0,signal_30=0,windows_14=,max_traffic=2000,status=cooling
景中街	-3.0	chiaki-auto-hotwords-overlay,auto,source=google-trends,first_seen=2026-07-27,last_seen=2026-08-03,seen_days_30=0,signal_14=0,signal_30=0,windows_14=,max_traffic=200,status=dormant
景燃	-2.6	chiaki-auto-hotwords-overlay,auto,source=ptt-cchat,first_seen=2026-09-09,last_seen=2026-09-11,seen_days_30=2,signal_14=0,signal_30=0,windows_14=,max_traffic=165,status=active
晴空季	-3.0	chiaki-auto-hotwords-overlay,auto,source=google-trends,first_seen=2026-08-03,last_seen=2026-08-04,seen_days_30=0,signal_14=0,signal_30=0,windows_14=,max_traffic=1000,status=dormant
晶技	-2.8	chiaki-auto-hotwords-overlay,auto,source=google-trends,first_seen=2026-08-21,last_seen=2026-08-21,seen_days_30=0,signal_14=0,signal_30=0,windows_14=,max_traffic=500,status=cooling
晶華軒	-3.0	chiaki-auto-hotwords-overlay,auto,source=google-trends+google-trends-trending,first_seen=2026-07-22,last_seen=2026-07-22,seen_days_30=0,signal_14=0,signal_30=0,windows_14=,max_traffic=5000,status=dormant
晶豪科	-2.8	chiaki-auto-hotwords-overlay,auto,source=google-trends,first_seen=2026-07-31,last_seen=2026-09-04,seen_days_30=0,signal_14=0,signal_30=0,windows_14=,max_traffic=5000,status=cooling
智原	-2.8	chiaki-auto-hotwords-overlay,auto,source=google-trends,first_seen=2026-08-01,last_seen=2026-08-07,seen_days_30=0,signal_14=0,signal_30=0,windows_14=,max_traffic=100,status=cooling
暗光纖	-3.0	chiaki-auto-hotwords-overlay,auto,source=google-trends+google-trends-trending,first_seen=2026-07-23,last_seen=2026-07-23,seen_days_30=0,signal_14=0,signal_30=0,windows_14=,max_traffic=200,status=dormant
曲婉婷	-3.0	chiaki-auto-hotwords-overlay,auto,source=google-trends+google-trends-trending,first_seen=2026-07-19,last_seen=2026-07-24,seen_days_30=0,signal_14=0,signal_30=0,windows_14=,max_traffic=1000,status=dormant
曹雅雯	-1.9	chiaki-auto-hotwords-overlay,auto,source=google-trends,first_seen=2026-07-12,last_seen=2026-10-03,seen_days_30=7,signal_14=26,signal_30=26,windows_14=24h+48h+7d,max_traffic=5000,status=active
曹雨婷	-2.8	chiaki-auto-hotwords-overlay,auto,source=google-trends,first_seen=2026-08-07,last_seen=2026-08-19,seen_days_30=0,signal_14=0,signal_30=0,windows_14=,max_traffic=5000,status=cooling
曾仁和	-2.8	chiaki-auto-hotwords-overlay,auto,source=google-trends+google-trends-trending,first_seen=2026-07-22,last_seen=2026-08-21,seen_days_30=0,signal_14=0,signal_30=0,windows_14=,max_traffic=2000,status=cooling
曾品洋	-2.8	chiaki-auto-hotwords-overlay,auto,source=google-trends,first_seen=2026-08-07,last_seen=2026-08-13,seen_days_30=0,signal_14=0,signal_30=0,windows_14=,max_traffic=1000,status=cooling
曾國城	-2.4	chiaki-auto-hotwords-overlay,auto,source=google-trends,first_seen=2026-09-01,last_seen=2026-09-21,seen_days_30=8,signal_14=0,signal_30=0,windows_14=,max_traffic=2000,status=active
曾子祐	-2.6	chiaki-auto-hotwords-overlay,auto,source=google-trends,first_seen=2026-09-13,last_seen=2026-09-19,seen_days_30=3,signal_14=0,signal_30=0,windows_14=,max_traffic=200,status=active
曾家輝	-3.0	chiaki-auto-hotwords-overlay,auto,source=google-trends+google-trends-trending,first_seen=2026-07-26,last_seen=2026-08-01,seen_days_30=0,signal_14=0,signal_30=0,windows_14=,max_traffic=200,status=dormant
曾峻嶽	-3.0	chiaki-auto-hotwords-overlay,auto,source=google-trends,first_seen=2026-08-02,last_seen=2026-08-03,seen_days_30=0,signal_14=0,signal_30=0,windows_14=,max_traffic=100,status=dormant
曾心梅	-3.0	chiaki-auto-hotwords-overlay,auto,source=google-trends,first_seen=2026-07-28,last_seen=2026-08-03,seen_days_30=0,signal_14=0,signal_30=0,windows_14=,max_traffic=500,status=dormant
曾智希	-2.4	chiaki-auto-hotwords-overlay,auto,source=google-trends+google-trends-trending,first_seen=2026-07-15,last_seen=2026-09-21,seen_days_30=7,signal_14=0,signal_30=0,windows_14=,max_traffic=10000,status=active
曾江	-3.0	chiaki-auto-hotwords-overlay,auto,source=google-trends+google-trends-trending,first_seen=2026-07-23,last_seen=2026-07-24,seen_days_30=0,signal_14=0,signal_30=0,windows_14=,max_traffic=5000,status=dormant
曾盈進	-1.9	chiaki-auto-hotwords-overlay,auto,source=google-trends,first_seen=2026-09-30,last_seen=2026-10-05,seen_days_30=6,signal_14=23,signal_30=23,windows_14=24h+48h+7d,max_traffic=200,status=active,derived_from=太保曾盈進
曾祥鈞	-2.6	chiaki-auto-hotwords-overlay,auto,source=google-trends,first_seen=2026-09-14,last_seen=2026-09-14,seen_days_30=1,signal_14=0,signal_30=0,windows_14=,max_traffic=5000,status=active
曾紀嚴	-3.0	chiaki-auto-hotwords-overlay,auto,source=google-trends+google-trends-trending,first_seen=2026-07-16,last_seen=2026-07-23,seen_days_30=0,signal_14=0,signal_30=0,windows_14=,max_traffic=500,status=dormant
曾繁城	-2.8	chiaki-auto-hotwords-overlay,auto,source=google-trends,first_seen=2026-08-02,last_seen=2026-08-07,seen_days_30=0,signal_14=0,signal_30=0,windows_14=,max_traffic=2000,status=cooling
曾輝	-2.8	chiaki-auto-hotwords-overlay,auto,source=google-trends,first_seen=2026-08-17,last_seen=2026-08-23,seen_days_30=0,signal_14=0,signal_30=0,windows_14=,max_traffic=200,status=cooling
曾頌恩	-2.6	chiaki-auto-hotwords-overlay,auto,source=google-trends+google-trends-trending,first_seen=2026-07-26,last_seen=2026-09-16,seen_days_30=7,signal_14=0,signal_30=0,windows_14=,max_traffic=500,status=active
曾馨瑩	-2.6	chiaki-auto-hotwords-overlay,auto,source=google-trends+google-trends-trending,first_seen=2026-07-25,last_seen=2026-09-18,seen_days_30=7,signal_14=0,signal_30=0,windows_14=,max_traffic=20000,status=active
朗希	-2.8	chiaki-auto-hotwords-overlay,auto,source=google-trends+google-trends-trending,first_seen=2026-07-19,last_seen=2026-08-07,seen_days_30=0,signal_14=0,signal_30=0,windows_14=,max_traffic=5000,status=cooling,derived_from=佐佐木朗希
朝霧號	-3.0	chiaki-auto-hotwords-overlay,auto,source=google-trends,first_seen=2026-07-12,last_seen=2026-07-18,seen_days_30=0,signal_14=0,signal_30=0,windows_14=,max_traffic=100,status=dormant
木原龍一	-2.8	chiaki-auto-hotwords-overlay,auto,source=google-trends,first_seen=2026-08-24,last_seen=2026-08-30,seen_days_30=0,signal_14=0,signal_30=0,windows_14=,max_traffic=2000,status=cooling
朱安雄	-2.6	chiaki-auto-hotwords-overlay,auto,source=google-trends,first_seen=2026-09-11,last_seen=2026-09-17,seen_days_30=7,signal_14=0,signal_30=0,windows_14=,max_traffic=5000,status=active
朱宣宇	-3.0	chiaki-auto-hotwords-overlay,auto,source=google-trends+google-trends-trending,first_seen=2026-07-22,last_seen=2026-07-28,seen_days_30=0,signal_14=0,signal_30=0,windows_14=,max_traffic=500,status=dormant
朱承洋	-3.0	chiaki-auto-hotwords-overlay,auto,source=google-trends,first_seen=2026-07-09,last_seen=2026-07-15,seen_days_30=0,signal_14=0,signal_30=0,windows_14=,max_traffic=500,status=dormant
朱智勛	-2.8	chiaki-auto-hotwords-overlay,auto,source=google-trends,first_seen=2026-08-26,last_seen=2026-09-01,seen_days_30=0,signal_14=0,signal_30=0,windows_14=,max_traffic=100,status=cooling
朱松偉	-3.0	chiaki-auto-hotwords-overlay,auto,source=google-trends,first_seen=2026-07-11,last_seen=2026-07-17,seen_days_30=0,signal_14=0,signal_30=0,windows_14=,max_traffic=2000,status=dormant
朱海君	-1.9	chiaki-auto-hotwords-overlay,auto,source=google-trends,first_seen=2026-08-27,last_seen=2026-10-05,seen_days_30=5,signal_14=20,signal_30=20,windows_14=24h+48h+7d,max_traffic=500,status=active
朱琦鬱	-3.0	chiaki-auto-hotwords-overlay,auto,source=google-trends,first_seen=2026-07-09,last_seen=2026-07-15,seen_days_30=0,signal_14=0,signal_30=0,windows_14=,max_traffic=5000,status=dormant
朱相昱	-3.0	chiaki-auto-hotwords-overlay,auto,source=google-trends,first_seen=2026-07-29,last_seen=2026-08-04,seen_days_30=0,signal_14=0,signal_30=0,windows_14=,max_traffic=10000,status=dormant
朱芷瑩	-3.0	chiaki-auto-hotwords-overlay,auto,source=google-trends,first_seen=2026-07-29,last_seen=2026-08-04,seen_days_30=0,signal_14=0,signal_30=0,windows_14=,max_traffic=2000,status=dormant
朱衛東	-2.8	chiaki-auto-hotwords-overlay,auto,source=google-trends,first_seen=2026-08-09,last_seen=2026-08-15,seen_days_30=0,signal_14=0,signal_30=0,windows_14=,max_traffic=1000,status=cooling
朱軒洋	-2.8	chiaki-auto-hotwords-overlay,auto,source=google-trends,first_seen=2026-08-16,last_seen=2026-08-22,seen_days_30=0,signal_14=0,signal_30=0,windows_14=,max_traffic=1000,status=cooling
朱迦恩	-3.0	chiaki-auto-hotwords-overlay,auto,source=google-trends+google-trends-trending,first_seen=2026-07-23,last_seen=2026-07-29,seen_days_30=0,signal_14=0,signal_30=0,windows_14=,max_traffic=200,status=dormant
朱銳	-2.8	chiaki-auto-hotwords-overlay,auto,source=google-trends,first_seen=2026-08-11,last_seen=2026-08-17,seen_days_30=0,signal_14=0,signal_30=0,windows_14=,max_traffic=1000,status=cooling
朱鳳蓮	-2.6	chiaki-auto-hotwords-overlay,auto,source=google-trends,first_seen=2026-07-16,last_seen=2026-09-19,seen_days_30=7,signal_14=0,signal_30=0,windows_14=,max_traffic=2000,status=active
朵聖譜	-3.0	chiaki-auto-hotwords-overlay,auto,source=google-trends+google-trends-trending,first_seen=2026-07-19,last_seen=2026-07-25,seen_days_30=0,signal_14=0,signal_30=0,windows_14=,max_traffic=100,status=dormant,derived_from=卡爾朵聖譜
李世英	-3.0	chiaki-auto-hotwords-overlay,auto,source=google-trends+google-trends-trending,first_seen=2026-07-20,last_seen=2026-07-26,seen_days_30=0,signal_14=0,signal_30=0,windows_14=,max_traffic=1000,status=dormant
李之勤	-2.8	chiaki-auto-hotwords-overlay,auto,source=google-trends,first_seen=2026-08-22,last_seen=2026-08-28,seen_days_30=0,signal_14=0,signal_30=0,windows_14=,max_traffic=1000,status=cooling
李亞萍	-2.8	chiaki-auto-hotwords-overlay,auto,source=google-trends,first_seen=2026-08-08,last_seen=2026-09-04,seen_days_30=0,signal_14=0,signal_30=0,windows_14=,max_traffic=20000,status=cooling
李京恬	-2.8	chiaki-auto-hotwords-overlay,auto,source=google-trends,first_seen=2026-08-17,last_seen=2026-08-23,seen_days_30=0,signal_14=0,signal_30=0,windows_14=,max_traffic=200,status=cooling
李佳薇	-2.6	chiaki-auto-hotwords-overlay,auto,source=google-trends,first_seen=2026-09-04,last_seen=2026-09-10,seen_days_30=3,signal_14=0,signal_30=0,windows_14=,max_traffic=500,status=active
李來希	-2.8	chiaki-auto-hotwords-overlay,auto,source=google-trends+google-trends-trending,first_seen=2026-07-03,last_seen=2026-08-27,seen_days_30=0,signal_14=0,signal_30=0,windows_14=,max_traffic=5000,status=cooling
李來發	-2.8	chiaki-auto-hotwords-overlay,auto,source=google-trends,first_seen=2026-08-27,last_seen=2026-09-02,seen_days_30=0,signal_14=0,signal_30=0,windows_14=,max_traffic=200,status=cooling
李侑菲	-2.6	chiaki-auto-hotwords-overlay,auto,source=google-trends,first_seen=2026-09-06,last_seen=2026-09-12,seen_days_30=7,signal_14=0,signal_30=0,windows_14=,max_traffic=10000,status=active
李傅中武	-3.0	chiaki-auto-hotwords-overlay,auto,source=google-trends+google-trends-trending,first_seen=2026-07-18,last_seen=2026-07-24,seen_days_30=0,signal_14=0,signal_30=0,windows_14=,max_traffic=200,status=dormant
李光洙	-2.8	chiaki-auto-hotwords-overlay,auto,source=google-trends,first_seen=2026-08-02,last_seen=2026-08-08,seen_days_30=0,signal_14=0,signal_30=0,windows_14=,max_traffic=100,status=cooling
李冠德	-2.8	chiaki-auto-hotwords-overlay,auto,source=google-trends,first_seen=2026-08-09,last_seen=2026-08-15,seen_days_30=0,signal_14=0,signal_30=0,windows_14=,max_traffic=10000,status=cooling,derived_from=李冠德處長
李到晛	-3.0	chiaki-auto-hotwords-overlay,auto,source=google-trends+google-trends-trending,first_seen=2026-07-21,last_seen=2026-07-27,seen_days_30=0,signal_14=0,signal_30=0,windows_14=,max_traffic=200,status=dormant
李勇週	-2.6	chiaki-auto-hotwords-overlay,auto,source=google-trends,first_seen=2026-08-30,last_seen=2026-09-05,seen_days_30=0,signal_14=0,signal_30=0,windows_14=,max_traffic=5000,status=active
李又汝	-2.6	chiaki-auto-hotwords-overlay,auto,source=google-trends,first_seen=2026-07-30,last_seen=2026-09-12,seen_days_30=6,signal_14=0,signal_30=0,windows_14=,max_traffic=200,status=active
李吳永勤	-2.6	chiaki-auto-hotwords-overlay,auto,source=google-trends,first_seen=2026-09-03,last_seen=2026-09-09,seen_days_30=4,signal_14=0,signal_30=0,windows_14=,max_traffic=1000,status=active,derived_from=李吳永勤老婆
李哲輝	-2.8	chiaki-auto-hotwords-overlay,auto,source=google-trends,first_seen=2026-08-23,last_seen=2026-08-29,seen_days_30=0,signal_14=0,signal_30=0,windows_14=,max_traffic=500,status=cooling
李嘉茜	-2.8	chiaki-auto-hotwords-overlay,auto,source=google-trends,first_seen=2026-08-01,last_seen=2026-08-07,seen_days_30=0,signal_14=0,signal_30=0,windows_14=,max_traffic=10000,status=cooling
李國毅	-2.8	chiaki-auto-hotwords-overlay,auto,source=google-trends,first_seen=2026-08-11,last_seen=2026-08-19,seen_days_30=0,signal_14=0,signal_30=0,windows_14=,max_traffic=10000,status=cooling
李在明	-1.9	chiaki-auto-hotwords-overlay,auto,source=google-trends,first_seen=2026-08-11,last_seen=2026-10-05,seen_days_30=5,signal_14=20,signal_30=20,windows_14=24h+48h+7d,max_traffic=500,status=active
李姃垠	-2.6	chiaki-auto-hotwords-overlay,auto,source=google-trends,first_seen=2026-09-11,last_seen=2026-09-16,seen_days_30=6,signal_14=0,signal_30=0,windows_14=,max_traffic=100,status=active
李嫣	-2.8	chiaki-auto-hotwords-overlay,auto,source=google-trends,first_seen=2026-08-05,last_seen=2026-08-11,seen_days_30=0,signal_14=0,signal_30=0,windows_14=,max_traffic=2000,status=cooling
李孝悌	-2.6	chiaki-auto-hotwords-overlay,auto,source=google-trends,first_seen=2026-08-27,last_seen=2026-09-15,seen_days_30=7,signal_14=0,signal_30=0,windows_14=,max_traffic=500,status=active
李宓	-2.1	chiaki-auto-hotwords-overlay,auto,source=google-trends,first_seen=2026-07-31,last_seen=2026-09-23,seen_days_30=7,signal_14=6,signal_30=6,windows_14=7d,max_traffic=1000,status=active
李宗泫	-2.8	chiaki-auto-hotwords-overlay,auto,source=google-trends,first_seen=2026-08-12,last_seen=2026-08-17,seen_days_30=0,signal_14=0,signal_30=0,windows_14=,max_traffic=2000,status=cooling
李官熙	-2.6	chiaki-auto-hotwords-overlay,auto,source=google-trends,first_seen=2026-08-30,last_seen=2026-09-20,seen_days_30=7,signal_14=0,signal_30=0,windows_14=,max_traffic=500,status=active
李帝勳	-3.0	chiaki-auto-hotwords-overlay,auto,source=google-trends+google-trends-trending,first_seen=2026-07-25,last_seen=2026-07-31,seen_days_30=0,signal_14=0,signal_30=0,windows_14=,max_traffic=1000,status=dormant
李建昌	-2.4	chiaki-auto-hotwords-overlay,auto,source=google-trends,first_seen=2026-09-15,last_seen=2026-09-21,seen_days_30=7,signal_14=0,signal_30=0,windows_14=,max_traffic=5000,status=active
李彥秀	-3.0	chiaki-auto-hotwords-overlay,auto,source=google-trends+google-trends-trending,first_seen=2026-07-27,last_seen=2026-07-27,seen_days_30=0,signal_14=0,signal_30=0,windows_14=,max_traffic=200,status=dormant
李彩玟	-2.8	chiaki-auto-hotwords-overlay,auto,source=google-trends,first_seen=2026-08-13,last_seen=2026-08-19,seen_days_30=0,signal_14=0,signal_30=0,windows_14=,max_traffic=1000,status=cooling
李怡貞	-2.1	chiaki-auto-hotwords-overlay,auto,source=google-trends,first_seen=2026-09-18,last_seen=2026-09-24,seen_days_30=7,signal_14=9,signal_30=9,windows_14=7d,max_traffic=200,status=active
李恕權	-2.6	chiaki-auto-hotwords-overlay,auto,source=google-trends,first_seen=2026-09-07,last_seen=2026-09-13,seen_days_30=7,signal_14=0,signal_30=0,windows_14=,max_traffic=1000,status=active
李慧芝	-3.0	chiaki-auto-hotwords-overlay,auto,source=google-trends+google-trends-trending,first_seen=2026-07-26,last_seen=2026-07-27,seen_days_30=0,signal_14=0,signal_30=0,windows_14=,max_traffic=100,status=dormant
李振豪	-2.8	chiaki-auto-hotwords-overlay,auto,source=google-trends,first_seen=2026-08-04,last_seen=2026-08-10,seen_days_30=0,signal_14=0,signal_30=0,windows_14=,max_traffic=10000,status=cooling
李政厚	-2.8	chiaki-auto-hotwords-overlay,auto,source=google-trends,first_seen=2026-08-06,last_seen=2026-08-12,seen_days_30=0,signal_14=0,signal_30=0,windows_14=,max_traffic=100,status=cooling
李政軒	-2.8	chiaki-auto-hotwords-overlay,auto,source=google-trends,first_seen=2026-08-12,last_seen=2026-08-18,seen_days_30=0,signal_14=0,signal_30=0,windows_14=,max_traffic=2000,status=cooling
李新	-2.6	chiaki-auto-hotwords-overlay,auto,source=google-trends,first_seen=2026-09-09,last_seen=2026-09-15,seen_days_30=3,signal_14=0,signal_30=0,windows_14=,max_traffic=2000,status=active
李旼赫	-2.6	chiaki-auto-hotwords-overlay,auto,source=google-trends,first_seen=2026-09-15,last_seen=2026-09-20,seen_days_30=6,signal_14=0,signal_30=0,windows_14=,max_traffic=1000,status=active
李昀銳	-2.8	chiaki-auto-hotwords-overlay,auto,source=google-trends,first_seen=2026-08-15,last_seen=2026-08-21,seen_days_30=0,signal_14=0,signal_30=0,windows_14=,max_traffic=1000,status=cooling
李明依	-2.6	chiaki-auto-hotwords-overlay,auto,source=google-trends,first_seen=2026-09-15,last_seen=2026-09-18,seen_days_30=4,signal_14=0,signal_30=0,windows_14=,max_traffic=2000,status=active
李星民	-3.0	chiaki-auto-hotwords-overlay,auto,source=google-trends+google-trends-trending,first_seen=2026-07-20,last_seen=2026-07-26,seen_days_30=0,signal_14=0,signal_30=0,windows_14=,max_traffic=100,status=dormant
李春政	-2.8	chiaki-auto-hotwords-overlay,auto,source=google-trends,first_seen=2026-08-27,last_seen=2026-08-31,seen_days_30=0,signal_14=0,signal_30=0,windows_14=,max_traffic=2000,status=cooling
李晧禎	-3.0	chiaki-auto-hotwords-overlay,auto,source=google-trends+google-trends-trending,first_seen=2026-07-18,last_seen=2026-07-24,seen_days_30=0,signal_14=0,signal_30=0,windows_14=,max_traffic=200,status=dormant
李智凱	-1.9	chiaki-auto-hotwords-overlay,auto,source=google-trends,first_seen=2026-09-25,last_seen=2026-10-01,seen_days_30=7,signal_14=26,signal_30=26,windows_14=24h+48h+7d,max_traffic=2000,status=active
李杜軒	-2.8	chiaki-auto-hotwords-overlay,auto,source=google-trends,first_seen=2026-08-28,last_seen=2026-09-03,seen_days_30=0,signal_14=0,signal_30=0,windows_14=,max_traffic=2000,status=cooling
李東憲	-2.6	chiaki-auto-hotwords-overlay,auto,source=google-trends,first_seen=2026-09-01,last_seen=2026-09-07,seen_days_30=2,signal_14=0,signal_30=0,windows_14=,max_traffic=5000,status=active
李柏毅	-2.6	chiaki-auto-hotwords-overlay,auto,source=google-trends+ptt-gossiping,first_seen=2026-09-06,last_seen=2026-09-14,seen_days_30=8,signal_14=0,signal_30=0,windows_14=,max_traffic=20000,status=active
李梓嘉	-3.0	chiaki-auto-hotwords-overlay,auto,source=google-trends,first_seen=2026-07-31,last_seen=2026-08-05,seen_days_30=0,signal_14=0,signal_30=0,windows_14=,max_traffic=200,status=dormant
李欣穎	-3.0	chiaki-auto-hotwords-overlay,auto,source=google-trends+google-trends-trending,first_seen=2026-07-21,last_seen=2026-07-26,seen_days_30=0,signal_14=0,signal_30=0,windows_14=,max_traffic=500,status=dormant
李正皓	-2.6	chiaki-auto-hotwords-overlay,auto,source=google-trends,first_seen=2026-08-07,last_seen=2026-09-10,seen_days_30=4,signal_14=0,signal_30=0,windows_14=,max_traffic=1000,status=active
李沛綾	-1.9	chiaki-auto-hotwords-overlay,auto,source=google-trends,first_seen=2026-09-22,last_seen=2026-09-28,seen_days_30=7,signal_14=26,signal_30=26,windows_14=24h+48h+7d,max_traffic=20000,status=active
李泳知	-1.9	chiaki-auto-hotwords-overlay,auto,source=google-trends,first_seen=2026-09-23,last_seen=2026-09-26,seen_days_30=4,signal_14=12,signal_30=12,windows_14=7d,max_traffic=200,status=active
李洪基	-2.6	chiaki-auto-hotwords-overlay,auto,source=google-trends,first_seen=2026-09-12,last_seen=2026-09-18,seen_days_30=7,signal_14=0,signal_30=0,windows_14=,max_traffic=1000,status=active
李淑楨	-3.0	chiaki-auto-hotwords-overlay,auto,source=google-trends,first_seen=2026-07-14,last_seen=2026-07-20,seen_days_30=0,signal_14=0,signal_30=0,windows_14=,max_traffic=200,status=dormant
李清娥	-1.9	chiaki-auto-hotwords-overlay,auto,source=google-trends,first_seen=2026-09-20,last_seen=2026-09-26,seen_days_30=7,signal_14=15,signal_30=15,windows_14=7d,max_traffic=200,status=active
李潤潤	-2.8	chiaki-auto-hotwords-overlay,auto,source=google-trends,first_seen=2026-08-06,last_seen=2026-08-12,seen_days_30=0,signal_14=0,signal_30=0,windows_14=,max_traffic=10000,status=cooling
李灝宇	-1.9	chiaki-auto-hotwords-overlay,auto,source=google-trends+google-trends-trending,first_seen=2026-06-26,last_seen=2026-10-02,seen_days_30=24,signal_14=26,signal_30=26,windows_14=24h+48h+7d,max_traffic=20000,status=active,derived_from=李灝宇受傷
李烈	-2.8	chiaki-auto-hotwords-overlay,auto,source=google-trends,first_seen=2026-08-19,last_seen=2026-08-25,seen_days_30=0,signal_14=0,signal_30=0,windows_14=,max_traffic=5000,status=cooling
李珠珢	-2.1	chiaki-auto-hotwords-overlay,auto,source=google-trends+google-trends-trending,first_seen=2026-07-04,last_seen=2026-10-05,seen_days_30=6,signal_14=11,signal_30=11,windows_14=24h+48h+7d,max_traffic=10000,status=active
李睿紳	-3.0	chiaki-auto-hotwords-overlay,auto,source=google-trends,first_seen=2026-07-30,last_seen=2026-08-05,seen_days_30=0,signal_14=0,signal_30=0,windows_14=,max_traffic=200,status=dormant
李秀利	-3.0	chiaki-auto-hotwords-overlay,auto,source=google-trends+google-trends-trending,first_seen=2026-07-25,last_seen=2026-07-31,seen_days_30=0,signal_14=0,signal_30=0,windows_14=,max_traffic=2000,status=dormant
李育朋	-2.8	chiaki-auto-hotwords-overlay,auto,source=google-trends,first_seen=2026-08-16,last_seen=2026-08-22,seen_days_30=0,signal_14=0,signal_30=0,windows_14=,max_traffic=100,status=cooling
李蒨蓉	-2.8	chiaki-auto-hotwords-overlay,auto,source=google-trends,first_seen=2026-08-28,last_seen=2026-09-03,seen_days_30=0,signal_14=0,signal_30=0,windows_14=,max_traffic=1000,status=cooling
李豪	-3.0	chiaki-auto-hotwords-overlay,auto,source=google-trends+google-trends-trending,first_seen=2026-07-27,last_seen=2026-08-02,seen_days_30=0,signal_14=0,signal_30=0,windows_14=,max_traffic=200,status=dormant
李赫宰	-2.6	chiaki-auto-hotwords-overlay,auto,source=google-trends,first_seen=2026-09-11,last_seen=2026-09-17,seen_days_30=7,signal_14=0,signal_30=0,windows_14=,max_traffic=500,status=active
李超	-3.0	chiaki-auto-hotwords-overlay,auto,source=google-trends+google-trends-trending,first_seen=2026-07-20,last_seen=2026-07-25,seen_days_30=0,signal_14=0,signal_30=0,windows_14=,max_traffic=500,status=dormant
李退之	-3.0	chiaki-auto-hotwords-overlay,auto,source=google-trends,first_seen=2026-07-28,last_seen=2026-08-03,seen_days_30=0,signal_14=0,signal_30=0,windows_14=,max_traffic=100,status=dormant
李進良	-2.8	chiaki-auto-hotwords-overlay,auto,source=google-trends,first_seen=2026-08-22,last_seen=2026-08-28,seen_days_30=0,signal_14=0,signal_30=0,windows_14=,max_traffic=500,status=cooling
李逸洋	-2.8	chiaki-auto-hotwords-overlay,auto,source=google-trends+ptt-gossiping,first_seen=2026-08-10,last_seen=2026-08-16,seen_days_30=0,signal_14=0,signal_30=0,windows_14=,max_traffic=1000,status=cooling
李遠	-2.8	chiaki-auto-hotwords-overlay,auto,source=google-trends+ptt-gossiping,first_seen=2026-08-16,last_seen=2026-08-17,seen_days_30=0,signal_14=0,signal_30=0,windows_14=,max_traffic=2000,status=cooling
李鐘碩	-3.0	chiaki-auto-hotwords-overlay,auto,source=google-trends,first_seen=2026-07-11,last_seen=2026-07-17,seen_days_30=0,signal_14=0,signal_30=0,windows_14=,max_traffic=20000,status=dormant
李雅英	-1.9	chiaki-auto-hotwords-overlay,auto,source=google-trends,first_seen=2026-06-26,last_seen=2026-10-01,seen_days_30=13,signal_14=26,signal_30=26,windows_14=24h+48h+7d,max_traffic=10000,status=active
李飛飛	-1.9	chiaki-auto-hotwords-overlay,auto,source=google-trends,first_seen=2026-09-30,last_seen=2026-10-05,seen_days_30=6,signal_14=23,signal_30=23,windows_14=24h+48h+7d,max_traffic=100,status=active
李鴻源	-2.8	chiaki-auto-hotwords-overlay,auto,source=google-trends,first_seen=2026-07-31,last_seen=2026-08-29,seen_days_30=0,signal_14=0,signal_30=0,windows_14=,max_traffic=10000,status=cooling
杜德偉	-2.6	chiaki-auto-hotwords-overlay,auto,source=google-trends,first_seen=2026-09-14,last_seen=2026-09-20,seen_days_30=5,signal_14=0,signal_30=0,windows_14=,max_traffic=20000,status=active
杜正文	-2.8	chiaki-auto-hotwords-overlay,auto,source=google-trends,first_seen=2026-08-16,last_seen=2026-08-16,seen_days_30=0,signal_14=0,signal_30=0,windows_14=,max_traffic=200,status=cooling
杜蕾	-2.8	chiaki-auto-hotwords-overlay,auto,source=google-trends,first_seen=2026-08-09,last_seen=2026-08-14,seen_days_30=0,signal_14=0,signal_30=0,windows_14=,max_traffic=1000,status=cooling
杜金龍	-1.9	chiaki-auto-hotwords-overlay,auto,source=google-trends,first_seen=2026-08-06,last_seen=2026-09-29,seen_days_30=7,signal_14=26,signal_30=26,windows_14=24h+48h+7d,max_traffic=2000,status=active
東捷	-2.6	chiaki-auto-hotwords-overlay,auto,source=google-trends,first_seen=2026-09-08,last_seen=2026-09-16,seen_days_30=9,signal_14=0,signal_30=0,windows_14=,max_traffic=200,status=active
東門城	-2.8	chiaki-auto-hotwords-overlay,auto,source=google-trends,first_seen=2026-08-25,last_seen=2026-08-31,seen_days_30=0,signal_14=0,signal_30=0,windows_14=,max_traffic=5000,status=cooling
林之昀	-2.6	chiaki-auto-hotwords-overlay,auto,source=google-trends,first_seen=2026-09-05,last_seen=2026-09-10,seen_days_30=5,signal_14=0,signal_30=0,windows_14=,max_traffic=20000,status=active
林予晞	-2.6	chiaki-auto-hotwords-overlay,auto,source=google-trends,first_seen=2026-09-13,last_seen=2026-09-19,seen_days_30=7,signal_14=0,signal_30=0,windows_14=,max_traffic=200,status=active
林亭莉	-2.1	chiaki-auto-hotwords-overlay,auto,source=google-trends,first_seen=2026-09-17,last_seen=2026-09-23,seen_days_30=7,signal_14=6,signal_30=6,windows_14=7d,max_traffic=10000,status=active
林亮君	-2.1	chiaki-auto-hotwords-overlay,auto,source=google-trends+ptt-gossiping,first_seen=2026-07-29,last_seen=2026-10-05,seen_days_30=6,signal_14=11,signal_30=11,windows_14=24h+48h+7d,max_traffic=2000,status=active
林伯翰	-2.4	chiaki-auto-hotwords-overlay,auto,source=google-trends,first_seen=2026-09-15,last_seen=2026-09-21,seen_days_30=7,signal_14=0,signal_30=0,windows_14=,max_traffic=1000,status=active
林佳緯	-3.0	chiaki-auto-hotwords-overlay,auto,source=google-trends+google-trends-trending,first_seen=2026-07-26,last_seen=2026-08-01,seen_days_30=0,signal_14=0,signal_30=0,windows_14=,max_traffic=2000,status=dormant
林佳辰	-2.8	chiaki-auto-hotwords-overlay,auto,source=google-trends,first_seen=2026-08-13,last_seen=2026-08-19,seen_days_30=0,signal_14=0,signal_30=0,windows_14=,max_traffic=500,status=cooling
林佾葳	-1.9	chiaki-auto-hotwords-overlay,auto,source=google-trends,first_seen=2026-09-22,last_seen=2026-09-28,seen_days_30=4,signal_14=12,signal_30=12,windows_14=24h+48h+7d,max_traffic=2000,status=active
林依婷	-2.4	chiaki-auto-hotwords-overlay,auto,source=google-trends,first_seen=2026-09-15,last_seen=2026-09-21,seen_days_30=7,signal_14=0,signal_30=0,windows_14=,max_traffic=2000,status=active
林俊易	-2.4	chiaki-auto-hotwords-overlay,auto,source=google-trends+google-trends-trending,first_seen=2026-07-23,last_seen=2026-09-22,seen_days_30=7,signal_14=3,signal_30=3,windows_14=7d,max_traffic=2000,status=active
林倩	-3.0	chiaki-auto-hotwords-overlay,auto,source=google-trends,first_seen=2026-07-13,last_seen=2026-07-18,seen_days_30=0,signal_14=0,signal_30=0,windows_14=,max_traffic=10000,status=dormant
林吳晉瑋	-2.8	chiaki-auto-hotwords-overlay,auto,source=google-trends+google-trends-trending,first_seen=2026-07-16,last_seen=2026-09-04,seen_days_30=0,signal_14=0,signal_30=0,windows_14=,max_traffic=200,status=cooling
林哲瑄	-3.0	chiaki-auto-hotwords-overlay,auto,source=google-trends+google-trends-trending,first_seen=2026-07-23,last_seen=2026-07-29,seen_days_30=0,signal_14=0,signal_30=0,windows_14=,max_traffic=500,status=dormant
林國漳	-2.6	chiaki-auto-hotwords-overlay,auto,source=google-trends,first_seen=2026-09-04,last_seen=2026-09-10,seen_days_30=2,signal_14=0,signal_30=0,windows_14=,max_traffic=500,status=active
林子偉	-2.6	chiaki-auto-hotwords-overlay,auto,source=google-trends,first_seen=2026-09-08,last_seen=2026-09-11,seen_days_30=4,signal_14=0,signal_30=0,windows_14=,max_traffic=500,status=active
林孝程	-3.0	chiaki-auto-hotwords-overlay,auto,source=google-trends,first_seen=2026-07-11,last_seen=2026-07-17,seen_days_30=0,signal_14=0,signal_30=0,windows_14=,max_traffic=1000,status=dormant
林宏銘	-2.6	chiaki-auto-hotwords-overlay,auto,source=google-trends,first_seen=2026-08-20,last_seen=2026-09-16,seen_days_30=7,signal_14=0,signal_30=0,windows_14=,max_traffic=2000,status=active
林宜瑾	-2.8	chiaki-auto-hotwords-overlay,auto,source=google-trends+ptt-gossiping,first_seen=2026-08-01,last_seen=2026-08-06,seen_days_30=0,signal_14=0,signal_30=0,windows_14=,max_traffic=10000,status=cooling
林岱安	-2.1	chiaki-auto-hotwords-overlay,auto,source=google-trends,first_seen=2026-08-04,last_seen=2026-09-23,seen_days_30=7,signal_14=6,signal_30=6,windows_14=7d,max_traffic=2000,status=active
林岱樺	-2.6	chiaki-auto-hotwords-overlay,auto,source=google-trends,first_seen=2026-08-04,last_seen=2026-09-16,seen_days_30=7,signal_14=0,signal_30=0,windows_14=,max_traffic=5000,status=active
林嶽平	-2.6	chiaki-auto-hotwords-overlay,auto,source=google-trends+google-trends-trending,first_seen=2026-07-22,last_seen=2026-09-09,seen_days_30=4,signal_14=0,signal_30=0,windows_14=,max_traffic=500,status=active
林庭謙	-2.8	chiaki-auto-hotwords-overlay,auto,source=google-trends,first_seen=2026-08-06,last_seen=2026-08-12,seen_days_30=0,signal_14=0,signal_30=0,windows_14=,max_traffic=5000,status=cooling
林思銘	-2.8	chiaki-auto-hotwords-overlay,auto,source=google-trends,first_seen=2026-07-31,last_seen=2026-08-06,seen_days_30=0,signal_14=0,signal_30=0,windows_14=,max_traffic=2000,status=cooling
林憲銘	-2.1	chiaki-auto-hotwords-overlay,auto,source=google-trends+google-trends-trending,first_seen=2026-07-25,last_seen=2026-09-23,seen_days_30=4,signal_14=6,signal_30=6,windows_14=7d,max_traffic=200,status=active
林文晴	-2.8	chiaki-auto-hotwords-overlay,auto,source=google-trends,first_seen=2026-08-08,last_seen=2026-08-14,seen_days_30=0,signal_14=0,signal_30=0,windows_14=,max_traffic=5000,status=cooling
林旺仁	-2.4	chiaki-auto-hotwords-overlay,auto,source=google-trends,first_seen=2026-09-15,last_seen=2026-09-21,seen_days_30=7,signal_14=0,signal_30=0,windows_14=,max_traffic=2000,status=active
林昀希	-2.8	chiaki-auto-hotwords-overlay,auto,source=google-trends,first_seen=2026-08-02,last_seen=2026-08-08,seen_days_30=0,signal_14=0,signal_30=0,windows_14=,max_traffic=100,status=cooling
林易霆	-2.6	chiaki-auto-hotwords-overlay,auto,source=google-trends,first_seen=2026-08-24,last_seen=2026-09-08,seen_days_30=3,signal_14=0,signal_30=0,windows_14=,max_traffic=500,status=active
林昱珉	-1.9	chiaki-auto-hotwords-overlay,auto,source=google-trends+google-trends-trending,first_seen=2026-07-24,last_seen=2026-10-04,seen_days_30=12,signal_14=26,signal_30=26,windows_14=24h+48h+7d,max_traffic=50000,status=active
林昶佐	-2.6	chiaki-auto-hotwords-overlay,auto,source=google-trends,first_seen=2026-08-31,last_seen=2026-09-05,seen_days_30=0,signal_14=0,signal_30=0,windows_14=,max_traffic=500,status=active
林曉培	-2.6	chiaki-auto-hotwords-overlay,auto,source=google-trends,first_seen=2026-09-13,last_seen=2026-09-13,seen_days_30=1,signal_14=0,signal_30=0,windows_14=,max_traffic=500,status=active
林書煒	-2.6	chiaki-auto-hotwords-overlay,auto,source=google-trends,first_seen=2026-09-03,last_seen=2026-09-11,seen_days_30=6,signal_14=0,signal_30=0,windows_14=,max_traffic=200,status=active
林本堅	-2.6	chiaki-auto-hotwords-overlay,auto,source=google-trends,first_seen=2026-09-13,last_seen=2026-09-18,seen_days_30=2,signal_14=0,signal_30=0,windows_14=,max_traffic=100,status=active
林杏兒	-2.6	chiaki-auto-hotwords-overlay,auto,source=google-trends+google-trends-trending,first_seen=2026-07-27,last_seen=2026-09-18,seen_days_30=1,signal_14=0,signal_30=0,windows_14=,max_traffic=200,status=active
林楚茵	-1.9	chiaki-auto-hotwords-overlay,auto,source=google-trends+google-trends-trending,first_seen=2026-07-27,last_seen=2026-09-25,seen_days_30=8,signal_14=12,signal_30=12,windows_14=7d,max_traffic=1000,status=active
林榮基	-2.8	chiaki-auto-hotwords-overlay,auto,source=google-trends,first_seen=2026-08-01,last_seen=2026-08-07,seen_days_30=0,signal_14=0,signal_30=0,windows_14=,max_traffic=200,status=cooling
林汝洲	-2.6	chiaki-auto-hotwords-overlay,auto,source=google-trends,first_seen=2026-09-05,last_seen=2026-09-11,seen_days_30=6,signal_14=0,signal_30=0,windows_14=,max_traffic=500,status=active
林淑容	-2.6	chiaki-auto-hotwords-overlay,auto,source=google-trends,first_seen=2026-09-09,last_seen=2026-09-15,seen_days_30=7,signal_14=0,signal_30=0,windows_14=,max_traffic=20000,status=active
林澤彬	-2.4	chiaki-auto-hotwords-overlay,auto,source=google-trends,first_seen=2026-08-09,last_seen=2026-09-21,seen_days_30=10,signal_14=0,signal_30=0,windows_14=,max_traffic=2000,status=active
林炳生	-2.8	chiaki-auto-hotwords-overlay,auto,source=google-trends,first_seen=2026-08-10,last_seen=2026-08-15,seen_days_30=0,signal_14=0,signal_30=0,windows_14=,max_traffic=1000,status=cooling
林煒	-2.8	chiaki-auto-hotwords-overlay,auto,source=google-trends,first_seen=2026-08-09,last_seen=2026-08-15,seen_days_30=0,signal_14=0,signal_30=0,windows_14=,max_traffic=1000,status=cooling
林玟誼	-2.6	chiaki-auto-hotwords-overlay,auto,source=google-trends,first_seen=2026-08-23,last_seen=2026-09-13,seen_days_30=7,signal_14=0,signal_30=0,windows_14=,max_traffic=500,status=active
林現惟	-2.8	chiaki-auto-hotwords-overlay,auto,source=google-trends,first_seen=2026-08-21,last_seen=2026-08-27,seen_days_30=0,signal_14=0,signal_30=0,windows_14=,max_traffic=1000,status=cooling
林益世	-2.6	chiaki-auto-hotwords-overlay,auto,source=google-trends+ptt-gossiping,first_seen=2026-09-01,last_seen=2026-09-07,seen_days_30=2,signal_14=0,signal_30=0,windows_14=,max_traffic=10000,status=active
林秀偉	-2.8	chiaki-auto-hotwords-overlay,auto,source=google-trends,first_seen=2026-07-31,last_seen=2026-08-06,seen_days_30=0,signal_14=0,signal_30=0,windows_14=,max_traffic=500,status=cooling
林秉聖	-2.8	chiaki-auto-hotwords-overlay,auto,source=google-trends,first_seen=2026-08-05,last_seen=2026-08-12,seen_days_30=0,signal_14=0,signal_30=0,windows_14=,max_traffic=1000,status=cooling
林聰吉	-2.8	chiaki-auto-hotwords-overlay,auto,source=google-trends,first_seen=2026-08-12,last_seen=2026-08-17,seen_days_30=0,signal_14=0,signal_30=0,windows_14=,max_traffic=20000,status=cooling
林育群	-2.6	chiaki-auto-hotwords-overlay,auto,source=google-trends,first_seen=2026-08-30,last_seen=2026-09-05,seen_days_30=0,signal_14=0,signal_30=0,windows_14=,max_traffic=2000,status=active
林芊妤	-2.8	chiaki-auto-hotwords-overlay,auto,source=google-trends,first_seen=2026-08-05,last_seen=2026-08-11,seen_days_30=0,signal_14=0,signal_30=0,windows_14=,max_traffic=2000,status=cooling
林莎	-2.8	chiaki-auto-hotwords-overlay,auto,source=google-trends,first_seen=2026-08-10,last_seen=2026-08-16,seen_days_30=0,signal_14=0,signal_30=0,windows_14=,max_traffic=5000,status=cooling
林華韋	-3.0	chiaki-auto-hotwords-overlay,auto,source=google-trends,first_seen=2026-07-29,last_seen=2026-08-04,seen_days_30=0,signal_14=0,signal_30=0,windows_14=,max_traffic=100,status=dormant
林裕益	-2.8	chiaki-auto-hotwords-overlay,auto,source=google-trends,first_seen=2026-08-22,last_seen=2026-08-28,seen_days_30=0,signal_14=0,signal_30=0,windows_14=,max_traffic=5000,status=cooling
林襄	-2.6	chiaki-auto-hotwords-overlay,auto,source=google-trends,first_seen=2026-07-18,last_seen=2026-09-13,seen_days_30=6,signal_14=0,signal_30=0,windows_14=,max_traffic=10000,status=active
林襄馬	-3.0	chiaki-auto-hotwords-overlay,auto,source=google-trends+google-trends-trending,first_seen=2026-07-19,last_seen=2026-07-25,seen_days_30=0,signal_14=0,signal_30=0,windows_14=,max_traffic=2000,status=dormant,derived_from=林襄馬傑森
林詔恩	-2.6	chiaki-auto-hotwords-overlay,auto,source=google-trends,first_seen=2026-07-27,last_seen=2026-09-10,seen_days_30=5,signal_14=0,signal_30=0,windows_14=,max_traffic=200,status=active
林詩棟	-1.9	chiaki-auto-hotwords-overlay,auto,source=google-trends,first_seen=2026-09-23,last_seen=2026-09-29,seen_days_30=7,signal_14=26,signal_30=26,windows_14=24h+48h+7d,max_traffic=200,status=active
林詩淳	-3.0	chiaki-auto-hotwords-overlay,auto,source=google-trends+google-trends-trending,first_seen=2026-07-16,last_seen=2026-07-21,seen_days_30=0,signal_14=0,signal_30=0,windows_14=,max_traffic=50000,status=dormant
林詩翔	-3.0	chiaki-auto-hotwords-overlay,auto,source=google-trends,first_seen=2026-07-09,last_seen=2026-07-15,seen_days_30=0,signal_14=0,signal_30=0,windows_14=,max_traffic=2000,status=dormant
林豐喜	-2.6	chiaki-auto-hotwords-overlay,auto,source=google-trends,first_seen=2026-09-15,last_seen=2026-09-19,seen_days_30=5,signal_14=0,signal_30=0,windows_14=,max_traffic=2000,status=active
林鉑濬	-3.0	chiaki-auto-hotwords-overlay,auto,source=google-trends+google-trends-trending,first_seen=2026-07-23,last_seen=2026-07-29,seen_days_30=0,signal_14=0,signal_30=0,windows_14=,max_traffic=2000,status=dormant
林青蓉	-2.6	chiaki-auto-hotwords-overlay,auto,source=google-trends,first_seen=2026-09-08,last_seen=2026-09-13,seen_days_30=6,signal_14=0,signal_30=0,windows_14=,max_traffic=10000,status=active
林靜儀	-3.0	chiaki-auto-hotwords-overlay,auto,source=google-trends+google-trends-trending+ptt-gossiping,first_seen=2026-07-05,last_seen=2026-08-04,seen_days_30=0,signal_14=0,signal_30=0,windows_14=,max_traffic=500,status=dormant
林韋愷	-2.8	chiaki-auto-hotwords-overlay,auto,source=google-trends,first_seen=2026-08-17,last_seen=2026-08-23,seen_days_30=0,signal_14=0,signal_30=0,windows_14=,max_traffic=200,status=cooling
林飛帆	-3.0	chiaki-auto-hotwords-overlay,auto,source=google-trends,first_seen=2026-07-14,last_seen=2026-07-20,seen_days_30=0,signal_14=0,signal_30=0,windows_14=,max_traffic=1000,status=dormant
林鬱婷	-1.9	chiaki-auto-hotwords-overlay,auto,source=google-trends,first_seen=2026-09-29,last_seen=2026-10-05,seen_days_30=7,signal_14=36,signal_30=36,windows_14=24h+48h+7d,max_traffic=5000,status=active
林鳳英	-2.6	chiaki-auto-hotwords-overlay,auto,source=google-trends,first_seen=2026-09-01,last_seen=2026-09-07,seen_days_30=2,signal_14=0,signal_30=0,windows_14=,max_traffic=500,status=active
柯伯吉	-2.8	chiaki-auto-hotwords-overlay,auto,source=google-trends,first_seen=2026-08-08,last_seen=2026-08-25,seen_days_30=0,signal_14=0,signal_30=0,windows_14=,max_traffic=2000,status=cooling
柯佳嬿	-2.8	chiaki-auto-hotwords-overlay,auto,source=google-trends,first_seen=2026-08-05,last_seen=2026-08-06,seen_days_30=0,signal_14=0,signal_30=0,windows_14=,max_traffic=1000,status=cooling
柯叔元	-2.8	chiaki-auto-hotwords-overlay,auto,source=google-trends,first_seen=2026-07-31,last_seen=2026-08-29,seen_days_30=0,signal_14=0,signal_30=0,windows_14=,max_traffic=5000,status=cooling
柯呈枋	-2.6	chiaki-auto-hotwords-overlay,auto,source=google-trends,first_seen=2026-08-29,last_seen=2026-09-07,seen_days_30=2,signal_14=0,signal_30=0,windows_14=,max_traffic=5000,status=active
柯富仁	-2.8	chiaki-auto-hotwords-overlay,auto,source=google-trends,first_seen=2026-08-04,last_seen=2026-08-16,seen_days_30=0,signal_14=0,signal_30=0,windows_14=,max_traffic=5000,status=cooling
柯煒林	-2.8	chiaki-auto-hotwords-overlay,auto,source=google-trends,first_seen=2026-08-19,last_seen=2026-08-25,seen_days_30=0,signal_14=0,signal_30=0,windows_14=,max_traffic=2000,status=cooling
柯羅	-3.0	chiaki-auto-hotwords-overlay,auto,source=google-trends,first_seen=2026-07-28,last_seen=2026-08-02,seen_days_30=0,signal_14=0,signal_30=0,windows_14=,max_traffic=5000,status=dormant
柯莉絲汀	-2.6	chiaki-auto-hotwords-overlay,auto,source=google-trends,first_seen=2026-09-05,last_seen=2026-09-10,seen_days_30=5,signal_14=0,signal_30=0,windows_14=,max_traffic=1000,status=active
柯龍	-2.1	chiaki-auto-hotwords-overlay,auto,source=google-trends,first_seen=2026-09-18,last_seen=2026-09-24,seen_days_30=7,signal_14=9,signal_30=9,windows_14=7d,max_traffic=1000,status=active
柳俊烈	-2.6	chiaki-auto-hotwords-overlay,auto,source=google-trends,first_seen=2026-08-30,last_seen=2026-09-05,seen_days_30=0,signal_14=0,signal_30=0,windows_14=,max_traffic=1000,status=active
柳採葳	-2.8	chiaki-auto-hotwords-overlay,auto,source=google-trends+google-trends-trending,first_seen=2026-07-22,last_seen=2026-08-26,seen_days_30=0,signal_14=0,signal_30=0,windows_14=,max_traffic=100,status=cooling
柴棺龜	-2.8	chiaki-auto-hotwords-overlay,auto,source=google-trends,first_seen=2026-08-16,last_seen=2026-08-20,seen_days_30=0,signal_14=0,signal_30=0,windows_14=,max_traffic=1000,status=cooling
格黑娜	-2.8	chiaki-auto-hotwords-overlay,auto,source=ptt-cchat,first_seen=2026-08-13,last_seen=2026-08-28,seen_days_30=0,signal_14=0,signal_30=0,windows_14=,max_traffic=103,status=cooling
桃機	-2.6	chiaki-auto-hotwords-overlay,auto,source=google-trends,first_seen=2026-09-13,last_seen=2026-09-13,seen_days_30=1,signal_14=0,signal_30=0,windows_14=,max_traffic=2000,status=active
桃莉巴頓	-2.8	chiaki-auto-hotwords-overlay,auto,source=google-trends,first_seen=2026-08-27,last_seen=2026-09-02,seen_days_30=0,signal_14=0,signal_30=0,windows_14=,max_traffic=2000,status=cooling
梁世宗	-2.8	chiaki-auto-hotwords-overlay,auto,source=google-trends,first_seen=2026-08-24,last_seen=2026-08-30,seen_days_30=0,signal_14=0,signal_30=0,windows_14=,max_traffic=2000,status=cooling
梁家榕	-3.0	chiaki-auto-hotwords-overlay,auto,source=google-trends,first_seen=2026-07-10,last_seen=2026-07-16,seen_days_30=0,signal_14=0,signal_30=0,windows_14=,max_traffic=100,status=dormant
梁恩碩	-2.8	chiaki-auto-hotwords-overlay,auto,source=google-trends,first_seen=2026-06-28,last_seen=2026-09-02,seen_days_30=0,signal_14=0,signal_30=0,windows_14=,max_traffic=2000,status=cooling
梁洛施	-2.8	chiaki-auto-hotwords-overlay,auto,source=google-trends,first_seen=2026-08-10,last_seen=2026-08-16,seen_days_30=0,signal_14=0,signal_30=0,windows_14=,max_traffic=2000,status=cooling
梁雲菲	-2.8	chiaki-auto-hotwords-overlay,auto,source=google-trends,first_seen=2026-08-14,last_seen=2026-08-23,seen_days_30=0,signal_14=0,signal_30=0,windows_14=,max_traffic=20000,status=cooling
梅建國	-3.0	chiaki-auto-hotwords-overlay,auto,source=google-trends+google-trends-trending,first_seen=2026-07-21,last_seen=2026-07-27,seen_days_30=0,signal_14=0,signal_30=0,windows_14=,max_traffic=2000,status=dormant
梵克雅寶	-2.8	chiaki-auto-hotwords-overlay,auto,source=google-trends,first_seen=2026-08-19,last_seen=2026-08-25,seen_days_30=0,signal_14=0,signal_30=0,windows_14=,max_traffic=5000,status=cooling
棒協	-2.8	chiaki-auto-hotwords-overlay,auto,source=google-trends,first_seen=2026-08-03,last_seen=2026-08-09,seen_days_30=0,signal_14=0,signal_30=0,windows_14=,max_traffic=2000,status=cooling,derived_from=棒協理事長
棕線	-3.0	chiaki-auto-hotwords-overlay,auto,source=google-trends,first_seen=2026-07-13,last_seen=2026-07-18,seen_days_30=0,signal_14=0,signal_30=0,windows_14=,max_traffic=1000,status=dormant,derived_from=桃園捷運棕線
椰柿	-2.8	chiaki-auto-hotwords-overlay,auto,source=google-trends,first_seen=2026-08-22,last_seen=2026-08-27,seen_days_30=0,signal_14=0,signal_30=0,windows_14=,max_traffic=200,status=cooling
楊俊瀚	-1.9	chiaki-auto-hotwords-overlay,auto,source=google-trends,first_seen=2026-09-29,last_seen=2026-10-05,seen_days_30=7,signal_14=26,signal_30=26,windows_14=24h+48h+7d,max_traffic=500,status=active
楊典忠	-3.0	chiaki-auto-hotwords-overlay,auto,source=google-trends,first_seen=2026-07-30,last_seen=2026-08-05,seen_days_30=0,signal_14=0,signal_30=0,windows_14=,max_traffic=100,status=dormant
楊勇緯	-1.9	chiaki-auto-hotwords-overlay,auto,source=google-trends,first_seen=2026-10-01,last_seen=2026-10-05,seen_days_30=5,signal_14=20,signal_30=20,windows_14=24h+48h+7d,max_traffic=5000,status=active
楊哲	-3.0	chiaki-auto-hotwords-overlay,auto,source=google-trends+google-trends-trending,first_seen=2026-07-20,last_seen=2026-07-26,seen_days_30=0,signal_14=0,signal_30=0,windows_14=,max_traffic=200,status=dormant
楊子儀	-2.8	chiaki-auto-hotwords-overlay,auto,source=google-trends,first_seen=2026-07-12,last_seen=2026-08-26,seen_days_30=0,signal_14=0,signal_30=0,windows_14=,max_traffic=5000,status=cooling
楊宗達	-2.1	chiaki-auto-hotwords-overlay,auto,source=google-trends,first_seen=2026-09-17,last_seen=2026-09-23,seen_days_30=7,signal_14=6,signal_30=6,windows_14=7d,max_traffic=5000,status=active
楊寶楨	-2.8	chiaki-auto-hotwords-overlay,auto,source=google-trends,first_seen=2026-08-29,last_seen=2026-08-29,seen_days_30=0,signal_14=0,signal_30=0,windows_14=,max_traffic=200,status=cooling
楊承勳	-2.6	chiaki-auto-hotwords-overlay,auto,source=google-trends,first_seen=2026-08-07,last_seen=2026-09-19,seen_days_30=7,signal_14=0,signal_30=0,windows_14=,max_traffic=2000,status=active
楊植鬥	-2.6	chiaki-auto-hotwords-overlay,auto,source=google-trends+ptt-gossiping,first_seen=2026-08-21,last_seen=2026-09-10,seen_days_30=1,signal_14=0,signal_30=0,windows_14=,max_traffic=100,status=active
楊烈	-2.8	chiaki-auto-hotwords-overlay,auto,source=google-trends,first_seen=2026-08-03,last_seen=2026-08-09,seen_days_30=0,signal_14=0,signal_30=0,windows_14=,max_traffic=1000,status=cooling
楊繡惠	-1.9	chiaki-auto-hotwords-overlay,auto,source=google-trends,first_seen=2026-08-27,last_seen=2026-09-25,seen_days_30=14,signal_14=12,signal_30=12,windows_14=7d,max_traffic=2000,status=active
楊舒雅	-2.8	chiaki-auto-hotwords-overlay,auto,source=google-trends+ptt-gossiping,first_seen=2026-08-28,last_seen=2026-09-03,seen_days_30=0,signal_14=0,signal_30=0,windows_14=,max_traffic=5000,status=cooling
楊芷瑜	-2.6	chiaki-auto-hotwords-overlay,auto,source=google-trends,first_seen=2026-09-11,last_seen=2026-09-16,seen_days_30=6,signal_14=0,signal_30=0,windows_14=,max_traffic=2000,status=active
楊錦元	-2.8	chiaki-auto-hotwords-overlay,auto,source=google-trends,first_seen=2026-08-11,last_seen=2026-08-17,seen_days_30=0,signal_14=0,signal_30=0,windows_14=,max_traffic=10000,status=cooling
楊鎮浯	-1.9	chiaki-auto-hotwords-overlay,auto,source=google-trends,first_seen=2026-09-04,last_seen=2026-10-05,seen_days_30=9,signal_14=17,signal_30=17,windows_14=24h+48h+7d,max_traffic=200,status=active
楚翔	-3.0	chiaki-auto-hotwords-overlay,auto,source=google-trends+google-trends-trending,first_seen=2026-07-27,last_seen=2026-07-27,seen_days_30=0,signal_14=0,signal_30=0,windows_14=,max_traffic=200,status=dormant
楚雲	-2.8	chiaki-auto-hotwords-overlay,auto,source=google-trends,first_seen=2026-08-11,last_seen=2026-08-18,seen_days_30=0,signal_14=0,signal_30=0,windows_14=,max_traffic=10000,status=cooling
樂成宮	-2.8	chiaki-auto-hotwords-overlay,auto,source=google-trends,first_seen=2026-08-21,last_seen=2026-08-27,seen_days_30=0,signal_14=0,signal_30=0,windows_14=,max_traffic=2000,status=cooling
樊光耀	-2.8	chiaki-auto-hotwords-overlay,auto,source=google-trends,first_seen=2026-08-13,last_seen=2026-08-20,seen_days_30=0,signal_14=0,signal_30=0,windows_14=,max_traffic=200,status=cooling
樸寶京	-3.0	chiaki-auto-hotwords-overlay,auto,source=google-trends,first_seen=2026-08-01,last_seen=2026-08-01,seen_days_30=0,signal_14=0,signal_30=0,windows_14=,max_traffic=200,status=dormant
樸恩斌	-2.4	chiaki-auto-hotwords-overlay,auto,source=google-trends,first_seen=2026-09-15,last_seen=2026-09-21,seen_days_30=7,signal_14=0,signal_30=0,windows_14=,max_traffic=200,status=active
樸星垠	-2.6	chiaki-auto-hotwords-overlay,auto,source=google-trends+google-trends-trending,first_seen=2026-07-17,last_seen=2026-09-11,seen_days_30=6,signal_14=0,signal_30=0,windows_14=,max_traffic=5000,status=active
櫃檯買賣	-2.8	chiaki-auto-hotwords-overlay,auto,source=google-trends,first_seen=2026-08-28,last_seen=2026-09-03,seen_days_30=0,signal_14=0,signal_30=0,windows_14=,max_traffic=200,status=cooling
櫻井翔	-3.0	chiaki-auto-hotwords-overlay,auto,source=google-trends+google-trends-trending,first_seen=2026-07-18,last_seen=2026-07-24,seen_days_30=0,signal_14=0,signal_30=0,windows_14=,max_traffic=1000,status=dormant
權喜原	-3.0	chiaki-auto-hotwords-overlay,auto,source=google-trends+google-trends-trending,first_seen=2026-07-25,last_seen=2026-07-30,seen_days_30=0,signal_14=0,signal_30=0,windows_14=,max_traffic=2000,status=dormant
權恩妃	-2.4	chiaki-auto-hotwords-overlay,auto,source=google-trends,first_seen=2026-09-15,last_seen=2026-09-21,seen_days_30=7,signal_14=0,signal_30=0,windows_14=,max_traffic=100,status=active
欣西亞	-3.0	chiaki-auto-hotwords-overlay,auto,source=google-trends+google-trends-trending,first_seen=2026-07-25,last_seen=2026-07-31,seen_days_30=0,signal_14=0,signal_30=0,windows_14=,max_traffic=1000,status=dormant
欣銓	-2.1	chiaki-auto-hotwords-overlay,auto,source=google-trends,first_seen=2026-09-19,last_seen=2026-09-24,seen_days_30=6,signal_14=9,signal_30=9,windows_14=7d,max_traffic=2000,status=active
欣銓科技	-3.0	chiaki-auto-hotwords-overlay,auto,source=google-trends,first_seen=2026-08-02,last_seen=2026-08-02,seen_days_30=0,signal_14=0,signal_30=0,windows_14=,max_traffic=1000,status=dormant
欸你	-2.6	chiaki-auto-hotwords-overlay,auto,source=google-trends,first_seen=2026-08-27,last_seen=2026-09-07,seen_days_30=2,signal_14=0,signal_30=0,windows_14=,max_traffic=500,status=active,derived_from=欸你這週要幹嘛
歐聯	-2.1	chiaki-auto-hotwords-overlay,auto,source=google-trends,first_seen=2026-09-19,last_seen=2026-09-24,seen_days_30=6,signal_14=9,signal_30=9,windows_14=7d,max_traffic=100,status=active
歐藍德	-2.6	chiaki-auto-hotwords-overlay,auto,source=google-trends,first_seen=2026-08-30,last_seen=2026-09-05,seen_days_30=0,signal_14=0,signal_30=0,windows_14=,max_traffic=100,status=active,derived_from=三菱歐藍德
歐陽娣娣	-2.8	chiaki-auto-hotwords-overlay,auto,source=google-trends,first_seen=2026-08-11,last_seen=2026-08-18,seen_days_30=0,signal_14=0,signal_30=0,windows_14=,max_traffic=2000,status=cooling
正崴	-2.8	chiaki-auto-hotwords-overlay,auto,source=google-trends,first_seen=2026-08-15,last_seen=2026-08-21,seen_days_30=0,signal_14=0,signal_30=0,windows_14=,max_traffic=200,status=cooling
正達	-2.6	chiaki-auto-hotwords-overlay,auto,source=google-trends+google-trends-trending,first_seen=2026-06-30,last_seen=2026-09-10,seen_days_30=5,signal_14=0,signal_30=0,windows_14=,max_traffic=1000,status=active
武嶺	-2.6	chiaki-auto-hotwords-overlay,auto,source=google-trends,first_seen=2026-09-12,last_seen=2026-09-18,seen_days_30=7,signal_14=0,signal_30=0,windows_14=,max_traffic=1000,status=active
歸墟	-2.8	chiaki-auto-hotwords-overlay,auto,source=google-trends,first_seen=2026-08-08,last_seen=2026-08-13,seen_days_30=0,signal_14=0,signal_30=0,windows_14=,max_traffic=10000,status=cooling
殘虹	-2.8	chiaki-auto-hotwords-overlay,auto,source=ptt-cchat,first_seen=2026-08-14,last_seen=2026-08-24,seen_days_30=0,signal_14=0,signal_30=0,windows_14=,max_traffic=72,status=cooling
殷悅	-2.6	chiaki-auto-hotwords-overlay,auto,source=google-trends,first_seen=2026-09-10,last_seen=2026-09-16,seen_days_30=4,signal_14=0,signal_30=0,windows_14=,max_traffic=200,status=active
殷瑋	-2.6	chiaki-auto-hotwords-overlay,auto,source=google-trends,first_seen=2026-09-07,last_seen=2026-09-07,seen_days_30=1,signal_14=0,signal_30=0,windows_14=,max_traffic=200,status=active
比奇堡	-2.6	chiaki-auto-hotwords-overlay,auto,source=google-trends,first_seen=2026-09-13,last_seen=2026-09-19,seen_days_30=7,signal_14=0,signal_30=0,windows_14=,max_traffic=10000,status=active,derived_from=比奇堡居民+比奇堡桌布
毛舜筠	-3.0	chiaki-auto-hotwords-overlay,auto,source=google-trends,first_seen=2026-07-28,last_seen=2026-08-03,seen_days_30=0,signal_14=0,signal_30=0,windows_14=,max_traffic=500,status=dormant
永虹先進	-2.4	chiaki-auto-hotwords-overlay,auto,source=google-trends,first_seen=2026-09-16,last_seen=2026-09-22,seen_days_30=7,signal_14=3,signal_30=3,windows_14=7d,max_traffic=10000,status=active
永野芽鬱	-2.6	chiaki-auto-hotwords-overlay,auto,source=google-trends,first_seen=2026-09-07,last_seen=2026-09-13,seen_days_30=7,signal_14=0,signal_30=0,windows_14=,max_traffic=2000,status=active
江和樹	-2.6	chiaki-auto-hotwords-overlay,auto,source=google-trends,first_seen=2026-08-01,last_seen=2026-09-07,seen_days_30=2,signal_14=0,signal_30=0,windows_14=,max_traffic=2000,status=active
江國豪	-2.6	chiaki-auto-hotwords-overlay,auto,source=google-trends,first_seen=2026-07-20,last_seen=2026-09-06,seen_days_30=1,signal_14=0,signal_30=0,windows_14=,max_traffic=100,status=active
江坤宇	-2.8	chiaki-auto-hotwords-overlay,auto,source=google-trends,first_seen=2026-08-03,last_seen=2026-08-09,seen_days_30=0,signal_14=0,signal_30=0,windows_14=,max_traffic=500,status=cooling
江宏恩	-2.8	chiaki-auto-hotwords-overlay,auto,source=google-trends+google-trends-trending,first_seen=2026-07-19,last_seen=2026-08-14,seen_days_30=0,signal_14=0,signal_30=0,windows_14=,max_traffic=2000,status=cooling
江少慶	-1.9	chiaki-auto-hotwords-overlay,auto,source=google-trends,first_seen=2026-08-12,last_seen=2026-09-30,seen_days_30=7,signal_14=20,signal_30=20,windows_14=24h+48h+7d,max_traffic=2000,status=active
江承峰	-2.8	chiaki-auto-hotwords-overlay,auto,source=google-trends,first_seen=2026-08-01,last_seen=2026-08-07,seen_days_30=0,signal_14=0,signal_30=0,windows_14=,max_traffic=1000,status=cooling
江昭儀	-2.8	chiaki-auto-hotwords-overlay,auto,source=google-trends,first_seen=2026-08-15,last_seen=2026-08-21,seen_days_30=0,signal_14=0,signal_30=0,windows_14=,max_traffic=200,status=cooling
江羿潔	-1.9	chiaki-auto-hotwords-overlay,auto,source=google-trends,first_seen=2026-09-24,last_seen=2026-09-29,seen_days_30=6,signal_14=23,signal_30=23,windows_14=24h+48h+7d,max_traffic=500,status=active,derived_from=社工江羿潔
江良淵	-2.8	chiaki-auto-hotwords-overlay,auto,source=google-trends,first_seen=2026-08-01,last_seen=2026-08-07,seen_days_30=0,signal_14=0,signal_30=0,windows_14=,max_traffic=200,status=cooling
池昌旭	-2.6	chiaki-auto-hotwords-overlay,auto,source=google-trends,first_seen=2026-09-13,last_seen=2026-09-18,seen_days_30=6,signal_14=0,signal_30=0,windows_14=,max_traffic=10000,status=active
池睿恩	-2.6	chiaki-auto-hotwords-overlay,auto,source=google-trends,first_seen=2026-09-03,last_seen=2026-09-09,seen_days_30=4,signal_14=0,signal_30=0,windows_14=,max_traffic=1000,status=active
池秋美	-2.8	chiaki-auto-hotwords-overlay,auto,source=google-trends,first_seen=2026-08-01,last_seen=2026-08-12,seen_days_30=0,signal_14=0,signal_30=0,windows_14=,max_traffic=500,status=cooling
汶汶	-1.9	chiaki-auto-hotwords-overlay,auto,source=google-trends,first_seen=2026-09-06,last_seen=2026-10-05,seen_days_30=20,signal_14=32,signal_30=32,windows_14=48h+7d,max_traffic=1000,status=active
沃齊尼亞	-3.0	chiaki-auto-hotwords-overlay,auto,source=google-trends+google-trends-trending,first_seen=2026-07-18,last_seen=2026-08-01,seen_days_30=0,signal_14=0,signal_30=0,windows_14=,max_traffic=1000,status=dormant
沈佳宜	-2.8	chiaki-auto-hotwords-overlay,auto,source=google-trends,first_seen=2026-08-17,last_seen=2026-08-23,seen_days_30=0,signal_14=0,signal_30=0,windows_14=,max_traffic=5000,status=cooling
沈政男	-2.6	chiaki-auto-hotwords-overlay,auto,source=google-trends,first_seen=2026-09-07,last_seen=2026-09-12,seen_days_30=2,signal_14=0,signal_30=0,windows_14=,max_traffic=500,status=active
沈時華	-2.8	chiaki-auto-hotwords-overlay,auto,source=google-trends,first_seen=2026-08-06,last_seen=2026-08-10,seen_days_30=0,signal_14=0,signal_30=0,windows_14=,max_traffic=20000,status=cooling
沈翔霖	-2.8	chiaki-auto-hotwords-overlay,auto,source=google-trends,first_seen=2026-08-15,last_seen=2026-08-18,seen_days_30=0,signal_14=0,signal_30=0,windows_14=,max_traffic=1000,status=cooling
沙德爾	-2.8	chiaki-auto-hotwords-overlay,auto,source=google-trends,first_seen=2026-08-20,last_seen=2026-08-25,seen_days_30=0,signal_14=0,signal_30=0,windows_14=,max_traffic=500000,status=cooling
沛爾生醫	-2.6	chiaki-auto-hotwords-overlay,auto,source=google-trends,first_seen=2026-08-28,last_seen=2026-09-15,seen_days_30=8,signal_14=0,signal_30=0,windows_14=,max_traffic=500,status=active
河弦丞	-2.6	chiaki-auto-hotwords-overlay,auto,source=google-trends,first_seen=2026-09-14,last_seen=2026-09-20,seen_days_30=7,signal_14=0,signal_30=0,windows_14=,max_traffic=1000,status=active
河智媛	-2.1	chiaki-auto-hotwords-overlay,auto,source=google-trends,first_seen=2026-07-28,last_seen=2026-09-23,seen_days_30=7,signal_14=6,signal_30=6,windows_14=7d,max_traffic=2000,status=active
油不得你	-3.0	chiaki-auto-hotwords-overlay,auto,source=google-trends+google-trends-trending,first_seen=2026-07-27,last_seen=2026-07-27,seen_days_30=0,signal_14=0,signal_30=0,windows_14=,max_traffic=5000,status=dormant
波若威	-3.0	chiaki-auto-hotwords-overlay,auto,source=google-trends+google-trends-trending,first_seen=2026-07-24,last_seen=2026-08-04,seen_days_30=0,signal_14=0,signal_30=0,windows_14=,max_traffic=500,status=dormant
泰宗	-3.0	chiaki-auto-hotwords-overlay,auto,source=google-trends+google-trends-trending,first_seen=2026-07-24,last_seen=2026-07-31,seen_days_30=0,signal_14=0,signal_30=0,windows_14=,max_traffic=1000,status=dormant
泰獅航	-3.0	chiaki-auto-hotwords-overlay,auto,source=google-trends+google-trends-trending,first_seen=2026-07-17,last_seen=2026-07-23,seen_days_30=0,signal_14=0,signal_30=0,windows_14=,max_traffic=100,status=dormant
泳氣	-3.0	chiaki-auto-hotwords-overlay,auto,source=google-trends+google-trends-trending,first_seen=2026-07-27,last_seen=2026-08-02,seen_days_30=0,signal_14=0,signal_30=0,windows_14=,max_traffic=1000,status=dormant,derived_from=突破三千米的泳氣
泳渡	-1.9	chiaki-auto-hotwords-overlay,auto,source=google-trends,first_seen=2026-09-20,last_seen=2026-09-26,seen_days_30=7,signal_14=15,signal_30=15,windows_14=7d,max_traffic=200,status=active,derived_from=泳渡日月潭
洪健益	-2.6	chiaki-auto-hotwords-overlay,auto,source=google-trends,first_seen=2026-09-12,last_seen=2026-09-18,seen_days_30=2,signal_14=0,signal_30=0,windows_14=,max_traffic=1000,status=active
洪婉臻	-2.6	chiaki-auto-hotwords-overlay,auto,source=google-trends,first_seen=2026-09-16,last_seen=2026-09-16,seen_days_30=1,signal_14=0,signal_30=0,windows_14=,max_traffic=500,status=active
洪榮宏	-1.9	chiaki-auto-hotwords-overlay,auto,source=google-trends+google-trends-trending,first_seen=2026-07-22,last_seen=2026-10-04,seen_days_30=7,signal_14=24,signal_30=24,windows_14=24h+48h+7d,max_traffic=2000,status=active
洪瑛琦	-3.0	chiaki-auto-hotwords-overlay,auto,source=google-trends,first_seen=2026-07-11,last_seen=2026-07-18,seen_days_30=0,signal_14=0,signal_30=0,windows_14=,max_traffic=500,status=dormant
洪進揚	-2.8	chiaki-auto-hotwords-overlay,auto,source=google-trends,first_seen=2026-08-20,last_seen=2026-08-20,seen_days_30=0,signal_14=0,signal_30=0,windows_14=,max_traffic=5000,status=cooling
派偉俊	-2.8	chiaki-auto-hotwords-overlay,auto,source=google-trends,first_seen=2026-08-01,last_seen=2026-08-06,seen_days_30=0,signal_14=0,signal_30=0,windows_14=,max_traffic=20000,status=cooling,derived_from=派偉俊女友
海之夏	-3.0	chiaki-auto-hotwords-overlay,auto,source=google-trends+google-trends-trending,first_seen=2026-07-26,last_seen=2026-08-01,seen_days_30=0,signal_14=0,signal_30=0,windows_14=,max_traffic=2000,status=dormant,derived_from=東石海之夏
海鯤號	-1.9	chiaki-auto-hotwords-overlay,auto,source=google-trends+google-trends-trending+ptt-gossiping,first_seen=2026-06-26,last_seen=2026-10-05,seen_days_30=19,signal_14=14,signal_30=14,windows_14=24h+48h+7d,max_traffic=2000,status=active,derived_from=海鯤號潛艦
涉勾串	-2.8	chiaki-auto-hotwords-overlay,auto,source=ptt-gossiping,first_seen=2026-08-25,last_seen=2026-08-26,seen_days_30=0,signal_14=0,signal_30=0,windows_14=,max_traffic=245,status=cooling
涮乃葉	-2.8	chiaki-auto-hotwords-overlay,auto,source=google-trends,first_seen=2026-07-31,last_seen=2026-08-06,seen_days_30=0,signal_14=0,signal_30=0,windows_14=,max_traffic=2000,status=cooling
淑行	-2.1	chiaki-auto-hotwords-overlay,auto,source=google-trends,first_seen=2026-09-18,last_seen=2026-09-24,seen_days_30=7,signal_14=9,signal_30=9,windows_14=7d,max_traffic=1000,status=active
淞鶴	-2.6	chiaki-auto-hotwords-overlay,auto,source=google-trends+ptt-gossiping,first_seen=2026-09-03,last_seen=2026-09-09,seen_days_30=4,signal_14=0,signal_30=0,windows_14=,max_traffic=20000,status=active,derived_from=安泰淞鶴診所
深偽	-3.0	chiaki-auto-hotwords-overlay,auto,source=ptt-gossiping,first_seen=2026-07-29,last_seen=2026-08-01,seen_days_30=0,signal_14=0,signal_30=0,windows_14=,max_traffic=202,status=dormant
清宵	-2.8	chiaki-auto-hotwords-overlay,auto,source=ptt-cchat,first_seen=2026-08-19,last_seen=2026-08-23,seen_days_30=0,signal_14=0,signal_30=0,windows_14=,max_traffic=138,status=cooling
清田育宏	-2.8	chiaki-auto-hotwords-overlay,auto,source=google-trends,first_seen=2026-08-28,last_seen=2026-09-03,seen_days_30=0,signal_14=0,signal_30=0,windows_14=,max_traffic=200,status=cooling
湯家豪	-2.6	chiaki-auto-hotwords-overlay,auto,source=google-trends,first_seen=2026-09-13,last_seen=2026-09-19,seen_days_30=7,signal_14=0,signal_30=0,windows_14=,max_traffic=100,status=active
源初之結	-2.8	chiaki-auto-hotwords-overlay,auto,source=google-trends,first_seen=2026-08-27,last_seen=2026-08-28,seen_days_30=0,signal_14=0,signal_30=0,windows_14=,max_traffic=100,status=cooling
源春製	-2.8	chiaki-auto-hotwords-overlay,auto,source=google-trends,first_seen=2026-08-02,last_seen=2026-08-07,seen_days_30=0,signal_14=0,signal_30=0,windows_14=,max_traffic=5000,status=cooling,derived_from=源春製油廠
溫世政	-2.6	chiaki-auto-hotwords-overlay,auto,source=google-trends,first_seen=2026-09-04,last_seen=2026-09-08,seen_days_30=3,signal_14=0,signal_30=0,windows_14=,max_traffic=100,status=active
溫慶珠	-3.0	chiaki-auto-hotwords-overlay,auto,source=google-trends+google-trends-trending,first_seen=2026-07-22,last_seen=2026-07-29,seen_days_30=0,signal_14=0,signal_30=0,windows_14=,max_traffic=50000,status=dormant
滅蟑	-2.8	chiaki-auto-hotwords-overlay,auto,source=google-trends,first_seen=2026-08-06,last_seen=2026-08-12,seen_days_30=0,signal_14=0,signal_30=0,windows_14=,max_traffic=2000,status=cooling
漢光	-2.8	chiaki-auto-hotwords-overlay,auto,source=google-trends+ptt-gossiping,first_seen=2026-08-10,last_seen=2026-08-18,seen_days_30=0,signal_14=0,signal_30=0,windows_14=,max_traffic=1000,status=cooling
漢光演習	-2.8	chiaki-auto-hotwords-overlay,auto,source=google-trends,first_seen=2026-07-27,last_seen=2026-08-24,seen_days_30=0,signal_14=0,signal_30=0,windows_14=,max_traffic=100000,status=cooling
漢測	-1.9	chiaki-auto-hotwords-overlay,auto,source=google-trends,first_seen=2026-09-04,last_seen=2026-09-29,seen_days_30=19,signal_14=29,signal_30=29,windows_14=24h+48h+7d,max_traffic=20000,status=active,derived_from=漢測中籤率+漢測抽籤時間+漢測抽籤結果
漢測抽籤	-2.6	chiaki-auto-hotwords-overlay,auto,source=google-trends,first_seen=2026-09-09,last_seen=2026-09-14,seen_days_30=6,signal_14=0,signal_30=0,windows_14=,max_traffic=10000,status=active
漢磊	-3.0	chiaki-auto-hotwords-overlay,auto,source=google-trends,first_seen=2026-07-14,last_seen=2026-07-20,seen_days_30=0,signal_14=0,signal_30=0,windows_14=,max_traffic=100,status=dormant
漢翔	-2.6	chiaki-auto-hotwords-overlay,auto,source=google-trends+google-trends-trending,first_seen=2026-07-25,last_seen=2026-09-15,seen_days_30=7,signal_14=0,signal_30=0,windows_14=,max_traffic=500,status=active
漢翔股票	-2.8	chiaki-auto-hotwords-overlay,auto,source=google-trends+google-trends-trending,first_seen=2026-07-15,last_seen=2026-08-24,seen_days_30=0,signal_14=0,signal_30=0,windows_14=,max_traffic=2000,status=cooling
潔晞	-2.6	chiaki-auto-hotwords-overlay,auto,source=google-trends,first_seen=2026-09-15,last_seen=2026-09-20,seen_days_30=6,signal_14=0,signal_30=0,windows_14=,max_traffic=5000,status=active
潘健成	-2.1	chiaki-auto-hotwords-overlay,auto,source=google-trends,first_seen=2026-08-08,last_seen=2026-09-25,seen_days_30=8,signal_14=8,signal_30=8,windows_14=24h+48h+7d,max_traffic=2000,status=active
潘天鴻	-2.6	chiaki-auto-hotwords-overlay,auto,source=google-trends,first_seen=2026-09-11,last_seen=2026-09-17,seen_days_30=7,signal_14=0,signal_30=0,windows_14=,max_traffic=200,status=active
潘妮蒂爾	-2.8	chiaki-auto-hotwords-overlay,auto,source=google-trends,first_seen=2026-08-18,last_seen=2026-08-24,seen_days_30=0,signal_14=0,signal_30=0,windows_14=,max_traffic=200,status=cooling,derived_from=海頓潘妮蒂爾
潘孟安	-2.6	chiaki-auto-hotwords-overlay,auto,source=google-trends+google-trends-trending,first_seen=2026-07-20,last_seen=2026-09-08,seen_days_30=3,signal_14=0,signal_30=0,windows_14=,max_traffic=20000,status=active
潘孟安推	-3.0	chiaki-auto-hotwords-overlay,auto,source=google-trends+google-trends-trending,first_seen=2026-07-21,last_seen=2026-07-22,seen_days_30=0,signal_14=0,signal_30=0,windows_14=,max_traffic=20000,status=dormant,derived_from=潘孟安推記者
潘忠韋	-2.8	chiaki-auto-hotwords-overlay,auto,source=google-trends,first_seen=2026-08-09,last_seen=2026-08-15,seen_days_30=0,signal_14=0,signal_30=0,windows_14=,max_traffic=1000,status=cooling
潘採宸	-2.6	chiaki-auto-hotwords-overlay,auto,source=google-trends,first_seen=2026-09-10,last_seen=2026-09-11,seen_days_30=2,signal_14=0,signal_30=0,windows_14=,max_traffic=200,status=active
潘若迪	-2.8	chiaki-auto-hotwords-overlay,auto,source=google-trends,first_seen=2026-08-21,last_seen=2026-08-26,seen_days_30=0,signal_14=0,signal_30=0,windows_14=,max_traffic=100,status=cooling
澎恰恰	-2.6	chiaki-auto-hotwords-overlay,auto,source=google-trends,first_seen=2026-09-14,last_seen=2026-09-20,seen_days_30=7,signal_14=0,signal_30=0,windows_14=,max_traffic=500,status=active
澤尻英	-2.6	chiaki-auto-hotwords-overlay,auto,source=google-trends,first_seen=2026-09-12,last_seen=2026-09-16,seen_days_30=5,signal_14=0,signal_30=0,windows_14=,max_traffic=1000,status=active,derived_from=澤尻英龍華
濱樺	-2.8	chiaki-auto-hotwords-overlay,auto,source=google-trends,first_seen=2026-08-23,last_seen=2026-08-28,seen_days_30=0,signal_14=0,signal_30=0,windows_14=,max_traffic=200,status=cooling
濱海祭	-2.8	chiaki-auto-hotwords-overlay,auto,source=google-trends,first_seen=2026-08-16,last_seen=2026-08-22,seen_days_30=0,signal_14=0,signal_30=0,windows_14=,max_traffic=500,status=cooling
火人祭	-2.6	chiaki-auto-hotwords-overlay,auto,source=google-trends,first_seen=2026-09-04,last_seen=2026-09-10,seen_days_30=5,signal_14=0,signal_30=0,windows_14=,max_traffic=500,status=active
炎上	-2.6	chiaki-auto-hotwords-overlay,auto,source=google-trends+ptt-cchat,first_seen=2026-07-28,last_seen=2026-09-05,seen_days_30=0,signal_14=0,signal_30=0,windows_14=,max_traffic=100,status=active,derived_from=蔚藍檔案炎上
炎上展	-3.0	chiaki-auto-hotwords-overlay,auto,source=google-trends,first_seen=2026-07-12,last_seen=2026-07-16,seen_days_30=0,signal_14=0,signal_30=0,windows_14=,max_traffic=5000,status=dormant
烏巖角	-2.6	chiaki-auto-hotwords-overlay,auto,source=google-trends,first_seen=2026-08-30,last_seen=2026-09-05,seen_days_30=0,signal_14=0,signal_30=0,windows_14=,max_traffic=200,status=active
烏幹達	-2.8	chiaki-auto-hotwords-overlay,auto,source=google-trends,first_seen=2026-08-23,last_seen=2026-08-29,seen_days_30=0,signal_14=0,signal_30=0,windows_14=,max_traffic=1000,status=cooling
無職	-2.6	chiaki-auto-hotwords-overlay,auto,source=ptt-cchat,first_seen=2026-08-18,last_seen=2026-09-16,seen_days_30=3,signal_14=0,signal_30=0,windows_14=,max_traffic=88,status=active
熊天平	-3.0	chiaki-auto-hotwords-overlay,auto,source=google-trends+google-trends-trending,first_seen=2026-07-20,last_seen=2026-07-24,seen_days_30=0,signal_14=0,signal_30=0,windows_14=,max_traffic=1000,status=dormant
爆哥	-2.8	chiaki-auto-hotwords-overlay,auto,source=google-trends+ptt-cchat,first_seen=2026-08-22,last_seen=2026-08-27,seen_days_30=0,signal_14=0,signal_30=0,windows_14=,max_traffic=5000,status=cooling
爌肉飯	-3.0	chiaki-auto-hotwords-overlay,auto,source=google-trends+google-trends-trending,first_seen=2026-07-26,last_seen=2026-07-31,seen_days_30=0,signal_14=0,signal_30=0,windows_14=,max_traffic=2000,status=dormant,derived_from=謝家爌肉飯
爐端燒	-2.8	chiaki-auto-hotwords-overlay,auto,source=google-trends+google-trends-trending,first_seen=2026-07-16,last_seen=2026-08-10,seen_days_30=0,signal_14=0,signal_30=0,windows_14=,max_traffic=500,status=cooling
爾羅	-2.8	chiaki-auto-hotwords-overlay,auto,source=google-trends,first_seen=2026-08-18,last_seen=2026-08-19,seen_days_30=0,signal_14=0,signal_30=0,windows_14=,max_traffic=1000,status=cooling,derived_from=米格爾羅哈斯
牛奶針	-3.0	chiaki-auto-hotwords-overlay,auto,source=google-trends,first_seen=2026-07-14,last_seen=2026-07-20,seen_days_30=0,signal_14=0,signal_30=0,windows_14=,max_traffic=1000,status=dormant
牛角灣溪	-2.8	chiaki-auto-hotwords-overlay,auto,source=google-trends,first_seen=2026-08-04,last_seen=2026-08-10,seen_days_30=0,signal_14=0,signal_30=0,windows_14=,max_traffic=200,status=cooling
特留分	-3.0	chiaki-auto-hotwords-overlay,auto,source=google-trends+google-trends-trending+ptt-gossiping,first_seen=2026-07-26,last_seen=2026-08-04,seen_days_30=0,signal_14=0,signal_30=0,windows_14=,max_traffic=10000,status=dormant
狄波拉	-3.0	chiaki-auto-hotwords-overlay,auto,source=google-trends+google-trends-trending,first_seen=2026-07-24,last_seen=2026-07-27,seen_days_30=0,signal_14=0,signal_30=0,windows_14=,max_traffic=10000,status=dormant
狄鶯	-2.8	chiaki-auto-hotwords-overlay,auto,source=google-trends+google-trends-trending,first_seen=2026-07-02,last_seen=2026-08-07,seen_days_30=0,signal_14=0,signal_30=0,windows_14=,max_traffic=50000,status=cooling
狩野舞子	-2.6	chiaki-auto-hotwords-overlay,auto,source=google-trends,first_seen=2026-09-05,last_seen=2026-09-11,seen_days_30=6,signal_14=0,signal_30=0,windows_14=,max_traffic=1000,status=active
狼師	-2.4	chiaki-auto-hotwords-overlay,auto,source=google-trends,first_seen=2026-09-16,last_seen=2026-09-22,seen_days_30=7,signal_14=3,signal_30=3,windows_14=7d,max_traffic=200,status=active
猛暑	-3.0	chiaki-auto-hotwords-overlay,auto,source=google-trends+google-trends-trending,first_seen=2026-07-24,last_seen=2026-07-30,seen_days_30=0,signal_14=0,signal_30=0,windows_14=,max_traffic=10000,status=dormant
玄濟宮	-3.0	chiaki-auto-hotwords-overlay,auto,source=google-trends+google-trends-trending,first_seen=2026-07-23,last_seen=2026-07-29,seen_days_30=0,signal_14=0,signal_30=0,windows_14=,max_traffic=200,status=dormant,derived_from=臺東玄濟宮
玉城丹尼	-2.6	chiaki-auto-hotwords-overlay,auto,source=google-trends,first_seen=2026-09-14,last_seen=2026-09-20,seen_days_30=7,signal_14=0,signal_30=0,windows_14=,max_traffic=1000,status=active
玉晶光	-2.6	chiaki-auto-hotwords-overlay,auto,source=google-trends,first_seen=2026-08-28,last_seen=2026-09-07,seen_days_30=2,signal_14=0,signal_30=0,windows_14=,max_traffic=1000,status=active
王乃伃	-2.1	chiaki-auto-hotwords-overlay,auto,source=google-trends,first_seen=2026-10-03,last_seen=2026-10-05,seen_days_30=3,signal_14=11,signal_30=11,windows_14=48h+7d,max_traffic=2000,status=active
王侃	-3.0	chiaki-auto-hotwords-overlay,auto,source=google-trends+google-trends-trending,first_seen=2026-07-20,last_seen=2026-07-26,seen_days_30=0,signal_14=0,signal_30=0,windows_14=,max_traffic=200,status=dormant
王俐人	-2.6	chiaki-auto-hotwords-overlay,auto,source=google-trends,first_seen=2026-07-14,last_seen=2026-09-17,seen_days_30=6,signal_14=0,signal_30=0,windows_14=,max_traffic=2000,status=active
王健陞	-2.6	chiaki-auto-hotwords-overlay,auto,source=google-trends,first_seen=2026-09-08,last_seen=2026-09-14,seen_days_30=7,signal_14=0,signal_30=0,windows_14=,max_traffic=2000,status=active
王冠閎	-1.9	chiaki-auto-hotwords-overlay,auto,source=google-trends,first_seen=2026-09-26,last_seen=2026-10-02,seen_days_30=7,signal_14=26,signal_30=26,windows_14=24h+48h+7d,max_traffic=10000,status=active
王嘉爾	-2.8	chiaki-auto-hotwords-overlay,auto,source=google-trends,first_seen=2026-08-15,last_seen=2026-08-15,seen_days_30=0,signal_14=0,signal_30=0,windows_14=,max_traffic=100,status=cooling
王夏紅	-2.6	chiaki-auto-hotwords-overlay,auto,source=google-trends,first_seen=2026-09-05,last_seen=2026-09-11,seen_days_30=6,signal_14=0,signal_30=0,windows_14=,max_traffic=5000,status=active
王威晨	-2.6	chiaki-auto-hotwords-overlay,auto,source=google-trends,first_seen=2026-09-10,last_seen=2026-09-18,seen_days_30=9,signal_14=0,signal_30=0,windows_14=,max_traffic=1000,status=active
王婉玲	-2.6	chiaki-auto-hotwords-overlay,auto,source=google-trends,first_seen=2026-09-01,last_seen=2026-09-07,seen_days_30=2,signal_14=0,signal_30=0,windows_14=,max_traffic=200,status=active
王婉諭	-2.8	chiaki-auto-hotwords-overlay,auto,source=google-trends+google-trends-trending+ptt-gossiping,first_seen=2026-07-20,last_seen=2026-08-19,seen_days_30=0,signal_14=0,signal_30=0,windows_14=,max_traffic=1000,status=cooling
王宇婕	-2.8	chiaki-auto-hotwords-overlay,auto,source=google-trends,first_seen=2026-08-02,last_seen=2026-08-16,seen_days_30=0,signal_14=0,signal_30=0,windows_14=,max_traffic=2000,status=cooling
王定宇	-3.0	chiaki-auto-hotwords-overlay,auto,source=google-trends+google-trends-trending,first_seen=2026-06-25,last_seen=2026-07-28,seen_days_30=0,signal_14=0,signal_30=0,windows_14=,max_traffic=20000,status=dormant
王宥忻	-3.0	chiaki-auto-hotwords-overlay,auto,source=google-trends,first_seen=2026-07-27,last_seen=2026-08-02,seen_days_30=0,signal_14=0,signal_30=0,windows_14=,max_traffic=200,status=dormant
王彥程	-2.6	chiaki-auto-hotwords-overlay,auto,source=google-trends+google-trends-trending,first_seen=2026-07-24,last_seen=2026-09-16,seen_days_30=7,signal_14=0,signal_30=0,windows_14=,max_traffic=2000,status=active
王志豐	-2.6	chiaki-auto-hotwords-overlay,auto,source=google-trends,first_seen=2026-09-12,last_seen=2026-09-18,seen_days_30=7,signal_14=0,signal_30=0,windows_14=,max_traffic=500,status=active
王政彥	-2.4	chiaki-auto-hotwords-overlay,auto,source=google-trends,first_seen=2026-09-15,last_seen=2026-09-21,seen_days_30=7,signal_14=0,signal_30=0,windows_14=,max_traffic=200,status=active
王文洋	-3.0	chiaki-auto-hotwords-overlay,auto,source=google-trends+google-trends-trending,first_seen=2026-07-25,last_seen=2026-07-31,seen_days_30=0,signal_14=0,signal_30=0,windows_14=,max_traffic=1000,status=dormant
王楚欽	-2.4	chiaki-auto-hotwords-overlay,auto,source=google-trends,first_seen=2026-07-27,last_seen=2026-09-29,seen_days_30=8,signal_14=3,signal_30=3,windows_14=7d,max_traffic=5000,status=active
王榮璋	-2.8	chiaki-auto-hotwords-overlay,auto,source=google-trends,first_seen=2026-08-12,last_seen=2026-08-18,seen_days_30=0,signal_14=0,signal_30=0,windows_14=,max_traffic=500,status=cooling
王欣雨	-2.8	chiaki-auto-hotwords-overlay,auto,source=google-trends,first_seen=2026-08-01,last_seen=2026-08-07,seen_days_30=0,signal_14=0,signal_30=0,windows_14=,max_traffic=2000,status=cooling
王正旭	-2.8	chiaki-auto-hotwords-overlay,auto,source=google-trends,first_seen=2026-08-11,last_seen=2026-08-17,seen_days_30=0,signal_14=0,signal_30=0,windows_14=,max_traffic=2000,status=cooling
王沛清	-2.6	chiaki-auto-hotwords-overlay,auto,source=google-trends,first_seen=2026-09-09,last_seen=2026-09-13,seen_days_30=5,signal_14=0,signal_30=0,windows_14=,max_traffic=5000,status=active
王泉仁	-1.9	chiaki-auto-hotwords-overlay,auto,source=google-trends+google-trends-trending,first_seen=2026-07-19,last_seen=2026-09-26,seen_days_30=7,signal_14=15,signal_30=15,windows_14=7d,max_traffic=5000,status=active
王浩宇	-2.6	chiaki-auto-hotwords-overlay,auto,source=google-trends,first_seen=2026-08-30,last_seen=2026-09-05,seen_days_30=0,signal_14=0,signal_30=0,windows_14=,max_traffic=2000,status=active
王秋冠	-2.1	chiaki-auto-hotwords-overlay,auto,source=google-trends,first_seen=2026-09-18,last_seen=2026-09-23,seen_days_30=6,signal_14=6,signal_30=6,windows_14=7d,max_traffic=20000,status=active
王秋怡	-2.8	chiaki-auto-hotwords-overlay,auto,source=google-trends,first_seen=2026-08-06,last_seen=2026-08-12,seen_days_30=0,signal_14=0,signal_30=0,windows_14=,max_traffic=100,status=cooling
王維皓	-3.0	chiaki-auto-hotwords-overlay,auto,source=google-trends+google-trends-trending,first_seen=2026-07-23,last_seen=2026-07-29,seen_days_30=0,signal_14=0,signal_30=0,windows_14=,max_traffic=500,status=dormant
王育敏	-2.8	chiaki-auto-hotwords-overlay,auto,source=google-trends,first_seen=2026-08-12,last_seen=2026-08-18,seen_days_30=0,signal_14=0,signal_30=0,windows_14=,max_traffic=5000,status=cooling
王虹	-3.0	chiaki-auto-hotwords-overlay,auto,source=google-trends+google-trends-trending,first_seen=2026-07-27,last_seen=2026-07-31,seen_days_30=0,signal_14=0,signal_30=0,windows_14=,max_traffic=5000,status=dormant
王銘嶼	-2.6	chiaki-auto-hotwords-overlay,auto,source=google-trends,first_seen=2026-08-12,last_seen=2026-09-08,seen_days_30=3,signal_14=0,signal_30=0,windows_14=,max_traffic=1000,status=active
王顯瑜	-2.6	chiaki-auto-hotwords-overlay,auto,source=google-trends,first_seen=2026-09-14,last_seen=2026-09-20,seen_days_30=7,signal_14=0,signal_30=0,windows_14=,max_traffic=1000,status=active
王鶴棣	-2.1	chiaki-auto-hotwords-overlay,auto,source=google-trends+google-trends-trending,first_seen=2026-07-23,last_seen=2026-09-23,seen_days_30=7,signal_14=6,signal_30=6,windows_14=7d,max_traffic=20000,status=active
王鷗	-2.6	chiaki-auto-hotwords-overlay,auto,source=google-trends,first_seen=2026-09-01,last_seen=2026-09-07,seen_days_30=2,signal_14=0,signal_30=0,windows_14=,max_traffic=5000,status=active
玩股網	-2.8	chiaki-auto-hotwords-overlay,auto,source=google-trends,first_seen=2026-08-24,last_seen=2026-08-30,seen_days_30=0,signal_14=0,signal_30=0,windows_14=,max_traffic=2000,status=cooling
珉豪	-2.8	chiaki-auto-hotwords-overlay,auto,source=google-trends+google-trends-trending,first_seen=2026-07-20,last_seen=2026-08-30,seen_days_30=0,signal_14=0,signal_30=0,windows_14=,max_traffic=10000,status=cooling
珍琳	-2.1	chiaki-auto-hotwords-overlay,auto,source=google-trends,first_seen=2026-09-19,last_seen=2026-09-25,seen_days_30=6,signal_14=9,signal_30=9,windows_14=7d,max_traffic=1000,status=active
班鐵翔	-2.4	chiaki-auto-hotwords-overlay,auto,source=google-trends,first_seen=2026-09-19,last_seen=2026-09-25,seen_days_30=3,signal_14=3,signal_30=3,windows_14=7d,max_traffic=200,status=active
球王比利	-3.0	chiaki-auto-hotwords-overlay,auto,source=google-trends+google-trends-trending,first_seen=2026-07-20,last_seen=2026-07-26,seen_days_30=0,signal_14=0,signal_30=0,windows_14=,max_traffic=1000,status=dormant
理專	-3.0	chiaki-auto-hotwords-overlay,auto,source=google-trends+google-trends-trending,first_seen=2026-07-23,last_seen=2026-07-23,seen_days_30=0,signal_14=0,signal_30=0,windows_14=,max_traffic=500,status=dormant,derived_from=國泰理專詐騙
琴葛雷	-3.0	chiaki-auto-hotwords-overlay,auto,source=google-trends,first_seen=2026-07-31,last_seen=2026-08-05,seen_days_30=0,signal_14=0,signal_30=0,windows_14=,max_traffic=5000,status=dormant
瑞儀	-2.8	chiaki-auto-hotwords-overlay,auto,source=google-trends,first_seen=2026-08-14,last_seen=2026-08-20,seen_days_30=0,signal_14=0,signal_30=0,windows_14=,max_traffic=1000,status=cooling
瑞昱	-2.6	chiaki-auto-hotwords-overlay,auto,source=google-trends,first_seen=2026-08-01,last_seen=2026-09-15,seen_days_30=8,signal_14=0,signal_30=0,windows_14=,max_traffic=1000,status=active,derived_from=瑞昱半導體
瑞軒	-2.1	chiaki-auto-hotwords-overlay,auto,source=google-trends,first_seen=2026-08-22,last_seen=2026-09-24,seen_days_30=7,signal_14=9,signal_30=9,windows_14=7d,max_traffic=2000,status=active
瑟姆	-2.8	chiaki-auto-hotwords-overlay,auto,source=google-trends,first_seen=2026-07-31,last_seen=2026-08-06,seen_days_30=0,signal_14=0,signal_30=0,windows_14=,max_traffic=500,status=cooling,derived_from=利物浦對雷克瑟姆
瑪帝斯	-2.8	chiaki-auto-hotwords-overlay,auto,source=google-trends,first_seen=2026-08-13,last_seen=2026-08-19,seen_days_30=0,signal_14=0,signal_30=0,windows_14=,max_traffic=2000,status=cooling
瑪法達	-3.0	chiaki-auto-hotwords-overlay,auto,source=google-trends,first_seen=2026-07-30,last_seen=2026-08-05,seen_days_30=0,signal_14=0,signal_30=0,windows_14=,max_traffic=100,status=dormant
璃來龍	-2.8	chiaki-auto-hotwords-overlay,auto,source=google-trends,first_seen=2026-08-25,last_seen=2026-08-30,seen_days_30=0,signal_14=0,signal_30=0,windows_14=,max_traffic=5000,status=cooling
璞永敦仰	-2.8	chiaki-auto-hotwords-overlay,auto,source=google-trends,first_seen=2026-08-22,last_seen=2026-08-28,seen_days_30=0,signal_14=0,signal_30=0,windows_14=,max_traffic=2000,status=cooling
生技展	-3.0	chiaki-auto-hotwords-overlay,auto,source=google-trends+google-trends-trending,first_seen=2026-07-17,last_seen=2026-07-23,seen_days_30=0,signal_14=0,signal_30=0,windows_14=,max_traffic=200,status=dormant
田中麻帆	-2.1	chiaki-auto-hotwords-overlay,auto,source=google-trends,first_seen=2026-09-18,last_seen=2026-09-24,seen_days_30=7,signal_14=9,signal_30=9,windows_14=7d,max_traffic=500,status=active
田口真彩	-2.8	chiaki-auto-hotwords-overlay,auto,source=google-trends,first_seen=2026-08-02,last_seen=2026-08-17,seen_days_30=0,signal_14=0,signal_30=0,windows_14=,max_traffic=1000,status=cooling
田山盛國	-2.8	chiaki-auto-hotwords-overlay,auto,source=google-trends,first_seen=2026-08-27,last_seen=2026-09-02,seen_days_30=0,signal_14=0,signal_30=0,windows_14=,max_traffic=500,status=cooling
田啟文	-2.8	chiaki-auto-hotwords-overlay,auto,source=google-trends,first_seen=2026-07-13,last_seen=2026-08-06,seen_days_30=0,signal_14=0,signal_30=0,windows_14=,max_traffic=2000,status=cooling
田方倫	-2.8	chiaki-auto-hotwords-overlay,auto,source=google-trends,first_seen=2026-08-27,last_seen=2026-09-01,seen_days_30=0,signal_14=0,signal_30=0,windows_14=,max_traffic=2000,status=cooling
田耕紀	-2.8	chiaki-auto-hotwords-overlay,auto,source=google-trends,first_seen=2026-08-28,last_seen=2026-09-02,seen_days_30=0,signal_14=0,signal_30=0,windows_14=,max_traffic=500,status=cooling
田路路	-2.8	chiaki-auto-hotwords-overlay,auto,source=google-trends,first_seen=2026-07-30,last_seen=2026-08-26,seen_days_30=0,signal_14=0,signal_30=0,windows_14=,max_traffic=20000,status=cooling
甲亢哥	-2.6	chiaki-auto-hotwords-overlay,auto,source=google-trends,first_seen=2026-09-11,last_seen=2026-09-17,seen_days_30=3,signal_14=0,signal_30=0,windows_14=,max_traffic=2000,status=active
申力安	-2.8	chiaki-auto-hotwords-overlay,auto,source=google-trends,first_seen=2026-08-21,last_seen=2026-08-27,seen_days_30=0,signal_14=0,signal_30=0,windows_14=,max_traffic=100,status=cooling
申智恩	-1.9	chiaki-auto-hotwords-overlay,auto,source=google-trends,first_seen=2026-09-25,last_seen=2026-10-01,seen_days_30=7,signal_14=26,signal_30=26,windows_14=24h+48h+7d,max_traffic=200,status=active
申皓瑋	-2.6	chiaki-auto-hotwords-overlay,auto,source=google-trends,first_seen=2026-09-14,last_seen=2026-09-20,seen_days_30=7,signal_14=0,signal_30=0,windows_14=,max_traffic=100,status=active
申知原	-2.6	chiaki-auto-hotwords-overlay,auto,source=google-trends,first_seen=2026-09-06,last_seen=2026-09-12,seen_days_30=7,signal_14=0,signal_30=0,windows_14=,max_traffic=2000,status=active
畢書盡	-2.4	chiaki-auto-hotwords-overlay,auto,source=google-trends,first_seen=2026-09-06,last_seen=2026-09-21,seen_days_30=14,signal_14=0,signal_30=0,windows_14=,max_traffic=1000,status=active
異環	-2.8	chiaki-auto-hotwords-overlay,auto,source=ptt-cchat,first_seen=2026-08-14,last_seen=2026-08-21,seen_days_30=0,signal_14=0,signal_30=0,windows_14=,max_traffic=112,status=cooling
瘦瘦針	-2.4	chiaki-auto-hotwords-overlay,auto,source=google-trends,first_seen=2026-08-18,last_seen=2026-09-21,seen_days_30=7,signal_14=0,signal_30=0,windows_14=,max_traffic=500,status=active
白合	-2.6	chiaki-auto-hotwords-overlay,auto,source=ptt-gossiping,first_seen=2026-08-31,last_seen=2026-09-07,seen_days_30=1,signal_14=0,signal_30=0,windows_14=,max_traffic=145,status=active
白埔	-2.6	chiaki-auto-hotwords-overlay,auto,source=google-trends,first_seen=2026-09-02,last_seen=2026-09-09,seen_days_30=4,signal_14=0,signal_30=0,windows_14=,max_traffic=5000,status=active,derived_from=白埔產業園區
白家綺	-2.6	chiaki-auto-hotwords-overlay,auto,source=google-trends+google-trends-trending,first_seen=2026-07-17,last_seen=2026-09-08,seen_days_30=3,signal_14=0,signal_30=0,windows_14=,max_traffic=200,status=active
白晶	-2.8	chiaki-auto-hotwords-overlay,auto,source=google-trends,first_seen=2026-08-24,last_seen=2026-08-30,seen_days_30=0,signal_14=0,signal_30=0,windows_14=,max_traffic=100,status=cooling
白永河	-2.8	chiaki-auto-hotwords-overlay,auto,source=google-trends,first_seen=2026-08-02,last_seen=2026-08-08,seen_days_30=0,signal_14=0,signal_30=0,windows_14=,max_traffic=1000,status=cooling,derived_from=白永河醫師
白珍熙	-2.6	chiaki-auto-hotwords-overlay,auto,source=google-trends,first_seen=2026-09-08,last_seen=2026-09-14,seen_days_30=7,signal_14=0,signal_30=0,windows_14=,max_traffic=200,status=active
白蝦	-2.4	chiaki-auto-hotwords-overlay,auto,source=google-trends,first_seen=2026-08-31,last_seen=2026-09-22,seen_days_30=7,signal_14=3,signal_30=3,windows_14=7d,max_traffic=5000,status=active
百味人生	-2.8	chiaki-auto-hotwords-overlay,auto,source=google-trends+google-trends-trending,first_seen=2026-07-23,last_seen=2026-08-17,seen_days_30=0,signal_14=0,signal_30=0,windows_14=,max_traffic=200,status=cooling
盛夏晴朗	-2.1	chiaki-auto-hotwords-overlay,auto,source=google-trends,first_seen=2026-09-17,last_seen=2026-09-23,seen_days_30=7,signal_14=6,signal_30=6,windows_14=7d,max_traffic=2000,status=active
盟立	-2.6	chiaki-auto-hotwords-overlay,auto,source=google-trends,first_seen=2026-08-12,last_seen=2026-09-09,seen_days_30=3,signal_14=0,signal_30=0,windows_14=,max_traffic=2000,status=active
盧卡庫	-3.0	chiaki-auto-hotwords-overlay,auto,source=google-trends,first_seen=2026-07-12,last_seen=2026-07-18,seen_days_30=0,signal_14=0,signal_30=0,windows_14=,max_traffic=100,status=dormant
盧可沛	-1.9	chiaki-auto-hotwords-overlay,auto,source=google-trends,first_seen=2026-09-25,last_seen=2026-09-30,seen_days_30=6,signal_14=20,signal_30=20,windows_14=48h+7d,max_traffic=200,status=active
盧孟揚	-3.0	chiaki-auto-hotwords-overlay,auto,source=google-trends,first_seen=2026-07-09,last_seen=2026-07-15,seen_days_30=0,signal_14=0,signal_30=0,windows_14=,max_traffic=2000,status=dormant
盧昱曉	-3.0	chiaki-auto-hotwords-overlay,auto,source=google-trends,first_seen=2026-07-10,last_seen=2026-07-16,seen_days_30=0,signal_14=0,signal_30=0,windows_14=,max_traffic=200,status=dormant
盧柏華	-2.8	chiaki-auto-hotwords-overlay,auto,source=google-trends,first_seen=2026-08-05,last_seen=2026-08-11,seen_days_30=0,signal_14=0,signal_30=0,windows_14=,max_traffic=100,status=cooling
直雲	-3.0	chiaki-auto-hotwords-overlay,auto,source=google-trends+google-trends-trending,first_seen=2026-07-27,last_seen=2026-08-01,seen_days_30=0,signal_14=0,signal_30=0,windows_14=,max_traffic=1000,status=dormant
眼鏡王蛇	-2.8	chiaki-auto-hotwords-overlay,auto,source=google-trends,first_seen=2026-08-25,last_seen=2026-09-01,seen_days_30=0,signal_14=0,signal_30=0,windows_14=,max_traffic=2000,status=cooling
眾量級	-2.8	chiaki-auto-hotwords-overlay,auto,source=google-trends,first_seen=2026-08-25,last_seen=2026-08-31,seen_days_30=0,signal_14=0,signal_30=0,windows_14=,max_traffic=500,status=cooling
知新聞	-2.8	chiaki-auto-hotwords-overlay,auto,source=google-trends,first_seen=2026-08-19,last_seen=2026-08-25,seen_days_30=0,signal_14=0,signal_30=0,windows_14=,max_traffic=5000,status=cooling
短今	-2.6	chiaki-auto-hotwords-overlay,auto,source=google-trends,first_seen=2026-09-09,last_seen=2026-09-17,seen_days_30=9,signal_14=0,signal_30=0,windows_14=,max_traffic=500,status=active
石公潭	-3.0	chiaki-auto-hotwords-overlay,auto,source=google-trends,first_seen=2026-07-28,last_seen=2026-08-03,seen_days_30=0,signal_14=0,signal_30=0,windows_14=,max_traffic=2000,status=dormant
石宇奇	-2.8	chiaki-auto-hotwords-overlay,auto,source=google-trends+google-trends-trending,first_seen=2026-07-26,last_seen=2026-08-25,seen_days_30=0,signal_14=0,signal_30=0,windows_14=,max_traffic=1000,status=cooling
石崇良	-2.8	chiaki-auto-hotwords-overlay,auto,source=google-trends+google-trends-trending+ptt-gossiping,first_seen=2026-07-22,last_seen=2026-08-27,seen_days_30=0,signal_14=0,signal_30=0,windows_14=,max_traffic=2000,status=cooling
矽光子	-2.8	chiaki-auto-hotwords-overlay,auto,source=google-trends,first_seen=2026-09-01,last_seen=2026-09-01,seen_days_30=0,signal_14=0,signal_30=0,windows_14=,max_traffic=100,status=cooling
矽光子學	-2.6	chiaki-auto-hotwords-overlay,auto,source=google-trends,first_seen=2026-07-14,last_seen=2026-09-12,seen_days_30=7,signal_14=0,signal_30=0,windows_14=,max_traffic=10000,status=active
矽格	-2.1	chiaki-auto-hotwords-overlay,auto,source=google-trends,first_seen=2026-09-19,last_seen=2026-09-24,seen_days_30=6,signal_14=9,signal_30=9,windows_14=7d,max_traffic=200,status=active
矽盾	-2.6	chiaki-auto-hotwords-overlay,auto,source=google-trends,first_seen=2026-09-10,last_seen=2026-09-15,seen_days_30=6,signal_14=0,signal_30=0,windows_14=,max_traffic=2000,status=active
砷化鎵	-2.1	chiaki-auto-hotwords-overlay,auto,source=google-trends,first_seen=2026-07-28,last_seen=2026-10-05,seen_days_30=5,signal_14=8,signal_30=8,windows_14=48h+7d,max_traffic=2000,status=active
碳化矽	-2.8	chiaki-auto-hotwords-overlay,auto,source=google-trends,first_seen=2026-08-17,last_seen=2026-08-23,seen_days_30=0,signal_14=0,signal_30=0,windows_14=,max_traffic=500,status=cooling
磷化銦	-1.9	chiaki-auto-hotwords-overlay,auto,source=google-trends,first_seen=2026-08-02,last_seen=2026-09-30,seen_days_30=8,signal_14=26,signal_30=26,windows_14=24h+48h+7d,max_traffic=5000,status=active
神達	-2.6	chiaki-auto-hotwords-overlay,auto,source=google-trends+google-trends-trending,first_seen=2026-07-02,last_seen=2026-09-16,seen_days_30=6,signal_14=0,signal_30=0,windows_14=,max_traffic=2000,status=active
福慧隔屏	-2.8	chiaki-auto-hotwords-overlay,auto,source=google-trends,first_seen=2026-08-05,last_seen=2026-08-14,seen_days_30=0,signal_14=0,signal_30=0,windows_14=,max_traffic=1000,status=cooling
福懋油脂	-3.0	chiaki-auto-hotwords-overlay,auto,source=google-trends+google-trends-trending,first_seen=2026-07-25,last_seen=2026-07-26,seen_days_30=0,signal_14=0,signal_30=0,windows_14=,max_traffic=500,status=dormant
福源	-1.9	chiaki-auto-hotwords-overlay,auto,source=google-trends,first_seen=2026-09-23,last_seen=2026-09-29,seen_days_30=7,signal_14=26,signal_30=26,windows_14=24h+48h+7d,max_traffic=100,status=active,derived_from=福源花生醬
萬大線	-2.8	chiaki-auto-hotwords-overlay,auto,source=google-trends,first_seen=2026-08-05,last_seen=2026-08-10,seen_days_30=0,signal_14=0,signal_30=0,windows_14=,max_traffic=2000,status=cooling
萬波	-2.8	chiaki-auto-hotwords-overlay,auto,source=google-trends,first_seen=2026-07-31,last_seen=2026-08-06,seen_days_30=0,signal_14=0,signal_30=0,windows_14=,max_traffic=2000,status=cooling
萬裡溪	-2.8	chiaki-auto-hotwords-overlay,auto,source=google-trends+google-trends-trending,first_seen=2026-06-29,last_seen=2026-08-31,seen_days_30=0,signal_14=0,signal_30=0,windows_14=,max_traffic=5000,status=cooling,derived_from=萬裡溪堰塞湖
禾伸堂	-2.6	chiaki-auto-hotwords-overlay,auto,source=google-trends+google-trends-trending,first_seen=2026-06-26,last_seen=2026-09-14,seen_days_30=7,signal_14=0,signal_30=0,windows_14=,max_traffic=10000,status=active
禾羽	-3.0	chiaki-auto-hotwords-overlay,auto,source=google-trends,first_seen=2026-07-31,last_seen=2026-08-02,seen_days_30=0,signal_14=0,signal_30=0,windows_14=,max_traffic=20000,status=dormant
秀姑巒山	-2.8	chiaki-auto-hotwords-overlay,auto,source=google-trends,first_seen=2026-08-10,last_seen=2026-08-16,seen_days_30=0,signal_14=0,signal_30=0,windows_14=,max_traffic=200,status=cooling
秋元優裡	-2.8	chiaki-auto-hotwords-overlay,auto,source=google-trends,first_seen=2026-08-28,last_seen=2026-09-03,seen_days_30=0,signal_14=0,signal_30=0,windows_14=,max_traffic=1000,status=cooling
秦慧珠	-2.6	chiaki-auto-hotwords-overlay,auto,source=google-trends,first_seen=2026-08-29,last_seen=2026-09-17,seen_days_30=7,signal_14=0,signal_30=0,windows_14=,max_traffic=10000,status=active
秦楓	-3.0	chiaki-auto-hotwords-overlay,auto,source=google-trends,first_seen=2026-08-01,last_seen=2026-08-01,seen_days_30=0,signal_14=0,signal_30=0,windows_14=,max_traffic=500,status=dormant
秦焰	-2.8	chiaki-auto-hotwords-overlay,auto,source=google-trends,first_seen=2026-08-11,last_seen=2026-08-17,seen_days_30=0,signal_14=0,signal_30=0,windows_14=,max_traffic=20000,status=cooling
程師	-2.8	chiaki-auto-hotwords-overlay,auto,source=ptt-cchat+ptt-gossiping,first_seen=2026-08-19,last_seen=2026-08-31,seen_days_30=0,signal_14=0,signal_30=0,windows_14=,max_traffic=217,status=cooling
穎崴	-2.6	chiaki-auto-hotwords-overlay,auto,source=google-trends,first_seen=2026-08-04,last_seen=2026-09-08,seen_days_30=3,signal_14=0,signal_30=0,windows_14=,max_traffic=200,status=active
穩懋	-1.9	chiaki-auto-hotwords-overlay,auto,source=google-trends+google-trends-trending,first_seen=2026-07-23,last_seen=2026-10-05,seen_days_30=10,signal_14=26,signal_30=26,windows_14=24h+48h+7d,max_traffic=2000,status=active
立凱電	-2.8	chiaki-auto-hotwords-overlay,auto,source=google-trends,first_seen=2026-08-13,last_seen=2026-08-19,seen_days_30=0,signal_14=0,signal_30=0,windows_14=,max_traffic=200,status=cooling
童子瑋	-1.9	chiaki-auto-hotwords-overlay,auto,source=google-trends,first_seen=2026-09-02,last_seen=2026-10-05,seen_days_30=15,signal_14=26,signal_30=26,windows_14=24h+48h+7d,max_traffic=2000,status=active
竹聯幫	-2.8	chiaki-auto-hotwords-overlay,auto,source=google-trends+google-trends-trending,first_seen=2026-07-05,last_seen=2026-09-01,seen_days_30=0,signal_14=0,signal_30=0,windows_14=,max_traffic=1000,status=cooling,derived_from=竹聯幫弘仁會
第二杯	-2.6	chiaki-auto-hotwords-overlay,auto,source=google-trends,first_seen=2026-09-10,last_seen=2026-09-16,seen_days_30=5,signal_14=0,signal_30=0,windows_14=,max_traffic=2000,status=active
等積	-2.6	chiaki-auto-hotwords-overlay,auto,source=google-trends,first_seen=2026-09-06,last_seen=2026-09-12,seen_days_30=7,signal_14=0,signal_30=0,windows_14=,max_traffic=500,status=active,derived_from=等積投影地圖
管中閔	-2.6	chiaki-auto-hotwords-overlay,auto,source=google-trends,first_seen=2026-08-04,last_seen=2026-09-18,seen_days_30=7,signal_14=0,signal_30=0,windows_14=,max_traffic=2000,status=active
範國宸	-2.6	chiaki-auto-hotwords-overlay,auto,source=google-trends,first_seen=2026-09-14,last_seen=2026-09-20,seen_days_30=7,signal_14=0,signal_30=0,windows_14=,max_traffic=2000,status=active
範怡文	-3.0	chiaki-auto-hotwords-overlay,auto,source=google-trends,first_seen=2026-06-26,last_seen=2026-07-18,seen_days_30=0,signal_14=0,signal_30=0,windows_14=,max_traffic=50000,status=dormant
範振宗	-2.6	chiaki-auto-hotwords-overlay,auto,source=google-trends,first_seen=2026-09-04,last_seen=2026-09-10,seen_days_30=5,signal_14=0,signal_30=0,windows_14=,max_traffic=50000,status=active
範瑋琪	-2.4	chiaki-auto-hotwords-overlay,auto,source=google-trends,first_seen=2026-09-17,last_seen=2026-09-23,seen_days_30=3,signal_14=3,signal_30=3,windows_14=7d,max_traffic=5000,status=active
範瑞君	-2.8	chiaki-auto-hotwords-overlay,auto,source=google-trends,first_seen=2026-08-12,last_seen=2026-08-19,seen_days_30=0,signal_14=0,signal_30=0,windows_14=,max_traffic=100,status=cooling
範織欽	-2.8	chiaki-auto-hotwords-overlay,auto,source=google-trends,first_seen=2026-08-08,last_seen=2026-08-14,seen_days_30=0,signal_14=0,signal_30=0,windows_14=,max_traffic=200,status=cooling
範雲	-2.8	chiaki-auto-hotwords-overlay,auto,source=google-trends+ptt-gossiping,first_seen=2026-08-06,last_seen=2026-08-16,seen_days_30=0,signal_14=0,signal_30=0,windows_14=,max_traffic=200,status=cooling
簡幸甫	-2.6	chiaki-auto-hotwords-overlay,auto,source=google-trends,first_seen=2026-07-29,last_seen=2026-09-16,seen_days_30=7,signal_14=0,signal_30=0,windows_14=,max_traffic=5000,status=active
簡拉維	-2.8	chiaki-auto-hotwords-overlay,auto,source=google-trends+ptt-gossiping,first_seen=2026-08-23,last_seen=2026-08-29,seen_days_30=0,signal_14=0,signal_30=0,windows_14=,max_traffic=20000,status=cooling
簡水綿	-2.8	chiaki-auto-hotwords-overlay,auto,source=google-trends,first_seen=2026-08-22,last_seen=2026-08-23,seen_days_30=0,signal_14=0,signal_30=0,windows_14=,max_traffic=50000,status=cooling
簡舒培	-2.6	chiaki-auto-hotwords-overlay,auto,source=google-trends+google-trends-trending,first_seen=2026-07-17,last_seen=2026-09-15,seen_days_30=1,signal_14=0,signal_30=0,windows_14=,max_traffic=20000,status=active
籃籃	-2.8	chiaki-auto-hotwords-overlay,auto,source=google-trends+google-trends-trending,first_seen=2026-07-08,last_seen=2026-08-31,seen_days_30=0,signal_14=0,signal_30=0,windows_14=,max_traffic=5000,status=cooling
米哈遊	-2.8	chiaki-auto-hotwords-overlay,auto,source=ptt-cchat,first_seen=2026-08-27,last_seen=2026-08-28,seen_days_30=0,signal_14=0,signal_30=0,windows_14=,max_traffic=132,status=cooling
米玉傑	-2.4	chiaki-auto-hotwords-overlay,auto,source=google-trends,first_seen=2026-09-16,last_seen=2026-09-22,seen_days_30=7,signal_14=3,signal_30=3,windows_14=7d,max_traffic=200,status=active
精材	-2.4	chiaki-auto-hotwords-overlay,auto,source=google-trends+google-trends-trending,first_seen=2026-07-16,last_seen=2026-09-21,seen_days_30=7,signal_14=0,signal_30=0,windows_14=,max_traffic=2000,status=active
精誠資訊	-2.8	chiaki-auto-hotwords-overlay,auto,source=google-trends,first_seen=2026-08-17,last_seen=2026-08-19,seen_days_30=0,signal_14=0,signal_30=0,windows_14=,max_traffic=10000,status=cooling
紀卜心	-3.0	chiaki-auto-hotwords-overlay,auto,source=google-trends,first_seen=2026-07-14,last_seen=2026-07-20,seen_days_30=0,signal_14=0,signal_30=0,windows_14=,max_traffic=2000,status=dormant
紀寶如	-2.8	chiaki-auto-hotwords-overlay,auto,source=google-trends,first_seen=2026-08-05,last_seen=2026-08-06,seen_days_30=0,signal_14=0,signal_30=0,windows_14=,max_traffic=2000,status=cooling
紀慶然	-2.6	chiaki-auto-hotwords-overlay,auto,source=google-trends,first_seen=2026-09-14,last_seen=2026-09-20,seen_days_30=7,signal_14=0,signal_30=0,windows_14=,max_traffic=5000,status=active
紅眼露比	-3.0	chiaki-auto-hotwords-overlay,auto,source=google-trends+google-trends-trending,first_seen=2026-07-24,last_seen=2026-07-29,seen_days_30=0,signal_14=0,signal_30=0,windows_14=,max_traffic=20000,status=dormant
紅魔鄉	-2.6	chiaki-auto-hotwords-overlay,auto,source=ptt-cchat,first_seen=2026-09-11,last_seen=2026-09-14,seen_days_30=2,signal_14=0,signal_30=0,windows_14=,max_traffic=827,status=active
納斯卡線	-2.8	chiaki-auto-hotwords-overlay,auto,source=google-trends,first_seen=2026-08-03,last_seen=2026-08-09,seen_days_30=0,signal_14=0,signal_30=0,windows_14=,max_traffic=500,status=cooling
紫布爾	-2.8	chiaki-auto-hotwords-overlay,auto,source=google-trends,first_seen=2026-08-08,last_seen=2026-08-14,seen_days_30=0,signal_14=0,signal_30=0,windows_14=,max_traffic=200,status=cooling
終末地	-2.6	chiaki-auto-hotwords-overlay,auto,source=ptt-cchat,first_seen=2026-08-02,last_seen=2026-09-12,seen_days_30=1,signal_14=0,signal_30=0,windows_14=,max_traffic=124,status=active
統促黨	-3.0	chiaki-auto-hotwords-overlay,auto,source=google-trends,first_seen=2026-07-31,last_seen=2026-08-05,seen_days_30=0,signal_14=0,signal_30=0,windows_14=,max_traffic=500,status=dormant
綠褶菇	-2.8	chiaki-auto-hotwords-overlay,auto,source=google-trends,first_seen=2026-08-23,last_seen=2026-08-29,seen_days_30=0,signal_14=0,signal_30=0,windows_14=,max_traffic=100,status=cooling
綠鬣蜥	-1.9	chiaki-auto-hotwords-overlay,auto,source=google-trends,first_seen=2026-08-01,last_seen=2026-09-25,seen_days_30=13,signal_14=12,signal_30=12,windows_14=7d,max_traffic=2000,status=active
維格餅家	-1.9	chiaki-auto-hotwords-overlay,auto,source=google-trends,first_seen=2026-10-01,last_seen=2026-10-05,seen_days_30=5,signal_14=20,signal_30=20,windows_14=24h+48h+7d,max_traffic=5000,status=active
緯穎	-2.1	chiaki-auto-hotwords-overlay,auto,source=google-trends+google-trends-trending,first_seen=2026-07-23,last_seen=2026-09-23,seen_days_30=18,signal_14=6,signal_30=6,windows_14=7d,max_traffic=20000,status=active
緯穎科技	-2.1	chiaki-auto-hotwords-overlay,auto,source=google-trends+google-trends-trending,first_seen=2026-07-21,last_seen=2026-09-24,seen_days_30=19,signal_14=9,signal_30=9,windows_14=7d,max_traffic=5000,status=active
織姬	-2.8	chiaki-auto-hotwords-overlay,auto,source=ptt-cchat,first_seen=2026-08-24,last_seen=2026-08-29,seen_days_30=0,signal_14=0,signal_30=0,windows_14=,max_traffic=101,status=cooling
織田翔希	-2.6	chiaki-auto-hotwords-overlay,auto,source=google-trends,first_seen=2026-09-13,last_seen=2026-09-19,seen_days_30=7,signal_14=0,signal_30=0,windows_14=,max_traffic=500,status=active
羅一鈞	-3.0	chiaki-auto-hotwords-overlay,auto,source=google-trends+google-trends-trending,first_seen=2026-07-20,last_seen=2026-07-27,seen_days_30=0,signal_14=0,signal_30=0,windows_14=,max_traffic=500,status=dormant
羅巧倫	-2.8	chiaki-auto-hotwords-overlay,auto,source=google-trends,first_seen=2026-08-21,last_seen=2026-08-27,seen_days_30=0,signal_14=0,signal_30=0,windows_14=,max_traffic=2000,status=cooling
羅廷瑋	-2.8	chiaki-auto-hotwords-overlay,auto,source=google-trends+ptt-gossiping,first_seen=2026-07-31,last_seen=2026-08-06,seen_days_30=0,signal_14=0,signal_30=0,windows_14=,max_traffic=20000,status=cooling
羅明才	-3.0	chiaki-auto-hotwords-overlay,auto,source=google-trends+google-trends-trending,first_seen=2026-07-25,last_seen=2026-07-30,seen_days_30=0,signal_14=0,signal_30=0,windows_14=,max_traffic=500,status=dormant
羅暎錫	-2.4	chiaki-auto-hotwords-overlay,auto,source=google-trends,first_seen=2026-09-16,last_seen=2026-09-22,seen_days_30=7,signal_14=3,signal_30=3,windows_14=7d,max_traffic=200,status=active
美秀集團	-2.8	chiaki-auto-hotwords-overlay,auto,source=google-trends,first_seen=2026-08-10,last_seen=2026-08-16,seen_days_30=0,signal_14=0,signal_30=0,windows_14=,max_traffic=200,status=cooling
美足聯	-3.0	chiaki-auto-hotwords-overlay,auto,source=google-trends+google-trends-trending,first_seen=2026-07-24,last_seen=2026-08-02,seen_days_30=0,signal_14=0,signal_30=0,windows_14=,max_traffic=200,status=dormant
義民祭	-2.6	chiaki-auto-hotwords-overlay,auto,source=google-trends,first_seen=2026-08-30,last_seen=2026-09-05,seen_days_30=0,signal_14=0,signal_30=0,windows_14=,max_traffic=2000,status=active
義隆	-2.8	chiaki-auto-hotwords-overlay,auto,source=google-trends,first_seen=2026-08-07,last_seen=2026-08-13,seen_days_30=0,signal_14=0,signal_30=0,windows_14=,max_traffic=100,status=cooling
翁倩玉	-2.6	chiaki-auto-hotwords-overlay,auto,source=google-trends,first_seen=2026-07-15,last_seen=2026-09-05,seen_days_30=0,signal_14=0,signal_30=0,windows_14=,max_traffic=5000,status=active
翁曉玲	-2.8	chiaki-auto-hotwords-overlay,auto,source=google-trends,first_seen=2026-07-03,last_seen=2026-08-25,seen_days_30=0,signal_14=0,signal_30=0,windows_14=,max_traffic=5000,status=cooling
翁虹	-3.0	chiaki-auto-hotwords-overlay,auto,source=google-trends,first_seen=2026-07-28,last_seen=2026-08-03,seen_days_30=0,signal_14=0,signal_30=0,windows_14=,max_traffic=1000,status=dormant
翁鈺鈞	-2.6	chiaki-auto-hotwords-overlay,auto,source=google-trends+google-trends-trending,first_seen=2026-07-20,last_seen=2026-09-20,seen_days_30=15,signal_14=0,signal_30=0,windows_14=,max_traffic=5000,status=active
翁章梁	-2.8	chiaki-auto-hotwords-overlay,auto,source=google-trends,first_seen=2026-08-18,last_seen=2026-08-24,seen_days_30=0,signal_14=0,signal_30=0,windows_14=,max_traffic=200,status=cooling
耀華	-2.6	chiaki-auto-hotwords-overlay,auto,source=google-trends,first_seen=2026-09-09,last_seen=2026-09-15,seen_days_30=4,signal_14=0,signal_30=0,windows_14=,max_traffic=1000,status=active
老人味	-2.6	chiaki-auto-hotwords-overlay,auto,source=google-trends,first_seen=2026-09-06,last_seen=2026-09-12,seen_days_30=7,signal_14=0,signal_30=0,windows_14=,max_traffic=1000,status=active
聆薇	-3.0	chiaki-auto-hotwords-overlay,auto,source=google-trends,first_seen=2026-08-01,last_seen=2026-08-05,seen_days_30=0,signal_14=0,signal_30=0,windows_14=,max_traffic=10000,status=dormant
聖暉	-2.8	chiaki-auto-hotwords-overlay,auto,source=google-trends,first_seen=2026-08-12,last_seen=2026-08-18,seen_days_30=0,signal_14=0,signal_30=0,windows_14=,max_traffic=200,status=cooling
聖石金業	-3.0	chiaki-auto-hotwords-overlay,auto,source=google-trends+google-trends-trending,first_seen=2026-07-25,last_seen=2026-07-30,seen_days_30=0,signal_14=0,signal_30=0,windows_14=,max_traffic=2000,status=dormant
聯一光	-2.1	chiaki-auto-hotwords-overlay,auto,source=google-trends,first_seen=2026-08-28,last_seen=2026-09-23,seen_days_30=12,signal_14=6,signal_30=6,windows_14=7d,max_traffic=500,status=active
聯上澐朗	-1.9	chiaki-auto-hotwords-overlay,auto,source=google-trends,first_seen=2026-10-03,last_seen=2026-10-05,seen_days_30=3,signal_14=14,signal_30=14,windows_14=24h+48h+7d,max_traffic=200,status=active
聯亞	-2.6	chiaki-auto-hotwords-overlay,auto,source=google-trends,first_seen=2026-08-07,last_seen=2026-09-15,seen_days_30=7,signal_14=0,signal_30=0,windows_14=,max_traffic=2000,status=active
聯友金屬	-2.6	chiaki-auto-hotwords-overlay,auto,source=google-trends+google-trends-trending,first_seen=2026-07-22,last_seen=2026-09-14,seen_days_30=8,signal_14=0,signal_30=0,windows_14=,max_traffic=2000,status=active
聯盟盃	-2.8	chiaki-auto-hotwords-overlay,auto,source=google-trends,first_seen=2026-08-07,last_seen=2026-08-13,seen_days_30=0,signal_14=0,signal_30=0,windows_14=,max_traffic=500,status=cooling
聯茂	-2.8	chiaki-auto-hotwords-overlay,auto,source=google-trends+google-trends-trending,first_seen=2026-06-26,last_seen=2026-09-03,seen_days_30=0,signal_14=0,signal_30=0,windows_14=,max_traffic=2000,status=cooling
聯茂電子	-2.8	chiaki-auto-hotwords-overlay,auto,source=google-trends,first_seen=2026-08-12,last_seen=2026-09-01,seen_days_30=0,signal_14=0,signal_30=0,windows_14=,max_traffic=2000,status=cooling
聯詠	-3.0	chiaki-auto-hotwords-overlay,auto,source=google-trends,first_seen=2026-07-14,last_seen=2026-07-20,seen_days_30=0,signal_14=0,signal_30=0,windows_14=,max_traffic=2000,status=dormant
聯鈞	-2.6	chiaki-auto-hotwords-overlay,auto,source=google-trends,first_seen=2026-09-09,last_seen=2026-09-15,seen_days_30=7,signal_14=0,signal_30=0,windows_14=,max_traffic=200,status=active
肌少症	-2.6	chiaki-auto-hotwords-overlay,auto,source=google-trends,first_seen=2026-07-14,last_seen=2026-09-15,seen_days_30=6,signal_14=0,signal_30=0,windows_14=,max_traffic=1000,status=active
肖妍倪	-1.9	chiaki-auto-hotwords-overlay,auto,source=google-trends,first_seen=2026-09-19,last_seen=2026-09-25,seen_days_30=7,signal_14=12,signal_30=12,windows_14=7d,max_traffic=200,status=active
股市智投	-2.8	chiaki-auto-hotwords-overlay,auto,source=google-trends,first_seen=2026-08-28,last_seen=2026-09-02,seen_days_30=0,signal_14=0,signal_30=0,windows_14=,max_traffic=500,status=cooling
肥大叔	-2.8	chiaki-auto-hotwords-overlay,auto,source=google-trends,first_seen=2026-08-07,last_seen=2026-08-26,seen_days_30=0,signal_14=0,signal_30=0,windows_14=,max_traffic=20000,status=cooling
胡一天	-2.8	chiaki-auto-hotwords-overlay,auto,source=google-trends,first_seen=2026-08-22,last_seen=2026-08-27,seen_days_30=0,signal_14=0,signal_30=0,windows_14=,max_traffic=500,status=cooling
胡亦嘉	-3.0	chiaki-auto-hotwords-overlay,auto,source=google-trends,first_seen=2026-07-30,last_seen=2026-08-05,seen_days_30=0,signal_14=0,signal_30=0,windows_14=,max_traffic=1000,status=dormant
胡晉豪	-2.8	chiaki-auto-hotwords-overlay,auto,source=google-trends,first_seen=2026-08-17,last_seen=2026-08-23,seen_days_30=0,signal_14=0,signal_30=0,windows_14=,max_traffic=20000,status=cooling
胡正傑	-2.8	chiaki-auto-hotwords-overlay,auto,source=google-trends,first_seen=2026-08-20,last_seen=2026-08-24,seen_days_30=0,signal_14=0,signal_30=0,windows_14=,max_traffic=2000,status=cooling
胡漢龑	-2.6	chiaki-auto-hotwords-overlay,auto,source=google-trends,first_seen=2026-09-10,last_seen=2026-09-15,seen_days_30=6,signal_14=0,signal_30=0,windows_14=,max_traffic=500,status=active
胡玉荷	-2.6	chiaki-auto-hotwords-overlay,auto,source=google-trends,first_seen=2026-09-11,last_seen=2026-09-17,seen_days_30=3,signal_14=0,signal_30=0,windows_14=,max_traffic=200,status=active
臧幼俠	-2.8	chiaki-auto-hotwords-overlay,auto,source=google-trends,first_seen=2026-08-18,last_seen=2026-08-24,seen_days_30=0,signal_14=0,signal_30=0,windows_14=,max_traffic=1000,status=cooling
致茂	-2.8	chiaki-auto-hotwords-overlay,auto,source=google-trends,first_seen=2026-07-08,last_seen=2026-08-10,seen_days_30=0,signal_14=0,signal_30=0,windows_14=,max_traffic=200,status=cooling
臺七線	-2.8	chiaki-auto-hotwords-overlay,auto,source=google-trends,first_seen=2026-08-04,last_seen=2026-08-10,seen_days_30=0,signal_14=0,signal_30=0,windows_14=,max_traffic=200,status=cooling
臺企銀	-2.6	chiaki-auto-hotwords-overlay,auto,source=google-trends,first_seen=2026-09-01,last_seen=2026-09-07,seen_days_30=2,signal_14=0,signal_30=0,windows_14=,max_traffic=200,status=active
臺光電	-2.1	chiaki-auto-hotwords-overlay,auto,source=google-trends,first_seen=2026-08-16,last_seen=2026-09-24,seen_days_30=7,signal_14=9,signal_30=9,windows_14=7d,max_traffic=10000,status=active
臺勝科	-2.8	chiaki-auto-hotwords-overlay,auto,source=google-trends,first_seen=2026-08-11,last_seen=2026-08-23,seen_days_30=0,signal_14=0,signal_30=0,windows_14=,max_traffic=500,status=cooling
臺化	-2.6	chiaki-auto-hotwords-overlay,auto,source=google-trends,first_seen=2026-06-26,last_seen=2026-09-10,seen_days_30=4,signal_14=0,signal_30=0,windows_14=,max_traffic=5000,status=active
臺半	-2.8	chiaki-auto-hotwords-overlay,auto,source=google-trends,first_seen=2026-08-19,last_seen=2026-09-04,seen_days_30=0,signal_14=0,signal_30=0,windows_14=,max_traffic=200,status=cooling
臺安藥局	-2.8	chiaki-auto-hotwords-overlay,auto,source=google-trends,first_seen=2026-07-30,last_seen=2026-08-06,seen_days_30=0,signal_14=0,signal_30=0,windows_14=,max_traffic=1000,status=cooling
臺彩	-2.8	chiaki-auto-hotwords-overlay,auto,source=google-trends,first_seen=2026-07-20,last_seen=2026-08-29,seen_days_30=0,signal_14=0,signal_30=0,windows_14=,max_traffic=500,status=cooling
臺指	-2.8	chiaki-auto-hotwords-overlay,auto,source=google-trends+google-trends-trending,first_seen=2026-07-22,last_seen=2026-09-03,seen_days_30=0,signal_14=0,signal_30=0,windows_14=,max_traffic=500,status=cooling,derived_from=臺指期貨夜盤
臺指夜盤	-1.9	chiaki-auto-hotwords-overlay,auto,source=google-trends+google-trends-trending,first_seen=2026-07-18,last_seen=2026-09-24,seen_days_30=7,signal_14=12,signal_30=12,windows_14=24h+48h+7d,max_traffic=200000,status=active
臺指期	-1.9	chiaki-auto-hotwords-overlay,auto,source=google-trends,first_seen=2026-08-01,last_seen=2026-10-05,seen_days_30=18,signal_14=47,signal_30=47,windows_14=24h+48h+7d,max_traffic=50000,status=active,derived_from=夜盤臺指期+臺指期夜盤+臺指期結算
臺新	-1.9	chiaki-auto-hotwords-overlay,auto,source=google-trends,first_seen=2026-07-27,last_seen=2026-09-29,seen_days_30=13,signal_14=20,signal_30=20,windows_14=48h+7d,max_traffic=5000,status=active,derived_from=臺新信用卡+臺新國際商業銀行+臺新新光金融控股
臺東縣長	-2.4	chiaki-auto-hotwords-overlay,auto,source=google-trends,first_seen=2026-09-15,last_seen=2026-09-21,seen_days_30=7,signal_14=0,signal_30=0,windows_14=,max_traffic=1000,status=active
臺汽電	-2.8	chiaki-auto-hotwords-overlay,auto,source=google-trends,first_seen=2026-08-11,last_seen=2026-08-17,seen_days_30=0,signal_14=0,signal_30=0,windows_14=,max_traffic=200,status=cooling
臺泥	-1.9	chiaki-auto-hotwords-overlay,auto,source=google-trends+google-trends-trending,first_seen=2026-07-02,last_seen=2026-09-30,seen_days_30=9,signal_14=26,signal_30=26,windows_14=24h+48h+7d,max_traffic=5000,status=active
臺燿	-2.1	chiaki-auto-hotwords-overlay,auto,source=google-trends+google-trends-trending,first_seen=2026-07-17,last_seen=2026-09-24,seen_days_30=13,signal_14=9,signal_30=9,windows_14=7d,max_traffic=2000,status=active
臺玻	-2.8	chiaki-auto-hotwords-overlay,auto,source=google-trends,first_seen=2026-08-05,last_seen=2026-08-11,seen_days_30=0,signal_14=0,signal_30=0,windows_14=,max_traffic=200,status=cooling
臺積電	-1.9	chiaki-auto-hotwords-overlay,auto,source=google-trends,first_seen=2026-08-13,last_seen=2026-10-03,seen_days_30=18,signal_14=49,signal_30=49,windows_14=24h+48h+7d,max_traffic=20000,status=active
臺股	-1.9	chiaki-auto-hotwords-overlay,auto,source=google-trends,first_seen=2026-08-06,last_seen=2026-10-05,seen_days_30=23,signal_14=50,signal_30=50,windows_14=24h+48h+7d,max_traffic=50000,status=active
臺股夜盤	-2.8	chiaki-auto-hotwords-overlay,auto,source=google-trends,first_seen=2026-08-02,last_seen=2026-08-30,seen_days_30=0,signal_14=0,signal_30=0,windows_14=,max_traffic=10000,status=cooling
臺股大盤	-2.4	chiaki-auto-hotwords-overlay,auto,source=google-trends,first_seen=2026-09-15,last_seen=2026-09-21,seen_days_30=7,signal_14=0,signal_30=0,windows_14=,max_traffic=1000,status=active
臺股大跌	-3.0	chiaki-auto-hotwords-overlay,auto,source=google-trends,first_seen=2026-07-30,last_seen=2026-08-05,seen_days_30=0,signal_14=0,signal_30=0,windows_14=,max_traffic=2000,status=dormant
臺股新聞	-3.0	chiaki-auto-hotwords-overlay,auto,source=google-trends,first_seen=2026-07-29,last_seen=2026-08-04,seen_days_30=0,signal_14=0,signal_30=0,windows_14=,max_traffic=20000,status=dormant
臺胞證	-2.6	chiaki-auto-hotwords-overlay,auto,source=google-trends,first_seen=2026-09-15,last_seen=2026-09-15,seen_days_30=1,signal_14=0,signal_30=0,windows_14=,max_traffic=500,status=active
臺苯	-3.0	chiaki-auto-hotwords-overlay,auto,source=google-trends+google-trends-trending,first_seen=2026-07-25,last_seen=2026-08-03,seen_days_30=0,signal_14=0,signal_30=0,windows_14=,max_traffic=5000,status=dormant
臺虹	-2.6	chiaki-auto-hotwords-overlay,auto,source=google-trends+google-trends-trending,first_seen=2026-07-14,last_seen=2026-09-15,seen_days_30=7,signal_14=0,signal_30=0,windows_14=,max_traffic=5000,status=active
臺達電	-2.6	chiaki-auto-hotwords-overlay,auto,source=google-trends,first_seen=2026-07-29,last_seen=2026-09-17,seen_days_30=12,signal_14=0,signal_30=0,windows_14=,max_traffic=10000,status=active,derived_from=臺達電新聞
臺達電法	-3.0	chiaki-auto-hotwords-overlay,auto,source=google-trends,first_seen=2026-07-31,last_seen=2026-07-31,seen_days_30=0,signal_14=0,signal_30=0,windows_14=,max_traffic=10000,status=dormant,derived_from=臺達電法說會
臺郡	-2.6	chiaki-auto-hotwords-overlay,auto,source=google-trends,first_seen=2026-08-28,last_seen=2026-09-07,seen_days_30=2,signal_14=0,signal_30=0,windows_14=,max_traffic=200,status=active
臺鋼雄鷹	-2.6	chiaki-auto-hotwords-overlay,auto,source=google-trends,first_seen=2026-08-16,last_seen=2026-09-17,seen_days_30=7,signal_14=0,signal_30=0,windows_14=,max_traffic=2000,status=active
臺鐵誤點	-2.6	chiaki-auto-hotwords-overlay,auto,source=google-trends,first_seen=2026-09-05,last_seen=2026-09-13,seen_days_30=8,signal_14=0,signal_30=0,windows_14=,max_traffic=500,status=active
臻鼎	-2.8	chiaki-auto-hotwords-overlay,auto,source=google-trends+google-trends-trending,first_seen=2026-07-21,last_seen=2026-08-19,seen_days_30=0,signal_14=0,signal_30=0,windows_14=,max_traffic=5000,status=cooling
與小茉	-3.0	chiaki-auto-hotwords-overlay,auto,source=google-trends,first_seen=2026-07-29,last_seen=2026-08-04,seen_days_30=0,signal_14=0,signal_30=0,windows_14=,max_traffic=20000,status=dormant,derived_from=老高與小茉
舊振南	-2.8	chiaki-auto-hotwords-overlay,auto,source=google-trends,first_seen=2026-08-14,last_seen=2026-08-14,seen_days_30=0,signal_14=0,signal_30=0,windows_14=,max_traffic=500,status=cooling
舒力基	-2.1	chiaki-auto-hotwords-overlay,auto,source=google-trends,first_seen=2026-09-23,last_seen=2026-09-23,seen_days_30=1,signal_14=6,signal_30=6,windows_14=24h+48h+7d,max_traffic=2000,status=active
舒子晨	-3.0	chiaki-auto-hotwords-overlay,auto,source=google-trends,first_seen=2026-08-01,last_seen=2026-08-05,seen_days_30=0,signal_14=0,signal_30=0,windows_14=,max_traffic=2000,status=dormant
舒恩	-3.0	chiaki-auto-hotwords-overlay,auto,source=ptt-cchat,first_seen=2026-08-02,last_seen=2026-08-03,seen_days_30=0,signal_14=0,signal_30=0,windows_14=,max_traffic=103,status=dormant
艾司摩爾	-2.6	chiaki-auto-hotwords-overlay,auto,source=google-trends+google-trends-trending,first_seen=2026-07-17,last_seen=2026-09-15,seen_days_30=7,signal_14=0,signal_30=0,windows_14=,max_traffic=2000,status=active
艾融	-1.9	chiaki-auto-hotwords-overlay,auto,source=google-trends,first_seen=2026-09-24,last_seen=2026-09-29,seen_days_30=6,signal_14=20,signal_30=20,windows_14=48h+7d,max_traffic=10000,status=active
艾陶	-2.8	chiaki-auto-hotwords-overlay,auto,source=google-trends,first_seen=2026-08-28,last_seen=2026-08-29,seen_days_30=0,signal_14=0,signal_30=0,windows_14=,max_traffic=10000,status=cooling
芝芝	-2.4	chiaki-auto-hotwords-overlay,auto,source=google-trends,first_seen=2026-09-20,last_seen=2026-09-26,seen_days_30=3,signal_14=3,signal_30=3,windows_14=7d,max_traffic=2000,status=active,derived_from=多米多羅芝芝
芬普尼	-3.0	chiaki-auto-hotwords-overlay,auto,source=google-trends,first_seen=2026-07-14,last_seen=2026-07-20,seen_days_30=0,signal_14=0,signal_30=0,windows_14=,max_traffic=2000,status=dormant
英冠	-2.6	chiaki-auto-hotwords-overlay,auto,source=google-trends,first_seen=2026-08-16,last_seen=2026-09-08,seen_days_30=3,signal_14=0,signal_30=0,windows_14=,max_traffic=200,status=active
英聯盃	-2.1	chiaki-auto-hotwords-overlay,auto,source=google-trends,first_seen=2026-08-27,last_seen=2026-09-23,seen_days_30=7,signal_14=6,signal_30=6,windows_14=7d,max_traffic=500,status=active
范姜彥豐	-2.8	chiaki-auto-hotwords-overlay,auto,source=google-trends+google-trends-trending,first_seen=2026-07-25,last_seen=2026-08-29,seen_days_30=0,signal_14=0,signal_30=0,windows_14=,max_traffic=10000,status=cooling
茶棧	-2.8	chiaki-auto-hotwords-overlay,auto,source=google-trends,first_seen=2026-08-04,last_seen=2026-08-09,seen_days_30=0,signal_14=0,signal_30=0,windows_14=,max_traffic=500,status=cooling,derived_from=老賴茶棧獵人
荒木茜羽	-2.6	chiaki-auto-hotwords-overlay,auto,source=google-trends,first_seen=2026-09-13,last_seen=2026-09-19,seen_days_30=7,signal_14=0,signal_30=0,windows_14=,max_traffic=2000,status=active
莊人祥	-2.6	chiaki-auto-hotwords-overlay,auto,source=google-trends,first_seen=2026-09-14,last_seen=2026-09-20,seen_days_30=7,signal_14=0,signal_30=0,windows_14=,max_traffic=5000,status=active
莊昕諺	-2.4	chiaki-auto-hotwords-overlay,auto,source=google-trends,first_seen=2026-09-15,last_seen=2026-09-21,seen_days_30=7,signal_14=0,signal_30=0,windows_14=,max_traffic=20000,status=active
莊涵雲	-2.6	chiaki-auto-hotwords-overlay,auto,source=google-trends,first_seen=2026-09-12,last_seen=2026-09-18,seen_days_30=7,signal_14=0,signal_30=0,windows_14=,max_traffic=20000,status=active
莊瑞雄	-3.0	chiaki-auto-hotwords-overlay,auto,source=google-trends,first_seen=2026-08-01,last_seen=2026-08-05,seen_days_30=0,signal_14=0,signal_30=0,windows_14=,max_traffic=2000,status=dormant
莊貽量	-2.8	chiaki-auto-hotwords-overlay,auto,source=google-trends,first_seen=2026-08-06,last_seen=2026-08-12,seen_days_30=0,signal_14=0,signal_30=0,windows_14=,max_traffic=1000,status=cooling
莊陳仲敖	-2.8	chiaki-auto-hotwords-overlay,auto,source=google-trends,first_seen=2026-08-02,last_seen=2026-08-08,seen_days_30=0,signal_14=0,signal_30=0,windows_14=,max_traffic=200,status=cooling
莎託梅	-2.8	chiaki-auto-hotwords-overlay,auto,source=google-trends,first_seen=2026-08-05,last_seen=2026-08-11,seen_days_30=0,signal_14=0,signal_30=0,windows_14=,max_traffic=2000,status=cooling,derived_from=瑪麗莎託梅
莫允雯	-3.0	chiaki-auto-hotwords-overlay,auto,source=google-trends+google-trends-trending,first_seen=2026-07-23,last_seen=2026-07-29,seen_days_30=0,signal_14=0,signal_30=0,windows_14=,max_traffic=200,status=dormant
莫德納	-2.8	chiaki-auto-hotwords-overlay,auto,source=google-trends,first_seen=2026-08-20,last_seen=2026-08-26,seen_days_30=0,signal_14=0,signal_30=0,windows_14=,max_traffic=10000,status=cooling
菅野智之	-2.8	chiaki-auto-hotwords-overlay,auto,source=google-trends,first_seen=2026-08-19,last_seen=2026-08-25,seen_days_30=0,signal_14=0,signal_30=0,windows_14=,max_traffic=1000,status=cooling
華城	-2.8	chiaki-auto-hotwords-overlay,auto,source=google-trends,first_seen=2026-08-07,last_seen=2026-09-03,seen_days_30=0,signal_14=0,signal_30=0,windows_14=,max_traffic=1000,status=cooling
華城匯	-3.0	chiaki-auto-hotwords-overlay,auto,source=google-trends+google-trends-trending,first_seen=2026-07-26,last_seen=2026-08-01,seen_days_30=0,signal_14=0,signal_30=0,windows_14=,max_traffic=1000,status=dormant
華莎	-3.0	chiaki-auto-hotwords-overlay,auto,source=google-trends+google-trends-trending,first_seen=2026-07-20,last_seen=2026-07-24,seen_days_30=0,signal_14=0,signal_30=0,windows_14=,max_traffic=2000,status=dormant
萊莎	-2.8	chiaki-auto-hotwords-overlay,auto,source=ptt-cchat,first_seen=2026-08-05,last_seen=2026-08-28,seen_days_30=0,signal_14=0,signal_30=0,windows_14=,max_traffic=71,status=cooling
葉元之	-2.8	chiaki-auto-hotwords-overlay,auto,source=google-trends,first_seen=2026-08-10,last_seen=2026-09-03,seen_days_30=0,signal_14=0,signal_30=0,windows_14=,max_traffic=10000,status=cooling
葉建宏	-1.9	chiaki-auto-hotwords-overlay,auto,source=google-trends,first_seen=2026-09-18,last_seen=2026-09-25,seen_days_30=8,signal_14=12,signal_30=12,windows_14=7d,max_traffic=10000,status=active,derived_from=葉建宏中醫師
葛斯齊	-2.8	chiaki-auto-hotwords-overlay,auto,source=google-trends,first_seen=2026-08-16,last_seen=2026-08-22,seen_days_30=0,signal_14=0,signal_30=0,windows_14=,max_traffic=500,status=cooling
葛萊美	-3.0	chiaki-auto-hotwords-overlay,auto,source=google-trends,first_seen=2026-07-30,last_seen=2026-07-30,seen_days_30=0,signal_14=0,signal_30=0,windows_14=,max_traffic=100,status=dormant
葛蘭	-2.8	chiaki-auto-hotwords-overlay,auto,source=google-trends,first_seen=2026-08-05,last_seen=2026-08-11,seen_days_30=0,signal_14=0,signal_30=0,windows_14=,max_traffic=2000,status=cooling
董璇	-2.6	chiaki-auto-hotwords-overlay,auto,source=google-trends,first_seen=2026-09-07,last_seen=2026-09-13,seen_days_30=7,signal_14=0,signal_30=0,windows_14=,max_traffic=500,status=active
蓋樂世	-2.1	chiaki-auto-hotwords-overlay,auto,source=google-trends,first_seen=2026-09-17,last_seen=2026-09-23,seen_days_30=7,signal_14=6,signal_30=6,windows_14=7d,max_traffic=2000,status=active,derived_from=三星蓋樂世
蔚華科	-2.6	chiaki-auto-hotwords-overlay,auto,source=google-trends,first_seen=2026-09-09,last_seen=2026-09-15,seen_days_30=7,signal_14=0,signal_30=0,windows_14=,max_traffic=100,status=active
蔡亦竹	-1.9	chiaki-auto-hotwords-overlay,auto,source=google-trends,first_seen=2026-10-03,last_seen=2026-10-05,seen_days_30=3,signal_14=14,signal_30=14,windows_14=24h+48h+7d,max_traffic=5000,status=active
蔡依珊	-2.1	chiaki-auto-hotwords-overlay,auto,source=google-trends,first_seen=2026-08-06,last_seen=2026-09-24,seen_days_30=7,signal_14=9,signal_30=9,windows_14=7d,max_traffic=500,status=active
蔡坤奇	-2.6	chiaki-auto-hotwords-overlay,auto,source=google-trends,first_seen=2026-09-02,last_seen=2026-09-08,seen_days_30=3,signal_14=0,signal_30=0,windows_14=,max_traffic=2000,status=active
蔡壁如	-2.8	chiaki-auto-hotwords-overlay,auto,source=google-trends+google-trends-trending,first_seen=2026-07-27,last_seen=2026-08-10,seen_days_30=0,signal_14=0,signal_30=0,windows_14=,max_traffic=5000,status=cooling
蔡天鳳	-2.1	chiaki-auto-hotwords-overlay,auto,source=google-trends,first_seen=2026-10-04,last_seen=2026-10-05,seen_days_30=2,signal_14=11,signal_30=11,windows_14=24h+48h+7d,max_traffic=2000,status=active
蔡尚樺	-2.8	chiaki-auto-hotwords-overlay,auto,source=google-trends,first_seen=2026-08-05,last_seen=2026-08-11,seen_days_30=0,signal_14=0,signal_30=0,windows_14=,max_traffic=100,status=cooling
蔡崇信	-2.8	chiaki-auto-hotwords-overlay,auto,source=google-trends,first_seen=2026-08-02,last_seen=2026-08-08,seen_days_30=0,signal_14=0,signal_30=0,windows_14=,max_traffic=10000,status=cooling
蔡明忠	-2.6	chiaki-auto-hotwords-overlay,auto,source=google-trends,first_seen=2026-09-07,last_seen=2026-09-17,seen_days_30=9,signal_14=0,signal_30=0,windows_14=,max_traffic=2000,status=active
蔡正元	-2.6	chiaki-auto-hotwords-overlay,auto,source=google-trends,first_seen=2026-09-08,last_seen=2026-09-14,seen_days_30=7,signal_14=0,signal_30=0,windows_14=,max_traffic=1000,status=active
蔡玉真	-2.1	chiaki-auto-hotwords-overlay,auto,source=google-trends,first_seen=2026-08-06,last_seen=2026-09-30,seen_days_30=1,signal_14=6,signal_30=6,windows_14=24h+48h+7d,max_traffic=5000,status=active
蔡祥	-2.1	chiaki-auto-hotwords-overlay,auto,source=google-trends,first_seen=2026-09-03,last_seen=2026-09-23,seen_days_30=13,signal_14=6,signal_30=6,windows_14=7d,max_traffic=1000,status=active
蔡秋鳳	-2.8	chiaki-auto-hotwords-overlay,auto,source=google-trends,first_seen=2026-08-03,last_seen=2026-08-08,seen_days_30=0,signal_14=0,signal_30=0,windows_14=,max_traffic=200,status=cooling
蔡詠鍀	-2.8	chiaki-auto-hotwords-overlay,auto,source=google-trends,first_seen=2026-08-22,last_seen=2026-08-28,seen_days_30=0,signal_14=0,signal_30=0,windows_14=,max_traffic=2000,status=cooling
蔡述彬	-2.6	chiaki-auto-hotwords-overlay,auto,source=google-trends,first_seen=2026-09-03,last_seen=2026-09-09,seen_days_30=4,signal_14=0,signal_30=0,windows_14=,max_traffic=200,status=active,derived_from=蔡述彬醫師
蔡頤榛	-2.8	chiaki-auto-hotwords-overlay,auto,source=google-trends,first_seen=2026-09-04,last_seen=2026-09-04,seen_days_30=0,signal_14=0,signal_30=0,windows_14=,max_traffic=2000,status=cooling
蔣孝嚴	-2.4	chiaki-auto-hotwords-overlay,auto,source=google-trends,first_seen=2026-08-05,last_seen=2026-09-21,seen_days_30=8,signal_14=0,signal_30=0,windows_14=,max_traffic=20000,status=active
蔣得曦	-2.6	chiaki-auto-hotwords-overlay,auto,source=google-trends,first_seen=2026-09-04,last_seen=2026-09-10,seen_days_30=1,signal_14=0,signal_30=0,windows_14=,max_traffic=2000,status=active
蔣得立	-2.6	chiaki-auto-hotwords-overlay,auto,source=google-trends+google-trends-trending+ptt-gossiping,first_seen=2026-07-16,last_seen=2026-09-07,seen_days_30=2,signal_14=0,signal_30=0,windows_14=,max_traffic=50000,status=active
蔣得聆	-2.6	chiaki-auto-hotwords-overlay,auto,source=google-trends,first_seen=2026-09-04,last_seen=2026-09-09,seen_days_30=4,signal_14=0,signal_30=0,windows_14=,max_traffic=20000,status=active
蔣方智怡	-2.6	chiaki-auto-hotwords-overlay,auto,source=google-trends,first_seen=2026-09-14,last_seen=2026-09-20,seen_days_30=4,signal_14=0,signal_30=0,windows_14=,max_traffic=200,status=active
蔣根煌	-3.0	chiaki-auto-hotwords-overlay,auto,source=google-trends+google-trends-trending,first_seen=2026-07-26,last_seen=2026-08-01,seen_days_30=0,signal_14=0,signal_30=0,windows_14=,max_traffic=500,status=dormant
蔣雅淇	-2.8	chiaki-auto-hotwords-overlay,auto,source=google-trends,first_seen=2026-08-06,last_seen=2026-08-12,seen_days_30=0,signal_14=0,signal_30=0,windows_14=,max_traffic=200,status=cooling
蕭伊	-2.6	chiaki-auto-hotwords-overlay,auto,source=google-trends+ptt-gossiping,first_seen=2026-07-28,last_seen=2026-09-10,seen_days_30=2,signal_14=0,signal_30=0,windows_14=,max_traffic=100000,status=active
蕭敬嚴	-2.8	chiaki-auto-hotwords-overlay,auto,source=google-trends,first_seen=2026-08-17,last_seen=2026-08-23,seen_days_30=0,signal_14=0,signal_30=0,windows_14=,max_traffic=500,status=cooling
蕭景鴻	-3.0	chiaki-auto-hotwords-overlay,auto,source=google-trends+google-trends-trending,first_seen=2026-07-21,last_seen=2026-08-01,seen_days_30=0,signal_14=0,signal_30=0,windows_14=,max_traffic=5000,status=dormant
蕭燐洪	-2.6	chiaki-auto-hotwords-overlay,auto,source=google-trends,first_seen=2026-09-03,last_seen=2026-09-08,seen_days_30=3,signal_14=0,signal_30=0,windows_14=,max_traffic=1000,status=active
薔薔	-2.6	chiaki-auto-hotwords-overlay,auto,source=google-trends,first_seen=2026-09-12,last_seen=2026-09-18,seen_days_30=7,signal_14=0,signal_30=0,windows_14=,max_traffic=1000,status=active
藍心湄	-1.9	chiaki-auto-hotwords-overlay,auto,source=google-trends,first_seen=2026-09-20,last_seen=2026-09-26,seen_days_30=7,signal_14=15,signal_30=15,windows_14=7d,max_traffic=100,status=active
藍思科技	-3.0	chiaki-auto-hotwords-overlay,auto,source=google-trends,first_seen=2026-07-28,last_seen=2026-08-03,seen_days_30=0,signal_14=0,signal_30=0,windows_14=,max_traffic=500,status=dormant
藍正龍	-2.6	chiaki-auto-hotwords-overlay,auto,source=google-trends+google-trends-trending,first_seen=2026-07-13,last_seen=2026-09-06,seen_days_30=1,signal_14=0,signal_30=0,windows_14=,max_traffic=10000,status=active
藍琪	-2.1	chiaki-auto-hotwords-overlay,auto,source=google-trends,first_seen=2026-10-01,last_seen=2026-10-02,seen_days_30=2,signal_14=11,signal_30=11,windows_14=24h+48h+7d,max_traffic=5000,status=active
藥華藥	-2.6	chiaki-auto-hotwords-overlay,auto,source=google-trends,first_seen=2026-06-29,last_seen=2026-09-07,seen_days_30=2,signal_14=0,signal_30=0,windows_14=,max_traffic=2000,status=active
蘇一峰	-3.0	chiaki-auto-hotwords-overlay,auto,source=google-trends,first_seen=2026-07-28,last_seen=2026-08-01,seen_days_30=0,signal_14=0,signal_30=0,windows_14=,max_traffic=500,status=dormant
蘇友謙	-2.8	chiaki-auto-hotwords-overlay,auto,source=google-trends,first_seen=2026-08-07,last_seen=2026-08-13,seen_days_30=0,signal_14=0,signal_30=0,windows_14=,max_traffic=1000,status=cooling
蘇姿豐	-1.9	chiaki-auto-hotwords-overlay,auto,source=google-trends+google-trends-trending,first_seen=2026-07-20,last_seen=2026-10-04,seen_days_30=7,signal_14=24,signal_30=24,windows_14=24h+48h+7d,max_traffic=1000,status=active
蘇小軒	-2.8	chiaki-auto-hotwords-overlay,auto,source=google-trends+google-trends-trending,first_seen=2026-07-26,last_seen=2026-08-18,seen_days_30=0,signal_14=0,signal_30=0,windows_14=,max_traffic=2000,status=cooling
蘇春槐	-3.0	chiaki-auto-hotwords-overlay,auto,source=google-trends+google-trends-trending,first_seen=2026-07-20,last_seen=2026-07-26,seen_days_30=0,signal_14=0,signal_30=0,windows_14=,max_traffic=500,status=dormant
蘇晏霈	-2.8	chiaki-auto-hotwords-overlay,auto,source=google-trends,first_seen=2026-07-30,last_seen=2026-08-17,seen_days_30=0,signal_14=0,signal_30=0,windows_14=,max_traffic=2000,status=cooling
蘇緯達	-2.8	chiaki-auto-hotwords-overlay,auto,source=google-trends,first_seen=2026-08-22,last_seen=2026-08-28,seen_days_30=0,signal_14=0,signal_30=0,windows_14=,max_traffic=2000,status=cooling
蘇震清	-2.8	chiaki-auto-hotwords-overlay,auto,source=google-trends,first_seen=2026-08-22,last_seen=2026-08-27,seen_days_30=0,signal_14=0,signal_30=0,windows_14=,max_traffic=10000,status=cooling
虎行	-2.4	chiaki-auto-hotwords-overlay,auto,source=google-trends,first_seen=2026-09-19,last_seen=2026-09-22,seen_days_30=4,signal_14=3,signal_30=3,windows_14=7d,max_traffic=10000,status=active
虞承璇	-2.8	chiaki-auto-hotwords-overlay,auto,source=google-trends,first_seen=2026-08-21,last_seen=2026-08-27,seen_days_30=0,signal_14=0,signal_30=0,windows_14=,max_traffic=200,status=cooling
虞書欣	-3.0	chiaki-auto-hotwords-overlay,auto,source=google-trends,first_seen=2026-07-12,last_seen=2026-08-02,seen_days_30=0,signal_14=0,signal_30=0,windows_14=,max_traffic=2000,status=dormant
蛋堡	-2.8	chiaki-auto-hotwords-overlay,auto,source=google-trends,first_seen=2026-08-15,last_seen=2026-08-20,seen_days_30=0,signal_14=0,signal_30=0,windows_14=,max_traffic=500,status=cooling
蛾蚋	-3.0	chiaki-auto-hotwords-overlay,auto,source=google-trends,first_seen=2026-07-29,last_seen=2026-08-04,seen_days_30=0,signal_14=0,signal_30=0,windows_14=,max_traffic=100,status=dormant
蝦堡	-2.8	chiaki-auto-hotwords-overlay,auto,source=google-trends,first_seen=2026-08-15,last_seen=2026-08-20,seen_days_30=0,signal_14=0,signal_30=0,windows_14=,max_traffic=10000,status=cooling,derived_from=麥當勞蝦堡
袁昶平	-1.9	chiaki-auto-hotwords-overlay,auto,source=google-trends,first_seen=2026-09-19,last_seen=2026-09-25,seen_days_30=7,signal_14=12,signal_30=12,windows_14=7d,max_traffic=500,status=active
袁騰飛	-2.6	chiaki-auto-hotwords-overlay,auto,source=google-trends,first_seen=2026-09-04,last_seen=2026-09-09,seen_days_30=4,signal_14=0,signal_30=0,windows_14=,max_traffic=1000,status=active
裴勇浚	-2.6	chiaki-auto-hotwords-overlay,auto,source=google-trends,first_seen=2026-09-13,last_seen=2026-09-19,seen_days_30=7,signal_14=0,signal_30=0,windows_14=,max_traffic=2000,status=active
裴琳	-2.4	chiaki-auto-hotwords-overlay,auto,source=google-trends,first_seen=2026-09-16,last_seen=2026-09-22,seen_days_30=7,signal_14=3,signal_30=3,windows_14=7d,max_traffic=2000,status=active
西川貴教	-3.0	chiaki-auto-hotwords-overlay,auto,source=google-trends,first_seen=2026-07-11,last_seen=2026-07-16,seen_days_30=0,signal_14=0,signal_30=0,windows_14=,max_traffic=10000,status=dormant
西濱	-2.6	chiaki-auto-hotwords-overlay,auto,source=google-trends,first_seen=2026-09-05,last_seen=2026-09-11,seen_days_30=5,signal_14=0,signal_30=0,windows_14=,max_traffic=10000,status=active,derived_from=西濱特斯拉
要潑油	-2.8	chiaki-auto-hotwords-overlay,auto,source=google-trends,first_seen=2026-08-27,last_seen=2026-08-28,seen_days_30=0,signal_14=0,signal_30=0,windows_14=,max_traffic=2000,status=cooling,derived_from=五熊為什麼要潑油
觀興診所	-2.8	chiaki-auto-hotwords-overlay,auto,source=google-trends,first_seen=2026-08-28,last_seen=2026-09-03,seen_days_30=0,signal_14=0,signal_30=0,windows_14=,max_traffic=200,status=cooling
解體匠機	-2.8	chiaki-auto-hotwords-overlay,auto,source=google-trends,first_seen=2026-08-28,last_seen=2026-09-03,seen_days_30=0,signal_14=0,signal_30=0,windows_14=,max_traffic=200,status=cooling
許光漢	-2.6	chiaki-auto-hotwords-overlay,auto,source=google-trends+google-trends-trending,first_seen=2026-07-20,last_seen=2026-09-16,seen_days_30=6,signal_14=0,signal_30=0,windows_14=,max_traffic=2000,status=active
許基宏	-2.8	chiaki-auto-hotwords-overlay,auto,source=google-trends,first_seen=2026-08-09,last_seen=2026-08-24,seen_days_30=0,signal_14=0,signal_30=0,windows_14=,max_traffic=2000,status=cooling
許家印	-2.6	chiaki-auto-hotwords-overlay,auto,source=google-trends+ptt-gossiping,first_seen=2026-08-21,last_seen=2026-09-13,seen_days_30=7,signal_14=0,signal_30=0,windows_14=,max_traffic=5000,status=active
許庭綸	-2.1	chiaki-auto-hotwords-overlay,auto,source=google-trends,first_seen=2026-09-18,last_seen=2026-09-23,seen_days_30=6,signal_14=6,signal_30=6,windows_14=7d,max_traffic=1000,status=active
許德箴	-2.8	chiaki-auto-hotwords-overlay,auto,source=google-trends,first_seen=2026-08-12,last_seen=2026-08-18,seen_days_30=0,signal_14=0,signal_30=0,windows_14=,max_traffic=50000,status=cooling
許志豪	-3.0	chiaki-auto-hotwords-overlay,auto,source=google-trends+google-trends-trending,first_seen=2026-07-19,last_seen=2026-07-30,seen_days_30=0,signal_14=0,signal_30=0,windows_14=,max_traffic=10000,status=dormant
許忠信	-2.8	chiaki-auto-hotwords-overlay,auto,source=google-trends,first_seen=2026-08-20,last_seen=2026-08-26,seen_days_30=0,signal_14=0,signal_30=0,windows_14=,max_traffic=200,status=cooling
許智信	-3.0	chiaki-auto-hotwords-overlay,auto,source=google-trends,first_seen=2026-08-01,last_seen=2026-08-01,seen_days_30=0,signal_14=0,signal_30=0,windows_14=,max_traffic=200,status=dormant
許曦文	-3.0	chiaki-auto-hotwords-overlay,auto,source=google-trends+google-trends-trending,first_seen=2026-07-17,last_seen=2026-07-31,seen_days_30=0,signal_14=0,signal_30=0,windows_14=,max_traffic=1000,status=dormant
許書誠	-2.6	chiaki-auto-hotwords-overlay,auto,source=google-trends,first_seen=2026-09-01,last_seen=2026-09-07,seen_days_30=2,signal_14=0,signal_30=0,windows_14=,max_traffic=500,status=active
許濱樺	-2.8	chiaki-auto-hotwords-overlay,auto,source=google-trends,first_seen=2026-08-22,last_seen=2026-08-27,seen_days_30=0,signal_14=0,signal_30=0,windows_14=,max_traffic=500,status=cooling
許甫	-2.8	chiaki-auto-hotwords-overlay,auto,source=google-trends,first_seen=2026-08-24,last_seen=2026-08-30,seen_days_30=0,signal_14=0,signal_30=0,windows_14=,max_traffic=5000,status=cooling
許舒博	-2.8	chiaki-auto-hotwords-overlay,auto,source=google-trends,first_seen=2026-08-03,last_seen=2026-09-01,seen_days_30=0,signal_14=0,signal_30=0,windows_14=,max_traffic=2000,status=cooling
許芊芊	-2.6	chiaki-auto-hotwords-overlay,auto,source=google-trends+ptt-gossiping,first_seen=2026-08-15,last_seen=2026-09-19,seen_days_30=7,signal_14=0,signal_30=0,windows_14=,max_traffic=200000,status=active
許藍方	-2.1	chiaki-auto-hotwords-overlay,auto,source=google-trends,first_seen=2026-09-19,last_seen=2026-09-25,seen_days_30=4,signal_14=6,signal_30=6,windows_14=7d,max_traffic=100,status=active
許韶恩	-2.6	chiaki-auto-hotwords-overlay,auto,source=google-trends,first_seen=2026-09-12,last_seen=2026-09-18,seen_days_30=7,signal_14=0,signal_30=0,windows_14=,max_traffic=200,status=active
詹子萱	-2.6	chiaki-auto-hotwords-overlay,auto,source=google-trends,first_seen=2026-09-10,last_seen=2026-09-16,seen_days_30=7,signal_14=0,signal_30=0,windows_14=,max_traffic=100,status=active
詹江村	-2.6	chiaki-auto-hotwords-overlay,auto,source=google-trends+google-trends-trending,first_seen=2026-07-24,last_seen=2026-09-10,seen_days_30=5,signal_14=0,signal_30=0,windows_14=,max_traffic=5000,status=active
詹皓晴	-2.6	chiaki-auto-hotwords-overlay,auto,source=google-trends,first_seen=2026-09-06,last_seen=2026-09-06,seen_days_30=1,signal_14=0,signal_30=0,windows_14=,max_traffic=2000,status=active
詹醬	-2.8	chiaki-auto-hotwords-overlay,auto,source=google-trends,first_seen=2026-08-21,last_seen=2026-08-21,seen_days_30=0,signal_14=0,signal_30=0,windows_14=,max_traffic=10000,status=cooling
謝京穎	-2.8	chiaki-auto-hotwords-overlay,auto,source=google-trends,first_seen=2026-08-16,last_seen=2026-08-22,seen_days_30=0,signal_14=0,signal_30=0,windows_14=,max_traffic=500,status=cooling
謝伊琪	-2.8	chiaki-auto-hotwords-overlay,auto,source=google-trends,first_seen=2026-08-06,last_seen=2026-08-12,seen_days_30=0,signal_14=0,signal_30=0,windows_14=,max_traffic=100,status=cooling
謝佳軒	-3.0	chiaki-auto-hotwords-overlay,auto,source=google-trends+google-trends-trending,first_seen=2026-07-17,last_seen=2026-07-23,seen_days_30=0,signal_14=0,signal_30=0,windows_14=,max_traffic=5000,status=dormant
謝典林	-2.4	chiaki-auto-hotwords-overlay,auto,source=google-trends,first_seen=2026-09-18,last_seen=2026-09-24,seen_days_30=3,signal_14=3,signal_30=3,windows_14=7d,max_traffic=10000,status=active
謝典霖	-2.1	chiaki-auto-hotwords-overlay,auto,source=google-trends,first_seen=2026-07-31,last_seen=2026-09-23,seen_days_30=7,signal_14=6,signal_30=6,windows_14=7d,max_traffic=50000,status=active
謝定峰	-2.8	chiaki-auto-hotwords-overlay,auto,source=google-trends,first_seen=2026-08-04,last_seen=2026-08-09,seen_days_30=0,signal_14=0,signal_30=0,windows_14=,max_traffic=100,status=cooling
謝振南	-2.8	chiaki-auto-hotwords-overlay,auto,source=google-trends,first_seen=2026-08-16,last_seen=2026-08-22,seen_days_30=0,signal_14=0,signal_30=0,windows_14=,max_traffic=5000,status=cooling
謝政瀛	-3.0	chiaki-auto-hotwords-overlay,auto,source=google-trends+google-trends-trending,first_seen=2026-07-23,last_seen=2026-07-30,seen_days_30=0,signal_14=0,signal_30=0,windows_14=,max_traffic=1000,status=dormant
謝沛恩	-1.9	chiaki-auto-hotwords-overlay,auto,source=google-trends,first_seen=2026-10-02,last_seen=2026-10-05,seen_days_30=4,signal_14=17,signal_30=17,windows_14=24h+48h+7d,max_traffic=1000,status=active
謝淑薇	-2.1	chiaki-auto-hotwords-overlay,auto,source=google-trends,first_seen=2026-08-03,last_seen=2026-10-05,seen_days_30=10,signal_14=11,signal_30=11,windows_14=24h+48h+7d,max_traffic=10000,status=active
謝玲玲	-3.0	chiaki-auto-hotwords-overlay,auto,source=google-trends+google-trends-trending,first_seen=2026-07-21,last_seen=2026-07-27,seen_days_30=0,signal_14=0,signal_30=0,windows_14=,max_traffic=100,status=dormant
謝衣鳯	-2.6	chiaki-auto-hotwords-overlay,auto,source=google-trends,first_seen=2026-09-08,last_seen=2026-09-14,seen_days_30=3,signal_14=0,signal_30=0,windows_14=,max_traffic=5000,status=active
謝豐享	-3.0	chiaki-auto-hotwords-overlay,auto,source=google-trends+google-trends-trending,first_seen=2026-07-25,last_seen=2026-07-30,seen_days_30=0,signal_14=0,signal_30=0,windows_14=,max_traffic=2000,status=dormant
謝金晶	-2.6	chiaki-auto-hotwords-overlay,auto,source=google-trends,first_seen=2026-09-07,last_seen=2026-09-13,seen_days_30=7,signal_14=0,signal_30=0,windows_14=,max_traffic=200,status=active
謝金河	-2.6	chiaki-auto-hotwords-overlay,auto,source=google-trends,first_seen=2026-06-28,last_seen=2026-09-05,seen_days_30=0,signal_14=0,signal_30=0,windows_14=,max_traffic=50000,status=active
謝震武	-2.6	chiaki-auto-hotwords-overlay,auto,source=google-trends,first_seen=2026-09-04,last_seen=2026-09-10,seen_days_30=4,signal_14=0,signal_30=0,windows_14=,max_traffic=2000,status=active
譚松韻	-1.9	chiaki-auto-hotwords-overlay,auto,source=google-trends,first_seen=2026-09-09,last_seen=2026-09-29,seen_days_30=10,signal_14=26,signal_30=26,windows_14=24h+48h+7d,max_traffic=10000,status=active
譚艾珍	-3.0	chiaki-auto-hotwords-overlay,auto,source=google-trends,first_seen=2026-07-13,last_seen=2026-07-18,seen_days_30=0,signal_14=0,signal_30=0,windows_14=,max_traffic=200,status=dormant
豬俁周杜	-1.9	chiaki-auto-hotwords-overlay,auto,source=google-trends,first_seen=2026-09-20,last_seen=2026-09-26,seen_days_30=7,signal_14=15,signal_30=15,windows_14=7d,max_traffic=200,status=active
費半	-2.4	chiaki-auto-hotwords-overlay,auto,source=google-trends,first_seen=2026-07-28,last_seen=2026-09-22,seen_days_30=6,signal_14=3,signal_30=3,windows_14=7d,max_traffic=10000,status=active
貿聯	-2.8	chiaki-auto-hotwords-overlay,auto,source=google-trends,first_seen=2026-08-25,last_seen=2026-08-31,seen_days_30=0,signal_14=0,signal_30=0,windows_14=,max_traffic=2000,status=cooling
賀丹	-3.0	chiaki-auto-hotwords-overlay,auto,source=google-trends+google-trends-trending,first_seen=2026-07-17,last_seen=2026-07-23,seen_days_30=0,signal_14=0,signal_30=0,windows_14=,max_traffic=2000,status=dormant
賀營	-2.6	chiaki-auto-hotwords-overlay,auto,source=google-trends,first_seen=2026-08-12,last_seen=2026-09-08,seen_days_30=3,signal_14=0,signal_30=0,windows_14=,max_traffic=20000,status=active
資本利得	-2.6	chiaki-auto-hotwords-overlay,auto,source=google-trends,first_seen=2026-09-17,last_seen=2026-09-17,seen_days_30=1,signal_14=0,signal_30=0,windows_14=,max_traffic=500,status=active
賈永婕	-2.4	chiaki-auto-hotwords-overlay,auto,source=google-trends,first_seen=2026-08-05,last_seen=2026-09-22,seen_days_30=7,signal_14=3,signal_30=3,windows_14=7d,max_traffic=1000,status=active
賓士男	-2.1	chiaki-auto-hotwords-overlay,auto,source=google-trends,first_seen=2026-09-18,last_seen=2026-09-24,seen_days_30=7,signal_14=9,signal_30=9,windows_14=7d,max_traffic=200,status=active
賓賓哥	-2.6	chiaki-auto-hotwords-overlay,auto,source=google-trends,first_seen=2026-09-08,last_seen=2026-09-14,seen_days_30=7,signal_14=0,signal_30=0,windows_14=,max_traffic=100,status=active
賴冠翟	-2.6	chiaki-auto-hotwords-overlay,auto,source=google-trends,first_seen=2026-09-08,last_seen=2026-09-14,seen_days_30=7,signal_14=0,signal_30=0,windows_14=,max_traffic=2000,status=active
賴冠霖	-2.4	chiaki-auto-hotwords-overlay,auto,source=google-trends,first_seen=2026-09-10,last_seen=2026-09-22,seen_days_30=13,signal_14=3,signal_30=3,windows_14=7d,max_traffic=1000,status=active,derived_from=賴冠霖結婚
賴品妤	-2.8	chiaki-auto-hotwords-overlay,auto,source=google-trends,first_seen=2026-08-01,last_seen=2026-08-06,seen_days_30=0,signal_14=0,signal_30=0,windows_14=,max_traffic=100,status=cooling
賴嶽謙	-2.6	chiaki-auto-hotwords-overlay,auto,source=google-trends,first_seen=2026-09-11,last_seen=2026-09-11,seen_days_30=1,signal_14=0,signal_30=0,windows_14=,max_traffic=500,status=active
賴浩俊	-2.8	chiaki-auto-hotwords-overlay,auto,source=google-trends,first_seen=2026-08-23,last_seen=2026-08-29,seen_days_30=0,signal_14=0,signal_30=0,windows_14=,max_traffic=200,status=cooling
賴瑞隆	-2.6	chiaki-auto-hotwords-overlay,auto,source=google-trends+google-trends-trending+ptt-gossiping,first_seen=2026-07-15,last_seen=2026-09-20,seen_days_30=12,signal_14=0,signal_30=0,windows_14=,max_traffic=10000,status=active
賴苡任	-3.0	chiaki-auto-hotwords-overlay,auto,source=google-trends,first_seen=2026-07-30,last_seen=2026-08-05,seen_days_30=0,signal_14=0,signal_30=0,windows_14=,max_traffic=200,status=dormant
賴虹	-1.9	chiaki-auto-hotwords-overlay,auto,source=google-trends,first_seen=2026-09-30,last_seen=2026-10-05,seen_days_30=6,signal_14=23,signal_30=23,windows_14=24h+48h+7d,max_traffic=2000,status=active
賴銀柱	-2.8	chiaki-auto-hotwords-overlay,auto,source=google-trends,first_seen=2026-08-31,last_seen=2026-08-31,seen_days_30=0,signal_14=0,signal_30=0,windows_14=,max_traffic=500,status=cooling
賴鴻誠	-2.6	chiaki-auto-hotwords-overlay,auto,source=google-trends,first_seen=2026-09-12,last_seen=2026-09-18,seen_days_30=7,signal_14=0,signal_30=0,windows_14=,max_traffic=1000,status=active
賽揚獎	-2.8	chiaki-auto-hotwords-overlay,auto,source=google-trends,first_seen=2026-08-07,last_seen=2026-08-13,seen_days_30=0,signal_14=0,signal_30=0,windows_14=,max_traffic=10000,status=cooling
赤峰街	-2.4	chiaki-auto-hotwords-overlay,auto,source=google-trends,first_seen=2026-09-16,last_seen=2026-09-22,seen_days_30=7,signal_14=3,signal_30=3,windows_14=7d,max_traffic=500,status=active
赫爾城	-2.8	chiaki-auto-hotwords-overlay,auto,source=google-trends,first_seen=2026-08-23,last_seen=2026-08-29,seen_days_30=0,signal_14=0,signal_30=0,windows_14=,max_traffic=100,status=cooling
走鐘獎	-2.8	chiaki-auto-hotwords-overlay,auto,source=google-trends,first_seen=2026-08-13,last_seen=2026-08-19,seen_days_30=0,signal_14=0,signal_30=0,windows_14=,max_traffic=2000,status=cooling
越捷航空	-2.6	chiaki-auto-hotwords-overlay,auto,source=google-trends,first_seen=2026-09-08,last_seen=2026-09-14,seen_days_30=7,signal_14=0,signal_30=0,windows_14=,max_traffic=1000,status=active
趙又廷	-3.0	chiaki-auto-hotwords-overlay,auto,source=google-trends+google-trends-trending,first_seen=2026-07-23,last_seen=2026-07-28,seen_days_30=0,signal_14=0,signal_30=0,windows_14=,max_traffic=2000,status=dormant
趙小僑	-3.0	chiaki-auto-hotwords-overlay,auto,source=google-trends+google-trends-trending,first_seen=2026-07-15,last_seen=2026-07-21,seen_days_30=0,signal_14=0,signal_30=0,windows_14=,max_traffic=100,status=dormant
趙建勳	-2.8	chiaki-auto-hotwords-overlay,auto,source=google-trends,first_seen=2026-08-26,last_seen=2026-08-31,seen_days_30=0,signal_14=0,signal_30=0,windows_14=,max_traffic=2000,status=cooling
趙建銘	-2.8	chiaki-auto-hotwords-overlay,auto,source=google-trends+ptt-gossiping,first_seen=2026-08-14,last_seen=2026-08-27,seen_days_30=0,signal_14=0,signal_30=0,windows_14=,max_traffic=20000,status=cooling,derived_from=趙建銘弟弟
趙正平	-2.8	chiaki-auto-hotwords-overlay,auto,source=google-trends,first_seen=2026-08-28,last_seen=2026-09-03,seen_days_30=0,signal_14=0,signal_30=0,windows_14=,max_traffic=200,status=cooling
趙翊佑	-2.8	chiaki-auto-hotwords-overlay,auto,source=google-trends,first_seen=2026-08-23,last_seen=2026-08-28,seen_days_30=0,signal_14=0,signal_30=0,windows_14=,max_traffic=10000,status=cooling
趙翊廷	-2.8	chiaki-auto-hotwords-overlay,auto,source=google-trends,first_seen=2026-08-22,last_seen=2026-08-27,seen_days_30=0,signal_14=0,signal_30=0,windows_14=,max_traffic=10000,status=cooling
趙自強	-3.0	chiaki-auto-hotwords-overlay,auto,source=google-trends+google-trends-trending,first_seen=2026-07-24,last_seen=2026-07-28,seen_days_30=0,signal_14=0,signal_30=0,windows_14=,max_traffic=1000,status=dormant
趙銀政	-2.8	chiaki-auto-hotwords-overlay,auto,source=google-trends,first_seen=2026-08-01,last_seen=2026-08-07,seen_days_30=0,signal_14=0,signal_30=0,windows_14=,max_traffic=500,status=cooling
趙露思	-2.1	chiaki-auto-hotwords-overlay,auto,source=google-trends,first_seen=2026-08-13,last_seen=2026-09-23,seen_days_30=6,signal_14=6,signal_30=6,windows_14=7d,max_traffic=5000,status=active
趙麗穎	-2.8	chiaki-auto-hotwords-overlay,auto,source=google-trends,first_seen=2026-08-26,last_seen=2026-09-01,seen_days_30=0,signal_14=0,signal_30=0,windows_14=,max_traffic=5000,status=cooling
趣裡	-3.0	chiaki-auto-hotwords-overlay,auto,source=google-trends+google-trends-trending,first_seen=2026-07-23,last_seen=2026-07-29,seen_days_30=0,signal_14=0,signal_30=0,windows_14=,max_traffic=2000,status=dormant
路永佳	-2.6	chiaki-auto-hotwords-overlay,auto,source=google-trends,first_seen=2026-09-05,last_seen=2026-09-11,seen_days_30=6,signal_14=0,signal_30=0,windows_14=,max_traffic=1000,status=active
蹦闆	-3.0	chiaki-auto-hotwords-overlay,auto,source=google-trends,first_seen=2026-07-10,last_seen=2026-07-15,seen_days_30=0,signal_14=0,signal_30=0,windows_14=,max_traffic=20000,status=dormant
車侑城	-2.8	chiaki-auto-hotwords-overlay,auto,source=google-trends,first_seen=2026-08-23,last_seen=2026-08-29,seen_days_30=0,signal_14=0,signal_30=0,windows_14=,max_traffic=2000,status=cooling
輪迴之獸	-2.8	chiaki-auto-hotwords-overlay,auto,source=google-trends,first_seen=2026-08-05,last_seen=2026-08-10,seen_days_30=0,signal_14=0,signal_30=0,windows_14=,max_traffic=200,status=cooling
轉世之獸	-2.8	chiaki-auto-hotwords-overlay,auto,source=google-trends,first_seen=2026-08-05,last_seen=2026-08-09,seen_days_30=0,signal_14=0,signal_30=0,windows_14=,max_traffic=10000,status=cooling
辛柏毅	-3.0	chiaki-auto-hotwords-overlay,auto,source=google-trends+google-trends-trending,first_seen=2026-07-20,last_seen=2026-08-01,seen_days_30=0,signal_14=0,signal_30=0,windows_14=,max_traffic=10000,status=dormant
辛龍	-2.8	chiaki-auto-hotwords-overlay,auto,source=google-trends,first_seen=2026-08-25,last_seen=2026-09-02,seen_days_30=0,signal_14=0,signal_30=0,windows_14=,max_traffic=5000,status=cooling
辜仲諒	-1.9	chiaki-auto-hotwords-overlay,auto,source=google-trends,first_seen=2026-08-12,last_seen=2026-09-25,seen_days_30=14,signal_14=12,signal_30=12,windows_14=7d,max_traffic=500,status=active
返稅	-2.8	chiaki-auto-hotwords-overlay,auto,source=google-trends,first_seen=2026-07-29,last_seen=2026-08-08,seen_days_30=0,signal_14=0,signal_30=0,windows_14=,max_traffic=50000,status=cooling
迪麗熱巴	-2.8	chiaki-auto-hotwords-overlay,auto,source=google-trends+ptt-gossiping,first_seen=2026-07-14,last_seen=2026-08-13,seen_days_30=0,signal_14=0,signal_30=0,windows_14=,max_traffic=5000,status=cooling
逐玉	-2.8	chiaki-auto-hotwords-overlay,auto,source=google-trends,first_seen=2026-08-09,last_seen=2026-08-15,seen_days_30=0,signal_14=0,signal_30=0,windows_14=,max_traffic=10000,status=cooling
途播	-2.6	chiaki-auto-hotwords-overlay,auto,source=google-trends,first_seen=2026-08-31,last_seen=2026-09-06,seen_days_30=1,signal_14=0,signal_30=0,windows_14=,max_traffic=500,status=active
連淨	-3.0	chiaki-auto-hotwords-overlay,auto,source=google-trends+google-trends-trending,first_seen=2026-07-23,last_seen=2026-07-23,seen_days_30=0,signal_14=0,signal_30=0,windows_14=,max_traffic=2000,status=dormant,derived_from=連淨苦茶油
遁塗擊隊	-3.0	chiaki-auto-hotwords-overlay,auto,source=google-trends+google-trends-trending,first_seen=2026-07-24,last_seen=2026-07-29,seen_days_30=0,signal_14=0,signal_30=0,windows_14=,max_traffic=1000,status=dormant,derived_from=斯普拉遁塗擊隊
遊光德	-2.8	chiaki-auto-hotwords-overlay,auto,source=google-trends,first_seen=2026-08-10,last_seen=2026-08-14,seen_days_30=0,signal_14=0,signal_30=0,windows_14=,max_traffic=100,status=cooling
遊宇潼	-3.0	chiaki-auto-hotwords-overlay,auto,source=google-trends+google-trends-trending,first_seen=2026-07-23,last_seen=2026-07-29,seen_days_30=0,signal_14=0,signal_30=0,windows_14=,max_traffic=1000,status=dormant
遊智彬	-2.4	chiaki-auto-hotwords-overlay,auto,source=google-trends,first_seen=2026-09-20,last_seen=2026-09-22,seen_days_30=3,signal_14=3,signal_30=3,windows_14=7d,max_traffic=5000,status=active
遊本昌	-1.9	chiaki-auto-hotwords-overlay,auto,source=google-trends,first_seen=2026-09-25,last_seen=2026-10-01,seen_days_30=7,signal_14=26,signal_30=26,windows_14=24h+48h+7d,max_traffic=2000,status=active
遊毓蘭	-2.8	chiaki-auto-hotwords-overlay,auto,source=google-trends,first_seen=2026-08-23,last_seen=2026-08-29,seen_days_30=0,signal_14=0,signal_30=0,windows_14=,max_traffic=200,status=cooling
遊淑慧	-2.6	chiaki-auto-hotwords-overlay,auto,source=google-trends,first_seen=2026-09-11,last_seen=2026-09-17,seen_days_30=7,signal_14=0,signal_30=0,windows_14=,max_traffic=500,status=active
遊竣宥	-2.6	chiaki-auto-hotwords-overlay,auto,source=google-trends,first_seen=2026-08-24,last_seen=2026-09-07,seen_days_30=2,signal_14=0,signal_30=0,windows_14=,max_traffic=2000,status=active
遊鴻明	-2.8	chiaki-auto-hotwords-overlay,auto,source=google-trends,first_seen=2026-08-24,last_seen=2026-08-29,seen_days_30=0,signal_14=0,signal_30=0,windows_14=,max_traffic=2000,status=cooling
運動幣	-1.9	chiaki-auto-hotwords-overlay,auto,source=google-trends,first_seen=2026-09-30,last_seen=2026-10-05,seen_days_30=6,signal_14=23,signal_30=23,windows_14=24h+48h+7d,max_traffic=500,status=active
道威聖	-3.0	chiaki-auto-hotwords-overlay,auto,source=google-trends,first_seen=2026-07-09,last_seen=2026-07-15,seen_days_30=0,signal_14=0,signal_30=0,windows_14=,max_traffic=200,status=dormant
道瓊	-3.0	chiaki-auto-hotwords-overlay,auto,source=google-trends+google-trends-trending,first_seen=2026-07-18,last_seen=2026-07-31,seen_days_30=0,signal_14=0,signal_30=0,windows_14=,max_traffic=2000,status=dormant
達發	-2.8	chiaki-auto-hotwords-overlay,auto,source=google-trends,first_seen=2026-08-06,last_seen=2026-08-12,seen_days_30=0,signal_14=0,signal_30=0,windows_14=,max_traffic=200,status=cooling
邊佑錫	-1.9	chiaki-auto-hotwords-overlay,auto,source=google-trends,first_seen=2026-08-03,last_seen=2026-10-01,seen_days_30=7,signal_14=26,signal_30=26,windows_14=24h+48h+7d,max_traffic=2000,status=active,derived_from=邊佑錫見面會
邱之峰	-3.0	chiaki-auto-hotwords-overlay,auto,source=google-trends,first_seen=2026-07-30,last_seen=2026-08-05,seen_days_30=0,signal_14=0,signal_30=0,windows_14=,max_traffic=1000,status=dormant,derived_from=邱之峰中將
邱垂正	-2.8	chiaki-auto-hotwords-overlay,auto,source=google-trends,first_seen=2026-07-30,last_seen=2026-08-24,seen_days_30=0,signal_14=0,signal_30=0,windows_14=,max_traffic=1000,status=cooling
邱子芯	-2.8	chiaki-auto-hotwords-overlay,auto,source=google-trends,first_seen=2026-08-01,last_seen=2026-08-17,seen_days_30=0,signal_14=0,signal_30=0,windows_14=,max_traffic=200,status=cooling
邱建富	-2.6	chiaki-auto-hotwords-overlay,auto,source=google-trends,first_seen=2026-08-18,last_seen=2026-09-20,seen_days_30=6,signal_14=0,signal_30=0,windows_14=,max_traffic=2000,status=active
邱沁宜	-1.9	chiaki-auto-hotwords-overlay,auto,source=google-trends,first_seen=2026-07-07,last_seen=2026-10-05,seen_days_30=15,signal_14=23,signal_30=23,windows_14=24h+48h+7d,max_traffic=5000,status=active
邱莉莉	-2.8	chiaki-auto-hotwords-overlay,auto,source=google-trends,first_seen=2026-08-14,last_seen=2026-08-20,seen_days_30=0,signal_14=0,signal_30=0,windows_14=,max_traffic=500,status=cooling
邱軍	-1.9	chiaki-auto-hotwords-overlay,auto,source=google-trends,first_seen=2026-07-09,last_seen=2026-09-30,seen_days_30=7,signal_14=26,signal_30=26,windows_14=24h+48h+7d,max_traffic=5000,status=active
邱金治	-2.8	chiaki-auto-hotwords-overlay,auto,source=google-trends,first_seen=2026-08-12,last_seen=2026-08-17,seen_days_30=0,signal_14=0,signal_30=0,windows_14=,max_traffic=1000,status=cooling
邵逸翔	-2.8	chiaki-auto-hotwords-overlay,auto,source=google-trends,first_seen=2026-08-06,last_seen=2026-08-12,seen_days_30=0,signal_14=0,signal_30=0,windows_14=,max_traffic=10000,status=cooling
邵雨薇	-3.0	chiaki-auto-hotwords-overlay,auto,source=google-trends+google-trends-trending,first_seen=2026-07-16,last_seen=2026-07-22,seen_days_30=0,signal_14=0,signal_30=0,windows_14=,max_traffic=200,status=dormant
部淹水	-2.8	chiaki-auto-hotwords-overlay,auto,source=ptt-gossiping,first_seen=2026-08-24,last_seen=2026-08-25,seen_days_30=0,signal_14=0,signal_30=0,windows_14=,max_traffic=482,status=cooling
郭信良	-2.6	chiaki-auto-hotwords-overlay,auto,source=google-trends,first_seen=2026-08-06,last_seen=2026-09-08,seen_days_30=3,signal_14=0,signal_30=0,windows_14=,max_traffic=1000,status=active
郭哲榮	-2.8	chiaki-auto-hotwords-overlay,auto,source=google-trends,first_seen=2026-07-30,last_seen=2026-08-29,seen_days_30=0,signal_14=0,signal_30=0,windows_14=,max_traffic=50000,status=cooling
郭奕芯	-2.8	chiaki-auto-hotwords-overlay,auto,source=google-trends,first_seen=2026-08-06,last_seen=2026-08-12,seen_days_30=0,signal_14=0,signal_30=0,windows_14=,max_traffic=200,status=cooling
郭婞淳	-1.9	chiaki-auto-hotwords-overlay,auto,source=google-trends,first_seen=2026-09-26,last_seen=2026-10-02,seen_days_30=7,signal_14=26,signal_30=26,windows_14=24h+48h+7d,max_traffic=5000,status=active
郭婷筠	-2.8	chiaki-auto-hotwords-overlay,auto,source=google-trends,first_seen=2026-08-22,last_seen=2026-08-27,seen_days_30=0,signal_14=0,signal_30=0,windows_14=,max_traffic=200,status=cooling
郭守仁	-2.8	chiaki-auto-hotwords-overlay,auto,source=google-trends,first_seen=2026-08-16,last_seen=2026-08-22,seen_days_30=0,signal_14=0,signal_30=0,windows_14=,max_traffic=2000,status=cooling
郭彬	-2.1	chiaki-auto-hotwords-overlay,auto,source=google-trends,first_seen=2026-09-28,last_seen=2026-10-04,seen_days_30=4,signal_14=11,signal_30=11,windows_14=24h+48h+7d,max_traffic=500,status=active
郭忠祐	-1.9	chiaki-auto-hotwords-overlay,auto,source=google-trends,first_seen=2026-08-09,last_seen=2026-10-05,seen_days_30=3,signal_14=14,signal_30=14,windows_14=24h+48h+7d,max_traffic=5000,status=active
郭怡君	-3.0	chiaki-auto-hotwords-overlay,auto,source=google-trends+google-trends-trending,first_seen=2026-07-27,last_seen=2026-08-02,seen_days_30=0,signal_14=0,signal_30=0,windows_14=,max_traffic=20000,status=dormant
郭時暘	-2.6	chiaki-auto-hotwords-overlay,auto,source=google-trends,first_seen=2026-09-04,last_seen=2026-09-10,seen_days_30=5,signal_14=0,signal_30=0,windows_14=,max_traffic=2000,status=active
郭智輝	-3.0	chiaki-auto-hotwords-overlay,auto,source=google-trends+google-trends-trending,first_seen=2026-07-22,last_seen=2026-07-28,seen_days_30=0,signal_14=0,signal_30=0,windows_14=,max_traffic=1000,status=dormant
郭永鴻	-2.6	chiaki-auto-hotwords-overlay,auto,source=google-trends,first_seen=2026-09-05,last_seen=2026-09-10,seen_days_30=5,signal_14=0,signal_30=0,windows_14=,max_traffic=5000,status=active
郭涵煜	-3.0	chiaki-auto-hotwords-overlay,auto,source=google-trends,first_seen=2026-07-13,last_seen=2026-07-19,seen_days_30=0,signal_14=0,signal_30=0,windows_14=,max_traffic=2000,status=dormant
郭源元	-3.0	chiaki-auto-hotwords-overlay,auto,source=google-trends,first_seen=2026-07-30,last_seen=2026-08-05,seen_days_30=0,signal_14=0,signal_30=0,windows_14=,max_traffic=5000,status=dormant
郭禮伯	-2.6	chiaki-auto-hotwords-overlay,auto,source=google-trends+ptt-gossiping,first_seen=2026-09-09,last_seen=2026-09-10,seen_days_30=2,signal_14=0,signal_30=0,windows_14=,max_traffic=2000,status=active,derived_from=郭禮伯是誰+郭禮伯蔣萬安
郭臺銘	-2.6	chiaki-auto-hotwords-overlay,auto,source=google-trends,first_seen=2026-07-29,last_seen=2026-09-16,seen_days_30=8,signal_14=0,signal_30=0,windows_14=,max_traffic=20000,status=active
郭貽熹	-2.6	chiaki-auto-hotwords-overlay,auto,source=google-trends,first_seen=2026-09-08,last_seen=2026-09-13,seen_days_30=6,signal_14=0,signal_30=0,windows_14=,max_traffic=20000,status=active
郭阜林	-3.0	chiaki-auto-hotwords-overlay,auto,source=google-trends+google-trends-trending,first_seen=2026-07-23,last_seen=2026-07-29,seen_days_30=0,signal_14=0,signal_30=0,windows_14=,max_traffic=2000,status=dormant
鄧愷威	-2.4	chiaki-auto-hotwords-overlay,auto,source=google-trends+google-trends-trending,first_seen=2026-07-16,last_seen=2026-09-21,seen_days_30=7,signal_14=0,signal_30=0,windows_14=,max_traffic=10000,status=active
鄧煜	-3.0	chiaki-auto-hotwords-overlay,auto,source=google-trends+google-trends-trending,first_seen=2026-07-25,last_seen=2026-07-30,seen_days_30=0,signal_14=0,signal_30=0,windows_14=,max_traffic=200,status=dormant
鄭仲茵	-2.8	chiaki-auto-hotwords-overlay,auto,source=google-trends,first_seen=2026-08-07,last_seen=2026-08-22,seen_days_30=0,signal_14=0,signal_30=0,windows_14=,max_traffic=100,status=cooling
鄭宗哲	-2.1	chiaki-auto-hotwords-overlay,auto,source=google-trends+google-trends-trending,first_seen=2026-06-28,last_seen=2026-09-23,seen_days_30=10,signal_14=6,signal_30=6,windows_14=7d,max_traffic=5000,status=active
鄭家純	-2.4	chiaki-auto-hotwords-overlay,auto,source=google-trends,first_seen=2026-08-01,last_seen=2026-09-21,seen_days_30=7,signal_14=0,signal_30=0,windows_14=,max_traffic=500,status=active
鄭容和	-2.8	chiaki-auto-hotwords-overlay,auto,source=google-trends,first_seen=2026-08-17,last_seen=2026-08-22,seen_days_30=0,signal_14=0,signal_30=0,windows_14=,max_traffic=200,status=cooling
鄭廳宜	-2.8	chiaki-auto-hotwords-overlay,auto,source=google-trends,first_seen=2026-08-10,last_seen=2026-08-16,seen_days_30=0,signal_14=0,signal_30=0,windows_14=,max_traffic=200,status=cooling
鄭怡靜	-2.1	chiaki-auto-hotwords-overlay,auto,source=google-trends,first_seen=2026-08-03,last_seen=2026-09-23,seen_days_30=1,signal_14=6,signal_30=6,windows_14=24h+48h+7d,max_traffic=500,status=active
鄭恩地	-2.6	chiaki-auto-hotwords-overlay,auto,source=google-trends,first_seen=2026-09-06,last_seen=2026-09-12,seen_days_30=7,signal_14=0,signal_30=0,windows_14=,max_traffic=500,status=active
鄭方形	-2.6	chiaki-auto-hotwords-overlay,auto,source=google-trends,first_seen=2026-09-12,last_seen=2026-09-18,seen_days_30=7,signal_14=0,signal_30=0,windows_14=,max_traffic=500,status=active
鄭明典	-2.8	chiaki-auto-hotwords-overlay,auto,source=google-trends+google-trends-trending,first_seen=2026-07-14,last_seen=2026-09-04,seen_days_30=0,signal_14=0,signal_30=0,windows_14=,max_traffic=50000,status=cooling
鄭朝方	-1.9	chiaki-auto-hotwords-overlay,auto,source=google-trends,first_seen=2026-06-29,last_seen=2026-10-05,seen_days_30=23,signal_14=31,signal_30=31,windows_14=24h+48h+7d,max_traffic=2000,status=active
鄭欽文	-2.6	chiaki-auto-hotwords-overlay,auto,source=google-trends,first_seen=2026-09-06,last_seen=2026-09-14,seen_days_30=9,signal_14=0,signal_30=0,windows_14=,max_traffic=5000,status=active
鄭浩均	-2.6	chiaki-auto-hotwords-overlay,auto,source=google-trends+google-trends-trending,first_seen=2026-07-19,last_seen=2026-09-12,seen_days_30=7,signal_14=0,signal_30=0,windows_14=,max_traffic=5000,status=active
鄭瑞	-2.6	chiaki-auto-hotwords-overlay,auto,source=google-trends,first_seen=2026-09-05,last_seen=2026-09-13,seen_days_30=8,signal_14=0,signal_30=0,windows_14=,max_traffic=200,status=active
鄭英耀	-2.6	chiaki-auto-hotwords-overlay,auto,source=google-trends,first_seen=2026-07-14,last_seen=2026-09-10,seen_days_30=4,signal_14=0,signal_30=0,windows_14=,max_traffic=2000,status=active
鄭進一	-2.6	chiaki-auto-hotwords-overlay,auto,source=google-trends,first_seen=2026-08-28,last_seen=2026-09-05,seen_days_30=0,signal_14=0,signal_30=0,windows_14=,max_traffic=2000,status=active
鄭銘謙	-2.4	chiaki-auto-hotwords-overlay,auto,source=google-trends+google-trends-trending,first_seen=2026-07-22,last_seen=2026-09-22,seen_days_30=7,signal_14=3,signal_30=3,windows_14=7d,max_traffic=2000,status=active
酋長盃	-2.8	chiaki-auto-hotwords-overlay,auto,source=google-trends,first_seen=2026-08-11,last_seen=2026-08-16,seen_days_30=0,signal_14=0,signal_30=0,windows_14=,max_traffic=200,status=cooling
重機展	-3.0	chiaki-auto-hotwords-overlay,auto,source=google-trends,first_seen=2026-07-12,last_seen=2026-07-19,seen_days_30=0,signal_14=0,signal_30=0,windows_14=,max_traffic=2000,status=dormant,derived_from=南港重機展
重訊	-2.6	chiaki-auto-hotwords-overlay,auto,source=google-trends,first_seen=2026-09-13,last_seen=2026-09-18,seen_days_30=5,signal_14=0,signal_30=0,windows_14=,max_traffic=500,status=active,derived_from=日月光重訊
重騎士	-2.8	chiaki-auto-hotwords-overlay,auto,source=ptt-cchat,first_seen=2026-08-08,last_seen=2026-08-16,seen_days_30=0,signal_14=0,signal_30=0,windows_14=,max_traffic=69,status=cooling
野獸之心	-1.9	chiaki-auto-hotwords-overlay,auto,source=google-trends,first_seen=2026-09-20,last_seen=2026-09-25,seen_days_30=6,signal_14=12,signal_30=12,windows_14=7d,max_traffic=2000,status=active
野趣森林	-1.9	chiaki-auto-hotwords-overlay,auto,source=google-trends,first_seen=2026-08-11,last_seen=2026-09-27,seen_days_30=7,signal_14=20,signal_30=20,windows_14=48h+7d,max_traffic=500,status=active
金世仁	-2.8	chiaki-auto-hotwords-overlay,auto,source=google-trends,first_seen=2026-08-01,last_seen=2026-08-07,seen_days_30=0,signal_14=0,signal_30=0,windows_14=,max_traffic=50000,status=cooling
金佳垠	-3.0	chiaki-auto-hotwords-overlay,auto,source=google-trends+google-trends-trending,first_seen=2026-07-26,last_seen=2026-07-31,seen_days_30=0,signal_14=0,signal_30=0,windows_14=,max_traffic=1000,status=dormant
金像電	-2.1	chiaki-auto-hotwords-overlay,auto,source=google-trends,first_seen=2026-09-01,last_seen=2026-10-02,seen_days_30=4,signal_14=8,signal_30=8,windows_14=24h+48h+7d,max_traffic=2000,status=active
金在中	-2.8	chiaki-auto-hotwords-overlay,auto,source=google-trends,first_seen=2026-08-12,last_seen=2026-08-18,seen_days_30=0,signal_14=0,signal_30=0,windows_14=,max_traffic=5000,status=cooling,derived_from=金在中姐姐
金娜妍	-2.8	chiaki-auto-hotwords-overlay,auto,source=google-trends,first_seen=2026-08-10,last_seen=2026-08-16,seen_days_30=0,signal_14=0,signal_30=0,windows_14=,max_traffic=200,status=cooling
金嶽瀑布	-2.6	chiaki-auto-hotwords-overlay,auto,source=google-trends,first_seen=2026-08-31,last_seen=2026-09-06,seen_days_30=1,signal_14=0,signal_30=0,windows_14=,max_traffic=500,status=active
金慧成	-2.6	chiaki-auto-hotwords-overlay,auto,source=google-trends,first_seen=2026-08-31,last_seen=2026-09-06,seen_days_30=1,signal_14=0,signal_30=0,windows_14=,max_traffic=200,status=active
金智媛	-1.9	chiaki-auto-hotwords-overlay,auto,source=google-trends,first_seen=2026-09-28,last_seen=2026-10-04,seen_days_30=7,signal_14=26,signal_30=26,windows_14=24h+48h+7d,max_traffic=200,status=active
金武烈	-2.6	chiaki-auto-hotwords-overlay,auto,source=google-trends,first_seen=2026-09-07,last_seen=2026-09-13,seen_days_30=7,signal_14=0,signal_30=0,windows_14=,max_traffic=5000,status=active
金河成	-2.8	chiaki-auto-hotwords-overlay,auto,source=google-trends,first_seen=2026-08-28,last_seen=2026-09-03,seen_days_30=0,signal_14=0,signal_30=0,windows_14=,max_traffic=2000,status=cooling
金泰希	-2.1	chiaki-auto-hotwords-overlay,auto,source=google-trends,first_seen=2026-09-17,last_seen=2026-09-23,seen_days_30=7,signal_14=6,signal_30=6,windows_14=7d,max_traffic=500,status=active
金珉禧	-2.8	chiaki-auto-hotwords-overlay,auto,source=google-trends,first_seen=2026-08-15,last_seen=2026-08-21,seen_days_30=0,signal_14=0,signal_30=0,windows_14=,max_traffic=200,status=cooling
金素梅	-2.8	chiaki-auto-hotwords-overlay,auto,source=google-trends,first_seen=2026-08-21,last_seen=2026-08-25,seen_days_30=0,signal_14=0,signal_30=0,windows_14=,max_traffic=2000,status=cooling
金賽綸	-3.0	chiaki-auto-hotwords-overlay,auto,source=google-trends,first_seen=2026-07-30,last_seen=2026-08-02,seen_days_30=0,signal_14=0,signal_30=0,windows_14=,max_traffic=2000,status=dormant
金載原	-2.8	chiaki-auto-hotwords-overlay,auto,source=google-trends,first_seen=2026-08-04,last_seen=2026-08-07,seen_days_30=0,signal_14=0,signal_30=0,windows_14=,max_traffic=1000,status=cooling
金鋼狼	-2.6	chiaki-auto-hotwords-overlay,auto,source=ptt-cchat,first_seen=2026-09-11,last_seen=2026-09-16,seen_days_30=3,signal_14=0,signal_30=0,windows_14=,max_traffic=179,status=active
金高恩	-2.8	chiaki-auto-hotwords-overlay,auto,source=google-trends,first_seen=2026-08-02,last_seen=2026-08-08,seen_days_30=0,signal_14=0,signal_30=0,windows_14=,max_traffic=200,status=cooling
針線緣	-2.8	chiaki-auto-hotwords-overlay,auto,source=google-trends+google-trends-trending,first_seen=2026-07-16,last_seen=2026-08-17,seen_days_30=0,signal_14=0,signal_30=0,windows_14=,max_traffic=5000,status=cooling
鈊象	-2.6	chiaki-auto-hotwords-overlay,auto,source=google-trends,first_seen=2026-08-14,last_seen=2026-09-07,seen_days_30=2,signal_14=0,signal_30=0,windows_14=,max_traffic=200,status=active
鈴木誠也	-2.8	chiaki-auto-hotwords-overlay,auto,source=google-trends,first_seen=2026-08-05,last_seen=2026-08-11,seen_days_30=0,signal_14=0,signal_30=0,windows_14=,max_traffic=100,status=cooling
鈺創	-2.8	chiaki-auto-hotwords-overlay,auto,source=google-trends+google-trends-trending,first_seen=2026-07-14,last_seen=2026-08-25,seen_days_30=0,signal_14=0,signal_30=0,windows_14=,max_traffic=1000,status=cooling
銀赫	-2.6	chiaki-auto-hotwords-overlay,auto,source=google-trends,first_seen=2026-09-12,last_seen=2026-09-18,seen_days_30=3,signal_14=0,signal_30=0,windows_14=,max_traffic=200,status=active
銳鳶	-2.6	chiaki-auto-hotwords-overlay,auto,source=google-trends,first_seen=2026-09-02,last_seen=2026-09-07,seen_days_30=2,signal_14=0,signal_30=0,windows_14=,max_traffic=500,status=active,derived_from=銳鳶無人機
錦榮	-2.6	chiaki-auto-hotwords-overlay,auto,source=google-trends,first_seen=2026-09-11,last_seen=2026-09-17,seen_days_30=7,signal_14=0,signal_30=0,windows_14=,max_traffic=100,status=active
鍾佳濱	-2.6	chiaki-auto-hotwords-overlay,auto,source=google-trends+ptt-gossiping,first_seen=2026-09-10,last_seen=2026-09-16,seen_days_30=7,signal_14=0,signal_30=0,windows_14=,max_traffic=200,status=active
鍾小平	-2.4	chiaki-auto-hotwords-overlay,auto,source=google-trends,first_seen=2026-09-15,last_seen=2026-09-21,seen_days_30=6,signal_14=0,signal_30=0,windows_14=,max_traffic=500,status=active
鍾明軒	-2.6	chiaki-auto-hotwords-overlay,auto,source=google-trends,first_seen=2026-09-04,last_seen=2026-09-10,seen_days_30=5,signal_14=0,signal_30=0,windows_14=,max_traffic=1000,status=active
鍾欣怡	-2.8	chiaki-auto-hotwords-overlay,auto,source=google-trends+google-trends-trending,first_seen=2026-07-18,last_seen=2026-08-21,seen_days_30=0,signal_14=0,signal_30=0,windows_14=,max_traffic=500,status=cooling
鍾陽	-2.6	chiaki-auto-hotwords-overlay,auto,source=google-trends,first_seen=2026-09-10,last_seen=2026-09-16,seen_days_30=7,signal_14=0,signal_30=0,windows_14=,max_traffic=1000,status=active
鍾麗淇	-2.6	chiaki-auto-hotwords-overlay,auto,source=google-trends,first_seen=2026-09-12,last_seen=2026-09-18,seen_days_30=7,signal_14=0,signal_30=0,windows_14=,max_traffic=1000,status=active
鎧俠	-2.6	chiaki-auto-hotwords-overlay,auto,source=google-trends,first_seen=2026-08-01,last_seen=2026-09-17,seen_days_30=6,signal_14=0,signal_30=0,windows_14=,max_traffic=1000,status=active
鎧俠財報	-2.8	chiaki-auto-hotwords-overlay,auto,source=google-trends,first_seen=2026-08-02,last_seen=2026-08-06,seen_days_30=0,signal_14=0,signal_30=0,windows_14=,max_traffic=200,status=cooling
鑫創	-2.1	chiaki-auto-hotwords-overlay,auto,source=google-trends,first_seen=2026-09-25,last_seen=2026-10-01,seen_days_30=3,signal_14=6,signal_30=6,windows_14=24h+48h+7d,max_traffic=200,status=active
鑫創科技	-1.9	chiaki-auto-hotwords-overlay,auto,source=google-trends,first_seen=2026-09-24,last_seen=2026-09-30,seen_days_30=7,signal_14=26,signal_30=26,windows_14=24h+48h+7d,max_traffic=1000,status=active
長亨	-3.0	chiaki-auto-hotwords-overlay,auto,source=google-trends+google-trends-trending,first_seen=2026-07-21,last_seen=2026-07-27,seen_days_30=0,signal_14=0,signal_30=0,windows_14=,max_traffic=500,status=dormant
長亨精密	-3.0	chiaki-auto-hotwords-overlay,auto,source=google-trends+google-trends-trending,first_seen=2026-07-20,last_seen=2026-07-27,seen_days_30=0,signal_14=0,signal_30=0,windows_14=,max_traffic=10000,status=dormant
長崎市長	-2.8	chiaki-auto-hotwords-overlay,auto,source=google-trends,first_seen=2026-08-12,last_seen=2026-08-18,seen_days_30=0,signal_14=0,signal_30=0,windows_14=,max_traffic=500,status=cooling
長鑫	-3.0	chiaki-auto-hotwords-overlay,auto,source=google-trends,first_seen=2026-07-28,last_seen=2026-08-03,seen_days_30=0,signal_14=0,signal_30=0,windows_14=,max_traffic=10000,status=dormant
長鑫存儲	-2.6	chiaki-auto-hotwords-overlay,auto,source=google-trends+google-trends-trending,first_seen=2026-07-20,last_seen=2026-09-17,seen_days_30=7,signal_14=0,signal_30=0,windows_14=,max_traffic=2000,status=active
閃身步	-1.9	chiaki-auto-hotwords-overlay,auto,source=google-trends,first_seen=2026-09-29,last_seen=2026-10-05,seen_days_30=5,signal_14=20,signal_30=20,windows_14=24h+48h+7d,max_traffic=20000,status=active
閃電狼	-2.6	chiaki-auto-hotwords-overlay,auto,source=google-trends,first_seen=2026-09-01,last_seen=2026-09-08,seen_days_30=3,signal_14=0,signal_30=0,windows_14=,max_traffic=5000,status=active
開火開夥	-2.6	chiaki-auto-hotwords-overlay,auto,source=google-trends,first_seen=2026-08-30,last_seen=2026-09-12,seen_days_30=7,signal_14=0,signal_30=0,windows_14=,max_traffic=1000,status=active
閎康	-2.8	chiaki-auto-hotwords-overlay,auto,source=google-trends,first_seen=2026-08-01,last_seen=2026-08-07,seen_days_30=0,signal_14=0,signal_30=0,windows_14=,max_traffic=1000,status=cooling
關聰	-3.0	chiaki-auto-hotwords-overlay,auto,source=google-trends+google-trends-trending,first_seen=2026-07-25,last_seen=2026-07-31,seen_days_30=0,signal_14=0,signal_30=0,windows_14=,max_traffic=2000,status=dormant
阮慕驊	-1.9	chiaki-auto-hotwords-overlay,auto,source=google-trends+google-trends-trending,first_seen=2026-06-29,last_seen=2026-10-05,seen_days_30=15,signal_14=12,signal_30=12,windows_14=24h+48h+7d,max_traffic=100000,status=active
阮經天	-2.6	chiaki-auto-hotwords-overlay,auto,source=google-trends,first_seen=2026-09-09,last_seen=2026-09-16,seen_days_30=8,signal_14=0,signal_30=0,windows_14=,max_traffic=1000,status=active
阿勇師	-2.8	chiaki-auto-hotwords-overlay,auto,source=google-trends,first_seen=2026-08-21,last_seen=2026-08-27,seen_days_30=0,signal_14=0,signal_30=0,windows_14=,max_traffic=200,status=cooling
阿吉仔	-2.6	chiaki-auto-hotwords-overlay,auto,source=google-trends,first_seen=2026-09-13,last_seen=2026-09-18,seen_days_30=6,signal_14=0,signal_30=0,windows_14=,max_traffic=500,status=active
阿坤麵	-2.8	chiaki-auto-hotwords-overlay,auto,source=google-trends,first_seen=2026-08-23,last_seen=2026-08-29,seen_days_30=0,signal_14=0,signal_30=0,windows_14=,max_traffic=1000,status=cooling
阿宏師	-2.6	chiaki-auto-hotwords-overlay,auto,source=google-trends,first_seen=2026-09-02,last_seen=2026-09-19,seen_days_30=9,signal_14=0,signal_30=0,windows_14=,max_traffic=1000,status=active,derived_from=阿宏師火雞肉飯
阿提	-2.8	chiaki-auto-hotwords-overlay,auto,source=google-trends,first_seen=2026-08-22,last_seen=2026-08-27,seen_days_30=0,signal_14=0,signal_30=0,windows_14=,max_traffic=2000,status=cooling,derived_from=阿提哈德航空
阿格麗希	-3.0	chiaki-auto-hotwords-overlay,auto,source=google-trends+google-trends-trending,first_seen=2026-07-25,last_seen=2026-07-31,seen_days_30=0,signal_14=0,signal_30=0,windows_14=,max_traffic=500,status=dormant
阿江	-3.0	chiaki-auto-hotwords-overlay,auto,source=google-trends+google-trends-trending,first_seen=2026-07-21,last_seen=2026-07-26,seen_days_30=0,signal_14=0,signal_30=0,windows_14=,max_traffic=500,status=dormant,derived_from=阿江鱔魚意麵
阿翔	-2.8	chiaki-auto-hotwords-overlay,auto,source=google-trends,first_seen=2026-08-04,last_seen=2026-08-10,seen_days_30=0,signal_14=0,signal_30=0,windows_14=,max_traffic=200,status=cooling
阿翰	-2.8	chiaki-auto-hotwords-overlay,auto,source=google-trends,first_seen=2026-08-11,last_seen=2026-08-17,seen_days_30=0,signal_14=0,signal_30=0,windows_14=,max_traffic=10000,status=cooling,derived_from=阿翰女友璇璇
阿英	-2.8	chiaki-auto-hotwords-overlay,auto,source=google-trends+google-trends-trending,first_seen=2026-07-22,last_seen=2026-09-04,seen_days_30=0,signal_14=0,signal_30=0,windows_14=,max_traffic=2000,status=cooling,derived_from=阿英排骨飯+阿英海產粥
阿贊初	-2.6	chiaki-auto-hotwords-overlay,auto,source=google-trends,first_seen=2026-09-13,last_seen=2026-09-17,seen_days_30=5,signal_14=0,signal_30=0,windows_14=,max_traffic=2000,status=active
陳世倫	-3.0	chiaki-auto-hotwords-overlay,auto,source=google-trends,first_seen=2026-07-30,last_seen=2026-08-05,seen_days_30=0,signal_14=0,signal_30=0,windows_14=,max_traffic=20000,status=dormant,derived_from=陳世倫醫師
陳世凱	-3.0	chiaki-auto-hotwords-overlay,auto,source=google-trends+google-trends-trending,first_seen=2026-07-21,last_seen=2026-07-27,seen_days_30=0,signal_14=0,signal_30=0,windows_14=,max_traffic=200,status=dormant
陳世瑀	-2.6	chiaki-auto-hotwords-overlay,auto,source=google-trends+ptt-gossiping,first_seen=2026-09-10,last_seen=2026-09-16,seen_days_30=7,signal_14=0,signal_30=0,windows_14=,max_traffic=500,status=active
陳之漢	-2.8	chiaki-auto-hotwords-overlay,auto,source=google-trends+google-trends-trending,first_seen=2026-07-21,last_seen=2026-08-29,seen_days_30=0,signal_14=0,signal_30=0,windows_14=,max_traffic=2000,status=cooling
陳亞麟	-2.6	chiaki-auto-hotwords-overlay,auto,source=google-trends,first_seen=2026-09-01,last_seen=2026-09-07,seen_days_30=2,signal_14=0,signal_30=0,windows_14=,max_traffic=500,status=active
陳亭妃	-2.8	chiaki-auto-hotwords-overlay,auto,source=google-trends,first_seen=2026-07-30,last_seen=2026-09-03,seen_days_30=0,signal_14=0,signal_30=0,windows_14=,max_traffic=10000,status=cooling
陳仕朋	-2.6	chiaki-auto-hotwords-overlay,auto,source=google-trends+google-trends-trending,first_seen=2026-07-25,last_seen=2026-09-07,seen_days_30=2,signal_14=0,signal_30=0,windows_14=,max_traffic=2000,status=active
陳佩琪	-2.1	chiaki-auto-hotwords-overlay,auto,source=google-trends+ptt-gossiping,first_seen=2026-06-26,last_seen=2026-10-05,seen_days_30=15,signal_14=11,signal_30=11,windows_14=24h+48h+7d,max_traffic=5000,status=active
陳俊聖	-1.9	chiaki-auto-hotwords-overlay,auto,source=google-trends,first_seen=2026-09-26,last_seen=2026-10-04,seen_days_30=9,signal_14=36,signal_30=36,windows_14=24h+48h+7d,max_traffic=1000,status=active
陳傑憲	-2.1	chiaki-auto-hotwords-overlay,auto,source=google-trends+google-trends-trending,first_seen=2026-07-20,last_seen=2026-09-24,seen_days_30=7,signal_14=9,signal_30=9,windows_14=7d,max_traffic=10000,status=active
陳其邁	-2.6	chiaki-auto-hotwords-overlay,auto,source=google-trends+ptt-gossiping,first_seen=2026-06-26,last_seen=2026-09-19,seen_days_30=10,signal_14=0,signal_30=0,windows_14=,max_traffic=50000,status=active,derived_from=陳其邁女兒
陳冠舟	-2.8	chiaki-auto-hotwords-overlay,auto,source=google-trends,first_seen=2026-08-12,last_seen=2026-08-13,seen_days_30=0,signal_14=0,signal_30=0,windows_14=,max_traffic=200,status=cooling
陳冠良	-2.8	chiaki-auto-hotwords-overlay,auto,source=google-trends,first_seen=2026-08-17,last_seen=2026-08-17,seen_days_30=0,signal_14=0,signal_30=0,windows_14=,max_traffic=500,status=cooling
陳凱琳	-2.8	chiaki-auto-hotwords-overlay,auto,source=google-trends,first_seen=2026-08-07,last_seen=2026-08-13,seen_days_30=0,signal_14=0,signal_30=0,windows_14=,max_traffic=100,status=cooling
陳匡怡	-2.8	chiaki-auto-hotwords-overlay,auto,source=google-trends+google-trends-trending,first_seen=2026-07-15,last_seen=2026-08-11,seen_days_30=0,signal_14=0,signal_30=0,windows_14=,max_traffic=1000,status=cooling
陳哲遠	-2.8	chiaki-auto-hotwords-overlay,auto,source=google-trends,first_seen=2026-08-17,last_seen=2026-08-22,seen_days_30=0,signal_14=0,signal_30=0,windows_14=,max_traffic=200,status=cooling
陳善圭	-2.8	chiaki-auto-hotwords-overlay,auto,source=google-trends,first_seen=2026-08-02,last_seen=2026-08-08,seen_days_30=0,signal_14=0,signal_30=0,windows_14=,max_traffic=1000,status=cooling
陳嘉偉	-2.1	chiaki-auto-hotwords-overlay,auto,source=google-trends,first_seen=2026-09-20,last_seen=2026-09-24,seen_days_30=5,signal_14=9,signal_30=9,windows_14=7d,max_traffic=5000,status=active
陳國世	-1.9	chiaki-auto-hotwords-overlay,auto,source=google-trends,first_seen=2026-09-19,last_seen=2026-09-25,seen_days_30=7,signal_14=12,signal_30=12,windows_14=7d,max_traffic=100,status=active
陳培瑜	-2.8	chiaki-auto-hotwords-overlay,auto,source=google-trends,first_seen=2026-08-02,last_seen=2026-08-09,seen_days_30=0,signal_14=0,signal_30=0,windows_14=,max_traffic=2000,status=cooling
陳天仁	-1.9	chiaki-auto-hotwords-overlay,auto,source=google-trends,first_seen=2026-07-12,last_seen=2026-10-05,seen_days_30=4,signal_14=17,signal_30=17,windows_14=24h+48h+7d,max_traffic=5000,status=active
陳妍安	-2.8	chiaki-auto-hotwords-overlay,auto,source=google-trends,first_seen=2026-08-28,last_seen=2026-09-03,seen_days_30=0,signal_14=0,signal_30=0,windows_14=,max_traffic=1000,status=cooling
陳妍希	-2.4	chiaki-auto-hotwords-overlay,auto,source=google-trends,first_seen=2026-08-08,last_seen=2026-09-21,seen_days_30=7,signal_14=0,signal_30=0,windows_14=,max_traffic=5000,status=active
陳威達	-2.4	chiaki-auto-hotwords-overlay,auto,source=google-trends,first_seen=2026-09-18,last_seen=2026-09-24,seen_days_30=3,signal_14=3,signal_30=3,windows_14=7d,max_traffic=10000,status=active
陳婉婷	-2.8	chiaki-auto-hotwords-overlay,auto,source=google-trends,first_seen=2026-08-26,last_seen=2026-09-01,seen_days_30=0,signal_14=0,signal_30=0,windows_14=,max_traffic=200,status=cooling
陳子鴻	-2.6	chiaki-auto-hotwords-overlay,auto,source=google-trends,first_seen=2026-07-11,last_seen=2026-09-12,seen_days_30=6,signal_14=0,signal_30=0,windows_14=,max_traffic=10000,status=active
陳孝萱	-2.4	chiaki-auto-hotwords-overlay,auto,source=google-trends+google-trends-trending,first_seen=2026-07-23,last_seen=2026-09-21,seen_days_30=6,signal_14=0,signal_30=0,windows_14=,max_traffic=1000,status=active
陳孟賢	-2.8	chiaki-auto-hotwords-overlay,auto,source=google-trends,first_seen=2026-08-20,last_seen=2026-08-29,seen_days_30=0,signal_14=0,signal_30=0,windows_14=,max_traffic=2000,status=cooling
陳小菁	-2.6	chiaki-auto-hotwords-overlay,auto,source=google-trends,first_seen=2026-09-04,last_seen=2026-09-10,seen_days_30=5,signal_14=0,signal_30=0,windows_14=,max_traffic=1000,status=active
陳尚潔	-2.1	chiaki-auto-hotwords-overlay,auto,source=google-trends,first_seen=2026-09-17,last_seen=2026-09-23,seen_days_30=7,signal_14=6,signal_30=6,windows_14=7d,max_traffic=500,status=active
陳峰民	-3.0	chiaki-auto-hotwords-overlay,auto,source=google-trends+google-trends-trending,first_seen=2026-07-15,last_seen=2026-07-21,seen_days_30=0,signal_14=0,signal_30=0,windows_14=,max_traffic=2000,status=dormant
陳建仁	-3.0	chiaki-auto-hotwords-overlay,auto,source=google-trends+google-trends-trending,first_seen=2026-07-21,last_seen=2026-07-30,seen_days_30=0,signal_14=0,signal_30=0,windows_14=,max_traffic=2000,status=dormant
陳建隆	-2.8	chiaki-auto-hotwords-overlay,auto,source=google-trends,first_seen=2026-08-20,last_seen=2026-08-26,seen_days_30=0,signal_14=0,signal_30=0,windows_14=,max_traffic=1000,status=cooling
陳彥夆	-2.6	chiaki-auto-hotwords-overlay,auto,source=google-trends,first_seen=2026-09-06,last_seen=2026-09-12,seen_days_30=7,signal_14=0,signal_30=0,windows_14=,max_traffic=2000,status=active
陳德修	-1.9	chiaki-auto-hotwords-overlay,auto,source=google-trends,first_seen=2026-10-02,last_seen=2026-10-05,seen_days_30=4,signal_14=14,signal_30=14,windows_14=48h+7d,max_traffic=5000,status=active
陳德池	-3.0	chiaki-auto-hotwords-overlay,auto,source=google-trends,first_seen=2026-07-12,last_seen=2026-07-18,seen_days_30=0,signal_14=0,signal_30=0,windows_14=,max_traffic=500,status=dormant
陳念琴	-1.9	chiaki-auto-hotwords-overlay,auto,source=google-trends,first_seen=2026-10-03,last_seen=2026-10-05,seen_days_30=3,signal_14=14,signal_30=14,windows_14=24h+48h+7d,max_traffic=2000,status=active
陳怡君	-2.6	chiaki-auto-hotwords-overlay,auto,source=google-trends,first_seen=2026-09-04,last_seen=2026-09-10,seen_days_30=5,signal_14=0,signal_30=0,windows_14=,max_traffic=2000,status=active
陳慕義	-2.6	chiaki-auto-hotwords-overlay,auto,source=google-trends,first_seen=2026-08-16,last_seen=2026-09-17,seen_days_30=7,signal_14=0,signal_30=0,windows_14=,max_traffic=2000,status=active
陳揮文	-2.6	chiaki-auto-hotwords-overlay,auto,source=google-trends,first_seen=2026-08-27,last_seen=2026-09-06,seen_days_30=1,signal_14=0,signal_30=0,windows_14=,max_traffic=1000,status=active
陳敏賜	-1.9	chiaki-auto-hotwords-overlay,auto,source=google-trends,first_seen=2026-09-11,last_seen=2026-10-02,seen_days_30=8,signal_14=17,signal_30=17,windows_14=24h+48h+7d,max_traffic=2000,status=active
陳明文	-2.6	chiaki-auto-hotwords-overlay,auto,source=google-trends,first_seen=2026-09-10,last_seen=2026-09-16,seen_days_30=7,signal_14=0,signal_30=0,windows_14=,max_traffic=1000,status=active
陳昭姿	-2.8	chiaki-auto-hotwords-overlay,auto,source=google-trends+ptt-gossiping,first_seen=2026-07-29,last_seen=2026-08-10,seen_days_30=0,signal_14=0,signal_30=0,windows_14=,max_traffic=2000,status=cooling
陳昭婷	-2.8	chiaki-auto-hotwords-overlay,auto,source=google-trends,first_seen=2026-08-17,last_seen=2026-09-03,seen_days_30=0,signal_14=0,signal_30=0,windows_14=,max_traffic=2000,status=cooling
陳昭瑋	-2.8	chiaki-auto-hotwords-overlay,auto,source=google-trends,first_seen=2026-07-30,last_seen=2026-09-03,seen_days_30=0,signal_14=0,signal_30=0,windows_14=,max_traffic=20000,status=cooling
陳昭賢	-1.9	chiaki-auto-hotwords-overlay,auto,source=google-trends,first_seen=2026-09-26,last_seen=2026-10-02,seen_days_30=7,signal_14=24,signal_30=24,windows_14=24h+48h+7d,max_traffic=1000,status=active
陳昱瑄	-2.8	chiaki-auto-hotwords-overlay,auto,source=google-trends+ptt-gossiping,first_seen=2026-08-07,last_seen=2026-08-13,seen_days_30=0,signal_14=0,signal_30=0,windows_14=,max_traffic=100000,status=cooling
陳晉興	-1.9	chiaki-auto-hotwords-overlay,auto,source=google-trends,first_seen=2026-10-03,last_seen=2026-10-05,seen_days_30=3,signal_14=14,signal_30=14,windows_14=24h+48h+7d,max_traffic=1000,status=active
陳晨威	-2.6	chiaki-auto-hotwords-overlay,auto,source=google-trends,first_seen=2026-09-08,last_seen=2026-09-14,seen_days_30=7,signal_14=0,signal_30=0,windows_14=,max_traffic=100,status=active
陳曉東	-2.6	chiaki-auto-hotwords-overlay,auto,source=google-trends,first_seen=2026-08-30,last_seen=2026-09-05,seen_days_30=0,signal_14=0,signal_30=0,windows_14=,max_traffic=10000,status=active
陳曼青	-2.4	chiaki-auto-hotwords-overlay,auto,source=google-trends,first_seen=2026-07-29,last_seen=2026-09-21,seen_days_30=7,signal_14=0,signal_30=0,windows_14=,max_traffic=20000,status=active
陳柏凱	-2.8	chiaki-auto-hotwords-overlay,auto,source=google-trends,first_seen=2026-08-23,last_seen=2026-08-27,seen_days_30=0,signal_14=0,signal_30=0,windows_14=,max_traffic=2000,status=cooling
陳柏渝	-2.1	chiaki-auto-hotwords-overlay,auto,source=google-trends,first_seen=2026-09-17,last_seen=2026-09-23,seen_days_30=7,signal_14=6,signal_30=6,windows_14=7d,max_traffic=2000,status=active
陳柏豪	-2.8	chiaki-auto-hotwords-overlay,auto,source=google-trends,first_seen=2026-08-08,last_seen=2026-08-14,seen_days_30=0,signal_14=0,signal_30=0,windows_14=,max_traffic=500,status=cooling
陳欣妤	-2.8	chiaki-auto-hotwords-overlay,auto,source=google-trends,first_seen=2026-08-22,last_seen=2026-08-27,seen_days_30=0,signal_14=0,signal_30=0,windows_14=,max_traffic=200,status=cooling
陳沂	-2.8	chiaki-auto-hotwords-overlay,auto,source=google-trends,first_seen=2026-08-11,last_seen=2026-08-30,seen_days_30=0,signal_14=0,signal_30=0,windows_14=,max_traffic=100,status=cooling
陳泰銘	-1.9	chiaki-auto-hotwords-overlay,auto,source=google-trends,first_seen=2026-07-16,last_seen=2026-10-05,seen_days_30=4,signal_14=17,signal_30=17,windows_14=24h+48h+7d,max_traffic=20000,status=active
陳淑芳	-2.1	chiaki-auto-hotwords-overlay,auto,source=google-trends+google-trends-trending,first_seen=2026-07-18,last_seen=2026-09-24,seen_days_30=7,signal_14=9,signal_30=9,windows_14=7d,max_traffic=5000,status=active
陳清龍	-2.8	chiaki-auto-hotwords-overlay,auto,source=google-trends,first_seen=2026-08-12,last_seen=2026-08-12,seen_days_30=0,signal_14=0,signal_30=0,windows_14=,max_traffic=1000,status=cooling
陳為廷	-2.6	chiaki-auto-hotwords-overlay,auto,source=google-trends+ptt-gossiping,first_seen=2026-09-04,last_seen=2026-09-10,seen_days_30=5,signal_14=0,signal_30=0,windows_14=,max_traffic=2000,status=active
陳熠	-2.6	chiaki-auto-hotwords-overlay,auto,source=google-trends,first_seen=2026-09-15,last_seen=2026-09-20,seen_days_30=6,signal_14=0,signal_30=0,windows_14=,max_traffic=200,status=active
陳玉珊	-2.8	chiaki-auto-hotwords-overlay,auto,source=google-trends,first_seen=2026-08-27,last_seen=2026-09-01,seen_days_30=0,signal_14=0,signal_30=0,windows_14=,max_traffic=100,status=cooling
陳玟卉	-1.9	chiaki-auto-hotwords-overlay,auto,source=google-trends,first_seen=2026-09-28,last_seen=2026-10-04,seen_days_30=7,signal_14=26,signal_30=26,windows_14=24h+48h+7d,max_traffic=500,status=active
陳珮騏	-2.8	chiaki-auto-hotwords-overlay,auto,source=google-trends,first_seen=2026-07-29,last_seen=2026-08-20,seen_days_30=0,signal_14=0,signal_30=0,windows_14=,max_traffic=1000,status=cooling
陳琥	-2.8	chiaki-auto-hotwords-overlay,auto,source=google-trends+google-trends-trending,first_seen=2026-07-23,last_seen=2026-08-29,seen_days_30=0,signal_14=0,signal_30=0,windows_14=,max_traffic=1000,status=cooling
陳瑩	-3.0	chiaki-auto-hotwords-overlay,auto,source=google-trends,first_seen=2026-08-02,last_seen=2026-08-04,seen_days_30=0,signal_14=0,signal_30=0,windows_14=,max_traffic=10000,status=dormant
陳盈潔	-2.8	chiaki-auto-hotwords-overlay,auto,source=google-trends+ptt-gossiping,first_seen=2026-08-13,last_seen=2026-08-30,seen_days_30=0,signal_14=0,signal_30=0,windows_14=,max_traffic=200000,status=cooling,derived_from=陳盈潔女兒
陳盈駿	-2.6	chiaki-auto-hotwords-overlay,auto,source=google-trends+google-trends-trending,first_seen=2026-07-26,last_seen=2026-09-17,seen_days_30=7,signal_14=0,signal_30=0,windows_14=,max_traffic=200,status=active
陳睦衡	-1.9	chiaki-auto-hotwords-overlay,auto,source=google-trends,first_seen=2026-08-10,last_seen=2026-10-02,seen_days_30=7,signal_14=26,signal_30=26,windows_14=24h+48h+7d,max_traffic=1000,status=active
陳秋燕	-2.6	chiaki-auto-hotwords-overlay,auto,source=google-trends,first_seen=2026-09-02,last_seen=2026-09-07,seen_days_30=2,signal_14=0,signal_30=0,windows_14=,max_traffic=1000,status=active
陳立武	-2.8	chiaki-auto-hotwords-overlay,auto,source=google-trends+google-trends-trending,first_seen=2026-07-23,last_seen=2026-08-20,seen_days_30=0,signal_14=0,signal_30=0,windows_14=,max_traffic=500,status=cooling
陳竹音	-2.6	chiaki-auto-hotwords-overlay,auto,source=google-trends,first_seen=2026-09-07,last_seen=2026-09-13,seen_days_30=7,signal_14=0,signal_30=0,windows_14=,max_traffic=10000,status=active
陳粒	-2.6	chiaki-auto-hotwords-overlay,auto,source=google-trends,first_seen=2026-09-01,last_seen=2026-09-07,seen_days_30=2,signal_14=0,signal_30=0,windows_14=,max_traffic=200,status=active
陳紫渝	-2.6	chiaki-auto-hotwords-overlay,auto,source=google-trends,first_seen=2026-09-09,last_seen=2026-09-14,seen_days_30=6,signal_14=0,signal_30=0,windows_14=,max_traffic=2000,status=active
陳義信	-2.8	chiaki-auto-hotwords-overlay,auto,source=google-trends,first_seen=2026-08-13,last_seen=2026-08-19,seen_days_30=0,signal_14=0,signal_30=0,windows_14=,max_traffic=500,status=cooling
陳翠蓮	-2.4	chiaki-auto-hotwords-overlay,auto,source=google-trends,first_seen=2026-08-11,last_seen=2026-09-21,seen_days_30=7,signal_14=0,signal_30=0,windows_14=,max_traffic=1000,status=active
陳耀訓	-2.6	chiaki-auto-hotwords-overlay,auto,source=google-trends,first_seen=2026-07-29,last_seen=2026-09-12,seen_days_30=4,signal_14=0,signal_30=0,windows_14=,max_traffic=2000,status=active,derived_from=陳耀訓蛋黃酥
陳聆薇	-2.8	chiaki-auto-hotwords-overlay,auto,source=google-trends,first_seen=2026-08-07,last_seen=2026-08-13,seen_days_30=0,signal_14=0,signal_30=0,windows_14=,max_traffic=10000,status=cooling
陳育緹	-2.8	chiaki-auto-hotwords-overlay,auto,source=google-trends,first_seen=2026-08-13,last_seen=2026-08-19,seen_days_30=0,signal_14=0,signal_30=0,windows_14=,max_traffic=200,status=cooling
陳菁徽	-2.8	chiaki-auto-hotwords-overlay,auto,source=google-trends,first_seen=2026-07-31,last_seen=2026-08-06,seen_days_30=0,signal_14=0,signal_30=0,windows_14=,max_traffic=500,status=cooling
陳見賢	-2.6	chiaki-auto-hotwords-overlay,auto,source=google-trends,first_seen=2026-08-01,last_seen=2026-09-10,seen_days_30=4,signal_14=0,signal_30=0,windows_14=,max_traffic=20000,status=active
陳觀泰	-2.6	chiaki-auto-hotwords-overlay,auto,source=google-trends,first_seen=2026-09-03,last_seen=2026-09-09,seen_days_30=4,signal_14=0,signal_30=0,windows_14=,max_traffic=2000,status=active
陳語謙	-2.6	chiaki-auto-hotwords-overlay,auto,source=google-trends,first_seen=2026-09-04,last_seen=2026-09-10,seen_days_30=5,signal_14=0,signal_30=0,windows_14=,max_traffic=5000,status=active
陳謙文	-2.6	chiaki-auto-hotwords-overlay,auto,source=google-trends,first_seen=2026-08-18,last_seen=2026-09-19,seen_days_30=4,signal_14=0,signal_30=0,windows_14=,max_traffic=200,status=active
陳重嘉	-2.8	chiaki-auto-hotwords-overlay,auto,source=google-trends,first_seen=2026-09-01,last_seen=2026-09-04,seen_days_30=0,signal_14=0,signal_30=0,windows_14=,max_traffic=2000,status=cooling
陳重銘	-2.6	chiaki-auto-hotwords-overlay,auto,source=google-trends+google-trends-trending,first_seen=2026-07-24,last_seen=2026-09-14,seen_days_30=6,signal_14=0,signal_30=0,windows_14=,max_traffic=5000,status=active,derived_from=不敗教主陳重銘
陳銳	-2.6	chiaki-auto-hotwords-overlay,auto,source=google-trends,first_seen=2026-09-02,last_seen=2026-09-08,seen_days_30=1,signal_14=0,signal_30=0,windows_14=,max_traffic=200,status=active
陳鑒	-2.8	chiaki-auto-hotwords-overlay,auto,source=google-trends,first_seen=2026-08-19,last_seen=2026-08-25,seen_days_30=0,signal_14=0,signal_30=0,windows_14=,max_traffic=20000,status=cooling
陳雅琳	-1.9	chiaki-auto-hotwords-overlay,auto,source=google-trends,first_seen=2026-09-03,last_seen=2026-09-30,seen_days_30=8,signal_14=14,signal_30=14,windows_14=24h+48h+7d,max_traffic=10000,status=active
陳雨菲	-2.8	chiaki-auto-hotwords-overlay,auto,source=google-trends+google-trends-trending,first_seen=2026-07-25,last_seen=2026-08-27,seen_days_30=0,signal_14=0,signal_30=0,windows_14=,max_traffic=500,status=cooling
陳雪甄	-2.6	chiaki-auto-hotwords-overlay,auto,source=google-trends,first_seen=2026-07-13,last_seen=2026-09-13,seen_days_30=7,signal_14=0,signal_30=0,windows_14=,max_traffic=200,status=active
陳飛宇	-2.6	chiaki-auto-hotwords-overlay,auto,source=google-trends,first_seen=2026-09-11,last_seen=2026-09-17,seen_days_30=7,signal_14=0,signal_30=0,windows_14=,max_traffic=2000,status=active
陳鳳馨	-2.1	chiaki-auto-hotwords-overlay,auto,source=google-trends,first_seen=2026-08-07,last_seen=2026-09-23,seen_days_30=7,signal_14=6,signal_30=6,windows_14=7d,max_traffic=1000,status=active
陳鴻	-3.0	chiaki-auto-hotwords-overlay,auto,source=google-trends,first_seen=2026-07-08,last_seen=2026-07-18,seen_days_30=0,signal_14=0,signal_30=0,windows_14=,max_traffic=2000,status=dormant
陶朱隱園	-2.8	chiaki-auto-hotwords-overlay,auto,source=google-trends+google-trends-trending,first_seen=2026-07-23,last_seen=2026-08-28,seen_days_30=0,signal_14=0,signal_30=0,windows_14=,max_traffic=20000,status=cooling
陽岱鋼	-2.8	chiaki-auto-hotwords-overlay,auto,source=google-trends,first_seen=2026-07-27,last_seen=2026-09-03,seen_days_30=0,signal_14=0,signal_30=0,windows_14=,max_traffic=5000,status=cooling
陽柏翔	-2.6	chiaki-auto-hotwords-overlay,auto,source=google-trends,first_seen=2026-09-03,last_seen=2026-09-09,seen_days_30=4,signal_14=0,signal_30=0,windows_14=,max_traffic=500,status=active
雀骨	-3.0	chiaki-auto-hotwords-overlay,auto,source=google-trends,first_seen=2026-07-16,last_seen=2026-07-18,seen_days_30=0,signal_14=0,signal_30=0,windows_14=,max_traffic=20000,status=dormant
雙眼牆	-3.0	chiaki-auto-hotwords-overlay,auto,source=google-trends,first_seen=2026-08-01,last_seen=2026-08-01,seen_days_30=0,signal_14=0,signal_30=0,windows_14=,max_traffic=1000,status=dormant
雙鴻	-2.6	chiaki-auto-hotwords-overlay,auto,source=google-trends+google-trends-trending,first_seen=2026-07-25,last_seen=2026-09-05,seen_days_30=0,signal_14=0,signal_30=0,windows_14=,max_traffic=2000,status=active
雲西	-3.0	chiaki-auto-hotwords-overlay,auto,source=google-trends+google-trends-trending,first_seen=2026-07-26,last_seen=2026-08-01,seen_days_30=0,signal_14=0,signal_30=0,windows_14=,max_traffic=1000,status=dormant,derived_from=雲西海洋音樂祭
雷嘉汭	-1.9	chiaki-auto-hotwords-overlay,auto,source=google-trends,first_seen=2026-09-19,last_seen=2026-09-25,seen_days_30=7,signal_14=12,signal_30=12,windows_14=7d,max_traffic=100,status=active
雷宇揚	-2.6	chiaki-auto-hotwords-overlay,auto,source=google-trends,first_seen=2026-09-12,last_seen=2026-09-18,seen_days_30=7,signal_14=0,signal_30=0,windows_14=,max_traffic=10000,status=active
電法	-2.8	chiaki-auto-hotwords-overlay,auto,source=google-trends,first_seen=2026-08-08,last_seen=2026-08-12,seen_days_30=0,signal_14=0,signal_30=0,windows_14=,max_traffic=5000,status=cooling,derived_from=華邦電法說會
電磁鋼	-2.8	chiaki-auto-hotwords-overlay,auto,source=google-trends,first_seen=2026-08-28,last_seen=2026-09-03,seen_days_30=0,signal_14=0,signal_30=0,windows_14=,max_traffic=200,status=cooling
霍華	-2.6	chiaki-auto-hotwords-overlay,auto,source=google-trends,first_seen=2026-09-14,last_seen=2026-09-19,seen_days_30=6,signal_14=0,signal_30=0,windows_14=,max_traffic=1000,status=active,derived_from=德懷特霍華
霧影獵人	-3.0	chiaki-auto-hotwords-overlay,auto,source=google-trends,first_seen=2026-07-31,last_seen=2026-08-05,seen_days_30=0,signal_14=0,signal_30=0,windows_14=,max_traffic=1000,status=dormant
露露卡	-2.8	chiaki-auto-hotwords-overlay,auto,source=ptt-cchat,first_seen=2026-08-17,last_seen=2026-08-22,seen_days_30=0,signal_14=0,signal_30=0,windows_14=,max_traffic=62,status=cooling
青竹酒	-2.8	chiaki-auto-hotwords-overlay,auto,source=google-trends,first_seen=2026-08-05,last_seen=2026-08-10,seen_days_30=0,signal_14=0,signal_30=0,windows_14=,max_traffic=200,status=cooling
青簪行	-3.0	chiaki-auto-hotwords-overlay,auto,source=google-trends,first_seen=2026-07-29,last_seen=2026-08-04,seen_days_30=0,signal_14=0,signal_30=0,windows_14=,max_traffic=2000,status=dormant
青花驕	-3.0	chiaki-auto-hotwords-overlay,auto,source=google-trends+google-trends-trending,first_seen=2026-07-26,last_seen=2026-07-29,seen_days_30=0,signal_14=0,signal_30=0,windows_14=,max_traffic=10000,status=dormant
革龜	-2.8	chiaki-auto-hotwords-overlay,auto,source=google-trends,first_seen=2026-08-12,last_seen=2026-08-15,seen_days_30=0,signal_14=0,signal_30=0,windows_14=,max_traffic=2000,status=cooling
韓素希	-2.6	chiaki-auto-hotwords-overlay,auto,source=google-trends,first_seen=2026-08-30,last_seen=2026-09-05,seen_days_30=0,signal_14=0,signal_30=0,windows_14=,max_traffic=200,status=active
韓華鷹	-2.8	chiaki-auto-hotwords-overlay,auto,source=google-trends,first_seen=2026-08-19,last_seen=2026-08-25,seen_days_30=0,signal_14=0,signal_30=0,windows_14=,max_traffic=200,status=cooling
韓青山	-2.8	chiaki-auto-hotwords-overlay,auto,source=google-trends,first_seen=2026-08-26,last_seen=2026-09-01,seen_days_30=0,signal_14=0,signal_30=0,windows_14=,max_traffic=200,status=cooling
韓韶禧	-2.8	chiaki-auto-hotwords-overlay,auto,source=google-trends,first_seen=2026-08-25,last_seen=2026-09-04,seen_days_30=0,signal_14=0,signal_30=0,windows_14=,max_traffic=10000,status=cooling
章若楠	-3.0	chiaki-auto-hotwords-overlay,auto,source=google-trends+google-trends-trending,first_seen=2026-07-15,last_seen=2026-07-21,seen_days_30=0,signal_14=0,signal_30=0,windows_14=,max_traffic=2000,status=dormant
順達	-2.8	chiaki-auto-hotwords-overlay,auto,source=google-trends,first_seen=2026-08-07,last_seen=2026-08-13,seen_days_30=0,signal_14=0,signal_30=0,windows_14=,max_traffic=100,status=cooling
頎邦	-2.8	chiaki-auto-hotwords-overlay,auto,source=google-trends+google-trends-trending,first_seen=2026-07-24,last_seen=2026-09-04,seen_days_30=0,signal_14=0,signal_30=0,windows_14=,max_traffic=50000,status=cooling
頎邦搜索	-3.0	chiaki-auto-hotwords-overlay,auto,source=google-trends,first_seen=2026-07-28,last_seen=2026-07-31,seen_days_30=0,signal_14=0,signal_30=0,windows_14=,max_traffic=10000,status=dormant
頎邦新聞	-3.0	chiaki-auto-hotwords-overlay,auto,source=google-trends+google-trends-trending,first_seen=2026-07-25,last_seen=2026-07-31,seen_days_30=0,signal_14=0,signal_30=0,windows_14=,max_traffic=50000,status=dormant
頎邦科技	-2.1	chiaki-auto-hotwords-overlay,auto,source=google-trends,first_seen=2026-09-18,last_seen=2026-09-24,seen_days_30=6,signal_14=9,signal_30=9,windows_14=7d,max_traffic=1000,status=active
顏博文	-2.8	chiaki-auto-hotwords-overlay,auto,source=google-trends,first_seen=2026-08-09,last_seen=2026-08-14,seen_days_30=0,signal_14=0,signal_30=0,windows_14=,max_traffic=50000,status=cooling
顏寬恆	-2.6	chiaki-auto-hotwords-overlay,auto,source=google-trends,first_seen=2026-09-02,last_seen=2026-09-08,seen_days_30=3,signal_14=0,signal_30=0,windows_14=,max_traffic=100,status=active
顏慧欣	-2.8	chiaki-auto-hotwords-overlay,auto,source=google-trends,first_seen=2026-08-01,last_seen=2026-08-07,seen_days_30=0,signal_14=0,signal_30=0,windows_14=,max_traffic=2000,status=cooling
顏毓麟	-2.8	chiaki-auto-hotwords-overlay,auto,source=google-trends,first_seen=2026-08-27,last_seen=2026-09-02,seen_days_30=0,signal_14=0,signal_30=0,windows_14=,max_traffic=100,status=cooling
顏社	-2.8	chiaki-auto-hotwords-overlay,auto,source=google-trends,first_seen=2026-08-06,last_seen=2026-08-12,seen_days_30=0,signal_14=0,signal_30=0,windows_14=,max_traffic=200,status=cooling,derived_from=顏社演唱會
顏翎熹	-2.6	chiaki-auto-hotwords-overlay,auto,source=google-trends,first_seen=2026-09-04,last_seen=2026-09-10,seen_days_30=5,signal_14=0,signal_30=0,windows_14=,max_traffic=5000,status=active
顏若芳	-3.0	chiaki-auto-hotwords-overlay,auto,source=google-trends+google-trends-trending,first_seen=2026-07-18,last_seen=2026-07-22,seen_days_30=0,signal_14=0,signal_30=0,windows_14=,max_traffic=20000,status=dormant
顧立雄	-1.9	chiaki-auto-hotwords-overlay,auto,source=google-trends,first_seen=2026-07-10,last_seen=2026-09-26,seen_days_30=7,signal_14=15,signal_30=15,windows_14=7d,max_traffic=20000,status=active
食藥署	-2.8	chiaki-auto-hotwords-overlay,auto,source=ptt-gossiping,first_seen=2026-08-03,last_seen=2026-08-07,seen_days_30=0,signal_14=0,signal_30=0,windows_14=,max_traffic=66,status=cooling
飯舖	-2.6	chiaki-auto-hotwords-overlay,auto,source=google-trends,first_seen=2026-09-13,last_seen=2026-09-18,seen_days_30=6,signal_14=0,signal_30=0,windows_14=,max_traffic=200,status=active,derived_from=弘記肉燥飯舖
餘祥銓	-2.8	chiaki-auto-hotwords-overlay,auto,source=google-trends,first_seen=2026-08-14,last_seen=2026-08-20,seen_days_30=0,signal_14=0,signal_30=0,windows_14=,max_traffic=1000,status=cooling
餘苑綺	-2.6	chiaki-auto-hotwords-overlay,auto,source=google-trends,first_seen=2026-09-05,last_seen=2026-09-11,seen_days_30=6,signal_14=0,signal_30=0,windows_14=,max_traffic=1000,status=active
餘謙	-1.9	chiaki-auto-hotwords-overlay,auto,source=google-trends+google-trends-trending,first_seen=2026-07-25,last_seen=2026-09-25,seen_days_30=13,signal_14=12,signal_30=12,windows_14=7d,max_traffic=1000,status=active
饅化	-2.8	chiaki-auto-hotwords-overlay,auto,source=google-trends,first_seen=2026-08-28,last_seen=2026-09-02,seen_days_30=0,signal_14=0,signal_30=0,windows_14=,max_traffic=2000,status=cooling
饒穎奇	-2.8	chiaki-auto-hotwords-overlay,auto,source=google-trends,first_seen=2026-08-23,last_seen=2026-08-28,seen_days_30=0,signal_14=0,signal_30=0,windows_14=,max_traffic=2000,status=cooling
馬兆駿	-2.8	chiaki-auto-hotwords-overlay,auto,source=google-trends,first_seen=2026-08-24,last_seen=2026-08-30,seen_days_30=0,signal_14=0,signal_30=0,windows_14=,max_traffic=500,status=cooling
馬國弼	-2.1	chiaki-auto-hotwords-overlay,auto,source=google-trends,first_seen=2026-09-18,last_seen=2026-09-24,seen_days_30=7,signal_14=9,signal_30=9,windows_14=7d,max_traffic=500,status=active
馬士媛	-3.0	chiaki-auto-hotwords-overlay,auto,source=google-trends,first_seen=2026-07-13,last_seen=2026-07-19,seen_days_30=0,signal_14=0,signal_30=0,windows_14=,max_traffic=500,status=dormant
馬幼興	-1.9	chiaki-auto-hotwords-overlay,auto,source=google-trends,first_seen=2026-08-28,last_seen=2026-09-25,seen_days_30=7,signal_14=12,signal_30=12,windows_14=7d,max_traffic=500,status=active
馬德龍病	-2.8	chiaki-auto-hotwords-overlay,auto,source=google-trends,first_seen=2026-08-04,last_seen=2026-08-09,seen_days_30=0,signal_14=0,signal_30=0,windows_14=,max_traffic=5000,status=cooling
馬拉度納	-3.0	chiaki-auto-hotwords-overlay,auto,source=google-trends,first_seen=2026-07-20,last_seen=2026-07-20,seen_days_30=0,signal_14=0,signal_30=0,windows_14=,max_traffic=5000,status=dormant
馬景濤	-2.8	chiaki-auto-hotwords-overlay,auto,source=google-trends,first_seen=2026-08-22,last_seen=2026-08-28,seen_days_30=0,signal_14=0,signal_30=0,windows_14=,max_traffic=1000,status=cooling
馬毓芬	-2.8	chiaki-auto-hotwords-overlay,auto,source=google-trends,first_seen=2026-08-23,last_seen=2026-08-29,seen_days_30=0,signal_14=0,signal_30=0,windows_14=,max_traffic=2000,status=cooling
馬治薇	-3.0	chiaki-auto-hotwords-overlay,auto,source=google-trends+google-trends-trending,first_seen=2026-07-24,last_seen=2026-07-30,seen_days_30=0,signal_14=0,signal_30=0,windows_14=,max_traffic=1000,status=dormant
馬筱梅	-2.4	chiaki-auto-hotwords-overlay,auto,source=google-trends+google-trends-trending,first_seen=2026-06-26,last_seen=2026-10-05,seen_days_30=1,signal_14=5,signal_30=5,windows_14=48h+7d,max_traffic=2000,status=active
馬興瑞	-3.0	chiaki-auto-hotwords-overlay,auto,source=google-trends+google-trends-trending,first_seen=2026-07-15,last_seen=2026-07-21,seen_days_30=0,signal_14=0,signal_30=0,windows_14=,max_traffic=200,status=dormant
馬荔	-2.6	chiaki-auto-hotwords-overlay,auto,source=google-trends,first_seen=2026-09-12,last_seen=2026-09-18,seen_days_30=7,signal_14=0,signal_30=0,windows_14=,max_traffic=500,status=active
馮凱	-3.0	chiaki-auto-hotwords-overlay,auto,source=google-trends+google-trends-trending,first_seen=2026-07-04,last_seen=2026-07-28,seen_days_30=0,signal_14=0,signal_30=0,windows_14=,max_traffic=500,status=dormant
馮德倫	-2.8	chiaki-auto-hotwords-overlay,auto,source=google-trends,first_seen=2026-08-11,last_seen=2026-08-16,seen_days_30=0,signal_14=0,signal_30=0,windows_14=,max_traffic=500,status=cooling
馮紹峰	-2.8	chiaki-auto-hotwords-overlay,auto,source=google-trends,first_seen=2026-08-21,last_seen=2026-08-27,seen_days_30=0,signal_14=0,signal_30=0,windows_14=,max_traffic=2000,status=cooling
馮翊新	-2.6	chiaki-auto-hotwords-overlay,auto,source=google-trends,first_seen=2026-09-04,last_seen=2026-09-09,seen_days_30=4,signal_14=0,signal_30=0,windows_14=,max_traffic=100,status=active
駕艙機車	-2.8	chiaki-auto-hotwords-overlay,auto,source=google-trends,first_seen=2026-08-20,last_seen=2026-08-26,seen_days_30=0,signal_14=0,signal_30=0,windows_14=,max_traffic=100,status=cooling
駱武昌	-2.6	chiaki-auto-hotwords-overlay,auto,source=google-trends,first_seen=2026-09-11,last_seen=2026-09-17,seen_days_30=7,signal_14=0,signal_30=0,windows_14=,max_traffic=500,status=active
高乘載	-1.9	chiaki-auto-hotwords-overlay,auto,source=google-trends,first_seen=2026-09-25,last_seen=2026-10-01,seen_days_30=5,signal_14=21,signal_30=21,windows_14=24h+48h+7d,max_traffic=20000,status=active,derived_from=中秋連假高乘載
高以翔	-2.8	chiaki-auto-hotwords-overlay,auto,source=google-trends,first_seen=2026-08-01,last_seen=2026-08-07,seen_days_30=0,signal_14=0,signal_30=0,windows_14=,max_traffic=100,status=cooling
高嘉瑜	-3.0	chiaki-auto-hotwords-overlay,auto,source=google-trends,first_seen=2026-08-01,last_seen=2026-08-01,seen_days_30=0,signal_14=0,signal_30=0,windows_14=,max_traffic=200,status=dormant
高國輝	-2.8	chiaki-auto-hotwords-overlay,auto,source=google-trends,first_seen=2026-08-14,last_seen=2026-08-20,seen_days_30=0,signal_14=0,signal_30=0,windows_14=,max_traffic=500,status=cooling
高宇傑	-2.8	chiaki-auto-hotwords-overlay,auto,source=google-trends,first_seen=2026-08-01,last_seen=2026-09-03,seen_days_30=0,signal_14=0,signal_30=0,windows_14=,max_traffic=2000,status=cooling
高屏大橋	-1.9	chiaki-auto-hotwords-overlay,auto,source=google-trends,first_seen=2026-09-22,last_seen=2026-09-25,seen_days_30=4,signal_14=12,signal_30=12,windows_14=7d,max_traffic=200,status=active
高希均	-2.6	chiaki-auto-hotwords-overlay,auto,source=google-trends,first_seen=2026-08-07,last_seen=2026-09-12,seen_days_30=6,signal_14=0,signal_30=0,windows_14=,max_traffic=10000,status=active
高慧君	-2.8	chiaki-auto-hotwords-overlay,auto,source=google-trends,first_seen=2026-07-11,last_seen=2026-08-28,seen_days_30=0,signal_14=0,signal_30=0,windows_14=,max_traffic=1000,status=cooling
高敏裕	-3.0	chiaki-auto-hotwords-overlay,auto,source=google-trends+google-trends-trending,first_seen=2026-07-23,last_seen=2026-07-28,seen_days_30=0,signal_14=0,signal_30=0,windows_14=,max_traffic=100,status=dormant
高欣欣	-2.6	chiaki-auto-hotwords-overlay,auto,source=google-trends+google-trends-trending,first_seen=2026-07-25,last_seen=2026-09-17,seen_days_30=7,signal_14=0,signal_30=0,windows_14=,max_traffic=500,status=active
高為元	-2.6	chiaki-auto-hotwords-overlay,auto,source=google-trends,first_seen=2026-08-01,last_seen=2026-09-17,seen_days_30=9,signal_14=0,signal_30=0,windows_14=,max_traffic=10000,status=active
高祐錫	-3.0	chiaki-auto-hotwords-overlay,auto,source=google-trends+google-trends-trending,first_seen=2026-07-26,last_seen=2026-08-01,seen_days_30=0,signal_14=0,signal_30=0,windows_14=,max_traffic=500,status=dormant
鬍子男	-2.6	chiaki-auto-hotwords-overlay,auto,source=google-trends,first_seen=2026-08-30,last_seen=2026-09-05,seen_days_30=0,signal_14=0,signal_30=0,windows_14=,max_traffic=1000,status=active
鬼謎東宮	-3.0	chiaki-auto-hotwords-overlay,auto,source=google-trends,first_seen=2026-07-18,last_seen=2026-07-18,seen_days_30=0,signal_14=0,signal_30=0,windows_14=,max_traffic=500,status=dormant
魏汶萱	-2.8	chiaki-auto-hotwords-overlay,auto,source=google-trends,first_seen=2026-08-11,last_seen=2026-08-11,seen_days_30=0,signal_14=0,signal_30=0,windows_14=,max_traffic=500,status=cooling
魏碩成	-2.4	chiaki-auto-hotwords-overlay,auto,source=google-trends,first_seen=2026-09-16,last_seen=2026-09-22,seen_days_30=7,signal_14=3,signal_30=3,windows_14=7d,max_traffic=2000,status=active
魔爾曼	-3.0	chiaki-auto-hotwords-overlay,auto,source=google-trends+google-trends-trending,first_seen=2026-07-24,last_seen=2026-07-24,seen_days_30=0,signal_14=0,signal_30=0,windows_14=,max_traffic=500,status=dormant
鮨安	-3.0	chiaki-auto-hotwords-overlay,auto,source=google-trends+google-trends-trending,first_seen=2026-07-24,last_seen=2026-07-27,seen_days_30=0,signal_14=0,signal_30=0,windows_14=,max_traffic=10000,status=dormant
鱷魔盃	-2.6	chiaki-auto-hotwords-overlay,auto,source=google-trends+ptt-cchat,first_seen=2026-09-04,last_seen=2026-09-14,seen_days_30=2,signal_14=0,signal_30=0,windows_14=,max_traffic=20000,status=active
鴻勁	-2.8	chiaki-auto-hotwords-overlay,auto,source=google-trends,first_seen=2026-07-31,last_seen=2026-08-06,seen_days_30=0,signal_14=0,signal_30=0,windows_14=,max_traffic=200,status=cooling
鴻準	-2.8	chiaki-auto-hotwords-overlay,auto,source=google-trends,first_seen=2026-08-07,last_seen=2026-09-03,seen_days_30=0,signal_14=0,signal_30=0,windows_14=,max_traffic=2000,status=cooling
鵬鼎控股	-3.0	chiaki-auto-hotwords-overlay,auto,source=google-trends+google-trends-trending,first_seen=2026-07-26,last_seen=2026-07-31,seen_days_30=0,signal_14=0,signal_30=0,windows_14=,max_traffic=500,status=dormant
鸚哥魚	-2.1	chiaki-auto-hotwords-overlay,auto,source=google-trends,first_seen=2026-10-04,last_seen=2026-10-05,seen_days_30=2,signal_14=11,signal_30=11,windows_14=24h+48h+7d,max_traffic=2000,status=active
麗寶樂園	-3.0	chiaki-auto-hotwords-overlay,auto,source=google-trends+google-trends-trending,first_seen=2026-07-21,last_seen=2026-07-26,seen_days_30=0,signal_14=0,signal_30=0,windows_14=,max_traffic=200,status=dormant
麗尊酒店	-3.0	chiaki-auto-hotwords-overlay,auto,source=google-trends,first_seen=2026-07-09,last_seen=2026-07-15,seen_days_30=0,signal_14=0,signal_30=0,windows_14=,max_traffic=500,status=dormant
麗茲波頓	-1.9	chiaki-auto-hotwords-overlay,auto,source=google-trends,first_seen=2026-09-19,last_seen=2026-09-25,seen_days_30=7,signal_14=12,signal_30=12,windows_14=7d,max_traffic=200,status=active
麥味登	-2.8	chiaki-auto-hotwords-overlay,auto,source=google-trends+google-trends-trending,first_seen=2026-07-25,last_seen=2026-08-10,seen_days_30=0,signal_14=0,signal_30=0,windows_14=,max_traffic=2000,status=cooling,derived_from=麥味登小熊維尼
麵屋一燈	-3.0	chiaki-auto-hotwords-overlay,auto,source=google-trends,first_seen=2026-07-29,last_seen=2026-08-04,seen_days_30=0,signal_14=0,signal_30=0,windows_14=,max_traffic=200,status=dormant
麻竹莖桿	-1.9	chiaki-auto-hotwords-overlay,auto,source=google-trends,first_seen=2026-09-20,last_seen=2026-09-25,seen_days_30=6,signal_14=12,signal_30=12,windows_14=7d,max_traffic=1000,status=active
黃之鋒	-2.6	chiaki-auto-hotwords-overlay,auto,source=google-trends,first_seen=2026-09-03,last_seen=2026-09-09,seen_days_30=4,signal_14=0,signal_30=0,windows_14=,max_traffic=2000,status=active
黃仁	-2.8	chiaki-auto-hotwords-overlay,auto,source=google-trends,first_seen=2026-08-29,last_seen=2026-09-02,seen_days_30=0,signal_14=0,signal_30=0,windows_14=,max_traffic=1000,status=cooling
黃偉哲	-2.6	chiaki-auto-hotwords-overlay,auto,source=google-trends+google-trends-trending+ptt-gossiping,first_seen=2026-07-17,last_seen=2026-09-20,seen_days_30=9,signal_14=0,signal_30=0,windows_14=,max_traffic=10000,status=active
黃品源	-2.6	chiaki-auto-hotwords-overlay,auto,source=google-trends,first_seen=2026-09-02,last_seen=2026-09-07,seen_days_30=2,signal_14=0,signal_30=0,windows_14=,max_traffic=1000,status=active
黃奇斌	-2.6	chiaki-auto-hotwords-overlay,auto,source=google-trends,first_seen=2026-08-01,last_seen=2026-09-20,seen_days_30=7,signal_14=0,signal_30=0,windows_14=,max_traffic=1000,status=active
黃子鵬	-2.6	chiaki-auto-hotwords-overlay,auto,source=google-trends,first_seen=2026-07-17,last_seen=2026-09-13,seen_days_30=7,signal_14=0,signal_30=0,windows_14=,max_traffic=200,status=active
黃寅燁	-3.0	chiaki-auto-hotwords-overlay,auto,source=google-trends,first_seen=2026-07-11,last_seen=2026-07-17,seen_days_30=0,signal_14=0,signal_30=0,windows_14=,max_traffic=500,status=dormant
黃少谷	-2.6	chiaki-auto-hotwords-overlay,auto,source=google-trends,first_seen=2026-09-08,last_seen=2026-09-14,seen_days_30=7,signal_14=0,signal_30=0,windows_14=,max_traffic=500,status=active
黃揚明	-2.6	chiaki-auto-hotwords-overlay,auto,source=google-trends+google-trends-trending,first_seen=2026-07-18,last_seen=2026-09-14,seen_days_30=6,signal_14=0,signal_30=0,windows_14=,max_traffic=2000,status=active
黃文廷	-2.6	chiaki-auto-hotwords-overlay,auto,source=google-trends,first_seen=2026-09-15,last_seen=2026-09-18,seen_days_30=4,signal_14=0,signal_30=0,windows_14=,max_traffic=2000,status=active
黃文標	-3.0	chiaki-auto-hotwords-overlay,auto,source=google-trends,first_seen=2026-08-04,last_seen=2026-08-04,seen_days_30=0,signal_14=0,signal_30=0,windows_14=,max_traffic=200,status=dormant
黃暐瀚	-2.1	chiaki-auto-hotwords-overlay,auto,source=google-trends,first_seen=2026-07-03,last_seen=2026-09-30,seen_days_30=5,signal_14=6,signal_30=6,windows_14=24h+48h+7d,max_traffic=20000,status=active
黃清龍	-2.6	chiaki-auto-hotwords-overlay,auto,source=google-trends,first_seen=2026-09-15,last_seen=2026-09-15,seen_days_30=1,signal_14=0,signal_30=0,windows_14=,max_traffic=2000,status=active
黃玉芬	-2.8	chiaki-auto-hotwords-overlay,auto,source=google-trends,first_seen=2026-08-29,last_seen=2026-09-04,seen_days_30=0,signal_14=0,signal_30=0,windows_14=,max_traffic=20000,status=cooling
黃珊珊	-2.6	chiaki-auto-hotwords-overlay,auto,source=google-trends,first_seen=2026-08-25,last_seen=2026-09-11,seen_days_30=6,signal_14=0,signal_30=0,windows_14=,max_traffic=2000,status=active
黃禎憲	-2.8	chiaki-auto-hotwords-overlay,auto,source=google-trends,first_seen=2026-08-07,last_seen=2026-08-13,seen_days_30=0,signal_14=0,signal_30=0,windows_14=,max_traffic=5000,status=cooling,derived_from=黃禎憲醫師
黃立成	-2.8	chiaki-auto-hotwords-overlay,auto,source=google-trends,first_seen=2026-08-19,last_seen=2026-09-03,seen_days_30=0,signal_14=0,signal_30=0,windows_14=,max_traffic=2000,status=cooling
黃致列	-2.8	chiaki-auto-hotwords-overlay,auto,source=google-trends,first_seen=2026-08-02,last_seen=2026-08-08,seen_days_30=0,signal_14=0,signal_30=0,windows_14=,max_traffic=1000,status=cooling
黃豐凱	-2.8	chiaki-auto-hotwords-overlay,auto,source=google-trends,first_seen=2026-08-14,last_seen=2026-08-20,seen_days_30=0,signal_14=0,signal_30=0,windows_14=,max_traffic=1000,status=cooling
黃露瑤	-1.9	chiaki-auto-hotwords-overlay,auto,source=google-trends,first_seen=2026-08-16,last_seen=2026-10-05,seen_days_30=11,signal_14=23,signal_30=23,windows_14=24h+48h+7d,max_traffic=10000,status=active
黃韋盛	-1.9	chiaki-auto-hotwords-overlay,auto,source=google-trends,first_seen=2026-08-14,last_seen=2026-10-04,seen_days_30=10,signal_14=21,signal_30=21,windows_14=24h+48h+7d,max_traffic=200,status=active
黃鴻升	-2.4	chiaki-auto-hotwords-overlay,auto,source=google-trends,first_seen=2026-09-17,last_seen=2026-09-22,seen_days_30=6,signal_14=3,signal_30=3,windows_14=7d,max_traffic=5000,status=active
黃麟凱	-1.9	chiaki-auto-hotwords-overlay,auto,source=google-trends,first_seen=2026-09-29,last_seen=2026-10-04,seen_days_30=6,signal_14=20,signal_30=20,windows_14=48h+7d,max_traffic=20000,status=active
黎彼得	-2.8	chiaki-auto-hotwords-overlay,auto,source=google-trends,first_seen=2026-08-07,last_seen=2026-08-12,seen_days_30=0,signal_14=0,signal_30=0,windows_14=,max_traffic=2000,status=cooling
黑嘉嘉	-3.0	chiaki-auto-hotwords-overlay,auto,source=google-trends+google-trends-trending,first_seen=2026-07-21,last_seen=2026-07-27,seen_days_30=0,signal_14=0,signal_30=0,windows_14=,max_traffic=200,status=dormant
黑田勇樹	-1.9	chiaki-auto-hotwords-overlay,auto,source=google-trends,first_seen=2026-09-19,last_seen=2026-09-25,seen_days_30=7,signal_14=12,signal_30=12,windows_14=7d,max_traffic=2000,status=active
黑麵女兒	-2.8	chiaki-auto-hotwords-overlay,auto,source=google-trends,first_seen=2026-08-05,last_seen=2026-08-11,seen_days_30=0,signal_14=0,signal_30=0,windows_14=,max_traffic=200,status=cooling
鼠惑	-2.8	chiaki-auto-hotwords-overlay,auto,source=google-trends,first_seen=2026-08-29,last_seen=2026-09-04,seen_days_30=0,signal_14=0,signal_30=0,windows_14=,max_traffic=20000,status=cooling
龍應臺	-2.8	chiaki-auto-hotwords-overlay,auto,source=google-trends,first_seen=2026-08-01,last_seen=2026-08-07,seen_days_30=0,signal_14=0,signal_30=0,windows_14=,max_traffic=200,status=cooling
